bandwidth,centrality,local_time,Instance,Edges,Nodes,Global Time (s)
1998,PageRank,0.455366849899292,boyd1,9676,2000,104.00411415100098
1998,PageRank,0.049907684326171875,boyd1,9676,2000,104.00411415100098
1998,PageRank,0.047152042388916016,boyd1,9676,2000,104.00411415100098
1998,PageRank,0.0490419864654541,boyd1,9676,2000,104.00411415100098
1998,PageRank,0.03808403015136719,boyd1,9676,2000,104.00411415100098
1998,PageRank,0.04511141777038574,boyd1,9676,2000,104.00411415100098
1998,PageRank,0.035470008850097656,boyd1,9676,2000,104.00411415100098
1998,PageRank,0.04716205596923828,boyd1,9676,2000,104.00411415100098
1998,PageRank,0.045075178146362305,boyd1,9676,2000,104.00411415100098
1998,PageRank,0.04073810577392578,boyd1,9676,2000,104.00411415100098
1998,PageRank,0.0354456901550293,boyd1,9676,2000,104.00411415100098
1998,PageRank,0.03428244590759277,boyd1,9676,2000,104.00411415100098
1998,PageRank,0.04031944274902344,boyd1,9676,2000,104.00411415100098
1998,PageRank,0.058271169662475586,boyd1,9676,2000,104.00411415100098
1998,PageRank,0.060034990310668945,boyd1,9676,2000,104.00411415100098
1998,Degree,0.07017087936401367,boyd1,9676,2000,104.00411415100098
1997,Degree,0.04182577133178711,boyd1,9676,2000,104.00411415100098
1998,Degree,0.08344650268554688,boyd1,9676,2000,104.00411415100098
1806,Degree,0.08434414863586426,boyd1,9676,2000,104.00411415100098
1998,Degree,0.09686994552612305,boyd1,9676,2000,104.00411415100098
1998,Degree,0.08973550796508789,boyd1,9676,2000,104.00411415100098
1996,Degree,0.11160635948181152,boyd1,9676,2000,104.00411415100098
1998,Degree,0.10500764846801758,boyd1,9676,2000,104.00411415100098
1998,Degree,0.08069515228271484,boyd1,9676,2000,104.00411415100098
1997,Degree,0.08127331733703613,boyd1,9676,2000,104.00411415100098
1998,Degree,0.06871366500854492,boyd1,9676,2000,104.00411415100098
1998,Degree,0.05077767372131348,boyd1,9676,2000,104.00411415100098
1998,Degree,0.03919672966003418,boyd1,9676,2000,104.00411415100098
1998,Degree,0.05022025108337402,boyd1,9676,2000,104.00411415100098
1997,Degree,0.04890012741088867,boyd1,9676,2000,104.00411415100098
1997,Degree,0.052338361740112305,boyd1,9676,2000,104.00411415100098
1998,Degree,0.0949563980102539,boyd1,9676,2000,104.00411415100098
1998,Degree,0.06713414192199707,boyd1,9676,2000,104.00411415100098
1997,Degree,0.04237079620361328,boyd1,9676,2000,104.00411415100098
1997,Degree,0.033965110778808594,boyd1,9676,2000,104.00411415100098
1998,Degree,0.03642439842224121,boyd1,9676,2000,104.00411415100098
1998,Degree,0.03754448890686035,boyd1,9676,2000,104.00411415100098
1998,Degree,0.03387260437011719,boyd1,9676,2000,104.00411415100098
1997,Degree,0.046233177185058594,boyd1,9676,2000,104.00411415100098
1998,Degree,0.06485748291015625,boyd1,9676,2000,104.00411415100098
1997,Degree,0.048679351806640625,boyd1,9676,2000,104.00411415100098
1998,Degree,0.03419637680053711,boyd1,9676,2000,104.00411415100098
1892,Degree,0.04059720039367676,boyd1,9676,2000,104.00411415100098
1892,Degree,0.04989266395568848,boyd1,9676,2000,104.00411415100098
1998,Degree,0.0632786750793457,boyd1,9676,2000,104.00411415100098
1998,Betweenness,0.09129858016967773,boyd1,9676,2000,104.00411415100098
1998,Betweenness,0.04596114158630371,boyd1,9676,2000,104.00411415100098
1997,Betweenness,0.053019046783447266,boyd1,9676,2000,104.00411415100098
1998,Betweenness,0.03874683380126953,boyd1,9676,2000,104.00411415100098
1998,Betweenness,0.05304431915283203,boyd1,9676,2000,104.00411415100098
1998,Betweenness,0.05092453956604004,boyd1,9676,2000,104.00411415100098
1998,Betweenness,0.04574012756347656,boyd1,9676,2000,104.00411415100098
1998,Betweenness,0.03468203544616699,boyd1,9676,2000,104.00411415100098
1998,Betweenness,0.037515878677368164,boyd1,9676,2000,104.00411415100098
1998,Betweenness,0.03458428382873535,boyd1,9676,2000,104.00411415100098
1998,Betweenness,0.6537575721740723,boyd1,9676,2000,104.00411415100098
1892,Betweenness,0.0521543025970459,boyd1,9676,2000,104.00411415100098
1997,Betweenness,0.0386354923248291,boyd1,9676,2000,104.00411415100098
1997,Betweenness,0.05212593078613281,boyd1,9676,2000,104.00411415100098
1998,Betweenness,0.04054665565490723,boyd1,9676,2000,104.00411415100098
1998,Closeness,0.0673987865447998,boyd1,9676,2000,104.00411415100098
1998,Closeness,0.03869938850402832,boyd1,9676,2000,104.00411415100098
1998,Closeness,0.026343584060668945,boyd1,9676,2000,104.00411415100098
1998,Closeness,0.045445919036865234,boyd1,9676,2000,104.00411415100098
1998,Closeness,0.0665140151977539,boyd1,9676,2000,104.00411415100098
1998,Closeness,0.06379842758178711,boyd1,9676,2000,104.00411415100098
1998,Closeness,0.06205105781555176,boyd1,9676,2000,104.00411415100098
1998,Closeness,0.04072833061218262,boyd1,9676,2000,104.00411415100098
1997,Closeness,0.4613809585571289,boyd1,9676,2000,104.00411415100098
1997,Closeness,0.044506072998046875,boyd1,9676,2000,104.00411415100098
1998,Closeness,0.028647661209106445,boyd1,9676,2000,104.00411415100098
1998,Closeness,0.04038548469543457,boyd1,9676,2000,104.00411415100098
1998,Closeness,0.04124188423156738,boyd1,9676,2000,104.00411415100098
1998,Closeness,0.03612947463989258,boyd1,9676,2000,104.00411415100098
1998,Closeness,0.02420639991760254,boyd1,9676,2000,104.00411415100098
1998,Katz Centrality,0.042853593826293945,boyd1,9676,2000,104.00411415100098
1998,Katz Centrality,0.026770353317260742,boyd1,9676,2000,104.00411415100098
1998,Katz Centrality,0.02611088752746582,boyd1,9676,2000,104.00411415100098
1998,Katz Centrality,0.01586318016052246,boyd1,9676,2000,104.00411415100098
1997,Katz Centrality,0.016717195510864258,boyd1,9676,2000,104.00411415100098
1998,Katz Centrality,0.0460963249206543,boyd1,9676,2000,104.00411415100098
1998,Katz Centrality,0.0444340705871582,boyd1,9676,2000,104.00411415100098
1998,Katz Centrality,0.033008575439453125,boyd1,9676,2000,104.00411415100098
1998,Katz Centrality,0.04809975624084473,boyd1,9676,2000,104.00411415100098
1998,Katz Centrality,0.04847073554992676,boyd1,9676,2000,104.00411415100098
1998,Katz Centrality,0.054491519927978516,boyd1,9676,2000,104.00411415100098
1998,Katz Centrality,0.05713820457458496,boyd1,9676,2000,104.00411415100098
1998,Katz Centrality,0.06704998016357422,boyd1,9676,2000,104.00411415100098
1998,Katz Centrality,0.04891061782836914,boyd1,9676,2000,104.00411415100098
1998,Katz Centrality,0.05252861976623535,boyd1,9676,2000,104.00411415100098
1998,Degree,0.059870243072509766,boyd1,9676,2000,104.00411415100098
1997,Degree,0.09726810455322266,boyd1,9676,2000,104.00411415100098
1998,Degree,0.0974273681640625,boyd1,9676,2000,104.00411415100098
1998,Degree,0.04731154441833496,boyd1,9676,2000,104.00411415100098
1998,Degree,0.04741239547729492,boyd1,9676,2000,104.00411415100098
1998,Degree,0.04659104347229004,boyd1,9676,2000,104.00411415100098
1998,Degree,0.050398826599121094,boyd1,9676,2000,104.00411415100098
1997,Degree,0.03792238235473633,boyd1,9676,2000,104.00411415100098
1998,Degree,0.0394740104675293,boyd1,9676,2000,104.00411415100098
1998,Degree,0.027118921279907227,boyd1,9676,2000,104.00411415100098
1892,Degree,0.0334324836730957,boyd1,9676,2000,104.00411415100098
1998,Degree,0.03566932678222656,boyd1,9676,2000,104.00411415100098
1998,Degree,0.059195756912231445,boyd1,9676,2000,104.00411415100098
1998,Degree,0.06271982192993164,boyd1,9676,2000,104.00411415100098
1998,Degree,0.07045221328735352,boyd1,9676,2000,104.00411415100098
1998,Closeness,0.0790262222290039,boyd1,9676,2000,104.00411415100098
1998,Closeness,0.05351519584655762,boyd1,9676,2000,104.00411415100098
1998,Closeness,0.0423741340637207,boyd1,9676,2000,104.00411415100098
1998,Closeness,0.03578519821166992,boyd1,9676,2000,104.00411415100098
1998,Closeness,0.08733797073364258,boyd1,9676,2000,104.00411415100098
1997,Closeness,0.05642867088317871,boyd1,9676,2000,104.00411415100098
1998,Closeness,0.03357553482055664,boyd1,9676,2000,104.00411415100098
1998,Closeness,0.04071831703186035,boyd1,9676,2000,104.00411415100098
1998,Closeness,0.05649113655090332,boyd1,9676,2000,104.00411415100098
1998,Closeness,0.040093183517456055,boyd1,9676,2000,104.00411415100098
1998,Closeness,0.035219430923461914,boyd1,9676,2000,104.00411415100098
1997,Closeness,0.028949975967407227,boyd1,9676,2000,104.00411415100098
1998,Closeness,0.038161277770996094,boyd1,9676,2000,104.00411415100098
1998,Closeness,0.04397392272949219,boyd1,9676,2000,104.00411415100098
1998,Closeness,0.04126596450805664,boyd1,9676,2000,104.00411415100098
1998,PageRank,0.060334205627441406,boyd1,9676,2000,104.00411415100098
1998,PageRank,0.026536941528320312,boyd1,9676,2000,104.00411415100098
1998,PageRank,0.03146004676818848,boyd1,9676,2000,104.00411415100098
1998,PageRank,0.02100825309753418,boyd1,9676,2000,104.00411415100098
1998,PageRank,0.016875267028808594,boyd1,9676,2000,104.00411415100098
1996,PageRank,0.02342700958251953,boyd1,9676,2000,104.00411415100098
1998,PageRank,0.041306257247924805,boyd1,9676,2000,104.00411415100098
1997,PageRank,0.03333449363708496,boyd1,9676,2000,104.00411415100098
1998,PageRank,0.03233838081359863,boyd1,9676,2000,104.00411415100098
1998,PageRank,0.027298927307128906,boyd1,9676,2000,104.00411415100098
1998,PageRank,0.061020851135253906,boyd1,9676,2000,104.00411415100098
1998,PageRank,0.0667119026184082,boyd1,9676,2000,104.00411415100098
1998,PageRank,0.056474924087524414,boyd1,9676,2000,104.00411415100098
1998,PageRank,0.058234453201293945,boyd1,9676,2000,104.00411415100098
1998,PageRank,0.05826139450073242,boyd1,9676,2000,104.00411415100098
1998,Closeness,0.07064628601074219,boyd1,9676,2000,104.00411415100098
1997,Closeness,0.06269073486328125,boyd1,9676,2000,104.00411415100098
1998,Closeness,0.06604290008544922,boyd1,9676,2000,104.00411415100098
1998,Closeness,0.07068729400634766,boyd1,9676,2000,104.00411415100098
1998,Closeness,0.5994176864624023,boyd1,9676,2000,104.00411415100098
1998,Closeness,0.06025409698486328,boyd1,9676,2000,104.00411415100098
1998,Closeness,0.05861306190490723,boyd1,9676,2000,104.00411415100098
1998,Closeness,0.0621037483215332,boyd1,9676,2000,104.00411415100098
1997,Closeness,0.05760550498962402,boyd1,9676,2000,104.00411415100098
1998,Closeness,0.05636405944824219,boyd1,9676,2000,104.00411415100098
1998,Closeness,0.05568051338195801,boyd1,9676,2000,104.00411415100098
1998,Closeness,0.059951066970825195,boyd1,9676,2000,104.00411415100098
1998,Closeness,0.06460738182067871,boyd1,9676,2000,104.00411415100098
1998,Closeness,0.07262682914733887,boyd1,9676,2000,104.00411415100098
1998,Closeness,0.07007408142089844,boyd1,9676,2000,104.00411415100098
1892,PageRank,0.07341551780700684,boyd1,9676,2000,104.00411415100098
1998,PageRank,0.07527422904968262,boyd1,9676,2000,104.00411415100098
1996,PageRank,0.0769188404083252,boyd1,9676,2000,104.00411415100098
1997,PageRank,0.0794529914855957,boyd1,9676,2000,104.00411415100098
1998,PageRank,0.08518123626708984,boyd1,9676,2000,104.00411415100098
1997,PageRank,0.09328055381774902,boyd1,9676,2000,104.00411415100098
1998,PageRank,0.08243322372436523,boyd1,9676,2000,104.00411415100098
1998,PageRank,0.08446598052978516,boyd1,9676,2000,104.00411415100098
1997,PageRank,0.09598898887634277,boyd1,9676,2000,104.00411415100098
1998,PageRank,0.06934785842895508,boyd1,9676,2000,104.00411415100098
1998,PageRank,0.06904768943786621,boyd1,9676,2000,104.00411415100098
1892,PageRank,0.07499527931213379,boyd1,9676,2000,104.00411415100098
1998,PageRank,0.06921172142028809,boyd1,9676,2000,104.00411415100098
1997,PageRank,0.06029653549194336,boyd1,9676,2000,104.00411415100098
1998,PageRank,0.0856168270111084,boyd1,9676,2000,104.00411415100098
1998,Katz Centrality,0.08304452896118164,boyd1,9676,2000,104.00411415100098
1997,Katz Centrality,0.08267474174499512,boyd1,9676,2000,104.00411415100098
1998,Katz Centrality,0.04686236381530762,boyd1,9676,2000,104.00411415100098
1998,Katz Centrality,0.04833245277404785,boyd1,9676,2000,104.00411415100098
1998,Katz Centrality,0.06128978729248047,boyd1,9676,2000,104.00411415100098
1997,Katz Centrality,0.03972291946411133,boyd1,9676,2000,104.00411415100098
1998,Katz Centrality,0.07110428810119629,boyd1,9676,2000,104.00411415100098
1998,Katz Centrality,0.06695294380187988,boyd1,9676,2000,104.00411415100098
1998,Katz Centrality,0.06421756744384766,boyd1,9676,2000,104.00411415100098
1997,Katz Centrality,0.07232546806335449,boyd1,9676,2000,104.00411415100098
1998,Katz Centrality,0.06350398063659668,boyd1,9676,2000,104.00411415100098
1998,Katz Centrality,0.05057334899902344,boyd1,9676,2000,104.00411415100098
1997,Katz Centrality,0.06626057624816895,boyd1,9676,2000,104.00411415100098
1997,Katz Centrality,0.08497309684753418,boyd1,9676,2000,104.00411415100098
1998,Katz Centrality,0.07882356643676758,boyd1,9676,2000,104.00411415100098
1998,Betweenness,0.0848226547241211,boyd1,9676,2000,104.00411415100098
1997,Betweenness,0.11783313751220703,boyd1,9676,2000,104.00411415100098
1998,Betweenness,0.10385513305664062,boyd1,9676,2000,104.00411415100098
1998,Betweenness,0.08199071884155273,boyd1,9676,2000,104.00411415100098
1997,Betweenness,0.058138370513916016,boyd1,9676,2000,104.00411415100098
1998,Betweenness,0.0811457633972168,boyd1,9676,2000,104.00411415100098
1998,Betweenness,0.06772708892822266,boyd1,9676,2000,104.00411415100098
1998,Betweenness,0.046547889709472656,boyd1,9676,2000,104.00411415100098
1998,Betweenness,0.04804825782775879,boyd1,9676,2000,104.00411415100098
1998,Betweenness,0.049423933029174805,boyd1,9676,2000,104.00411415100098
1998,Betweenness,0.04274415969848633,boyd1,9676,2000,104.00411415100098
1997,Betweenness,0.04596281051635742,boyd1,9676,2000,104.00411415100098
1998,Betweenness,0.04963803291320801,boyd1,9676,2000,104.00411415100098
1892,Betweenness,0.048856258392333984,boyd1,9676,2000,104.00411415100098
1998,Betweenness,0.0350337028503418,boyd1,9676,2000,104.00411415100098
1997,Betweenness,0.06093645095825195,boyd1,9676,2000,104.00411415100098
1998,Betweenness,0.6257433891296387,boyd1,9676,2000,104.00411415100098
1998,Betweenness,0.07104158401489258,boyd1,9676,2000,104.00411415100098
1998,Betweenness,0.06380033493041992,boyd1,9676,2000,104.00411415100098
1998,Betweenness,0.06656360626220703,boyd1,9676,2000,104.00411415100098
1997,Betweenness,0.06864643096923828,boyd1,9676,2000,104.00411415100098
1998,Betweenness,0.04133892059326172,boyd1,9676,2000,104.00411415100098
1892,Betweenness,0.04492545127868652,boyd1,9676,2000,104.00411415100098
1997,Betweenness,0.0589289665222168,boyd1,9676,2000,104.00411415100098
1892,Betweenness,0.12001323699951172,boyd1,9676,2000,104.00411415100098
1997,Betweenness,0.08640432357788086,boyd1,9676,2000,104.00411415100098
1997,Betweenness,0.07605719566345215,boyd1,9676,2000,104.00411415100098
1998,Betweenness,0.03603386878967285,boyd1,9676,2000,104.00411415100098
1998,Betweenness,0.04050254821777344,boyd1,9676,2000,104.00411415100098
1892,Betweenness,0.03954625129699707,boyd1,9676,2000,104.00411415100098
1998,Eigenvector,0.06681370735168457,boyd1,9676,2000,104.00411415100098
1997,Eigenvector,0.052941322326660156,boyd1,9676,2000,104.00411415100098
1998,Eigenvector,0.04539895057678223,boyd1,9676,2000,104.00411415100098
1998,Eigenvector,0.05106782913208008,boyd1,9676,2000,104.00411415100098
1998,Eigenvector,0.049231767654418945,boyd1,9676,2000,104.00411415100098
1998,Eigenvector,0.057192087173461914,boyd1,9676,2000,104.00411415100098
1997,Eigenvector,0.049072265625,boyd1,9676,2000,104.00411415100098
1998,Eigenvector,0.07350993156433105,boyd1,9676,2000,104.00411415100098
1998,Eigenvector,0.12498188018798828,boyd1,9676,2000,104.00411415100098
1998,Eigenvector,0.08239459991455078,boyd1,9676,2000,104.00411415100098
1892,Eigenvector,0.05498981475830078,boyd1,9676,2000,104.00411415100098
1998,Eigenvector,0.03346109390258789,boyd1,9676,2000,104.00411415100098
1998,Eigenvector,0.05353403091430664,boyd1,9676,2000,104.00411415100098
1998,Eigenvector,0.05461597442626953,boyd1,9676,2000,104.00411415100098
1998,Eigenvector,0.032143592834472656,boyd1,9676,2000,104.00411415100098
1998,Degree,0.04385066032409668,boyd1,9676,2000,104.00411415100098
1997,Degree,0.02404165267944336,boyd1,9676,2000,104.00411415100098
1998,Degree,0.035819292068481445,boyd1,9676,2000,104.00411415100098
1892,Degree,0.04184556007385254,boyd1,9676,2000,104.00411415100098
1998,Degree,0.040361881256103516,boyd1,9676,2000,104.00411415100098
1892,Degree,0.03931117057800293,boyd1,9676,2000,104.00411415100098
1998,Degree,0.03695940971374512,boyd1,9676,2000,104.00411415100098
1998,Degree,0.04057717323303223,boyd1,9676,2000,104.00411415100098
1998,Degree,0.6264533996582031,boyd1,9676,2000,104.00411415100098
1998,Degree,0.03877687454223633,boyd1,9676,2000,104.00411415100098
1892,Degree,0.03263235092163086,boyd1,9676,2000,104.00411415100098
1998,Degree,0.04205012321472168,boyd1,9676,2000,104.00411415100098
1997,Degree,0.05334210395812988,boyd1,9676,2000,104.00411415100098
1998,Degree,0.044684410095214844,boyd1,9676,2000,104.00411415100098
1998,Degree,0.040161848068237305,boyd1,9676,2000,104.00411415100098
1997,Eigenvector,0.07116007804870605,boyd1,9676,2000,104.00411415100098
1998,Eigenvector,0.035546302795410156,boyd1,9676,2000,104.00411415100098
1892,Eigenvector,0.021132469177246094,boyd1,9676,2000,104.00411415100098
1997,Eigenvector,0.040567874908447266,boyd1,9676,2000,104.00411415100098
1998,Eigenvector,0.01726984977722168,boyd1,9676,2000,104.00411415100098
1998,Eigenvector,0.05174970626831055,boyd1,9676,2000,104.00411415100098
1997,Eigenvector,0.03333568572998047,boyd1,9676,2000,104.00411415100098
1997,Eigenvector,0.03152108192443848,boyd1,9676,2000,104.00411415100098
1998,Eigenvector,0.0402829647064209,boyd1,9676,2000,104.00411415100098
1998,Eigenvector,0.032964229583740234,boyd1,9676,2000,104.00411415100098
1998,Eigenvector,0.032680511474609375,boyd1,9676,2000,104.00411415100098
1997,Eigenvector,0.031835079193115234,boyd1,9676,2000,104.00411415100098
1998,Eigenvector,0.01823258399963379,boyd1,9676,2000,104.00411415100098
1998,Eigenvector,0.045452117919921875,boyd1,9676,2000,104.00411415100098
1997,Eigenvector,0.04865908622741699,boyd1,9676,2000,104.00411415100098
1998,Harmonic Centrality,0.048858642578125,boyd1,9676,2000,104.00411415100098
1998,Harmonic Centrality,0.04375958442687988,boyd1,9676,2000,104.00411415100098
1998,Harmonic Centrality,0.038992881774902344,boyd1,9676,2000,104.00411415100098
1998,Harmonic Centrality,0.03709077835083008,boyd1,9676,2000,104.00411415100098
1998,Harmonic Centrality,0.03273487091064453,boyd1,9676,2000,104.00411415100098
1998,Harmonic Centrality,0.045004844665527344,boyd1,9676,2000,104.00411415100098
1998,Harmonic Centrality,0.024988889694213867,boyd1,9676,2000,104.00411415100098
1998,Harmonic Centrality,0.04849386215209961,boyd1,9676,2000,104.00411415100098
1998,Harmonic Centrality,0.03295302391052246,boyd1,9676,2000,104.00411415100098
1998,Harmonic Centrality,0.03098917007446289,boyd1,9676,2000,104.00411415100098
1998,Harmonic Centrality,0.040901899337768555,boyd1,9676,2000,104.00411415100098
1997,Harmonic Centrality,0.024415254592895508,boyd1,9676,2000,104.00411415100098
1997,Harmonic Centrality,0.047875165939331055,boyd1,9676,2000,104.00411415100098
1998,Harmonic Centrality,0.04311704635620117,boyd1,9676,2000,104.00411415100098
1998,Harmonic Centrality,0.03177165985107422,boyd1,9676,2000,104.00411415100098
1998,Harmonic Centrality,0.0442347526550293,boyd1,9676,2000,104.00411415100098
1998,Harmonic Centrality,0.0307309627532959,boyd1,9676,2000,104.00411415100098
1998,Harmonic Centrality,0.019991397857666016,boyd1,9676,2000,104.00411415100098
1998,Harmonic Centrality,0.026226520538330078,boyd1,9676,2000,104.00411415100098
1998,Harmonic Centrality,0.03559088706970215,boyd1,9676,2000,104.00411415100098
1998,Harmonic Centrality,0.03534269332885742,boyd1,9676,2000,104.00411415100098
1998,Harmonic Centrality,0.03665304183959961,boyd1,9676,2000,104.00411415100098
1997,Harmonic Centrality,0.03282642364501953,boyd1,9676,2000,104.00411415100098
1998,Harmonic Centrality,0.039923906326293945,boyd1,9676,2000,104.00411415100098
1998,Harmonic Centrality,0.513690710067749,boyd1,9676,2000,104.00411415100098
1998,Harmonic Centrality,0.0385739803314209,boyd1,9676,2000,104.00411415100098
1998,Harmonic Centrality,0.04667973518371582,boyd1,9676,2000,104.00411415100098
1998,Harmonic Centrality,0.04465770721435547,boyd1,9676,2000,104.00411415100098
1998,Harmonic Centrality,0.03816056251525879,boyd1,9676,2000,104.00411415100098
1997,Harmonic Centrality,0.03739595413208008,boyd1,9676,2000,104.00411415100098
1997,Harmonic Centrality,0.0832219123840332,boyd1,9676,2000,104.00411415100098
1998,Harmonic Centrality,0.054656267166137695,boyd1,9676,2000,104.00411415100098
1998,Harmonic Centrality,0.043035030364990234,boyd1,9676,2000,104.00411415100098
1998,Harmonic Centrality,0.030538082122802734,boyd1,9676,2000,104.00411415100098
1998,Harmonic Centrality,0.02474355697631836,boyd1,9676,2000,104.00411415100098
1997,Harmonic Centrality,0.025075912475585938,boyd1,9676,2000,104.00411415100098
1998,Harmonic Centrality,0.08436703681945801,boyd1,9676,2000,104.00411415100098
1998,Harmonic Centrality,0.0340576171875,boyd1,9676,2000,104.00411415100098
1998,Harmonic Centrality,0.06423807144165039,boyd1,9676,2000,104.00411415100098
1997,Harmonic Centrality,0.06843757629394531,boyd1,9676,2000,104.00411415100098
1998,Harmonic Centrality,0.048743247985839844,boyd1,9676,2000,104.00411415100098
1998,Harmonic Centrality,0.03733325004577637,boyd1,9676,2000,104.00411415100098
1998,Harmonic Centrality,0.03962826728820801,boyd1,9676,2000,104.00411415100098
1997,Harmonic Centrality,0.031420230865478516,boyd1,9676,2000,104.00411415100098
1998,Harmonic Centrality,0.037398576736450195,boyd1,9676,2000,104.00411415100098
1998,Degree,0.05585813522338867,boyd1,9676,2000,104.00411415100098
1998,Degree,0.034412384033203125,boyd1,9676,2000,104.00411415100098
1998,Degree,0.0295565128326416,boyd1,9676,2000,104.00411415100098
1998,Degree,0.04043173789978027,boyd1,9676,2000,104.00411415100098
1998,Degree,0.04623746871948242,boyd1,9676,2000,104.00411415100098
1998,Degree,0.04271388053894043,boyd1,9676,2000,104.00411415100098
1998,Degree,0.03603363037109375,boyd1,9676,2000,104.00411415100098
1892,Degree,0.03448486328125,boyd1,9676,2000,104.00411415100098
1997,Degree,0.032257795333862305,boyd1,9676,2000,104.00411415100098
1996,Degree,0.039398193359375,boyd1,9676,2000,104.00411415100098
1997,Degree,0.05142807960510254,boyd1,9676,2000,104.00411415100098
1998,Degree,0.05728626251220703,boyd1,9676,2000,104.00411415100098
1998,Degree,0.060498714447021484,boyd1,9676,2000,104.00411415100098
1998,Degree,0.04107952117919922,boyd1,9676,2000,104.00411415100098
1998,Degree,0.049706459045410156,boyd1,9676,2000,104.00411415100098
1998,Katz Centrality,0.07948088645935059,boyd1,9676,2000,104.00411415100098
1996,Katz Centrality,0.026016950607299805,boyd1,9676,2000,104.00411415100098
1998,Katz Centrality,0.048636674880981445,boyd1,9676,2000,104.00411415100098
1998,Katz Centrality,0.05164504051208496,boyd1,9676,2000,104.00411415100098
1998,Katz Centrality,0.045938730239868164,boyd1,9676,2000,104.00411415100098
1998,Katz Centrality,0.03245234489440918,boyd1,9676,2000,104.00411415100098
1997,Katz Centrality,0.042334556579589844,boyd1,9676,2000,104.00411415100098
1998,Katz Centrality,0.024298429489135742,boyd1,9676,2000,104.00411415100098
1997,Katz Centrality,0.03463101387023926,boyd1,9676,2000,104.00411415100098
1998,Katz Centrality,0.0291140079498291,boyd1,9676,2000,104.00411415100098
1998,Katz Centrality,0.033380985260009766,boyd1,9676,2000,104.00411415100098
1997,Katz Centrality,0.03562140464782715,boyd1,9676,2000,104.00411415100098
1998,Katz Centrality,0.09162187576293945,boyd1,9676,2000,104.00411415100098
1997,Katz Centrality,0.10980796813964844,boyd1,9676,2000,104.00411415100098
1998,Katz Centrality,0.03919672966003418,boyd1,9676,2000,104.00411415100098
1998,Degree,0.05826544761657715,boyd1,9676,2000,104.00411415100098
1998,Degree,0.05117368698120117,boyd1,9676,2000,104.00411415100098
1997,Degree,0.03944826126098633,boyd1,9676,2000,104.00411415100098
1998,Degree,0.03994131088256836,boyd1,9676,2000,104.00411415100098
1998,Degree,0.07329869270324707,boyd1,9676,2000,104.00411415100098
1998,Degree,0.03560066223144531,boyd1,9676,2000,104.00411415100098
1997,Degree,0.039206504821777344,boyd1,9676,2000,104.00411415100098
1998,Degree,0.08170557022094727,boyd1,9676,2000,104.00411415100098
1997,Degree,0.07575678825378418,boyd1,9676,2000,104.00411415100098
1998,Degree,0.0488429069519043,boyd1,9676,2000,104.00411415100098
1998,Degree,0.044989824295043945,boyd1,9676,2000,104.00411415100098
1998,Degree,0.10375809669494629,boyd1,9676,2000,104.00411415100098
1998,Degree,0.1314103603363037,boyd1,9676,2000,104.00411415100098
1998,Degree,0.06121635437011719,boyd1,9676,2000,104.00411415100098
1998,Degree,0.06174421310424805,boyd1,9676,2000,104.00411415100098
1998,PageRank,0.06574892997741699,boyd1,9676,2000,104.00411415100098
1998,PageRank,0.06694269180297852,boyd1,9676,2000,104.00411415100098
1892,PageRank,0.06114339828491211,boyd1,9676,2000,104.00411415100098
1998,PageRank,0.05535292625427246,boyd1,9676,2000,104.00411415100098
1998,PageRank,0.0623624324798584,boyd1,9676,2000,104.00411415100098
1892,PageRank,0.047319650650024414,boyd1,9676,2000,104.00411415100098
1998,PageRank,0.06823849678039551,boyd1,9676,2000,104.00411415100098
1892,PageRank,0.06653785705566406,boyd1,9676,2000,104.00411415100098
1998,PageRank,0.03565335273742676,boyd1,9676,2000,104.00411415100098
1998,PageRank,0.03923439979553223,boyd1,9676,2000,104.00411415100098
1998,PageRank,0.07196307182312012,boyd1,9676,2000,104.00411415100098
1998,PageRank,0.0600743293762207,boyd1,9676,2000,104.00411415100098
1997,PageRank,0.07488346099853516,boyd1,9676,2000,104.00411415100098
1998,PageRank,0.06361079216003418,boyd1,9676,2000,104.00411415100098
1997,PageRank,0.06425023078918457,boyd1,9676,2000,104.00411415100098
1998,Closeness,0.07220220565795898,boyd1,9676,2000,104.00411415100098
1998,Closeness,0.047965049743652344,boyd1,9676,2000,104.00411415100098
1998,Closeness,0.02768850326538086,boyd1,9676,2000,104.00411415100098
1998,Closeness,0.06402730941772461,boyd1,9676,2000,104.00411415100098
1997,Closeness,0.08510994911193848,boyd1,9676,2000,104.00411415100098
1998,Closeness,0.05518364906311035,boyd1,9676,2000,104.00411415100098
1998,Closeness,0.058803558349609375,boyd1,9676,2000,104.00411415100098
1998,Closeness,0.08135223388671875,boyd1,9676,2000,104.00411415100098
1998,Closeness,0.07433104515075684,boyd1,9676,2000,104.00411415100098
1998,Closeness,0.07125711441040039,boyd1,9676,2000,104.00411415100098
1998,Closeness,0.054187774658203125,boyd1,9676,2000,104.00411415100098
1998,Closeness,0.0725855827331543,boyd1,9676,2000,104.00411415100098
1998,Closeness,0.04202389717102051,boyd1,9676,2000,104.00411415100098
1998,Closeness,0.033487796783447266,boyd1,9676,2000,104.00411415100098
1998,Closeness,0.06695318222045898,boyd1,9676,2000,104.00411415100098
1998,PageRank,0.07589054107666016,boyd1,9676,2000,104.00411415100098
1892,PageRank,0.032863616943359375,boyd1,9676,2000,104.00411415100098
1998,PageRank,0.04053449630737305,boyd1,9676,2000,104.00411415100098
1892,PageRank,0.0478205680847168,boyd1,9676,2000,104.00411415100098
1998,PageRank,0.11597776412963867,boyd1,9676,2000,104.00411415100098
1997,PageRank,0.0570063591003418,boyd1,9676,2000,104.00411415100098
1892,PageRank,0.034252166748046875,boyd1,9676,2000,104.00411415100098
1998,PageRank,0.03864908218383789,boyd1,9676,2000,104.00411415100098
1892,PageRank,0.03980064392089844,boyd1,9676,2000,104.00411415100098
1998,PageRank,0.043364524841308594,boyd1,9676,2000,104.00411415100098
1998,PageRank,0.04329538345336914,boyd1,9676,2000,104.00411415100098
1998,PageRank,0.033158302307128906,boyd1,9676,2000,104.00411415100098
1998,PageRank,0.03827977180480957,boyd1,9676,2000,104.00411415100098
1998,PageRank,0.04906582832336426,boyd1,9676,2000,104.00411415100098
1998,PageRank,0.04097294807434082,boyd1,9676,2000,104.00411415100098
1998,Degree,0.07368087768554688,boyd1,9676,2000,104.00411415100098
1998,Degree,0.026432037353515625,boyd1,9676,2000,104.00411415100098
1998,Degree,0.04113340377807617,boyd1,9676,2000,104.00411415100098
1998,Degree,0.06577873229980469,boyd1,9676,2000,104.00411415100098
1998,Degree,0.03277778625488281,boyd1,9676,2000,104.00411415100098
1998,Degree,0.04992961883544922,boyd1,9676,2000,104.00411415100098
1998,Degree,0.06496620178222656,boyd1,9676,2000,104.00411415100098
1997,Degree,0.03438901901245117,boyd1,9676,2000,104.00411415100098
1998,Degree,0.06393647193908691,boyd1,9676,2000,104.00411415100098
1998,Degree,0.06147408485412598,boyd1,9676,2000,104.00411415100098
1892,Degree,0.03617382049560547,boyd1,9676,2000,104.00411415100098
1998,Degree,0.028980255126953125,boyd1,9676,2000,104.00411415100098
1998,Degree,0.03839468955993652,boyd1,9676,2000,104.00411415100098
1998,Degree,0.04596662521362305,boyd1,9676,2000,104.00411415100098
1892,Degree,0.0360567569732666,boyd1,9676,2000,104.00411415100098
1997,Degree,0.037378549575805664,boyd1,9676,2000,104.00411415100098
1997,Degree,0.029565811157226562,boyd1,9676,2000,104.00411415100098
1998,Degree,0.03749203681945801,boyd1,9676,2000,104.00411415100098
1998,Degree,0.036604881286621094,boyd1,9676,2000,104.00411415100098
1996,Degree,0.04829812049865723,boyd1,9676,2000,104.00411415100098
1998,Degree,0.04026651382446289,boyd1,9676,2000,104.00411415100098
1998,Degree,0.046440839767456055,boyd1,9676,2000,104.00411415100098
1998,Degree,0.053989410400390625,boyd1,9676,2000,104.00411415100098
1998,Degree,0.04586076736450195,boyd1,9676,2000,104.00411415100098
1892,Degree,0.029369115829467773,boyd1,9676,2000,104.00411415100098
1998,Degree,0.03247261047363281,boyd1,9676,2000,104.00411415100098
1997,Degree,0.04059910774230957,boyd1,9676,2000,104.00411415100098
1998,Degree,0.03292059898376465,boyd1,9676,2000,104.00411415100098
1998,Degree,0.036783456802368164,boyd1,9676,2000,104.00411415100098
1998,Degree,0.04368114471435547,boyd1,9676,2000,104.00411415100098
1998,Katz Centrality,0.044011592864990234,boyd1,9676,2000,104.00411415100098
1998,Katz Centrality,0.042261600494384766,boyd1,9676,2000,104.00411415100098
1998,Katz Centrality,0.07260012626647949,boyd1,9676,2000,104.00411415100098
1998,Katz Centrality,0.06719565391540527,boyd1,9676,2000,104.00411415100098
1998,Katz Centrality,0.06376791000366211,boyd1,9676,2000,104.00411415100098
1998,Katz Centrality,0.09320449829101562,boyd1,9676,2000,104.00411415100098
1998,Katz Centrality,0.04626774787902832,boyd1,9676,2000,104.00411415100098
1998,Katz Centrality,0.046385765075683594,boyd1,9676,2000,104.00411415100098
1997,Katz Centrality,0.03525662422180176,boyd1,9676,2000,104.00411415100098
1998,Katz Centrality,0.04398989677429199,boyd1,9676,2000,104.00411415100098
1998,Katz Centrality,0.040921926498413086,boyd1,9676,2000,104.00411415100098
1998,Katz Centrality,0.03318929672241211,boyd1,9676,2000,104.00411415100098
1998,Katz Centrality,0.0415194034576416,boyd1,9676,2000,104.00411415100098
1998,Katz Centrality,0.08732914924621582,boyd1,9676,2000,104.00411415100098
1998,Katz Centrality,0.08114862442016602,boyd1,9676,2000,104.00411415100098
1998,PageRank,0.08190512657165527,boyd1,9676,2000,104.00411415100098
1892,PageRank,0.06120014190673828,boyd1,9676,2000,104.00411415100098
1997,PageRank,0.036660194396972656,boyd1,9676,2000,104.00411415100098
1998,PageRank,0.044666290283203125,boyd1,9676,2000,104.00411415100098
1998,PageRank,0.03836369514465332,boyd1,9676,2000,104.00411415100098
1998,PageRank,0.04047822952270508,boyd1,9676,2000,104.00411415100098
1998,PageRank,0.03776359558105469,boyd1,9676,2000,104.00411415100098
1998,PageRank,0.040117740631103516,boyd1,9676,2000,104.00411415100098
1998,PageRank,0.6030428409576416,boyd1,9676,2000,104.00411415100098
1998,PageRank,0.042066097259521484,boyd1,9676,2000,104.00411415100098
1998,PageRank,0.04297828674316406,boyd1,9676,2000,104.00411415100098
1997,PageRank,0.04016542434692383,boyd1,9676,2000,104.00411415100098
1997,PageRank,0.040685176849365234,boyd1,9676,2000,104.00411415100098
1996,PageRank,0.03763532638549805,boyd1,9676,2000,104.00411415100098
1998,PageRank,0.04008626937866211,boyd1,9676,2000,104.00411415100098
1068,PageRank,0.043857574462890625,Fashion_MNIST_norm_10NN,13729,2000,118.4461522102356
933,PageRank,0.0500185489654541,Fashion_MNIST_norm_10NN,13729,2000,118.4461522102356
1242,PageRank,0.055709123611450195,Fashion_MNIST_norm_10NN,13729,2000,118.4461522102356
1223,PageRank,0.04090261459350586,Fashion_MNIST_norm_10NN,13729,2000,118.4461522102356
1084,PageRank,0.05532240867614746,Fashion_MNIST_norm_10NN,13729,2000,118.4461522102356
1067,PageRank,0.05693387985229492,Fashion_MNIST_norm_10NN,13729,2000,118.4461522102356
1011,PageRank,0.040784597396850586,Fashion_MNIST_norm_10NN,13729,2000,118.4461522102356
1118,PageRank,0.016906023025512695,Fashion_MNIST_norm_10NN,13729,2000,118.4461522102356
1101,PageRank,0.04078531265258789,Fashion_MNIST_norm_10NN,13729,2000,118.4461522102356
1115,PageRank,0.03324580192565918,Fashion_MNIST_norm_10NN,13729,2000,118.4461522102356
1050,PageRank,0.03962564468383789,Fashion_MNIST_norm_10NN,13729,2000,118.4461522102356
1147,PageRank,0.032372474670410156,Fashion_MNIST_norm_10NN,13729,2000,118.4461522102356
1111,PageRank,0.0323641300201416,Fashion_MNIST_norm_10NN,13729,2000,118.4461522102356
1142,PageRank,0.04088425636291504,Fashion_MNIST_norm_10NN,13729,2000,118.4461522102356
985,PageRank,0.04004788398742676,Fashion_MNIST_norm_10NN,13729,2000,118.4461522102356
868,Eigenvector,0.031304359436035156,Fashion_MNIST_norm_10NN,13729,2000,118.4461522102356
1088,Eigenvector,0.06651973724365234,Fashion_MNIST_norm_10NN,13729,2000,118.4461522102356
1288,Eigenvector,0.06071352958679199,Fashion_MNIST_norm_10NN,13729,2000,118.4461522102356
1075,Eigenvector,0.03391885757446289,Fashion_MNIST_norm_10NN,13729,2000,118.4461522102356
1084,Eigenvector,0.03388190269470215,Fashion_MNIST_norm_10NN,13729,2000,118.4461522102356
1024,Eigenvector,0.04514431953430176,Fashion_MNIST_norm_10NN,13729,2000,118.4461522102356
1065,Eigenvector,0.04265022277832031,Fashion_MNIST_norm_10NN,13729,2000,118.4461522102356
1064,Eigenvector,0.028528213500976562,Fashion_MNIST_norm_10NN,13729,2000,118.4461522102356
1014,Eigenvector,0.040247201919555664,Fashion_MNIST_norm_10NN,13729,2000,118.4461522102356
1274,Eigenvector,0.03576302528381348,Fashion_MNIST_norm_10NN,13729,2000,118.4461522102356
1139,Eigenvector,0.04640984535217285,Fashion_MNIST_norm_10NN,13729,2000,118.4461522102356
1052,Eigenvector,0.03160381317138672,Fashion_MNIST_norm_10NN,13729,2000,118.4461522102356
987,Eigenvector,0.041604042053222656,Fashion_MNIST_norm_10NN,13729,2000,118.4461522102356
955,Eigenvector,0.02441263198852539,Fashion_MNIST_norm_10NN,13729,2000,118.4461522102356
1321,Eigenvector,0.04636025428771973,Fashion_MNIST_norm_10NN,13729,2000,118.4461522102356
1098,Eigenvector,0.04088115692138672,Fashion_MNIST_norm_10NN,13729,2000,118.4461522102356
1021,Eigenvector,0.046607017517089844,Fashion_MNIST_norm_10NN,13729,2000,118.4461522102356
1053,Eigenvector,0.038338422775268555,Fashion_MNIST_norm_10NN,13729,2000,118.4461522102356
1199,Eigenvector,0.040289878845214844,Fashion_MNIST_norm_10NN,13729,2000,118.4461522102356
941,Eigenvector,0.03233838081359863,Fashion_MNIST_norm_10NN,13729,2000,118.4461522102356
978,Eigenvector,0.048644065856933594,Fashion_MNIST_norm_10NN,13729,2000,118.4461522102356
1066,Eigenvector,0.039064884185791016,Fashion_MNIST_norm_10NN,13729,2000,118.4461522102356
1299,Eigenvector,0.0405268669128418,Fashion_MNIST_norm_10NN,13729,2000,118.4461522102356
1082,Eigenvector,0.024274826049804688,Fashion_MNIST_norm_10NN,13729,2000,118.4461522102356
1083,Eigenvector,0.027066707611083984,Fashion_MNIST_norm_10NN,13729,2000,118.4461522102356
1344,Eigenvector,0.05038094520568848,Fashion_MNIST_norm_10NN,13729,2000,118.4461522102356
1075,Eigenvector,0.04898333549499512,Fashion_MNIST_norm_10NN,13729,2000,118.4461522102356
933,Eigenvector,0.01996779441833496,Fashion_MNIST_norm_10NN,13729,2000,118.4461522102356
968,Eigenvector,0.03193402290344238,Fashion_MNIST_norm_10NN,13729,2000,118.4461522102356
1083,Eigenvector,0.024286746978759766,Fashion_MNIST_norm_10NN,13729,2000,118.4461522102356
1254,Betweenness,0.04052424430847168,Fashion_MNIST_norm_10NN,13729,2000,118.4461522102356
1108,Betweenness,0.04140830039978027,Fashion_MNIST_norm_10NN,13729,2000,118.4461522102356
1165,Betweenness,0.06149697303771973,Fashion_MNIST_norm_10NN,13729,2000,118.4461522102356
1173,Betweenness,0.049292802810668945,Fashion_MNIST_norm_10NN,13729,2000,118.4461522102356
1094,Betweenness,0.048979759216308594,Fashion_MNIST_norm_10NN,13729,2000,118.4461522102356
1013,Betweenness,0.05661797523498535,Fashion_MNIST_norm_10NN,13729,2000,118.4461522102356
1089,Betweenness,0.0435640811920166,Fashion_MNIST_norm_10NN,13729,2000,118.4461522102356
1371,Betweenness,0.03956460952758789,Fashion_MNIST_norm_10NN,13729,2000,118.4461522102356
1029,Betweenness,0.03664827346801758,Fashion_MNIST_norm_10NN,13729,2000,118.4461522102356
1004,Betweenness,0.05454707145690918,Fashion_MNIST_norm_10NN,13729,2000,118.4461522102356
1086,Betweenness,0.05029702186584473,Fashion_MNIST_norm_10NN,13729,2000,118.4461522102356
1170,Betweenness,0.0547335147857666,Fashion_MNIST_norm_10NN,13729,2000,118.4461522102356
1119,Betweenness,0.04441523551940918,Fashion_MNIST_norm_10NN,13729,2000,118.4461522102356
1067,Betweenness,0.0662388801574707,Fashion_MNIST_norm_10NN,13729,2000,118.4461522102356
1097,Betweenness,0.05162978172302246,Fashion_MNIST_norm_10NN,13729,2000,118.4461522102356
1199,Eigenvector,0.07974433898925781,Fashion_MNIST_norm_10NN,13729,2000,118.4461522102356
974,Eigenvector,0.03312849998474121,Fashion_MNIST_norm_10NN,13729,2000,118.4461522102356
1049,Eigenvector,0.02471017837524414,Fashion_MNIST_norm_10NN,13729,2000,118.4461522102356
1011,Eigenvector,0.034442901611328125,Fashion_MNIST_norm_10NN,13729,2000,118.4461522102356
1029,Eigenvector,0.02922368049621582,Fashion_MNIST_norm_10NN,13729,2000,118.4461522102356
1054,Eigenvector,0.04339599609375,Fashion_MNIST_norm_10NN,13729,2000,118.4461522102356
1103,Eigenvector,0.04116702079772949,Fashion_MNIST_norm_10NN,13729,2000,118.4461522102356
1083,Eigenvector,0.025957822799682617,Fashion_MNIST_norm_10NN,13729,2000,118.4461522102356
1062,Eigenvector,0.03366279602050781,Fashion_MNIST_norm_10NN,13729,2000,118.4461522102356
1115,Eigenvector,0.02382826805114746,Fashion_MNIST_norm_10NN,13729,2000,118.4461522102356
962,Eigenvector,0.03362607955932617,Fashion_MNIST_norm_10NN,13729,2000,118.4461522102356
1110,Eigenvector,0.05802488327026367,Fashion_MNIST_norm_10NN,13729,2000,118.4461522102356
1060,Eigenvector,0.03926396369934082,Fashion_MNIST_norm_10NN,13729,2000,118.4461522102356
1119,Eigenvector,0.04805636405944824,Fashion_MNIST_norm_10NN,13729,2000,118.4461522102356
1211,Eigenvector,0.048619985580444336,Fashion_MNIST_norm_10NN,13729,2000,118.4461522102356
1112,PageRank,0.057129621505737305,Fashion_MNIST_norm_10NN,13729,2000,118.4461522102356
1047,PageRank,0.032003164291381836,Fashion_MNIST_norm_10NN,13729,2000,118.4461522102356
1092,PageRank,0.032898902893066406,Fashion_MNIST_norm_10NN,13729,2000,118.4461522102356
1081,PageRank,0.03244590759277344,Fashion_MNIST_norm_10NN,13729,2000,118.4461522102356
1183,PageRank,0.038095712661743164,Fashion_MNIST_norm_10NN,13729,2000,118.4461522102356
1131,PageRank,0.039006948471069336,Fashion_MNIST_norm_10NN,13729,2000,118.4461522102356
1190,PageRank,0.04466557502746582,Fashion_MNIST_norm_10NN,13729,2000,118.4461522102356
1253,PageRank,0.039778947830200195,Fashion_MNIST_norm_10NN,13729,2000,118.4461522102356
1117,PageRank,0.03311896324157715,Fashion_MNIST_norm_10NN,13729,2000,118.4461522102356
1056,PageRank,0.03679847717285156,Fashion_MNIST_norm_10NN,13729,2000,118.4461522102356
1124,PageRank,0.033637285232543945,Fashion_MNIST_norm_10NN,13729,2000,118.4461522102356
1175,PageRank,0.032848358154296875,Fashion_MNIST_norm_10NN,13729,2000,118.4461522102356
1082,PageRank,0.04069638252258301,Fashion_MNIST_norm_10NN,13729,2000,118.4461522102356
1059,PageRank,0.045444488525390625,Fashion_MNIST_norm_10NN,13729,2000,118.4461522102356
1140,PageRank,0.023507118225097656,Fashion_MNIST_norm_10NN,13729,2000,118.4461522102356
1094,Eigenvector,0.04392671585083008,Fashion_MNIST_norm_10NN,13729,2000,118.4461522102356
1302,Eigenvector,0.04228711128234863,Fashion_MNIST_norm_10NN,13729,2000,118.4461522102356
1141,Eigenvector,0.04784393310546875,Fashion_MNIST_norm_10NN,13729,2000,118.4461522102356
1132,Eigenvector,0.034995079040527344,Fashion_MNIST_norm_10NN,13729,2000,118.4461522102356
1012,Eigenvector,0.03173971176147461,Fashion_MNIST_norm_10NN,13729,2000,118.4461522102356
975,Eigenvector,0.0167081356048584,Fashion_MNIST_norm_10NN,13729,2000,118.4461522102356
1260,Eigenvector,0.02871847152709961,Fashion_MNIST_norm_10NN,13729,2000,118.4461522102356
1057,Eigenvector,0.05597877502441406,Fashion_MNIST_norm_10NN,13729,2000,118.4461522102356
1149,Eigenvector,0.055899858474731445,Fashion_MNIST_norm_10NN,13729,2000,118.4461522102356
1098,Eigenvector,0.06220078468322754,Fashion_MNIST_norm_10NN,13729,2000,118.4461522102356
1245,Eigenvector,0.055541276931762695,Fashion_MNIST_norm_10NN,13729,2000,118.4461522102356
1135,Eigenvector,0.04885578155517578,Fashion_MNIST_norm_10NN,13729,2000,118.4461522102356
1112,Eigenvector,0.05681586265563965,Fashion_MNIST_norm_10NN,13729,2000,118.4461522102356
1124,Eigenvector,0.04024863243103027,Fashion_MNIST_norm_10NN,13729,2000,118.4461522102356
1129,Eigenvector,0.05873250961303711,Fashion_MNIST_norm_10NN,13729,2000,118.4461522102356
1019,Eigenvector,0.13155651092529297,Fashion_MNIST_norm_10NN,13729,2000,118.4461522102356
1054,Eigenvector,0.03195691108703613,Fashion_MNIST_norm_10NN,13729,2000,118.4461522102356
1254,Eigenvector,0.049056053161621094,Fashion_MNIST_norm_10NN,13729,2000,118.4461522102356
1078,Eigenvector,0.04841184616088867,Fashion_MNIST_norm_10NN,13729,2000,118.4461522102356
1130,Eigenvector,0.03923988342285156,Fashion_MNIST_norm_10NN,13729,2000,118.4461522102356
1039,Eigenvector,0.04981374740600586,Fashion_MNIST_norm_10NN,13729,2000,118.4461522102356
1157,Eigenvector,0.025546550750732422,Fashion_MNIST_norm_10NN,13729,2000,118.4461522102356
1073,Eigenvector,0.040585994720458984,Fashion_MNIST_norm_10NN,13729,2000,118.4461522102356
1001,Eigenvector,0.04399728775024414,Fashion_MNIST_norm_10NN,13729,2000,118.4461522102356
1191,Eigenvector,0.03975200653076172,Fashion_MNIST_norm_10NN,13729,2000,118.4461522102356
1112,Eigenvector,0.06597423553466797,Fashion_MNIST_norm_10NN,13729,2000,118.4461522102356
1094,Eigenvector,0.040102243423461914,Fashion_MNIST_norm_10NN,13729,2000,118.4461522102356
1212,Eigenvector,0.030576467514038086,Fashion_MNIST_norm_10NN,13729,2000,118.4461522102356
1024,Eigenvector,0.03936004638671875,Fashion_MNIST_norm_10NN,13729,2000,118.4461522102356
1050,Eigenvector,0.06521010398864746,Fashion_MNIST_norm_10NN,13729,2000,118.4461522102356
1193,Eigenvector,0.0656735897064209,Fashion_MNIST_norm_10NN,13729,2000,118.4461522102356
1171,Eigenvector,0.038191795349121094,Fashion_MNIST_norm_10NN,13729,2000,118.4461522102356
1162,Eigenvector,0.023929595947265625,Fashion_MNIST_norm_10NN,13729,2000,118.4461522102356
1173,Eigenvector,0.04993176460266113,Fashion_MNIST_norm_10NN,13729,2000,118.4461522102356
1119,Eigenvector,0.04639482498168945,Fashion_MNIST_norm_10NN,13729,2000,118.4461522102356
1111,Eigenvector,0.03246879577636719,Fashion_MNIST_norm_10NN,13729,2000,118.4461522102356
1088,Eigenvector,0.06098294258117676,Fashion_MNIST_norm_10NN,13729,2000,118.4461522102356
1070,Eigenvector,0.034570932388305664,Fashion_MNIST_norm_10NN,13729,2000,118.4461522102356
1249,Eigenvector,0.08019685745239258,Fashion_MNIST_norm_10NN,13729,2000,118.4461522102356
1005,Eigenvector,0.04687666893005371,Fashion_MNIST_norm_10NN,13729,2000,118.4461522102356
1056,Eigenvector,0.05373072624206543,Fashion_MNIST_norm_10NN,13729,2000,118.4461522102356
1066,Eigenvector,0.042246341705322266,Fashion_MNIST_norm_10NN,13729,2000,118.4461522102356
1127,Eigenvector,0.03650832176208496,Fashion_MNIST_norm_10NN,13729,2000,118.4461522102356
1105,Eigenvector,0.039864540100097656,Fashion_MNIST_norm_10NN,13729,2000,118.4461522102356
1052,Eigenvector,0.04433393478393555,Fashion_MNIST_norm_10NN,13729,2000,118.4461522102356
1095,Degree,0.06618404388427734,Fashion_MNIST_norm_10NN,13729,2000,118.4461522102356
1316,Degree,0.04041004180908203,Fashion_MNIST_norm_10NN,13729,2000,118.4461522102356
1042,Degree,0.022194862365722656,Fashion_MNIST_norm_10NN,13729,2000,118.4461522102356
1305,Degree,0.029360055923461914,Fashion_MNIST_norm_10NN,13729,2000,118.4461522102356
1399,Degree,0.03257608413696289,Fashion_MNIST_norm_10NN,13729,2000,118.4461522102356
1189,Degree,0.037667274475097656,Fashion_MNIST_norm_10NN,13729,2000,118.4461522102356
1171,Degree,0.048314571380615234,Fashion_MNIST_norm_10NN,13729,2000,118.4461522102356
1070,Degree,0.023715734481811523,Fashion_MNIST_norm_10NN,13729,2000,118.4461522102356
1065,Degree,0.05662369728088379,Fashion_MNIST_norm_10NN,13729,2000,118.4461522102356
1113,Degree,0.05012083053588867,Fashion_MNIST_norm_10NN,13729,2000,118.4461522102356
1306,Degree,0.04880714416503906,Fashion_MNIST_norm_10NN,13729,2000,118.4461522102356
1068,Degree,0.04938554763793945,Fashion_MNIST_norm_10NN,13729,2000,118.4461522102356
1201,Degree,0.02492547035217285,Fashion_MNIST_norm_10NN,13729,2000,118.4461522102356
952,Degree,0.026090383529663086,Fashion_MNIST_norm_10NN,13729,2000,118.4461522102356
1045,Degree,0.030568599700927734,Fashion_MNIST_norm_10NN,13729,2000,118.4461522102356
1270,PageRank,0.048880577087402344,Fashion_MNIST_norm_10NN,13729,2000,118.4461522102356
967,PageRank,0.02695322036743164,Fashion_MNIST_norm_10NN,13729,2000,118.4461522102356
1039,PageRank,0.026823759078979492,Fashion_MNIST_norm_10NN,13729,2000,118.4461522102356
1277,PageRank,0.029659271240234375,Fashion_MNIST_norm_10NN,13729,2000,118.4461522102356
1173,PageRank,0.035248756408691406,Fashion_MNIST_norm_10NN,13729,2000,118.4461522102356
1263,PageRank,0.024237394332885742,Fashion_MNIST_norm_10NN,13729,2000,118.4461522102356
1281,PageRank,0.02427816390991211,Fashion_MNIST_norm_10NN,13729,2000,118.4461522102356
1067,PageRank,0.03527665138244629,Fashion_MNIST_norm_10NN,13729,2000,118.4461522102356
1395,PageRank,0.024392127990722656,Fashion_MNIST_norm_10NN,13729,2000,118.4461522102356
1014,PageRank,0.024246692657470703,Fashion_MNIST_norm_10NN,13729,2000,118.4461522102356
1136,PageRank,0.04832863807678223,Fashion_MNIST_norm_10NN,13729,2000,118.4461522102356
1034,PageRank,0.0403900146484375,Fashion_MNIST_norm_10NN,13729,2000,118.4461522102356
1250,PageRank,0.04958772659301758,Fashion_MNIST_norm_10NN,13729,2000,118.4461522102356
1132,PageRank,0.0833437442779541,Fashion_MNIST_norm_10NN,13729,2000,118.4461522102356
1072,PageRank,0.03973865509033203,Fashion_MNIST_norm_10NN,13729,2000,118.4461522102356
1106,Betweenness,0.05355024337768555,Fashion_MNIST_norm_10NN,13729,2000,118.4461522102356
1198,Betweenness,0.0553135871887207,Fashion_MNIST_norm_10NN,13729,2000,118.4461522102356
1356,Betweenness,0.04937601089477539,Fashion_MNIST_norm_10NN,13729,2000,118.4461522102356
1114,Betweenness,0.05518054962158203,Fashion_MNIST_norm_10NN,13729,2000,118.4461522102356
1139,Betweenness,0.04333043098449707,Fashion_MNIST_norm_10NN,13729,2000,118.4461522102356
1262,Betweenness,0.05058121681213379,Fashion_MNIST_norm_10NN,13729,2000,118.4461522102356
1415,Betweenness,0.04184579849243164,Fashion_MNIST_norm_10NN,13729,2000,118.4461522102356
1184,Betweenness,0.03016948699951172,Fashion_MNIST_norm_10NN,13729,2000,118.4461522102356
1095,Betweenness,0.04874372482299805,Fashion_MNIST_norm_10NN,13729,2000,118.4461522102356
1200,Betweenness,0.019905567169189453,Fashion_MNIST_norm_10NN,13729,2000,118.4461522102356
1180,Betweenness,0.04916524887084961,Fashion_MNIST_norm_10NN,13729,2000,118.4461522102356
1111,Betweenness,0.04192399978637695,Fashion_MNIST_norm_10NN,13729,2000,118.4461522102356
1107,Betweenness,0.04375791549682617,Fashion_MNIST_norm_10NN,13729,2000,118.4461522102356
1124,Betweenness,0.04034066200256348,Fashion_MNIST_norm_10NN,13729,2000,118.4461522102356
1125,Betweenness,0.04058957099914551,Fashion_MNIST_norm_10NN,13729,2000,118.4461522102356
1094,Degree,0.06880712509155273,Fashion_MNIST_norm_10NN,13729,2000,118.4461522102356
1081,Degree,0.04837799072265625,Fashion_MNIST_norm_10NN,13729,2000,118.4461522102356
1139,Degree,0.0323948860168457,Fashion_MNIST_norm_10NN,13729,2000,118.4461522102356
1449,Degree,0.02617192268371582,Fashion_MNIST_norm_10NN,13729,2000,118.4461522102356
1225,Degree,0.04047274589538574,Fashion_MNIST_norm_10NN,13729,2000,118.4461522102356
1246,Degree,0.048500776290893555,Fashion_MNIST_norm_10NN,13729,2000,118.4461522102356
1258,Degree,0.037816524505615234,Fashion_MNIST_norm_10NN,13729,2000,118.4461522102356
1322,Degree,0.0324399471282959,Fashion_MNIST_norm_10NN,13729,2000,118.4461522102356
1065,Degree,0.0323178768157959,Fashion_MNIST_norm_10NN,13729,2000,118.4461522102356
1263,Degree,0.05506634712219238,Fashion_MNIST_norm_10NN,13729,2000,118.4461522102356
1108,Degree,0.028137683868408203,Fashion_MNIST_norm_10NN,13729,2000,118.4461522102356
1080,Degree,0.040480613708496094,Fashion_MNIST_norm_10NN,13729,2000,118.4461522102356
1095,Degree,0.013674020767211914,Fashion_MNIST_norm_10NN,13729,2000,118.4461522102356
1174,Degree,0.04162883758544922,Fashion_MNIST_norm_10NN,13729,2000,118.4461522102356
1198,Degree,0.051371097564697266,Fashion_MNIST_norm_10NN,13729,2000,118.4461522102356
1162,Closeness,0.07595133781433105,Fashion_MNIST_norm_10NN,13729,2000,118.4461522102356
1208,Closeness,0.03130650520324707,Fashion_MNIST_norm_10NN,13729,2000,118.4461522102356
1027,Closeness,0.024683237075805664,Fashion_MNIST_norm_10NN,13729,2000,118.4461522102356
955,Closeness,0.05664849281311035,Fashion_MNIST_norm_10NN,13729,2000,118.4461522102356
1082,Closeness,0.040903329849243164,Fashion_MNIST_norm_10NN,13729,2000,118.4461522102356
1189,Closeness,0.04187941551208496,Fashion_MNIST_norm_10NN,13729,2000,118.4461522102356
1271,Closeness,0.022971391677856445,Fashion_MNIST_norm_10NN,13729,2000,118.4461522102356
1093,Closeness,0.05710864067077637,Fashion_MNIST_norm_10NN,13729,2000,118.4461522102356
1045,Closeness,0.034766435623168945,Fashion_MNIST_norm_10NN,13729,2000,118.4461522102356
1045,Closeness,0.04066324234008789,Fashion_MNIST_norm_10NN,13729,2000,118.4461522102356
1080,Closeness,0.03947114944458008,Fashion_MNIST_norm_10NN,13729,2000,118.4461522102356
1256,Closeness,0.025356054306030273,Fashion_MNIST_norm_10NN,13729,2000,118.4461522102356
1101,Closeness,0.04128432273864746,Fashion_MNIST_norm_10NN,13729,2000,118.4461522102356
1200,Closeness,0.0731649398803711,Fashion_MNIST_norm_10NN,13729,2000,118.4461522102356
1136,Closeness,0.06142163276672363,Fashion_MNIST_norm_10NN,13729,2000,118.4461522102356
1140,Eigenvector,0.0600738525390625,Fashion_MNIST_norm_10NN,13729,2000,118.4461522102356
1101,Eigenvector,0.031877756118774414,Fashion_MNIST_norm_10NN,13729,2000,118.4461522102356
1008,Eigenvector,0.049666643142700195,Fashion_MNIST_norm_10NN,13729,2000,118.4461522102356
1129,Eigenvector,0.05420851707458496,Fashion_MNIST_norm_10NN,13729,2000,118.4461522102356
1032,Eigenvector,0.049323320388793945,Fashion_MNIST_norm_10NN,13729,2000,118.4461522102356
1001,Eigenvector,0.023363828659057617,Fashion_MNIST_norm_10NN,13729,2000,118.4461522102356
998,Eigenvector,0.05828714370727539,Fashion_MNIST_norm_10NN,13729,2000,118.4461522102356
1058,Eigenvector,0.0505671501159668,Fashion_MNIST_norm_10NN,13729,2000,118.4461522102356
1033,Eigenvector,0.04700112342834473,Fashion_MNIST_norm_10NN,13729,2000,118.4461522102356
1148,Eigenvector,0.046053171157836914,Fashion_MNIST_norm_10NN,13729,2000,118.4461522102356
1180,Eigenvector,0.02900099754333496,Fashion_MNIST_norm_10NN,13729,2000,118.4461522102356
1114,Eigenvector,0.0377802848815918,Fashion_MNIST_norm_10NN,13729,2000,118.4461522102356
1071,Eigenvector,0.04028725624084473,Fashion_MNIST_norm_10NN,13729,2000,118.4461522102356
1218,Eigenvector,0.024183988571166992,Fashion_MNIST_norm_10NN,13729,2000,118.4461522102356
1008,Eigenvector,0.03282451629638672,Fashion_MNIST_norm_10NN,13729,2000,118.4461522102356
1000,Eigenvector,0.05126476287841797,Fashion_MNIST_norm_10NN,13729,2000,118.4461522102356
1029,Eigenvector,0.025084972381591797,Fashion_MNIST_norm_10NN,13729,2000,118.4461522102356
1385,Eigenvector,0.040596723556518555,Fashion_MNIST_norm_10NN,13729,2000,118.4461522102356
1068,Eigenvector,0.03273320198059082,Fashion_MNIST_norm_10NN,13729,2000,118.4461522102356
1476,Eigenvector,0.0628347396850586,Fashion_MNIST_norm_10NN,13729,2000,118.4461522102356
1043,Eigenvector,0.5522665977478027,Fashion_MNIST_norm_10NN,13729,2000,118.4461522102356
1046,Eigenvector,0.02499985694885254,Fashion_MNIST_norm_10NN,13729,2000,118.4461522102356
1083,Eigenvector,0.04864501953125,Fashion_MNIST_norm_10NN,13729,2000,118.4461522102356
1229,Eigenvector,0.05032229423522949,Fashion_MNIST_norm_10NN,13729,2000,118.4461522102356
1149,Eigenvector,0.05252480506896973,Fashion_MNIST_norm_10NN,13729,2000,118.4461522102356
986,Eigenvector,0.05274009704589844,Fashion_MNIST_norm_10NN,13729,2000,118.4461522102356
1118,Eigenvector,0.03171968460083008,Fashion_MNIST_norm_10NN,13729,2000,118.4461522102356
1073,Eigenvector,0.04144716262817383,Fashion_MNIST_norm_10NN,13729,2000,118.4461522102356
1117,Eigenvector,0.024168968200683594,Fashion_MNIST_norm_10NN,13729,2000,118.4461522102356
1460,Eigenvector,0.024323701858520508,Fashion_MNIST_norm_10NN,13729,2000,118.4461522102356
1062,Degree,0.03874826431274414,Fashion_MNIST_norm_10NN,13729,2000,118.4461522102356
1040,Degree,0.04061532020568848,Fashion_MNIST_norm_10NN,13729,2000,118.4461522102356
1491,Degree,0.029564857482910156,Fashion_MNIST_norm_10NN,13729,2000,118.4461522102356
1281,Degree,0.031308889389038086,Fashion_MNIST_norm_10NN,13729,2000,118.4461522102356
1107,Degree,0.03490042686462402,Fashion_MNIST_norm_10NN,13729,2000,118.4461522102356
1312,Degree,0.024803638458251953,Fashion_MNIST_norm_10NN,13729,2000,118.4461522102356
1008,Degree,0.024083375930786133,Fashion_MNIST_norm_10NN,13729,2000,118.4461522102356
1100,Degree,0.02798175811767578,Fashion_MNIST_norm_10NN,13729,2000,118.4461522102356
1210,Degree,0.048919677734375,Fashion_MNIST_norm_10NN,13729,2000,118.4461522102356
999,Degree,0.044112205505371094,Fashion_MNIST_norm_10NN,13729,2000,118.4461522102356
1078,Degree,0.0674440860748291,Fashion_MNIST_norm_10NN,13729,2000,118.4461522102356
1123,Degree,0.4044349193572998,Fashion_MNIST_norm_10NN,13729,2000,118.4461522102356
1055,Degree,0.043630361557006836,Fashion_MNIST_norm_10NN,13729,2000,118.4461522102356
994,Degree,0.043512582778930664,Fashion_MNIST_norm_10NN,13729,2000,118.4461522102356
1367,Degree,0.04447221755981445,Fashion_MNIST_norm_10NN,13729,2000,118.4461522102356
1217,Degree,0.06856369972229004,Fashion_MNIST_norm_10NN,13729,2000,118.4461522102356
942,Degree,0.05923056602478027,Fashion_MNIST_norm_10NN,13729,2000,118.4461522102356
992,Degree,0.040673255920410156,Fashion_MNIST_norm_10NN,13729,2000,118.4461522102356
1000,Degree,0.5457956790924072,Fashion_MNIST_norm_10NN,13729,2000,118.4461522102356
1084,Degree,0.03852343559265137,Fashion_MNIST_norm_10NN,13729,2000,118.4461522102356
1111,Degree,0.038439273834228516,Fashion_MNIST_norm_10NN,13729,2000,118.4461522102356
1161,Degree,0.048502206802368164,Fashion_MNIST_norm_10NN,13729,2000,118.4461522102356
1084,Degree,0.03280925750732422,Fashion_MNIST_norm_10NN,13729,2000,118.4461522102356
1139,Degree,0.026543378829956055,Fashion_MNIST_norm_10NN,13729,2000,118.4461522102356
1080,Degree,0.016851186752319336,Fashion_MNIST_norm_10NN,13729,2000,118.4461522102356
1044,Degree,0.03256487846374512,Fashion_MNIST_norm_10NN,13729,2000,118.4461522102356
1080,Degree,0.03403186798095703,Fashion_MNIST_norm_10NN,13729,2000,118.4461522102356
1068,Degree,0.023605823516845703,Fashion_MNIST_norm_10NN,13729,2000,118.4461522102356
1328,Degree,0.04898858070373535,Fashion_MNIST_norm_10NN,13729,2000,118.4461522102356
1035,Degree,0.04883313179016113,Fashion_MNIST_norm_10NN,13729,2000,118.4461522102356
1170,Eigenvector,0.11551594734191895,Fashion_MNIST_norm_10NN,13729,2000,118.4461522102356
1386,Eigenvector,0.032613277435302734,Fashion_MNIST_norm_10NN,13729,2000,118.4461522102356
1031,Eigenvector,0.027492284774780273,Fashion_MNIST_norm_10NN,13729,2000,118.4461522102356
1124,Eigenvector,0.04254865646362305,Fashion_MNIST_norm_10NN,13729,2000,118.4461522102356
1184,Eigenvector,0.04318404197692871,Fashion_MNIST_norm_10NN,13729,2000,118.4461522102356
1257,Eigenvector,0.05109691619873047,Fashion_MNIST_norm_10NN,13729,2000,118.4461522102356
1176,Eigenvector,0.04930424690246582,Fashion_MNIST_norm_10NN,13729,2000,118.4461522102356
1027,Eigenvector,0.03262639045715332,Fashion_MNIST_norm_10NN,13729,2000,118.4461522102356
1050,Eigenvector,0.03718733787536621,Fashion_MNIST_norm_10NN,13729,2000,118.4461522102356
1090,Eigenvector,0.029520511627197266,Fashion_MNIST_norm_10NN,13729,2000,118.4461522102356
1078,Eigenvector,0.04898428916931152,Fashion_MNIST_norm_10NN,13729,2000,118.4461522102356
1046,Eigenvector,0.048357248306274414,Fashion_MNIST_norm_10NN,13729,2000,118.4461522102356
995,Eigenvector,0.025310993194580078,Fashion_MNIST_norm_10NN,13729,2000,118.4461522102356
1165,Eigenvector,0.024048805236816406,Fashion_MNIST_norm_10NN,13729,2000,118.4461522102356
1145,Eigenvector,0.03245401382446289,Fashion_MNIST_norm_10NN,13729,2000,118.4461522102356
1011,Eigenvector,0.04386281967163086,Fashion_MNIST_norm_10NN,13729,2000,118.4461522102356
1194,Eigenvector,0.03793811798095703,Fashion_MNIST_norm_10NN,13729,2000,118.4461522102356
1101,Eigenvector,0.04117155075073242,Fashion_MNIST_norm_10NN,13729,2000,118.4461522102356
1188,Eigenvector,0.059494972229003906,Fashion_MNIST_norm_10NN,13729,2000,118.4461522102356
978,Eigenvector,0.03889298439025879,Fashion_MNIST_norm_10NN,13729,2000,118.4461522102356
1184,Eigenvector,0.08136773109436035,Fashion_MNIST_norm_10NN,13729,2000,118.4461522102356
1089,Eigenvector,0.0717012882232666,Fashion_MNIST_norm_10NN,13729,2000,118.4461522102356
955,Eigenvector,0.06282901763916016,Fashion_MNIST_norm_10NN,13729,2000,118.4461522102356
1087,Eigenvector,0.05629754066467285,Fashion_MNIST_norm_10NN,13729,2000,118.4461522102356
939,Eigenvector,0.04912519454956055,Fashion_MNIST_norm_10NN,13729,2000,118.4461522102356
1170,Eigenvector,0.04990792274475098,Fashion_MNIST_norm_10NN,13729,2000,118.4461522102356
1080,Eigenvector,0.032534122467041016,Fashion_MNIST_norm_10NN,13729,2000,118.4461522102356
1226,Eigenvector,0.02419114112854004,Fashion_MNIST_norm_10NN,13729,2000,118.4461522102356
969,Eigenvector,0.03579449653625488,Fashion_MNIST_norm_10NN,13729,2000,118.4461522102356
1008,Eigenvector,0.048119306564331055,Fashion_MNIST_norm_10NN,13729,2000,118.4461522102356
1082,PageRank,0.04245138168334961,Fashion_MNIST_norm_10NN,13729,2000,118.4461522102356
993,PageRank,0.04777646064758301,Fashion_MNIST_norm_10NN,13729,2000,118.4461522102356
1054,PageRank,0.040487051010131836,Fashion_MNIST_norm_10NN,13729,2000,118.4461522102356
1081,PageRank,0.031705379486083984,Fashion_MNIST_norm_10NN,13729,2000,118.4461522102356
1191,PageRank,0.03707146644592285,Fashion_MNIST_norm_10NN,13729,2000,118.4461522102356
1075,PageRank,0.0500950813293457,Fashion_MNIST_norm_10NN,13729,2000,118.4461522102356
1266,PageRank,0.02902364730834961,Fashion_MNIST_norm_10NN,13729,2000,118.4461522102356
1106,PageRank,0.06458258628845215,Fashion_MNIST_norm_10NN,13729,2000,118.4461522102356
1156,PageRank,0.02785968780517578,Fashion_MNIST_norm_10NN,13729,2000,118.4461522102356
1058,PageRank,0.03335380554199219,Fashion_MNIST_norm_10NN,13729,2000,118.4461522102356
1048,PageRank,0.05007362365722656,Fashion_MNIST_norm_10NN,13729,2000,118.4461522102356
1158,PageRank,0.04404735565185547,Fashion_MNIST_norm_10NN,13729,2000,118.4461522102356
1146,PageRank,0.041953325271606445,Fashion_MNIST_norm_10NN,13729,2000,118.4461522102356
1185,PageRank,0.024943828582763672,Fashion_MNIST_norm_10NN,13729,2000,118.4461522102356
1160,PageRank,0.040535926818847656,Fashion_MNIST_norm_10NN,13729,2000,118.4461522102356
1198,Harmonic Centrality,0.03861212730407715,Fashion_MNIST_norm_10NN,13729,2000,118.4461522102356
1118,Harmonic Centrality,0.04722261428833008,Fashion_MNIST_norm_10NN,13729,2000,118.4461522102356
1139,Harmonic Centrality,0.0297544002532959,Fashion_MNIST_norm_10NN,13729,2000,118.4461522102356
1197,Harmonic Centrality,0.03316640853881836,Fashion_MNIST_norm_10NN,13729,2000,118.4461522102356
1262,Harmonic Centrality,0.042819976806640625,Fashion_MNIST_norm_10NN,13729,2000,118.4461522102356
1242,Harmonic Centrality,0.03931307792663574,Fashion_MNIST_norm_10NN,13729,2000,118.4461522102356
1209,Harmonic Centrality,0.043714046478271484,Fashion_MNIST_norm_10NN,13729,2000,118.4461522102356
1071,Harmonic Centrality,0.03279542922973633,Fashion_MNIST_norm_10NN,13729,2000,118.4461522102356
1095,Harmonic Centrality,0.05650758743286133,Fashion_MNIST_norm_10NN,13729,2000,118.4461522102356
1332,Harmonic Centrality,0.04088950157165527,Fashion_MNIST_norm_10NN,13729,2000,118.4461522102356
1116,Harmonic Centrality,0.031714677810668945,Fashion_MNIST_norm_10NN,13729,2000,118.4461522102356
1396,Harmonic Centrality,0.06262373924255371,Fashion_MNIST_norm_10NN,13729,2000,118.4461522102356
1076,Harmonic Centrality,0.030645132064819336,Fashion_MNIST_norm_10NN,13729,2000,118.4461522102356
1179,Harmonic Centrality,0.02600717544555664,Fashion_MNIST_norm_10NN,13729,2000,118.4461522102356
1249,Harmonic Centrality,0.03275442123413086,Fashion_MNIST_norm_10NN,13729,2000,118.4461522102356
1143,Closeness,0.03603672981262207,Fashion_MNIST_norm_10NN,13729,2000,118.4461522102356
1070,Closeness,0.047826528549194336,Fashion_MNIST_norm_10NN,13729,2000,118.4461522102356
1070,Closeness,0.06565260887145996,Fashion_MNIST_norm_10NN,13729,2000,118.4461522102356
1411,Closeness,0.05567812919616699,Fashion_MNIST_norm_10NN,13729,2000,118.4461522102356
1143,Closeness,0.04906964302062988,Fashion_MNIST_norm_10NN,13729,2000,118.4461522102356
1195,Closeness,0.07096314430236816,Fashion_MNIST_norm_10NN,13729,2000,118.4461522102356
1188,Closeness,0.04732871055603027,Fashion_MNIST_norm_10NN,13729,2000,118.4461522102356
1101,Closeness,0.0694580078125,Fashion_MNIST_norm_10NN,13729,2000,118.4461522102356
1045,Closeness,0.06589412689208984,Fashion_MNIST_norm_10NN,13729,2000,118.4461522102356
1214,Closeness,0.07341885566711426,Fashion_MNIST_norm_10NN,13729,2000,118.4461522102356
1189,Closeness,0.05326414108276367,Fashion_MNIST_norm_10NN,13729,2000,118.4461522102356
1058,Closeness,0.04145407676696777,Fashion_MNIST_norm_10NN,13729,2000,118.4461522102356
1043,Closeness,0.042105674743652344,Fashion_MNIST_norm_10NN,13729,2000,118.4461522102356
1038,Closeness,0.015988588333129883,Fashion_MNIST_norm_10NN,13729,2000,118.4461522102356
1484,Closeness,0.032616376876831055,Fashion_MNIST_norm_10NN,13729,2000,118.4461522102356
1107,Closeness,0.05214548110961914,Fashion_MNIST_norm_10NN,13729,2000,118.4461522102356
1340,Closeness,0.03869771957397461,Fashion_MNIST_norm_10NN,13729,2000,118.4461522102356
1159,Closeness,0.04399514198303223,Fashion_MNIST_norm_10NN,13729,2000,118.4461522102356
1119,Closeness,0.043595314025878906,Fashion_MNIST_norm_10NN,13729,2000,118.4461522102356
1173,Closeness,0.05632162094116211,Fashion_MNIST_norm_10NN,13729,2000,118.4461522102356
1112,Closeness,0.04022502899169922,Fashion_MNIST_norm_10NN,13729,2000,118.4461522102356
1165,Closeness,0.04503774642944336,Fashion_MNIST_norm_10NN,13729,2000,118.4461522102356
1061,Closeness,0.042201995849609375,Fashion_MNIST_norm_10NN,13729,2000,118.4461522102356
1101,Closeness,0.030762910842895508,Fashion_MNIST_norm_10NN,13729,2000,118.4461522102356
1348,Closeness,0.030960559844970703,Fashion_MNIST_norm_10NN,13729,2000,118.4461522102356
1017,Closeness,0.0845179557800293,Fashion_MNIST_norm_10NN,13729,2000,118.4461522102356
1035,Closeness,0.0389096736907959,Fashion_MNIST_norm_10NN,13729,2000,118.4461522102356
1011,Closeness,0.0420377254486084,Fashion_MNIST_norm_10NN,13729,2000,118.4461522102356
1389,Closeness,0.04996132850646973,Fashion_MNIST_norm_10NN,13729,2000,118.4461522102356
1118,Closeness,0.05692243576049805,Fashion_MNIST_norm_10NN,13729,2000,118.4461522102356
1109,Harmonic Centrality,0.06809091567993164,Fashion_MNIST_norm_10NN,13729,2000,118.4461522102356
1138,Harmonic Centrality,0.5393242835998535,Fashion_MNIST_norm_10NN,13729,2000,118.4461522102356
1091,Harmonic Centrality,0.027352571487426758,Fashion_MNIST_norm_10NN,13729,2000,118.4461522102356
1062,Harmonic Centrality,0.04168581962585449,Fashion_MNIST_norm_10NN,13729,2000,118.4461522102356
1058,Harmonic Centrality,0.056639671325683594,Fashion_MNIST_norm_10NN,13729,2000,118.4461522102356
1200,Harmonic Centrality,0.04201865196228027,Fashion_MNIST_norm_10NN,13729,2000,118.4461522102356
1161,Harmonic Centrality,0.03918862342834473,Fashion_MNIST_norm_10NN,13729,2000,118.4461522102356
1065,Harmonic Centrality,0.05530571937561035,Fashion_MNIST_norm_10NN,13729,2000,118.4461522102356
1127,Harmonic Centrality,0.06368088722229004,Fashion_MNIST_norm_10NN,13729,2000,118.4461522102356
1360,Harmonic Centrality,0.0487668514251709,Fashion_MNIST_norm_10NN,13729,2000,118.4461522102356
1079,Harmonic Centrality,0.0361630916595459,Fashion_MNIST_norm_10NN,13729,2000,118.4461522102356
1114,Harmonic Centrality,0.04943251609802246,Fashion_MNIST_norm_10NN,13729,2000,118.4461522102356
1287,Harmonic Centrality,0.04136300086975098,Fashion_MNIST_norm_10NN,13729,2000,118.4461522102356
1112,Harmonic Centrality,0.026033401489257812,Fashion_MNIST_norm_10NN,13729,2000,118.4461522102356
1230,Harmonic Centrality,0.032738447189331055,Fashion_MNIST_norm_10NN,13729,2000,118.4461522102356
1013,PageRank,0.04923439025878906,Fashion_MNIST_norm_10NN,13729,2000,118.4461522102356
1063,PageRank,0.0625603199005127,Fashion_MNIST_norm_10NN,13729,2000,118.4461522102356
1087,PageRank,0.05672144889831543,Fashion_MNIST_norm_10NN,13729,2000,118.4461522102356
1094,PageRank,0.05470013618469238,Fashion_MNIST_norm_10NN,13729,2000,118.4461522102356
1235,PageRank,0.04194211959838867,Fashion_MNIST_norm_10NN,13729,2000,118.4461522102356
1137,PageRank,0.061576128005981445,Fashion_MNIST_norm_10NN,13729,2000,118.4461522102356
1039,PageRank,0.0557246208190918,Fashion_MNIST_norm_10NN,13729,2000,118.4461522102356
1002,PageRank,0.05465865135192871,Fashion_MNIST_norm_10NN,13729,2000,118.4461522102356
967,PageRank,0.0647130012512207,Fashion_MNIST_norm_10NN,13729,2000,118.4461522102356
1031,PageRank,0.057567596435546875,Fashion_MNIST_norm_10NN,13729,2000,118.4461522102356
1152,PageRank,0.052964210510253906,Fashion_MNIST_norm_10NN,13729,2000,118.4461522102356
1156,PageRank,0.050809383392333984,Fashion_MNIST_norm_10NN,13729,2000,118.4461522102356
1186,PageRank,0.0485072135925293,Fashion_MNIST_norm_10NN,13729,2000,118.4461522102356
1120,PageRank,0.039943695068359375,Fashion_MNIST_norm_10NN,13729,2000,118.4461522102356
1206,PageRank,0.04875349998474121,Fashion_MNIST_norm_10NN,13729,2000,118.4461522102356
1122,Betweenness,0.05897021293640137,Fashion_MNIST_norm_10NN,13729,2000,118.4461522102356
1091,Betweenness,0.645442008972168,Fashion_MNIST_norm_10NN,13729,2000,118.4461522102356
1210,Betweenness,0.031687021255493164,Fashion_MNIST_norm_10NN,13729,2000,118.4461522102356
1185,Betweenness,0.023865222930908203,Fashion_MNIST_norm_10NN,13729,2000,118.4461522102356
1115,Betweenness,0.07331347465515137,Fashion_MNIST_norm_10NN,13729,2000,118.4461522102356
1054,Betweenness,0.05708599090576172,Fashion_MNIST_norm_10NN,13729,2000,118.4461522102356
1148,Betweenness,0.033477783203125,Fashion_MNIST_norm_10NN,13729,2000,118.4461522102356
1103,Betweenness,0.03173112869262695,Fashion_MNIST_norm_10NN,13729,2000,118.4461522102356
1079,Betweenness,0.03451108932495117,Fashion_MNIST_norm_10NN,13729,2000,118.4461522102356
1208,Betweenness,0.023952484130859375,Fashion_MNIST_norm_10NN,13729,2000,118.4461522102356
1133,Betweenness,0.0686192512512207,Fashion_MNIST_norm_10NN,13729,2000,118.4461522102356
1077,Betweenness,0.045960187911987305,Fashion_MNIST_norm_10NN,13729,2000,118.4461522102356
1139,Betweenness,0.056481361389160156,Fashion_MNIST_norm_10NN,13729,2000,118.4461522102356
1141,Betweenness,0.05497312545776367,Fashion_MNIST_norm_10NN,13729,2000,118.4461522102356
1394,Betweenness,0.0489964485168457,Fashion_MNIST_norm_10NN,13729,2000,118.4461522102356
1252,Katz Centrality,0.07627677917480469,Fashion_MNIST_norm_10NN,13729,2000,118.4461522102356
1246,Katz Centrality,0.06929993629455566,Fashion_MNIST_norm_10NN,13729,2000,118.4461522102356
1009,Katz Centrality,0.040282249450683594,Fashion_MNIST_norm_10NN,13729,2000,118.4461522102356
1016,Katz Centrality,0.05014228820800781,Fashion_MNIST_norm_10NN,13729,2000,118.4461522102356
1018,Katz Centrality,0.0383000373840332,Fashion_MNIST_norm_10NN,13729,2000,118.4461522102356
1089,Katz Centrality,0.05213761329650879,Fashion_MNIST_norm_10NN,13729,2000,118.4461522102356
1266,Katz Centrality,0.040688276290893555,Fashion_MNIST_norm_10NN,13729,2000,118.4461522102356
1093,Katz Centrality,0.06552696228027344,Fashion_MNIST_norm_10NN,13729,2000,118.4461522102356
1046,Katz Centrality,0.042176008224487305,Fashion_MNIST_norm_10NN,13729,2000,118.4461522102356
1118,Katz Centrality,0.05581307411193848,Fashion_MNIST_norm_10NN,13729,2000,118.4461522102356
1245,Katz Centrality,0.04357647895812988,Fashion_MNIST_norm_10NN,13729,2000,118.4461522102356
1236,Katz Centrality,0.038443803787231445,Fashion_MNIST_norm_10NN,13729,2000,118.4461522102356
1086,Katz Centrality,0.039855241775512695,Fashion_MNIST_norm_10NN,13729,2000,118.4461522102356
1286,Katz Centrality,0.08960819244384766,Fashion_MNIST_norm_10NN,13729,2000,118.4461522102356
1075,Katz Centrality,0.06195402145385742,Fashion_MNIST_norm_10NN,13729,2000,118.4461522102356
1154,Eigenvector,0.07082176208496094,Fashion_MNIST_norm_10NN,13729,2000,118.4461522102356
1153,Eigenvector,0.02786731719970703,Fashion_MNIST_norm_10NN,13729,2000,118.4461522102356
1081,Eigenvector,0.06897115707397461,Fashion_MNIST_norm_10NN,13729,2000,118.4461522102356
1224,Eigenvector,0.06612682342529297,Fashion_MNIST_norm_10NN,13729,2000,118.4461522102356
1126,Eigenvector,0.18543505668640137,Fashion_MNIST_norm_10NN,13729,2000,118.4461522102356
1066,Eigenvector,0.055390357971191406,Fashion_MNIST_norm_10NN,13729,2000,118.4461522102356
1102,Eigenvector,0.04773402214050293,Fashion_MNIST_norm_10NN,13729,2000,118.4461522102356
1048,Eigenvector,0.04113316535949707,Fashion_MNIST_norm_10NN,13729,2000,118.4461522102356
1140,Eigenvector,0.05754709243774414,Fashion_MNIST_norm_10NN,13729,2000,118.4461522102356
1320,Eigenvector,0.05686450004577637,Fashion_MNIST_norm_10NN,13729,2000,118.4461522102356
1241,Eigenvector,0.11280632019042969,Fashion_MNIST_norm_10NN,13729,2000,118.4461522102356
1169,Eigenvector,0.052616119384765625,Fashion_MNIST_norm_10NN,13729,2000,118.4461522102356
1271,Eigenvector,0.06405973434448242,Fashion_MNIST_norm_10NN,13729,2000,118.4461522102356
1103,Eigenvector,0.10271096229553223,Fashion_MNIST_norm_10NN,13729,2000,118.4461522102356
1059,Eigenvector,0.06108999252319336,Fashion_MNIST_norm_10NN,13729,2000,118.4461522102356
968,Eigenvector,0.07446742057800293,Fashion_MNIST_norm_10NN,13729,2000,118.4461522102356
1195,Eigenvector,0.03677654266357422,Fashion_MNIST_norm_10NN,13729,2000,118.4461522102356
982,Eigenvector,0.04984903335571289,Fashion_MNIST_norm_10NN,13729,2000,118.4461522102356
1154,Eigenvector,0.045418500900268555,Fashion_MNIST_norm_10NN,13729,2000,118.4461522102356
1056,Eigenvector,0.06591081619262695,Fashion_MNIST_norm_10NN,13729,2000,118.4461522102356
1234,Eigenvector,0.07742595672607422,Fashion_MNIST_norm_10NN,13729,2000,118.4461522102356
1061,Eigenvector,0.08039259910583496,Fashion_MNIST_norm_10NN,13729,2000,118.4461522102356
1131,Eigenvector,0.05820798873901367,Fashion_MNIST_norm_10NN,13729,2000,118.4461522102356
1155,Eigenvector,0.0660543441772461,Fashion_MNIST_norm_10NN,13729,2000,118.4461522102356
1055,Eigenvector,0.07376933097839355,Fashion_MNIST_norm_10NN,13729,2000,118.4461522102356
1023,Eigenvector,0.056586503982543945,Fashion_MNIST_norm_10NN,13729,2000,118.4461522102356
1073,Eigenvector,0.05751776695251465,Fashion_MNIST_norm_10NN,13729,2000,118.4461522102356
1218,Eigenvector,0.053777217864990234,Fashion_MNIST_norm_10NN,13729,2000,118.4461522102356
1093,Eigenvector,0.044869184494018555,Fashion_MNIST_norm_10NN,13729,2000,118.4461522102356
1106,Eigenvector,0.057471275329589844,Fashion_MNIST_norm_10NN,13729,2000,118.4461522102356
1443,Katz Centrality,0.06796669960021973,har_10NN,14086,2000,127.94174766540527
1520,Katz Centrality,0.06378364562988281,har_10NN,14086,2000,127.94174766540527
1527,Katz Centrality,0.3407931327819824,har_10NN,14086,2000,127.94174766540527
1556,Katz Centrality,0.048391103744506836,har_10NN,14086,2000,127.94174766540527
1570,Katz Centrality,0.04809999465942383,har_10NN,14086,2000,127.94174766540527
1359,Katz Centrality,0.04401063919067383,har_10NN,14086,2000,127.94174766540527
1409,Katz Centrality,0.04045867919921875,har_10NN,14086,2000,127.94174766540527
1674,Katz Centrality,0.030461788177490234,har_10NN,14086,2000,127.94174766540527
1403,Katz Centrality,0.03435921669006348,har_10NN,14086,2000,127.94174766540527
1589,Katz Centrality,0.016599178314208984,har_10NN,14086,2000,127.94174766540527
1606,Katz Centrality,0.055574655532836914,har_10NN,14086,2000,127.94174766540527
1412,Katz Centrality,0.0566248893737793,har_10NN,14086,2000,127.94174766540527
1519,Katz Centrality,0.03595590591430664,har_10NN,14086,2000,127.94174766540527
1268,Katz Centrality,0.02068948745727539,har_10NN,14086,2000,127.94174766540527
1584,Katz Centrality,0.03954291343688965,har_10NN,14086,2000,127.94174766540527
1355,Closeness,0.07988262176513672,har_10NN,14086,2000,127.94174766540527
1605,Closeness,0.030883073806762695,har_10NN,14086,2000,127.94174766540527
1446,Closeness,0.039919137954711914,har_10NN,14086,2000,127.94174766540527
1387,Closeness,0.032326698303222656,har_10NN,14086,2000,127.94174766540527
1277,Closeness,0.06268715858459473,har_10NN,14086,2000,127.94174766540527
1657,Closeness,0.046776533126831055,har_10NN,14086,2000,127.94174766540527
1541,Closeness,0.05637192726135254,har_10NN,14086,2000,127.94174766540527
1285,Closeness,0.025201082229614258,har_10NN,14086,2000,127.94174766540527
1270,Closeness,0.04974865913391113,har_10NN,14086,2000,127.94174766540527
1595,Closeness,0.04636549949645996,har_10NN,14086,2000,127.94174766540527
1608,Closeness,0.06558632850646973,har_10NN,14086,2000,127.94174766540527
1380,Closeness,0.06020975112915039,har_10NN,14086,2000,127.94174766540527
1710,Closeness,0.03636908531188965,har_10NN,14086,2000,127.94174766540527
1448,Closeness,0.04927396774291992,har_10NN,14086,2000,127.94174766540527
1410,Closeness,0.06663250923156738,har_10NN,14086,2000,127.94174766540527
1342,Harmonic Centrality,0.07275748252868652,har_10NN,14086,2000,127.94174766540527
1439,Harmonic Centrality,0.04184579849243164,har_10NN,14086,2000,127.94174766540527
1367,Harmonic Centrality,0.03209066390991211,har_10NN,14086,2000,127.94174766540527
1421,Harmonic Centrality,0.02689051628112793,har_10NN,14086,2000,127.94174766540527
1261,Harmonic Centrality,0.04529285430908203,har_10NN,14086,2000,127.94174766540527
1616,Harmonic Centrality,0.032352447509765625,har_10NN,14086,2000,127.94174766540527
1267,Harmonic Centrality,0.023870468139648438,har_10NN,14086,2000,127.94174766540527
1454,Harmonic Centrality,0.04451489448547363,har_10NN,14086,2000,127.94174766540527
1484,Harmonic Centrality,0.039845943450927734,har_10NN,14086,2000,127.94174766540527
1359,Harmonic Centrality,0.04818367958068848,har_10NN,14086,2000,127.94174766540527
1444,Harmonic Centrality,0.03232860565185547,har_10NN,14086,2000,127.94174766540527
1430,Harmonic Centrality,0.02900242805480957,har_10NN,14086,2000,127.94174766540527
1599,Harmonic Centrality,0.03234291076660156,har_10NN,14086,2000,127.94174766540527
1407,Harmonic Centrality,0.06549978256225586,har_10NN,14086,2000,127.94174766540527
1332,Harmonic Centrality,0.040776968002319336,har_10NN,14086,2000,127.94174766540527
1589,Katz Centrality,0.09668827056884766,har_10NN,14086,2000,127.94174766540527
1373,Katz Centrality,0.04181981086730957,har_10NN,14086,2000,127.94174766540527
1529,Katz Centrality,0.14019346237182617,har_10NN,14086,2000,127.94174766540527
1538,Katz Centrality,0.09584188461303711,har_10NN,14086,2000,127.94174766540527
1543,Katz Centrality,0.04864501953125,har_10NN,14086,2000,127.94174766540527
1597,Katz Centrality,0.05335521697998047,har_10NN,14086,2000,127.94174766540527
1352,Katz Centrality,0.06312346458435059,har_10NN,14086,2000,127.94174766540527
1570,Katz Centrality,0.05963778495788574,har_10NN,14086,2000,127.94174766540527
1505,Katz Centrality,0.05993533134460449,har_10NN,14086,2000,127.94174766540527
1622,Katz Centrality,0.056771039962768555,har_10NN,14086,2000,127.94174766540527
1587,Katz Centrality,0.06116342544555664,har_10NN,14086,2000,127.94174766540527
1504,Katz Centrality,0.07044076919555664,har_10NN,14086,2000,127.94174766540527
1421,Katz Centrality,0.05673050880432129,har_10NN,14086,2000,127.94174766540527
1256,Katz Centrality,0.05969524383544922,har_10NN,14086,2000,127.94174766540527
1342,Katz Centrality,0.0794668197631836,har_10NN,14086,2000,127.94174766540527
1288,Betweenness,0.04487156867980957,har_10NN,14086,2000,127.94174766540527
1564,Betweenness,0.03820466995239258,har_10NN,14086,2000,127.94174766540527
1641,Betweenness,0.0349123477935791,har_10NN,14086,2000,127.94174766540527
1527,Betweenness,0.025037765502929688,har_10NN,14086,2000,127.94174766540527
1423,Betweenness,0.04669499397277832,har_10NN,14086,2000,127.94174766540527
1704,Betweenness,0.03912520408630371,har_10NN,14086,2000,127.94174766540527
1327,Betweenness,0.0498042106628418,har_10NN,14086,2000,127.94174766540527
1418,Betweenness,0.053311824798583984,har_10NN,14086,2000,127.94174766540527
1468,Betweenness,0.06078219413757324,har_10NN,14086,2000,127.94174766540527
1507,Betweenness,0.05645489692687988,har_10NN,14086,2000,127.94174766540527
1668,Betweenness,0.049524545669555664,har_10NN,14086,2000,127.94174766540527
1363,Betweenness,0.03026723861694336,har_10NN,14086,2000,127.94174766540527
1669,Betweenness,0.04547286033630371,har_10NN,14086,2000,127.94174766540527
1352,Betweenness,0.03762054443359375,har_10NN,14086,2000,127.94174766540527
1619,Betweenness,0.05209183692932129,har_10NN,14086,2000,127.94174766540527
1736,Betweenness,0.08050990104675293,har_10NN,14086,2000,127.94174766540527
1503,Betweenness,0.02907276153564453,har_10NN,14086,2000,127.94174766540527
1493,Betweenness,0.04882645606994629,har_10NN,14086,2000,127.94174766540527
1630,Betweenness,0.04596900939941406,har_10NN,14086,2000,127.94174766540527
1469,Betweenness,0.043975114822387695,har_10NN,14086,2000,127.94174766540527
1644,Betweenness,0.07541823387145996,har_10NN,14086,2000,127.94174766540527
1614,Betweenness,0.057023048400878906,har_10NN,14086,2000,127.94174766540527
1685,Betweenness,0.057416677474975586,har_10NN,14086,2000,127.94174766540527
1355,Betweenness,0.04765439033508301,har_10NN,14086,2000,127.94174766540527
1525,Betweenness,0.06659102439880371,har_10NN,14086,2000,127.94174766540527
1332,Betweenness,0.04974937438964844,har_10NN,14086,2000,127.94174766540527
1417,Betweenness,0.040381431579589844,har_10NN,14086,2000,127.94174766540527
1651,Betweenness,0.06369352340698242,har_10NN,14086,2000,127.94174766540527
1658,Betweenness,0.0647578239440918,har_10NN,14086,2000,127.94174766540527
1413,Betweenness,0.05838203430175781,har_10NN,14086,2000,127.94174766540527
1479,Katz Centrality,0.07468533515930176,har_10NN,14086,2000,127.94174766540527
1663,Katz Centrality,0.03888750076293945,har_10NN,14086,2000,127.94174766540527
1515,Katz Centrality,0.026969432830810547,har_10NN,14086,2000,127.94174766540527
1570,Katz Centrality,0.050337791442871094,har_10NN,14086,2000,127.94174766540527
1243,Katz Centrality,0.04862213134765625,har_10NN,14086,2000,127.94174766540527
1230,Katz Centrality,0.03164410591125488,har_10NN,14086,2000,127.94174766540527
1393,Katz Centrality,0.04879403114318848,har_10NN,14086,2000,127.94174766540527
1689,Katz Centrality,0.040978431701660156,har_10NN,14086,2000,127.94174766540527
1637,Katz Centrality,0.03617262840270996,har_10NN,14086,2000,127.94174766540527
1639,Katz Centrality,0.0363004207611084,har_10NN,14086,2000,127.94174766540527
1716,Katz Centrality,0.06077885627746582,har_10NN,14086,2000,127.94174766540527
1552,Katz Centrality,0.05577516555786133,har_10NN,14086,2000,127.94174766540527
1485,Katz Centrality,0.033341407775878906,har_10NN,14086,2000,127.94174766540527
1436,Katz Centrality,0.04811739921569824,har_10NN,14086,2000,127.94174766540527
1292,Katz Centrality,0.024773836135864258,har_10NN,14086,2000,127.94174766540527
1396,Katz Centrality,0.06165742874145508,har_10NN,14086,2000,127.94174766540527
1586,Katz Centrality,0.049178361892700195,har_10NN,14086,2000,127.94174766540527
1571,Katz Centrality,0.04864192008972168,har_10NN,14086,2000,127.94174766540527
1589,Katz Centrality,0.047963857650756836,har_10NN,14086,2000,127.94174766540527
1765,Katz Centrality,0.11001849174499512,har_10NN,14086,2000,127.94174766540527
1662,Katz Centrality,0.0731496810913086,har_10NN,14086,2000,127.94174766540527
1709,Katz Centrality,0.04237222671508789,har_10NN,14086,2000,127.94174766540527
1393,Katz Centrality,0.05673575401306152,har_10NN,14086,2000,127.94174766540527
1522,Katz Centrality,0.0451202392578125,har_10NN,14086,2000,127.94174766540527
1585,Katz Centrality,0.05301046371459961,har_10NN,14086,2000,127.94174766540527
1508,Katz Centrality,0.03748035430908203,har_10NN,14086,2000,127.94174766540527
1537,Katz Centrality,0.06356549263000488,har_10NN,14086,2000,127.94174766540527
1566,Katz Centrality,0.06392645835876465,har_10NN,14086,2000,127.94174766540527
1587,Katz Centrality,0.06655645370483398,har_10NN,14086,2000,127.94174766540527
1415,Katz Centrality,0.05684947967529297,har_10NN,14086,2000,127.94174766540527
1574,Katz Centrality,0.0661919116973877,har_10NN,14086,2000,127.94174766540527
1566,Katz Centrality,0.03490877151489258,har_10NN,14086,2000,127.94174766540527
1336,Katz Centrality,0.030228137969970703,har_10NN,14086,2000,127.94174766540527
1413,Katz Centrality,0.0425724983215332,har_10NN,14086,2000,127.94174766540527
1733,Katz Centrality,0.061017513275146484,har_10NN,14086,2000,127.94174766540527
1602,Katz Centrality,0.04198813438415527,har_10NN,14086,2000,127.94174766540527
1280,Katz Centrality,0.03674769401550293,har_10NN,14086,2000,127.94174766540527
1450,Katz Centrality,0.04898428916931152,har_10NN,14086,2000,127.94174766540527
1565,Katz Centrality,0.05664372444152832,har_10NN,14086,2000,127.94174766540527
1486,Katz Centrality,0.04115915298461914,har_10NN,14086,2000,127.94174766540527
1717,Katz Centrality,0.032140254974365234,har_10NN,14086,2000,127.94174766540527
1715,Katz Centrality,0.032797813415527344,har_10NN,14086,2000,127.94174766540527
1601,Katz Centrality,0.03290390968322754,har_10NN,14086,2000,127.94174766540527
1383,Katz Centrality,0.041158199310302734,har_10NN,14086,2000,127.94174766540527
1693,Katz Centrality,0.024193763732910156,har_10NN,14086,2000,127.94174766540527
1651,Katz Centrality,0.1233060359954834,har_10NN,14086,2000,127.94174766540527
1518,Katz Centrality,0.031624555587768555,har_10NN,14086,2000,127.94174766540527
1667,Katz Centrality,0.040721893310546875,har_10NN,14086,2000,127.94174766540527
1477,Katz Centrality,0.05662965774536133,har_10NN,14086,2000,127.94174766540527
1568,Katz Centrality,0.05597090721130371,har_10NN,14086,2000,127.94174766540527
1253,Katz Centrality,0.05954718589782715,har_10NN,14086,2000,127.94174766540527
1497,Katz Centrality,0.03921079635620117,har_10NN,14086,2000,127.94174766540527
1677,Katz Centrality,0.02948164939880371,har_10NN,14086,2000,127.94174766540527
1490,Katz Centrality,0.0304715633392334,har_10NN,14086,2000,127.94174766540527
1231,Katz Centrality,0.06177973747253418,har_10NN,14086,2000,127.94174766540527
1324,Katz Centrality,0.06276535987854004,har_10NN,14086,2000,127.94174766540527
1612,Katz Centrality,0.04292869567871094,har_10NN,14086,2000,127.94174766540527
1698,Katz Centrality,0.031528472900390625,har_10NN,14086,2000,127.94174766540527
1462,Katz Centrality,0.05243182182312012,har_10NN,14086,2000,127.94174766540527
1204,Katz Centrality,0.04755449295043945,har_10NN,14086,2000,127.94174766540527
1533,Harmonic Centrality,0.03845787048339844,har_10NN,14086,2000,127.94174766540527
1419,Harmonic Centrality,0.07194995880126953,har_10NN,14086,2000,127.94174766540527
1625,Harmonic Centrality,0.04605507850646973,har_10NN,14086,2000,127.94174766540527
1565,Harmonic Centrality,0.0523991584777832,har_10NN,14086,2000,127.94174766540527
1494,Harmonic Centrality,0.06008315086364746,har_10NN,14086,2000,127.94174766540527
1502,Harmonic Centrality,0.06548595428466797,har_10NN,14086,2000,127.94174766540527
1512,Harmonic Centrality,0.07233071327209473,har_10NN,14086,2000,127.94174766540527
1585,Harmonic Centrality,0.0666189193725586,har_10NN,14086,2000,127.94174766540527
1561,Harmonic Centrality,0.04491901397705078,har_10NN,14086,2000,127.94174766540527
1265,Harmonic Centrality,0.05046272277832031,har_10NN,14086,2000,127.94174766540527
1332,Harmonic Centrality,0.05245041847229004,har_10NN,14086,2000,127.94174766540527
1578,Harmonic Centrality,0.4799973964691162,har_10NN,14086,2000,127.94174766540527
1445,Harmonic Centrality,0.05222177505493164,har_10NN,14086,2000,127.94174766540527
1602,Harmonic Centrality,0.05406761169433594,har_10NN,14086,2000,127.94174766540527
1547,Harmonic Centrality,0.047489166259765625,har_10NN,14086,2000,127.94174766540527
1634,PageRank,0.06440544128417969,har_10NN,14086,2000,127.94174766540527
1280,PageRank,0.05344748497009277,har_10NN,14086,2000,127.94174766540527
1494,PageRank,0.07204937934875488,har_10NN,14086,2000,127.94174766540527
1600,PageRank,0.07146048545837402,har_10NN,14086,2000,127.94174766540527
1661,PageRank,0.06602954864501953,har_10NN,14086,2000,127.94174766540527
1408,PageRank,0.0558621883392334,har_10NN,14086,2000,127.94174766540527
1727,PageRank,0.033434391021728516,har_10NN,14086,2000,127.94174766540527
1564,PageRank,0.039667367935180664,har_10NN,14086,2000,127.94174766540527
1471,PageRank,0.05366206169128418,har_10NN,14086,2000,127.94174766540527
1405,PageRank,0.06510543823242188,har_10NN,14086,2000,127.94174766540527
1652,PageRank,0.04029679298400879,har_10NN,14086,2000,127.94174766540527
1481,PageRank,0.049971580505371094,har_10NN,14086,2000,127.94174766540527
1290,PageRank,0.04997825622558594,har_10NN,14086,2000,127.94174766540527
1607,PageRank,0.04848933219909668,har_10NN,14086,2000,127.94174766540527
1555,PageRank,0.04909634590148926,har_10NN,14086,2000,127.94174766540527
1406,Betweenness,0.06750893592834473,har_10NN,14086,2000,127.94174766540527
1396,Betweenness,0.09434843063354492,har_10NN,14086,2000,127.94174766540527
1685,Betweenness,0.0687100887298584,har_10NN,14086,2000,127.94174766540527
1338,Betweenness,0.05687379837036133,har_10NN,14086,2000,127.94174766540527
1551,Betweenness,0.043236494064331055,har_10NN,14086,2000,127.94174766540527
1331,Betweenness,0.032956838607788086,har_10NN,14086,2000,127.94174766540527
1353,Betweenness,0.03259444236755371,har_10NN,14086,2000,127.94174766540527
1326,Betweenness,0.05453681945800781,har_10NN,14086,2000,127.94174766540527
1439,Betweenness,0.050792694091796875,har_10NN,14086,2000,127.94174766540527
1533,Betweenness,0.07009625434875488,har_10NN,14086,2000,127.94174766540527
1469,Betweenness,0.04512453079223633,har_10NN,14086,2000,127.94174766540527
1437,Betweenness,0.05643486976623535,har_10NN,14086,2000,127.94174766540527
1548,Betweenness,0.048792362213134766,har_10NN,14086,2000,127.94174766540527
1659,Betweenness,0.8693559169769287,har_10NN,14086,2000,127.94174766540527
1654,Betweenness,0.05609536170959473,har_10NN,14086,2000,127.94174766540527
1576,Eigenvector,0.07280158996582031,har_10NN,14086,2000,127.94174766540527
1620,Eigenvector,0.03337740898132324,har_10NN,14086,2000,127.94174766540527
1423,Eigenvector,0.03336834907531738,har_10NN,14086,2000,127.94174766540527
1477,Eigenvector,0.04900717735290527,har_10NN,14086,2000,127.94174766540527
1297,Eigenvector,0.0497286319732666,har_10NN,14086,2000,127.94174766540527
1558,Eigenvector,0.04556775093078613,har_10NN,14086,2000,127.94174766540527
1591,Eigenvector,0.044757843017578125,har_10NN,14086,2000,127.94174766540527
1445,Eigenvector,0.0324559211730957,har_10NN,14086,2000,127.94174766540527
1237,Eigenvector,0.10454273223876953,har_10NN,14086,2000,127.94174766540527
1285,Eigenvector,0.041333913803100586,har_10NN,14086,2000,127.94174766540527
1473,Eigenvector,0.04041647911071777,har_10NN,14086,2000,127.94174766540527
1442,Eigenvector,0.04825735092163086,har_10NN,14086,2000,127.94174766540527
1698,Eigenvector,0.04180908203125,har_10NN,14086,2000,127.94174766540527
1574,Eigenvector,0.0423579216003418,har_10NN,14086,2000,127.94174766540527
1273,Eigenvector,0.0887458324432373,har_10NN,14086,2000,127.94174766540527
1520,Degree,0.06953191757202148,har_10NN,14086,2000,127.94174766540527
1612,Degree,0.07779812812805176,har_10NN,14086,2000,127.94174766540527
1616,Degree,0.0691986083984375,har_10NN,14086,2000,127.94174766540527
1607,Degree,0.054071664810180664,har_10NN,14086,2000,127.94174766540527
1420,Degree,0.05692887306213379,har_10NN,14086,2000,127.94174766540527
1564,Degree,0.053879737854003906,har_10NN,14086,2000,127.94174766540527
1432,Degree,0.05585503578186035,har_10NN,14086,2000,127.94174766540527
1193,Degree,0.0801694393157959,har_10NN,14086,2000,127.94174766540527
1691,Degree,0.04719138145446777,har_10NN,14086,2000,127.94174766540527
1648,Degree,0.04997396469116211,har_10NN,14086,2000,127.94174766540527
1327,Degree,0.04177260398864746,har_10NN,14086,2000,127.94174766540527
1696,Degree,0.06252384185791016,har_10NN,14086,2000,127.94174766540527
1636,Degree,0.04065275192260742,har_10NN,14086,2000,127.94174766540527
1637,Degree,0.0370330810546875,har_10NN,14086,2000,127.94174766540527
1405,Degree,0.03853487968444824,har_10NN,14086,2000,127.94174766540527
1583,Closeness,0.04982447624206543,har_10NN,14086,2000,127.94174766540527
1557,Closeness,0.08312416076660156,har_10NN,14086,2000,127.94174766540527
1495,Closeness,0.04707622528076172,har_10NN,14086,2000,127.94174766540527
1631,Closeness,0.08027815818786621,har_10NN,14086,2000,127.94174766540527
1719,Closeness,0.04271817207336426,har_10NN,14086,2000,127.94174766540527
1502,Closeness,0.05388927459716797,har_10NN,14086,2000,127.94174766540527
1624,Closeness,0.0427861213684082,har_10NN,14086,2000,127.94174766540527
1644,Closeness,0.036147117614746094,har_10NN,14086,2000,127.94174766540527
1265,Closeness,0.03259158134460449,har_10NN,14086,2000,127.94174766540527
1506,Closeness,0.07880020141601562,har_10NN,14086,2000,127.94174766540527
1591,Closeness,0.034058570861816406,har_10NN,14086,2000,127.94174766540527
1467,Closeness,0.03237152099609375,har_10NN,14086,2000,127.94174766540527
1643,Closeness,0.0513308048248291,har_10NN,14086,2000,127.94174766540527
1452,Closeness,0.04684638977050781,har_10NN,14086,2000,127.94174766540527
1519,Closeness,0.057764530181884766,har_10NN,14086,2000,127.94174766540527
1438,Betweenness,0.12261819839477539,har_10NN,14086,2000,127.94174766540527
1568,Betweenness,0.04969978332519531,har_10NN,14086,2000,127.94174766540527
1550,Betweenness,0.06316089630126953,har_10NN,14086,2000,127.94174766540527
1655,Betweenness,0.07151103019714355,har_10NN,14086,2000,127.94174766540527
1410,Betweenness,0.05054330825805664,har_10NN,14086,2000,127.94174766540527
1534,Betweenness,0.06375837326049805,har_10NN,14086,2000,127.94174766540527
1453,Betweenness,0.047275543212890625,har_10NN,14086,2000,127.94174766540527
1571,Betweenness,0.05105233192443848,har_10NN,14086,2000,127.94174766540527
1596,Betweenness,0.056340694427490234,har_10NN,14086,2000,127.94174766540527
1625,Betweenness,0.048575401306152344,har_10NN,14086,2000,127.94174766540527
1650,Betweenness,0.06510543823242188,har_10NN,14086,2000,127.94174766540527
1622,Betweenness,0.06539678573608398,har_10NN,14086,2000,127.94174766540527
1584,Betweenness,0.07227802276611328,har_10NN,14086,2000,127.94174766540527
1591,Betweenness,0.05510568618774414,har_10NN,14086,2000,127.94174766540527
1432,Betweenness,0.05393075942993164,har_10NN,14086,2000,127.94174766540527
1641,Katz Centrality,0.04087233543395996,har_10NN,14086,2000,127.94174766540527
1415,Katz Centrality,0.053672075271606445,har_10NN,14086,2000,127.94174766540527
1567,Katz Centrality,0.037679433822631836,har_10NN,14086,2000,127.94174766540527
1494,Katz Centrality,0.033695220947265625,har_10NN,14086,2000,127.94174766540527
1633,Katz Centrality,0.05628061294555664,har_10NN,14086,2000,127.94174766540527
1255,Katz Centrality,0.04084444046020508,har_10NN,14086,2000,127.94174766540527
1292,Katz Centrality,0.04103279113769531,har_10NN,14086,2000,127.94174766540527
1336,Katz Centrality,0.06879997253417969,har_10NN,14086,2000,127.94174766540527
1321,Katz Centrality,0.06016349792480469,har_10NN,14086,2000,127.94174766540527
1701,Katz Centrality,0.0628206729888916,har_10NN,14086,2000,127.94174766540527
1223,Katz Centrality,0.05986666679382324,har_10NN,14086,2000,127.94174766540527
1451,Katz Centrality,0.03931403160095215,har_10NN,14086,2000,127.94174766540527
1560,Katz Centrality,0.03288578987121582,har_10NN,14086,2000,127.94174766540527
1169,Katz Centrality,0.03917956352233887,har_10NN,14086,2000,127.94174766540527
1376,Katz Centrality,0.024158477783203125,har_10NN,14086,2000,127.94174766540527
1618,Eigenvector,0.07733845710754395,har_10NN,14086,2000,127.94174766540527
1588,Eigenvector,0.05325675010681152,har_10NN,14086,2000,127.94174766540527
1441,Eigenvector,0.059668779373168945,har_10NN,14086,2000,127.94174766540527
1606,Eigenvector,0.058048248291015625,har_10NN,14086,2000,127.94174766540527
1678,Eigenvector,0.04385709762573242,har_10NN,14086,2000,127.94174766540527
1443,Eigenvector,0.3837549686431885,har_10NN,14086,2000,127.94174766540527
1463,Eigenvector,0.02935647964477539,har_10NN,14086,2000,127.94174766540527
1639,Eigenvector,0.044333696365356445,har_10NN,14086,2000,127.94174766540527
1370,Eigenvector,0.04468727111816406,har_10NN,14086,2000,127.94174766540527
1409,Eigenvector,0.03450918197631836,har_10NN,14086,2000,127.94174766540527
1506,Eigenvector,0.055570363998413086,har_10NN,14086,2000,127.94174766540527
1439,Eigenvector,0.05151700973510742,har_10NN,14086,2000,127.94174766540527
1693,Eigenvector,0.06116032600402832,har_10NN,14086,2000,127.94174766540527
1644,Eigenvector,0.058669090270996094,har_10NN,14086,2000,127.94174766540527
1609,Eigenvector,0.05026054382324219,har_10NN,14086,2000,127.94174766540527
1759,PageRank,0.056993961334228516,har_10NN,14086,2000,127.94174766540527
1570,PageRank,0.05626082420349121,har_10NN,14086,2000,127.94174766540527
1363,PageRank,0.04993295669555664,har_10NN,14086,2000,127.94174766540527
1375,PageRank,0.059227705001831055,har_10NN,14086,2000,127.94174766540527
1543,PageRank,0.05832934379577637,har_10NN,14086,2000,127.94174766540527
1397,PageRank,0.06410646438598633,har_10NN,14086,2000,127.94174766540527
1644,PageRank,0.04924321174621582,har_10NN,14086,2000,127.94174766540527
1398,PageRank,0.046660661697387695,har_10NN,14086,2000,127.94174766540527
1378,PageRank,0.040383100509643555,har_10NN,14086,2000,127.94174766540527
1662,PageRank,0.035483360290527344,har_10NN,14086,2000,127.94174766540527
1439,PageRank,0.056250810623168945,har_10NN,14086,2000,127.94174766540527
1204,PageRank,0.02854323387145996,har_10NN,14086,2000,127.94174766540527
1483,PageRank,0.06100893020629883,har_10NN,14086,2000,127.94174766540527
1292,PageRank,0.04902839660644531,har_10NN,14086,2000,127.94174766540527
1474,PageRank,0.5963840484619141,har_10NN,14086,2000,127.94174766540527
1632,Betweenness,0.07632565498352051,har_10NN,14086,2000,127.94174766540527
1219,Betweenness,0.03172135353088379,har_10NN,14086,2000,127.94174766540527
1313,Betweenness,0.052263498306274414,har_10NN,14086,2000,127.94174766540527
1517,Betweenness,0.05290031433105469,har_10NN,14086,2000,127.94174766540527
1575,Betweenness,0.06442475318908691,har_10NN,14086,2000,127.94174766540527
1459,Betweenness,0.07190251350402832,har_10NN,14086,2000,127.94174766540527
1552,Betweenness,0.05353736877441406,har_10NN,14086,2000,127.94174766540527
1498,Betweenness,0.03202319145202637,har_10NN,14086,2000,127.94174766540527
1585,Betweenness,0.058824777603149414,har_10NN,14086,2000,127.94174766540527
1476,Betweenness,0.04873037338256836,har_10NN,14086,2000,127.94174766540527
1566,Betweenness,0.03082132339477539,har_10NN,14086,2000,127.94174766540527
1421,Betweenness,0.031242847442626953,har_10NN,14086,2000,127.94174766540527
1496,Betweenness,0.5846514701843262,har_10NN,14086,2000,127.94174766540527
1506,Betweenness,0.03242802619934082,har_10NN,14086,2000,127.94174766540527
1552,Betweenness,0.038109779357910156,har_10NN,14086,2000,127.94174766540527
1532,Katz Centrality,0.05069088935852051,har_10NN,14086,2000,127.94174766540527
1424,Katz Centrality,0.05071425437927246,har_10NN,14086,2000,127.94174766540527
1258,Katz Centrality,0.04992938041687012,har_10NN,14086,2000,127.94174766540527
1465,Katz Centrality,0.04881405830383301,har_10NN,14086,2000,127.94174766540527
1392,Katz Centrality,0.03979682922363281,har_10NN,14086,2000,127.94174766540527
1370,Katz Centrality,0.07100224494934082,har_10NN,14086,2000,127.94174766540527
1646,Katz Centrality,0.06577897071838379,har_10NN,14086,2000,127.94174766540527
1581,Katz Centrality,0.06565093994140625,har_10NN,14086,2000,127.94174766540527
1244,Katz Centrality,0.03697323799133301,har_10NN,14086,2000,127.94174766540527
1711,Katz Centrality,0.03351449966430664,har_10NN,14086,2000,127.94174766540527
1433,Katz Centrality,0.11785197257995605,har_10NN,14086,2000,127.94174766540527
1488,Katz Centrality,0.054894447326660156,har_10NN,14086,2000,127.94174766540527
1465,Katz Centrality,0.060770511627197266,har_10NN,14086,2000,127.94174766540527
1223,Katz Centrality,0.10634851455688477,har_10NN,14086,2000,127.94174766540527
1561,Katz Centrality,0.0577244758605957,har_10NN,14086,2000,127.94174766540527
1451,Degree,0.08041167259216309,har_10NN,14086,2000,127.94174766540527
1569,Degree,0.06434917449951172,har_10NN,14086,2000,127.94174766540527
1565,Degree,0.0563812255859375,har_10NN,14086,2000,127.94174766540527
1500,Degree,0.04837608337402344,har_10NN,14086,2000,127.94174766540527
1512,Degree,0.02935051918029785,har_10NN,14086,2000,127.94174766540527
1483,Degree,0.03733420372009277,har_10NN,14086,2000,127.94174766540527
1597,Degree,0.040204763412475586,har_10NN,14086,2000,127.94174766540527
1416,Degree,0.6014697551727295,har_10NN,14086,2000,127.94174766540527
1405,Degree,0.03927779197692871,har_10NN,14086,2000,127.94174766540527
1393,Degree,0.04984164237976074,har_10NN,14086,2000,127.94174766540527
1461,Degree,0.04826855659484863,har_10NN,14086,2000,127.94174766540527
1690,Degree,0.0331721305847168,har_10NN,14086,2000,127.94174766540527
1535,Degree,0.035344839096069336,har_10NN,14086,2000,127.94174766540527
1296,Degree,0.04093623161315918,har_10NN,14086,2000,127.94174766540527
1416,Degree,0.04889798164367676,har_10NN,14086,2000,127.94174766540527
1501,PageRank,0.06358075141906738,har_10NN,14086,2000,127.94174766540527
1236,PageRank,0.04215717315673828,har_10NN,14086,2000,127.94174766540527
1681,PageRank,0.06162714958190918,har_10NN,14086,2000,127.94174766540527
1460,PageRank,0.04251813888549805,har_10NN,14086,2000,127.94174766540527
1512,PageRank,0.06223011016845703,har_10NN,14086,2000,127.94174766540527
1317,PageRank,0.040682315826416016,har_10NN,14086,2000,127.94174766540527
1386,PageRank,0.03260493278503418,har_10NN,14086,2000,127.94174766540527
1462,PageRank,0.04878711700439453,har_10NN,14086,2000,127.94174766540527
1498,PageRank,0.04202413558959961,har_10NN,14086,2000,127.94174766540527
1313,PageRank,0.05197882652282715,har_10NN,14086,2000,127.94174766540527
1386,PageRank,0.0500185489654541,har_10NN,14086,2000,127.94174766540527
1437,PageRank,0.041322946548461914,har_10NN,14086,2000,127.94174766540527
1521,PageRank,0.025288820266723633,har_10NN,14086,2000,127.94174766540527
1389,PageRank,0.03258037567138672,har_10NN,14086,2000,127.94174766540527
1622,PageRank,0.03313302993774414,har_10NN,14086,2000,127.94174766540527
1386,Betweenness,0.09987854957580566,har_10NN,14086,2000,127.94174766540527
1184,Betweenness,0.03354167938232422,har_10NN,14086,2000,127.94174766540527
1454,Betweenness,0.05238533020019531,har_10NN,14086,2000,127.94174766540527
1425,Betweenness,0.04844236373901367,har_10NN,14086,2000,127.94174766540527
1449,Betweenness,0.032405853271484375,har_10NN,14086,2000,127.94174766540527
1596,Betweenness,0.03267216682434082,har_10NN,14086,2000,127.94174766540527
1453,Betweenness,0.03200125694274902,har_10NN,14086,2000,127.94174766540527
1371,Betweenness,0.046968936920166016,har_10NN,14086,2000,127.94174766540527
1511,Betweenness,0.04076528549194336,har_10NN,14086,2000,127.94174766540527
1528,Betweenness,0.03956484794616699,har_10NN,14086,2000,127.94174766540527
1541,Betweenness,0.06179618835449219,har_10NN,14086,2000,127.94174766540527
1505,Betweenness,0.03844952583312988,har_10NN,14086,2000,127.94174766540527
1546,Betweenness,0.09366321563720703,har_10NN,14086,2000,127.94174766540527
1372,Betweenness,0.05217623710632324,har_10NN,14086,2000,127.94174766540527
1575,Betweenness,0.0491032600402832,har_10NN,14086,2000,127.94174766540527
1677,Katz Centrality,0.056005001068115234,har_10NN,14086,2000,127.94174766540527
1257,Katz Centrality,0.033371686935424805,har_10NN,14086,2000,127.94174766540527
1473,Katz Centrality,0.04548835754394531,har_10NN,14086,2000,127.94174766540527
1480,Katz Centrality,0.037221431732177734,har_10NN,14086,2000,127.94174766540527
1250,Katz Centrality,0.04436779022216797,har_10NN,14086,2000,127.94174766540527
1378,Katz Centrality,0.0475468635559082,har_10NN,14086,2000,127.94174766540527
1390,Katz Centrality,0.04920840263366699,har_10NN,14086,2000,127.94174766540527
1307,Katz Centrality,0.037277936935424805,har_10NN,14086,2000,127.94174766540527
1447,Katz Centrality,0.04475140571594238,har_10NN,14086,2000,127.94174766540527
1610,Katz Centrality,0.045186758041381836,har_10NN,14086,2000,127.94174766540527
1373,Katz Centrality,0.05696368217468262,har_10NN,14086,2000,127.94174766540527
1452,Katz Centrality,0.05828356742858887,har_10NN,14086,2000,127.94174766540527
1488,Katz Centrality,0.05971121788024902,har_10NN,14086,2000,127.94174766540527
1637,Katz Centrality,0.045326948165893555,har_10NN,14086,2000,127.94174766540527
1511,Katz Centrality,0.047060489654541016,har_10NN,14086,2000,127.94174766540527
1673,Katz Centrality,0.06655097007751465,har_10NN,14086,2000,127.94174766540527
1439,Katz Centrality,0.07213139533996582,har_10NN,14086,2000,127.94174766540527
1639,Katz Centrality,0.050328969955444336,har_10NN,14086,2000,127.94174766540527
1186,Katz Centrality,0.07084250450134277,har_10NN,14086,2000,127.94174766540527
1287,Katz Centrality,0.07292795181274414,har_10NN,14086,2000,127.94174766540527
1506,Katz Centrality,0.05679154396057129,har_10NN,14086,2000,127.94174766540527
1509,Katz Centrality,0.056612491607666016,har_10NN,14086,2000,127.94174766540527
1500,Katz Centrality,0.04626750946044922,har_10NN,14086,2000,127.94174766540527
1416,Katz Centrality,0.03560972213745117,har_10NN,14086,2000,127.94174766540527
1546,Katz Centrality,0.02707052230834961,har_10NN,14086,2000,127.94174766540527
1557,Katz Centrality,0.04275107383728027,har_10NN,14086,2000,127.94174766540527
1693,Katz Centrality,0.0422513484954834,har_10NN,14086,2000,127.94174766540527
1304,Katz Centrality,0.03981518745422363,har_10NN,14086,2000,127.94174766540527
1494,Katz Centrality,0.03362107276916504,har_10NN,14086,2000,127.94174766540527
1635,Katz Centrality,0.03489351272583008,har_10NN,14086,2000,127.94174766540527
1442,Betweenness,0.04007411003112793,har_10NN,14086,2000,127.94174766540527
1238,Betweenness,0.04335212707519531,har_10NN,14086,2000,127.94174766540527
1344,Betweenness,0.05567359924316406,har_10NN,14086,2000,127.94174766540527
1620,Betweenness,0.15319275856018066,har_10NN,14086,2000,127.94174766540527
1645,Betweenness,0.04149436950683594,har_10NN,14086,2000,127.94174766540527
1280,Betweenness,0.0355074405670166,har_10NN,14086,2000,127.94174766540527
1337,Betweenness,0.05089569091796875,har_10NN,14086,2000,127.94174766540527
1355,Betweenness,0.04841256141662598,har_10NN,14086,2000,127.94174766540527
1442,Betweenness,0.06278181076049805,har_10NN,14086,2000,127.94174766540527
1671,Betweenness,0.0661325454711914,har_10NN,14086,2000,127.94174766540527
1474,Betweenness,0.08194637298583984,har_10NN,14086,2000,127.94174766540527
1316,Betweenness,0.0776369571685791,har_10NN,14086,2000,127.94174766540527
1434,Betweenness,0.045697927474975586,har_10NN,14086,2000,127.94174766540527
1570,Betweenness,0.0497133731842041,har_10NN,14086,2000,127.94174766540527
1625,Betweenness,0.04498720169067383,har_10NN,14086,2000,127.94174766540527
1322,Degree,0.060103416442871094,har_10NN,14086,2000,127.94174766540527
1316,Degree,0.03628873825073242,har_10NN,14086,2000,127.94174766540527
1608,Degree,0.04657435417175293,har_10NN,14086,2000,127.94174766540527
1506,Degree,0.03679084777832031,har_10NN,14086,2000,127.94174766540527
1591,Degree,0.033580780029296875,har_10NN,14086,2000,127.94174766540527
1496,Degree,0.03220200538635254,har_10NN,14086,2000,127.94174766540527
1599,Degree,0.04806256294250488,har_10NN,14086,2000,127.94174766540527
1646,Degree,0.04102468490600586,har_10NN,14086,2000,127.94174766540527
1328,Degree,0.028211593627929688,har_10NN,14086,2000,127.94174766540527
1516,Degree,0.047962188720703125,har_10NN,14086,2000,127.94174766540527
1584,Degree,0.04532146453857422,har_10NN,14086,2000,127.94174766540527
1654,Degree,0.046865224838256836,har_10NN,14086,2000,127.94174766540527
1296,Degree,0.0432581901550293,har_10NN,14086,2000,127.94174766540527
1408,Degree,0.04542946815490723,har_10NN,14086,2000,127.94174766540527
1652,Degree,0.043623924255371094,har_10NN,14086,2000,127.94174766540527
1692,Katz Centrality,0.060431718826293945,har_10NN,14086,2000,127.94174766540527
1417,Katz Centrality,0.0342099666595459,har_10NN,14086,2000,127.94174766540527
1471,Katz Centrality,0.06690001487731934,har_10NN,14086,2000,127.94174766540527
1467,Katz Centrality,0.06548047065734863,har_10NN,14086,2000,127.94174766540527
1351,Katz Centrality,0.06260085105895996,har_10NN,14086,2000,127.94174766540527
1525,Katz Centrality,0.0621790885925293,har_10NN,14086,2000,127.94174766540527
1630,Katz Centrality,0.05496549606323242,har_10NN,14086,2000,127.94174766540527
1362,Katz Centrality,0.06352996826171875,har_10NN,14086,2000,127.94174766540527
1563,Katz Centrality,0.04790830612182617,har_10NN,14086,2000,127.94174766540527
1639,Katz Centrality,0.05991244316101074,har_10NN,14086,2000,127.94174766540527
1628,Katz Centrality,0.05280303955078125,har_10NN,14086,2000,127.94174766540527
1650,Katz Centrality,0.04094719886779785,har_10NN,14086,2000,127.94174766540527
1472,Katz Centrality,0.04801583290100098,har_10NN,14086,2000,127.94174766540527
1468,Katz Centrality,0.02698349952697754,har_10NN,14086,2000,127.94174766540527
1663,Katz Centrality,0.049614667892456055,har_10NN,14086,2000,127.94174766540527
1467,Harmonic Centrality,0.06524085998535156,k49_norm_10NN,9780,2000,126.68232083320618
1240,Harmonic Centrality,0.04877758026123047,k49_norm_10NN,9780,2000,126.68232083320618
1487,Harmonic Centrality,0.058145761489868164,k49_norm_10NN,9780,2000,126.68232083320618
1537,Harmonic Centrality,0.08552932739257812,k49_norm_10NN,9780,2000,126.68232083320618
1387,Harmonic Centrality,0.0580744743347168,k49_norm_10NN,9780,2000,126.68232083320618
1484,Harmonic Centrality,0.047859907150268555,k49_norm_10NN,9780,2000,126.68232083320618
1230,Harmonic Centrality,0.04584836959838867,k49_norm_10NN,9780,2000,126.68232083320618
1287,Harmonic Centrality,0.06425952911376953,k49_norm_10NN,9780,2000,126.68232083320618
1333,Harmonic Centrality,0.048393964767456055,k49_norm_10NN,9780,2000,126.68232083320618
1531,Harmonic Centrality,0.05747485160827637,k49_norm_10NN,9780,2000,126.68232083320618
1473,Harmonic Centrality,0.7247397899627686,k49_norm_10NN,9780,2000,126.68232083320618
1404,Harmonic Centrality,0.0569911003112793,k49_norm_10NN,9780,2000,126.68232083320618
1256,Harmonic Centrality,0.06286072731018066,k49_norm_10NN,9780,2000,126.68232083320618
1401,Harmonic Centrality,0.05460548400878906,k49_norm_10NN,9780,2000,126.68232083320618
1466,Harmonic Centrality,0.04099130630493164,k49_norm_10NN,9780,2000,126.68232083320618
1452,Katz Centrality,0.1079251766204834,k49_norm_10NN,9780,2000,126.68232083320618
1301,Katz Centrality,0.05497860908508301,k49_norm_10NN,9780,2000,126.68232083320618
1254,Katz Centrality,0.07569742202758789,k49_norm_10NN,9780,2000,126.68232083320618
1413,Katz Centrality,0.04082036018371582,k49_norm_10NN,9780,2000,126.68232083320618
1341,Katz Centrality,0.05682778358459473,k49_norm_10NN,9780,2000,126.68232083320618
1302,Katz Centrality,0.041307687759399414,k49_norm_10NN,9780,2000,126.68232083320618
1305,Katz Centrality,0.06476974487304688,k49_norm_10NN,9780,2000,126.68232083320618
1359,Katz Centrality,0.07361531257629395,k49_norm_10NN,9780,2000,126.68232083320618
1277,Katz Centrality,0.08681392669677734,k49_norm_10NN,9780,2000,126.68232083320618
1290,Katz Centrality,0.05673360824584961,k49_norm_10NN,9780,2000,126.68232083320618
1257,Katz Centrality,0.04030776023864746,k49_norm_10NN,9780,2000,126.68232083320618
1320,Katz Centrality,0.053395986557006836,k49_norm_10NN,9780,2000,126.68232083320618
1315,Katz Centrality,0.04968571662902832,k49_norm_10NN,9780,2000,126.68232083320618
1354,Katz Centrality,0.07262873649597168,k49_norm_10NN,9780,2000,126.68232083320618
1377,Katz Centrality,0.06042790412902832,k49_norm_10NN,9780,2000,126.68232083320618
1150,PageRank,0.07224392890930176,k49_norm_10NN,9780,2000,126.68232083320618
1270,PageRank,0.03810405731201172,k49_norm_10NN,9780,2000,126.68232083320618
1141,PageRank,0.04491925239562988,k49_norm_10NN,9780,2000,126.68232083320618
1393,PageRank,0.04810190200805664,k49_norm_10NN,9780,2000,126.68232083320618
1312,PageRank,0.045194149017333984,k49_norm_10NN,9780,2000,126.68232083320618
1313,PageRank,0.06725668907165527,k49_norm_10NN,9780,2000,126.68232083320618
1243,PageRank,0.04886364936828613,k49_norm_10NN,9780,2000,126.68232083320618
1314,PageRank,0.04166078567504883,k49_norm_10NN,9780,2000,126.68232083320618
1449,PageRank,0.04967975616455078,k49_norm_10NN,9780,2000,126.68232083320618
1340,PageRank,0.0716547966003418,k49_norm_10NN,9780,2000,126.68232083320618
1371,PageRank,0.049320220947265625,k49_norm_10NN,9780,2000,126.68232083320618
1431,PageRank,0.04352974891662598,k49_norm_10NN,9780,2000,126.68232083320618
1324,PageRank,0.06007647514343262,k49_norm_10NN,9780,2000,126.68232083320618
1287,PageRank,0.07622718811035156,k49_norm_10NN,9780,2000,126.68232083320618
1338,PageRank,0.057967424392700195,k49_norm_10NN,9780,2000,126.68232083320618
1415,PageRank,0.06476354598999023,k49_norm_10NN,9780,2000,126.68232083320618
1409,PageRank,0.07313084602355957,k49_norm_10NN,9780,2000,126.68232083320618
1347,PageRank,0.047627925872802734,k49_norm_10NN,9780,2000,126.68232083320618
1296,PageRank,0.06202983856201172,k49_norm_10NN,9780,2000,126.68232083320618
1412,PageRank,0.0525670051574707,k49_norm_10NN,9780,2000,126.68232083320618
1345,PageRank,0.05760502815246582,k49_norm_10NN,9780,2000,126.68232083320618
1454,PageRank,0.06390118598937988,k49_norm_10NN,9780,2000,126.68232083320618
1414,PageRank,0.05140495300292969,k49_norm_10NN,9780,2000,126.68232083320618
1523,PageRank,0.0705864429473877,k49_norm_10NN,9780,2000,126.68232083320618
1273,PageRank,0.06283164024353027,k49_norm_10NN,9780,2000,126.68232083320618
1596,PageRank,0.0659036636352539,k49_norm_10NN,9780,2000,126.68232083320618
1305,PageRank,0.049721479415893555,k49_norm_10NN,9780,2000,126.68232083320618
1327,PageRank,0.0564730167388916,k49_norm_10NN,9780,2000,126.68232083320618
1556,PageRank,0.05530905723571777,k49_norm_10NN,9780,2000,126.68232083320618
1317,PageRank,0.0659334659576416,k49_norm_10NN,9780,2000,126.68232083320618
1318,Harmonic Centrality,0.07300138473510742,k49_norm_10NN,9780,2000,126.68232083320618
1365,Harmonic Centrality,0.05630803108215332,k49_norm_10NN,9780,2000,126.68232083320618
1430,Harmonic Centrality,0.04046368598937988,k49_norm_10NN,9780,2000,126.68232083320618
1461,Harmonic Centrality,0.0510556697845459,k49_norm_10NN,9780,2000,126.68232083320618
1363,Harmonic Centrality,0.04362988471984863,k49_norm_10NN,9780,2000,126.68232083320618
1464,Harmonic Centrality,0.055119991302490234,k49_norm_10NN,9780,2000,126.68232083320618
1617,Harmonic Centrality,0.0555424690246582,k49_norm_10NN,9780,2000,126.68232083320618
1445,Harmonic Centrality,0.04177594184875488,k49_norm_10NN,9780,2000,126.68232083320618
1373,Harmonic Centrality,0.0591893196105957,k49_norm_10NN,9780,2000,126.68232083320618
1536,Harmonic Centrality,0.06783223152160645,k49_norm_10NN,9780,2000,126.68232083320618
1261,Harmonic Centrality,0.05550646781921387,k49_norm_10NN,9780,2000,126.68232083320618
1339,Harmonic Centrality,0.06000256538391113,k49_norm_10NN,9780,2000,126.68232083320618
1345,Harmonic Centrality,0.06841850280761719,k49_norm_10NN,9780,2000,126.68232083320618
1504,Harmonic Centrality,0.06452107429504395,k49_norm_10NN,9780,2000,126.68232083320618
1255,Harmonic Centrality,0.07133626937866211,k49_norm_10NN,9780,2000,126.68232083320618
1358,Harmonic Centrality,0.07083606719970703,k49_norm_10NN,9780,2000,126.68232083320618
1485,Harmonic Centrality,0.05758261680603027,k49_norm_10NN,9780,2000,126.68232083320618
1338,Harmonic Centrality,0.05463528633117676,k49_norm_10NN,9780,2000,126.68232083320618
1277,Harmonic Centrality,0.07969832420349121,k49_norm_10NN,9780,2000,126.68232083320618
1363,Harmonic Centrality,0.06132864952087402,k49_norm_10NN,9780,2000,126.68232083320618
1275,Harmonic Centrality,0.05308675765991211,k49_norm_10NN,9780,2000,126.68232083320618
1325,Harmonic Centrality,0.03364753723144531,k49_norm_10NN,9780,2000,126.68232083320618
1269,Harmonic Centrality,0.050205230712890625,k49_norm_10NN,9780,2000,126.68232083320618
1397,Harmonic Centrality,0.048143863677978516,k49_norm_10NN,9780,2000,126.68232083320618
1410,Harmonic Centrality,0.04060673713684082,k49_norm_10NN,9780,2000,126.68232083320618
1370,Harmonic Centrality,0.04497122764587402,k49_norm_10NN,9780,2000,126.68232083320618
1434,Harmonic Centrality,0.06665587425231934,k49_norm_10NN,9780,2000,126.68232083320618
1368,Harmonic Centrality,0.05422782897949219,k49_norm_10NN,9780,2000,126.68232083320618
1186,Harmonic Centrality,0.051666259765625,k49_norm_10NN,9780,2000,126.68232083320618
1405,Harmonic Centrality,0.05900692939758301,k49_norm_10NN,9780,2000,126.68232083320618
1460,Closeness,0.07891106605529785,k49_norm_10NN,9780,2000,126.68232083320618
1413,Closeness,0.0506134033203125,k49_norm_10NN,9780,2000,126.68232083320618
1359,Closeness,0.05338859558105469,k49_norm_10NN,9780,2000,126.68232083320618
1279,Closeness,0.0754082202911377,k49_norm_10NN,9780,2000,126.68232083320618
1428,Closeness,0.5517323017120361,k49_norm_10NN,9780,2000,126.68232083320618
1471,Closeness,0.0482335090637207,k49_norm_10NN,9780,2000,126.68232083320618
1210,Closeness,0.04990124702453613,k49_norm_10NN,9780,2000,126.68232083320618
1367,Closeness,0.043456315994262695,k49_norm_10NN,9780,2000,126.68232083320618
1435,Closeness,0.06797432899475098,k49_norm_10NN,9780,2000,126.68232083320618
1263,Closeness,0.06152606010437012,k49_norm_10NN,9780,2000,126.68232083320618
1465,Closeness,0.04722714424133301,k49_norm_10NN,9780,2000,126.68232083320618
1417,Closeness,0.041996002197265625,k49_norm_10NN,9780,2000,126.68232083320618
1291,Closeness,0.03977346420288086,k49_norm_10NN,9780,2000,126.68232083320618
1277,Closeness,0.04526519775390625,k49_norm_10NN,9780,2000,126.68232083320618
1397,Closeness,0.04298210144042969,k49_norm_10NN,9780,2000,126.68232083320618
1316,Harmonic Centrality,0.05707192420959473,k49_norm_10NN,9780,2000,126.68232083320618
1466,Harmonic Centrality,0.0463252067565918,k49_norm_10NN,9780,2000,126.68232083320618
1418,Harmonic Centrality,0.0370028018951416,k49_norm_10NN,9780,2000,126.68232083320618
1397,Harmonic Centrality,0.060131072998046875,k49_norm_10NN,9780,2000,126.68232083320618
1509,Harmonic Centrality,0.0736243724822998,k49_norm_10NN,9780,2000,126.68232083320618
1302,Harmonic Centrality,0.06869268417358398,k49_norm_10NN,9780,2000,126.68232083320618
1276,Harmonic Centrality,0.06318330764770508,k49_norm_10NN,9780,2000,126.68232083320618
1530,Harmonic Centrality,0.04931831359863281,k49_norm_10NN,9780,2000,126.68232083320618
1474,Harmonic Centrality,0.04804062843322754,k49_norm_10NN,9780,2000,126.68232083320618
1388,Harmonic Centrality,0.04939842224121094,k49_norm_10NN,9780,2000,126.68232083320618
1357,Harmonic Centrality,0.0429232120513916,k49_norm_10NN,9780,2000,126.68232083320618
1446,Harmonic Centrality,0.06657958030700684,k49_norm_10NN,9780,2000,126.68232083320618
1417,Harmonic Centrality,0.07770419120788574,k49_norm_10NN,9780,2000,126.68232083320618
1268,Harmonic Centrality,0.0631113052368164,k49_norm_10NN,9780,2000,126.68232083320618
1329,Harmonic Centrality,0.06248068809509277,k49_norm_10NN,9780,2000,126.68232083320618
1262,Betweenness,0.08634114265441895,k49_norm_10NN,9780,2000,126.68232083320618
1271,Betweenness,0.05719590187072754,k49_norm_10NN,9780,2000,126.68232083320618
1432,Betweenness,0.04842066764831543,k49_norm_10NN,9780,2000,126.68232083320618
1304,Betweenness,0.05674934387207031,k49_norm_10NN,9780,2000,126.68232083320618
1236,Betweenness,0.07278704643249512,k49_norm_10NN,9780,2000,126.68232083320618
1307,Betweenness,0.06345343589782715,k49_norm_10NN,9780,2000,126.68232083320618
1246,Betweenness,0.06636285781860352,k49_norm_10NN,9780,2000,126.68232083320618
1329,Betweenness,0.0544428825378418,k49_norm_10NN,9780,2000,126.68232083320618
1325,Betweenness,0.045098304748535156,k49_norm_10NN,9780,2000,126.68232083320618
1362,Betweenness,0.04302048683166504,k49_norm_10NN,9780,2000,126.68232083320618
1339,Betweenness,0.057418107986450195,k49_norm_10NN,9780,2000,126.68232083320618
1327,Betweenness,0.05873894691467285,k49_norm_10NN,9780,2000,126.68232083320618
1419,Betweenness,0.08150625228881836,k49_norm_10NN,9780,2000,126.68232083320618
1326,Betweenness,0.06869029998779297,k49_norm_10NN,9780,2000,126.68232083320618
1399,Betweenness,0.07372617721557617,k49_norm_10NN,9780,2000,126.68232083320618
1373,Closeness,0.07529020309448242,k49_norm_10NN,9780,2000,126.68232083320618
1336,Closeness,0.0559382438659668,k49_norm_10NN,9780,2000,126.68232083320618
1535,Closeness,0.0401759147644043,k49_norm_10NN,9780,2000,126.68232083320618
1344,Closeness,0.08098816871643066,k49_norm_10NN,9780,2000,126.68232083320618
1396,Closeness,0.04838228225708008,k49_norm_10NN,9780,2000,126.68232083320618
1200,Closeness,0.048929691314697266,k49_norm_10NN,9780,2000,126.68232083320618
1226,Closeness,0.07319402694702148,k49_norm_10NN,9780,2000,126.68232083320618
1409,Closeness,0.04442715644836426,k49_norm_10NN,9780,2000,126.68232083320618
1475,Closeness,0.549860954284668,k49_norm_10NN,9780,2000,126.68232083320618
1348,Closeness,0.0394749641418457,k49_norm_10NN,9780,2000,126.68232083320618
1342,Closeness,0.049680471420288086,k49_norm_10NN,9780,2000,126.68232083320618
1268,Closeness,0.057357072830200195,k49_norm_10NN,9780,2000,126.68232083320618
1294,Closeness,0.05806279182434082,k49_norm_10NN,9780,2000,126.68232083320618
1431,Closeness,0.07008743286132812,k49_norm_10NN,9780,2000,126.68232083320618
1464,Closeness,0.06662797927856445,k49_norm_10NN,9780,2000,126.68232083320618
1244,Harmonic Centrality,0.07279396057128906,k49_norm_10NN,9780,2000,126.68232083320618
1375,Harmonic Centrality,0.05610322952270508,k49_norm_10NN,9780,2000,126.68232083320618
1386,Harmonic Centrality,0.05766105651855469,k49_norm_10NN,9780,2000,126.68232083320618
1437,Harmonic Centrality,0.06498551368713379,k49_norm_10NN,9780,2000,126.68232083320618
1214,Harmonic Centrality,0.05771064758300781,k49_norm_10NN,9780,2000,126.68232083320618
1296,Harmonic Centrality,0.06670546531677246,k49_norm_10NN,9780,2000,126.68232083320618
1447,Harmonic Centrality,0.05560708045959473,k49_norm_10NN,9780,2000,126.68232083320618
1403,Harmonic Centrality,0.06409668922424316,k49_norm_10NN,9780,2000,126.68232083320618
1418,Harmonic Centrality,0.05373406410217285,k49_norm_10NN,9780,2000,126.68232083320618
1405,Harmonic Centrality,0.0584721565246582,k49_norm_10NN,9780,2000,126.68232083320618
1244,Harmonic Centrality,0.058965444564819336,k49_norm_10NN,9780,2000,126.68232083320618
1418,Harmonic Centrality,0.057520389556884766,k49_norm_10NN,9780,2000,126.68232083320618
1408,Harmonic Centrality,0.05907773971557617,k49_norm_10NN,9780,2000,126.68232083320618
1386,Harmonic Centrality,0.5516567230224609,k49_norm_10NN,9780,2000,126.68232083320618
1273,Harmonic Centrality,0.05447745323181152,k49_norm_10NN,9780,2000,126.68232083320618
1545,Harmonic Centrality,0.07420039176940918,k49_norm_10NN,9780,2000,126.68232083320618
1338,Harmonic Centrality,0.04128003120422363,k49_norm_10NN,9780,2000,126.68232083320618
1319,Harmonic Centrality,0.07244324684143066,k49_norm_10NN,9780,2000,126.68232083320618
1406,Harmonic Centrality,0.04996299743652344,k49_norm_10NN,9780,2000,126.68232083320618
1210,Harmonic Centrality,0.04095768928527832,k49_norm_10NN,9780,2000,126.68232083320618
1359,Harmonic Centrality,0.10996103286743164,k49_norm_10NN,9780,2000,126.68232083320618
1394,Harmonic Centrality,0.07121586799621582,k49_norm_10NN,9780,2000,126.68232083320618
1345,Harmonic Centrality,0.07726740837097168,k49_norm_10NN,9780,2000,126.68232083320618
1470,Harmonic Centrality,0.048926353454589844,k49_norm_10NN,9780,2000,126.68232083320618
1362,Harmonic Centrality,0.04503178596496582,k49_norm_10NN,9780,2000,126.68232083320618
1331,Harmonic Centrality,0.048002004623413086,k49_norm_10NN,9780,2000,126.68232083320618
1311,Harmonic Centrality,0.06223177909851074,k49_norm_10NN,9780,2000,126.68232083320618
1215,Harmonic Centrality,0.049613237380981445,k49_norm_10NN,9780,2000,126.68232083320618
1440,Harmonic Centrality,0.05219912528991699,k49_norm_10NN,9780,2000,126.68232083320618
1289,Harmonic Centrality,0.056029319763183594,k49_norm_10NN,9780,2000,126.68232083320618
1409,PageRank,0.07062339782714844,k49_norm_10NN,9780,2000,126.68232083320618
1263,PageRank,0.0733034610748291,k49_norm_10NN,9780,2000,126.68232083320618
1231,PageRank,0.05121564865112305,k49_norm_10NN,9780,2000,126.68232083320618
1347,PageRank,0.052344560623168945,k49_norm_10NN,9780,2000,126.68232083320618
1370,PageRank,0.0729215145111084,k49_norm_10NN,9780,2000,126.68232083320618
1278,PageRank,0.04382443428039551,k49_norm_10NN,9780,2000,126.68232083320618
1549,PageRank,0.04811811447143555,k49_norm_10NN,9780,2000,126.68232083320618
1404,PageRank,0.08066797256469727,k49_norm_10NN,9780,2000,126.68232083320618
1572,PageRank,0.05792999267578125,k49_norm_10NN,9780,2000,126.68232083320618
1349,PageRank,0.045545339584350586,k49_norm_10NN,9780,2000,126.68232083320618
1374,PageRank,0.05698800086975098,k49_norm_10NN,9780,2000,126.68232083320618
1413,PageRank,0.07415771484375,k49_norm_10NN,9780,2000,126.68232083320618
1525,PageRank,0.07374048233032227,k49_norm_10NN,9780,2000,126.68232083320618
1367,PageRank,0.04783940315246582,k49_norm_10NN,9780,2000,126.68232083320618
1267,PageRank,0.07471132278442383,k49_norm_10NN,9780,2000,126.68232083320618
1421,Closeness,0.0659477710723877,k49_norm_10NN,9780,2000,126.68232083320618
1463,Closeness,0.0729835033416748,k49_norm_10NN,9780,2000,126.68232083320618
1445,Closeness,0.06455206871032715,k49_norm_10NN,9780,2000,126.68232083320618
1351,Closeness,0.04284524917602539,k49_norm_10NN,9780,2000,126.68232083320618
1398,Closeness,0.05502581596374512,k49_norm_10NN,9780,2000,126.68232083320618
1353,Closeness,0.06518077850341797,k49_norm_10NN,9780,2000,126.68232083320618
1303,Closeness,0.05934858322143555,k49_norm_10NN,9780,2000,126.68232083320618
1370,Closeness,0.09093213081359863,k49_norm_10NN,9780,2000,126.68232083320618
1817,Closeness,0.10527539253234863,k49_norm_10NN,9780,2000,126.68232083320618
1474,Closeness,0.07354378700256348,k49_norm_10NN,9780,2000,126.68232083320618
1360,Closeness,0.03252553939819336,k49_norm_10NN,9780,2000,126.68232083320618
1203,Closeness,0.05418276786804199,k49_norm_10NN,9780,2000,126.68232083320618
1499,Closeness,0.06155085563659668,k49_norm_10NN,9780,2000,126.68232083320618
1568,Closeness,0.06837153434753418,k49_norm_10NN,9780,2000,126.68232083320618
1326,Closeness,0.0320892333984375,k49_norm_10NN,9780,2000,126.68232083320618
1295,PageRank,0.07455229759216309,k49_norm_10NN,9780,2000,126.68232083320618
1225,PageRank,0.05130338668823242,k49_norm_10NN,9780,2000,126.68232083320618
1595,PageRank,0.06433796882629395,k49_norm_10NN,9780,2000,126.68232083320618
1341,PageRank,0.04862403869628906,k49_norm_10NN,9780,2000,126.68232083320618
1528,PageRank,0.039904117584228516,k49_norm_10NN,9780,2000,126.68232083320618
1365,PageRank,0.05053591728210449,k49_norm_10NN,9780,2000,126.68232083320618
1606,PageRank,0.05475187301635742,k49_norm_10NN,9780,2000,126.68232083320618
1305,PageRank,0.04851269721984863,k49_norm_10NN,9780,2000,126.68232083320618
1363,PageRank,0.06416130065917969,k49_norm_10NN,9780,2000,126.68232083320618
1353,PageRank,0.06418323516845703,k49_norm_10NN,9780,2000,126.68232083320618
1346,PageRank,0.07251310348510742,k49_norm_10NN,9780,2000,126.68232083320618
1339,PageRank,0.055364131927490234,k49_norm_10NN,9780,2000,126.68232083320618
1370,PageRank,0.05706334114074707,k49_norm_10NN,9780,2000,126.68232083320618
1274,PageRank,0.05392932891845703,k49_norm_10NN,9780,2000,126.68232083320618
1395,PageRank,0.0666356086730957,k49_norm_10NN,9780,2000,126.68232083320618
1253,Closeness,0.07100057601928711,k49_norm_10NN,9780,2000,126.68232083320618
1275,Closeness,0.06200098991394043,k49_norm_10NN,9780,2000,126.68232083320618
1365,Closeness,0.05393242835998535,k49_norm_10NN,9780,2000,126.68232083320618
1433,Closeness,0.04752492904663086,k49_norm_10NN,9780,2000,126.68232083320618
1544,Closeness,0.07967853546142578,k49_norm_10NN,9780,2000,126.68232083320618
1473,Closeness,0.07311725616455078,k49_norm_10NN,9780,2000,126.68232083320618
1363,Closeness,0.06390953063964844,k49_norm_10NN,9780,2000,126.68232083320618
1226,Closeness,0.06490349769592285,k49_norm_10NN,9780,2000,126.68232083320618
1395,Closeness,0.049143075942993164,k49_norm_10NN,9780,2000,126.68232083320618
1249,Closeness,0.06441187858581543,k49_norm_10NN,9780,2000,126.68232083320618
1343,Closeness,0.07087111473083496,k49_norm_10NN,9780,2000,126.68232083320618
1423,Closeness,0.04874897003173828,k49_norm_10NN,9780,2000,126.68232083320618
1415,Closeness,0.06487727165222168,k49_norm_10NN,9780,2000,126.68232083320618
1196,Closeness,0.06833887100219727,k49_norm_10NN,9780,2000,126.68232083320618
1386,Closeness,0.08369970321655273,k49_norm_10NN,9780,2000,126.68232083320618
1396,Eigenvector,0.05864214897155762,k49_norm_10NN,9780,2000,126.68232083320618
1265,Eigenvector,0.04536771774291992,k49_norm_10NN,9780,2000,126.68232083320618
1395,Eigenvector,0.07363653182983398,k49_norm_10NN,9780,2000,126.68232083320618
1397,Eigenvector,0.07327795028686523,k49_norm_10NN,9780,2000,126.68232083320618
1292,Eigenvector,0.04779624938964844,k49_norm_10NN,9780,2000,126.68232083320618
1472,Eigenvector,0.06442475318908691,k49_norm_10NN,9780,2000,126.68232083320618
1474,Eigenvector,0.06524300575256348,k49_norm_10NN,9780,2000,126.68232083320618
1538,Eigenvector,0.06329822540283203,k49_norm_10NN,9780,2000,126.68232083320618
1299,Eigenvector,0.07312536239624023,k49_norm_10NN,9780,2000,126.68232083320618
1300,Eigenvector,0.04186749458312988,k49_norm_10NN,9780,2000,126.68232083320618
1219,Eigenvector,0.07907509803771973,k49_norm_10NN,9780,2000,126.68232083320618
1673,Eigenvector,0.06104016304016113,k49_norm_10NN,9780,2000,126.68232083320618
1392,Eigenvector,0.06487846374511719,k49_norm_10NN,9780,2000,126.68232083320618
1287,Eigenvector,0.5792226791381836,k49_norm_10NN,9780,2000,126.68232083320618
1461,Eigenvector,0.07353711128234863,k49_norm_10NN,9780,2000,126.68232083320618
1564,Katz Centrality,0.06708288192749023,k49_norm_10NN,9780,2000,126.68232083320618
1551,Katz Centrality,0.05459403991699219,k49_norm_10NN,9780,2000,126.68232083320618
1403,Katz Centrality,0.06993675231933594,k49_norm_10NN,9780,2000,126.68232083320618
1272,Katz Centrality,0.07104921340942383,k49_norm_10NN,9780,2000,126.68232083320618
1383,Katz Centrality,0.0794835090637207,k49_norm_10NN,9780,2000,126.68232083320618
1453,Katz Centrality,0.08153104782104492,k49_norm_10NN,9780,2000,126.68232083320618
1316,Katz Centrality,0.05316519737243652,k49_norm_10NN,9780,2000,126.68232083320618
1335,Katz Centrality,0.0483851432800293,k49_norm_10NN,9780,2000,126.68232083320618
1217,Katz Centrality,0.04090380668640137,k49_norm_10NN,9780,2000,126.68232083320618
1420,Katz Centrality,0.048529624938964844,k49_norm_10NN,9780,2000,126.68232083320618
1325,Katz Centrality,0.07317900657653809,k49_norm_10NN,9780,2000,126.68232083320618
1474,Katz Centrality,0.06115078926086426,k49_norm_10NN,9780,2000,126.68232083320618
1332,Katz Centrality,0.044757843017578125,k49_norm_10NN,9780,2000,126.68232083320618
1493,Katz Centrality,0.07123923301696777,k49_norm_10NN,9780,2000,126.68232083320618
1521,Katz Centrality,0.06667208671569824,k49_norm_10NN,9780,2000,126.68232083320618
1405,Eigenvector,0.06142854690551758,k49_norm_10NN,9780,2000,126.68232083320618
1417,Eigenvector,0.05999350547790527,k49_norm_10NN,9780,2000,126.68232083320618
1505,Eigenvector,0.06427836418151855,k49_norm_10NN,9780,2000,126.68232083320618
1411,Eigenvector,0.05037236213684082,k49_norm_10NN,9780,2000,126.68232083320618
1466,Eigenvector,0.049982309341430664,k49_norm_10NN,9780,2000,126.68232083320618
1402,Eigenvector,0.06135272979736328,k49_norm_10NN,9780,2000,126.68232083320618
1475,Eigenvector,0.049883365631103516,k49_norm_10NN,9780,2000,126.68232083320618
1450,Eigenvector,0.07289361953735352,k49_norm_10NN,9780,2000,126.68232083320618
1449,Eigenvector,0.05719351768493652,k49_norm_10NN,9780,2000,126.68232083320618
1322,Eigenvector,0.05670785903930664,k49_norm_10NN,9780,2000,126.68232083320618
1325,Eigenvector,0.6078317165374756,k49_norm_10NN,9780,2000,126.68232083320618
1411,Eigenvector,0.06671452522277832,k49_norm_10NN,9780,2000,126.68232083320618
1337,Eigenvector,0.05460524559020996,k49_norm_10NN,9780,2000,126.68232083320618
1292,Eigenvector,0.04135751724243164,k49_norm_10NN,9780,2000,126.68232083320618
1401,Eigenvector,0.03948235511779785,k49_norm_10NN,9780,2000,126.68232083320618
1401,Closeness,0.06592702865600586,k49_norm_10NN,9780,2000,126.68232083320618
1283,Closeness,0.037488698959350586,k49_norm_10NN,9780,2000,126.68232083320618
1508,Closeness,0.0777134895324707,k49_norm_10NN,9780,2000,126.68232083320618
1454,Closeness,0.049970149993896484,k49_norm_10NN,9780,2000,126.68232083320618
1402,Closeness,0.05558276176452637,k49_norm_10NN,9780,2000,126.68232083320618
1359,Closeness,0.048978328704833984,k49_norm_10NN,9780,2000,126.68232083320618
1439,Closeness,0.05644583702087402,k49_norm_10NN,9780,2000,126.68232083320618
1361,Closeness,0.03951382637023926,k49_norm_10NN,9780,2000,126.68232083320618
1493,Closeness,0.05680561065673828,k49_norm_10NN,9780,2000,126.68232083320618
1313,Closeness,0.057047367095947266,k49_norm_10NN,9780,2000,126.68232083320618
1351,Closeness,0.0539553165435791,k49_norm_10NN,9780,2000,126.68232083320618
1263,Closeness,0.05504751205444336,k49_norm_10NN,9780,2000,126.68232083320618
1376,Closeness,0.06219649314880371,k49_norm_10NN,9780,2000,126.68232083320618
1321,Closeness,0.04167437553405762,k49_norm_10NN,9780,2000,126.68232083320618
1326,Closeness,0.0412750244140625,k49_norm_10NN,9780,2000,126.68232083320618
1613,Harmonic Centrality,0.06631851196289062,k49_norm_10NN,9780,2000,126.68232083320618
1594,Harmonic Centrality,0.040971994400024414,k49_norm_10NN,9780,2000,126.68232083320618
1278,Harmonic Centrality,0.06481599807739258,k49_norm_10NN,9780,2000,126.68232083320618
1458,Harmonic Centrality,0.06466388702392578,k49_norm_10NN,9780,2000,126.68232083320618
1267,Harmonic Centrality,0.03877401351928711,k49_norm_10NN,9780,2000,126.68232083320618
1246,Harmonic Centrality,0.06537342071533203,k49_norm_10NN,9780,2000,126.68232083320618
1482,Harmonic Centrality,0.06514143943786621,k49_norm_10NN,9780,2000,126.68232083320618
1133,Harmonic Centrality,0.07088756561279297,k49_norm_10NN,9780,2000,126.68232083320618
1295,Harmonic Centrality,0.05604863166809082,k49_norm_10NN,9780,2000,126.68232083320618
1473,Harmonic Centrality,0.05217266082763672,k49_norm_10NN,9780,2000,126.68232083320618
1422,Harmonic Centrality,0.08058643341064453,k49_norm_10NN,9780,2000,126.68232083320618
1345,Harmonic Centrality,0.06291031837463379,k49_norm_10NN,9780,2000,126.68232083320618
1437,Harmonic Centrality,0.6164631843566895,k49_norm_10NN,9780,2000,126.68232083320618
1321,Harmonic Centrality,0.07025456428527832,k49_norm_10NN,9780,2000,126.68232083320618
1538,Harmonic Centrality,0.06686592102050781,k49_norm_10NN,9780,2000,126.68232083320618
1369,PageRank,0.04865217208862305,k49_norm_10NN,9780,2000,126.68232083320618
1342,PageRank,0.07319068908691406,k49_norm_10NN,9780,2000,126.68232083320618
1341,PageRank,0.0638284683227539,k49_norm_10NN,9780,2000,126.68232083320618
1341,PageRank,0.04864239692687988,k49_norm_10NN,9780,2000,126.68232083320618
1362,PageRank,0.05933833122253418,k49_norm_10NN,9780,2000,126.68232083320618
1344,PageRank,0.05241274833679199,k49_norm_10NN,9780,2000,126.68232083320618
1430,PageRank,0.06173110008239746,k49_norm_10NN,9780,2000,126.68232083320618
1417,PageRank,0.039542198181152344,k49_norm_10NN,9780,2000,126.68232083320618
1411,PageRank,0.04827690124511719,k49_norm_10NN,9780,2000,126.68232083320618
1340,PageRank,0.05506634712219238,k49_norm_10NN,9780,2000,126.68232083320618
1449,PageRank,0.05124211311340332,k49_norm_10NN,9780,2000,126.68232083320618
1273,PageRank,0.05713534355163574,k49_norm_10NN,9780,2000,126.68232083320618
1289,PageRank,0.04323244094848633,k49_norm_10NN,9780,2000,126.68232083320618
1306,PageRank,0.05443906784057617,k49_norm_10NN,9780,2000,126.68232083320618
1538,PageRank,0.10445308685302734,k49_norm_10NN,9780,2000,126.68232083320618
1233,Harmonic Centrality,0.10413670539855957,k49_norm_10NN,9780,2000,126.68232083320618
1539,Harmonic Centrality,0.06516790390014648,k49_norm_10NN,9780,2000,126.68232083320618
1411,Harmonic Centrality,0.0478968620300293,k49_norm_10NN,9780,2000,126.68232083320618
1272,Harmonic Centrality,0.040869951248168945,k49_norm_10NN,9780,2000,126.68232083320618
1531,Harmonic Centrality,0.061643362045288086,k49_norm_10NN,9780,2000,126.68232083320618
1226,Harmonic Centrality,0.062255859375,k49_norm_10NN,9780,2000,126.68232083320618
1410,Harmonic Centrality,0.048970937728881836,k49_norm_10NN,9780,2000,126.68232083320618
1416,Harmonic Centrality,0.06665992736816406,k49_norm_10NN,9780,2000,126.68232083320618
1401,Harmonic Centrality,0.0551300048828125,k49_norm_10NN,9780,2000,126.68232083320618
1475,Harmonic Centrality,0.031236648559570312,k49_norm_10NN,9780,2000,126.68232083320618
1341,Harmonic Centrality,0.05606818199157715,k49_norm_10NN,9780,2000,126.68232083320618
1573,Harmonic Centrality,0.035048723220825195,k49_norm_10NN,9780,2000,126.68232083320618
1308,Harmonic Centrality,0.05550551414489746,k49_norm_10NN,9780,2000,126.68232083320618
1338,Harmonic Centrality,0.046053409576416016,k49_norm_10NN,9780,2000,126.68232083320618
1449,Harmonic Centrality,0.03845405578613281,k49_norm_10NN,9780,2000,126.68232083320618
1194,Eigenvector,0.07011747360229492,k49_norm_10NN,9780,2000,126.68232083320618
1317,Eigenvector,0.05851602554321289,k49_norm_10NN,9780,2000,126.68232083320618
1312,Eigenvector,0.04180741310119629,k49_norm_10NN,9780,2000,126.68232083320618
1349,Eigenvector,0.06739091873168945,k49_norm_10NN,9780,2000,126.68232083320618
1326,Eigenvector,0.06656908988952637,k49_norm_10NN,9780,2000,126.68232083320618
1444,Eigenvector,0.04010629653930664,k49_norm_10NN,9780,2000,126.68232083320618
1375,Eigenvector,0.04954814910888672,k49_norm_10NN,9780,2000,126.68232083320618
1475,Eigenvector,0.04919171333312988,k49_norm_10NN,9780,2000,126.68232083320618
1448,Eigenvector,0.04990506172180176,k49_norm_10NN,9780,2000,126.68232083320618
1281,Eigenvector,0.06558036804199219,k49_norm_10NN,9780,2000,126.68232083320618
1316,Eigenvector,0.06310391426086426,k49_norm_10NN,9780,2000,126.68232083320618
1269,Eigenvector,0.052419185638427734,k49_norm_10NN,9780,2000,126.68232083320618
1321,Eigenvector,0.0368804931640625,k49_norm_10NN,9780,2000,126.68232083320618
1344,Eigenvector,0.05960249900817871,k49_norm_10NN,9780,2000,126.68232083320618
1246,Eigenvector,0.057109832763671875,k49_norm_10NN,9780,2000,126.68232083320618
1449,Degree,0.06841564178466797,k49_norm_10NN,9780,2000,126.68232083320618
1536,Degree,0.07494354248046875,k49_norm_10NN,9780,2000,126.68232083320618
1269,Degree,0.07863044738769531,k49_norm_10NN,9780,2000,126.68232083320618
1338,Degree,0.049288272857666016,k49_norm_10NN,9780,2000,126.68232083320618
1384,Degree,0.04844784736633301,k49_norm_10NN,9780,2000,126.68232083320618
1346,Degree,0.05749654769897461,k49_norm_10NN,9780,2000,126.68232083320618
1221,Degree,0.04894256591796875,k49_norm_10NN,9780,2000,126.68232083320618
1564,Degree,0.04061293601989746,k49_norm_10NN,9780,2000,126.68232083320618
1264,Degree,0.04109334945678711,k49_norm_10NN,9780,2000,126.68232083320618
1310,Degree,0.05796527862548828,k49_norm_10NN,9780,2000,126.68232083320618
1291,Degree,0.040525197982788086,k49_norm_10NN,9780,2000,126.68232083320618
1254,Degree,0.04872846603393555,k49_norm_10NN,9780,2000,126.68232083320618
1349,Degree,0.06679654121398926,k49_norm_10NN,9780,2000,126.68232083320618
1362,Degree,0.042310237884521484,k49_norm_10NN,9780,2000,126.68232083320618
1229,Degree,0.05544638633728027,k49_norm_10NN,9780,2000,126.68232083320618
1358,Degree,0.07631063461303711,k49_norm_10NN,9780,2000,126.68232083320618
1387,Degree,0.06295919418334961,k49_norm_10NN,9780,2000,126.68232083320618
1403,Degree,0.05058479309082031,k49_norm_10NN,9780,2000,126.68232083320618
1279,Degree,0.03976750373840332,k49_norm_10NN,9780,2000,126.68232083320618
1391,Degree,0.08201074600219727,k49_norm_10NN,9780,2000,126.68232083320618
1344,Degree,0.05438876152038574,k49_norm_10NN,9780,2000,126.68232083320618
1406,Degree,0.04609489440917969,k49_norm_10NN,9780,2000,126.68232083320618
1231,Degree,0.06561398506164551,k49_norm_10NN,9780,2000,126.68232083320618
1425,Degree,0.05562019348144531,k49_norm_10NN,9780,2000,126.68232083320618
1456,Degree,0.06635522842407227,k49_norm_10NN,9780,2000,126.68232083320618
1353,Degree,0.1415846347808838,k49_norm_10NN,9780,2000,126.68232083320618
1384,Degree,0.052625179290771484,k49_norm_10NN,9780,2000,126.68232083320618
1337,Degree,0.06672978401184082,k49_norm_10NN,9780,2000,126.68232083320618
1417,Degree,0.04999732971191406,k49_norm_10NN,9780,2000,126.68232083320618
1454,Degree,0.06197500228881836,k49_norm_10NN,9780,2000,126.68232083320618
1386,Betweenness,0.09752082824707031,k49_norm_10NN,9780,2000,126.68232083320618
1393,Betweenness,0.06966018676757812,k49_norm_10NN,9780,2000,126.68232083320618
1365,Betweenness,0.06520867347717285,k49_norm_10NN,9780,2000,126.68232083320618
1210,Betweenness,0.05201005935668945,k49_norm_10NN,9780,2000,126.68232083320618
1342,Betweenness,0.0738070011138916,k49_norm_10NN,9780,2000,126.68232083320618
1326,Betweenness,0.040296316146850586,k49_norm_10NN,9780,2000,126.68232083320618
1335,Betweenness,0.0651407241821289,k49_norm_10NN,9780,2000,126.68232083320618
1304,Betweenness,0.05328822135925293,k49_norm_10NN,9780,2000,126.68232083320618
1377,Betweenness,0.05012869834899902,k49_norm_10NN,9780,2000,126.68232083320618
1493,Betweenness,0.06288814544677734,k49_norm_10NN,9780,2000,126.68232083320618
1348,Betweenness,0.049803733825683594,k49_norm_10NN,9780,2000,126.68232083320618
1294,Betweenness,0.05095267295837402,k49_norm_10NN,9780,2000,126.68232083320618
1353,Betweenness,0.046143531799316406,k49_norm_10NN,9780,2000,126.68232083320618
1473,Betweenness,0.0719144344329834,k49_norm_10NN,9780,2000,126.68232083320618
1355,Betweenness,0.04468846321105957,k49_norm_10NN,9780,2000,126.68232083320618
1328,Katz Centrality,0.07373261451721191,k49_norm_10NN,9780,2000,126.68232083320618
1385,Katz Centrality,0.060852766036987305,k49_norm_10NN,9780,2000,126.68232083320618
1274,Katz Centrality,0.06662607192993164,k49_norm_10NN,9780,2000,126.68232083320618
1392,Katz Centrality,0.050882577896118164,k49_norm_10NN,9780,2000,126.68232083320618
1360,Katz Centrality,0.058916330337524414,k49_norm_10NN,9780,2000,126.68232083320618
1353,Katz Centrality,0.06653380393981934,k49_norm_10NN,9780,2000,126.68232083320618
1334,Katz Centrality,0.05170631408691406,k49_norm_10NN,9780,2000,126.68232083320618
1433,Katz Centrality,0.04924917221069336,k49_norm_10NN,9780,2000,126.68232083320618
1282,Katz Centrality,0.05907940864562988,k49_norm_10NN,9780,2000,126.68232083320618
1232,Katz Centrality,0.057958126068115234,k49_norm_10NN,9780,2000,126.68232083320618
1286,Katz Centrality,0.043599843978881836,k49_norm_10NN,9780,2000,126.68232083320618
1400,Katz Centrality,0.06921529769897461,k49_norm_10NN,9780,2000,126.68232083320618
1432,Katz Centrality,0.047856807708740234,k49_norm_10NN,9780,2000,126.68232083320618
1560,Katz Centrality,0.04234623908996582,k49_norm_10NN,9780,2000,126.68232083320618
1293,Katz Centrality,0.03941845893859863,k49_norm_10NN,9780,2000,126.68232083320618
1793,Eigenvector,0.06673097610473633,k49_norm_10NN,9780,2000,126.68232083320618
1329,Eigenvector,0.04806947708129883,k49_norm_10NN,9780,2000,126.68232083320618
1481,Eigenvector,0.06207609176635742,k49_norm_10NN,9780,2000,126.68232083320618
1554,Eigenvector,0.053888797760009766,k49_norm_10NN,9780,2000,126.68232083320618
1424,Eigenvector,0.06433939933776855,k49_norm_10NN,9780,2000,126.68232083320618
1292,Eigenvector,0.06407523155212402,k49_norm_10NN,9780,2000,126.68232083320618
1425,Eigenvector,0.048970937728881836,k49_norm_10NN,9780,2000,126.68232083320618
1374,Eigenvector,0.04068493843078613,k49_norm_10NN,9780,2000,126.68232083320618
1377,Eigenvector,0.07334208488464355,k49_norm_10NN,9780,2000,126.68232083320618
1236,Eigenvector,0.06733322143554688,k49_norm_10NN,9780,2000,126.68232083320618
1124,Eigenvector,0.058924198150634766,k49_norm_10NN,9780,2000,126.68232083320618
1407,Eigenvector,0.07273578643798828,k49_norm_10NN,9780,2000,126.68232083320618
1318,Eigenvector,0.048528194427490234,k49_norm_10NN,9780,2000,126.68232083320618
1348,Eigenvector,0.040231943130493164,k49_norm_10NN,9780,2000,126.68232083320618
1353,Eigenvector,0.0471034049987793,k49_norm_10NN,9780,2000,126.68232083320618
1421,Betweenness,0.10991907119750977,k49_norm_10NN,9780,2000,126.68232083320618
1387,Betweenness,0.07704830169677734,k49_norm_10NN,9780,2000,126.68232083320618
1534,Betweenness,0.06783318519592285,k49_norm_10NN,9780,2000,126.68232083320618
1485,Betweenness,0.056997060775756836,k49_norm_10NN,9780,2000,126.68232083320618
1386,Betweenness,0.06762266159057617,k49_norm_10NN,9780,2000,126.68232083320618
1421,Betweenness,0.049324989318847656,k49_norm_10NN,9780,2000,126.68232083320618
1356,Betweenness,0.04839015007019043,k49_norm_10NN,9780,2000,126.68232083320618
1497,Betweenness,0.07849478721618652,k49_norm_10NN,9780,2000,126.68232083320618
1477,Betweenness,0.07363224029541016,k49_norm_10NN,9780,2000,126.68232083320618
1448,Betweenness,0.0728001594543457,k49_norm_10NN,9780,2000,126.68232083320618
1320,Betweenness,0.05698204040527344,k49_norm_10NN,9780,2000,126.68232083320618
1491,Betweenness,0.08098697662353516,k49_norm_10NN,9780,2000,126.68232083320618
1324,Betweenness,0.04887890815734863,k49_norm_10NN,9780,2000,126.68232083320618
1442,Betweenness,0.0773766040802002,k49_norm_10NN,9780,2000,126.68232083320618
1316,Betweenness,0.050002098083496094,k49_norm_10NN,9780,2000,126.68232083320618
1654,Betweenness,0.06897568702697754,kmnist_norm_10NN,12522,2000,136.80516481399536
1603,Betweenness,0.058994293212890625,kmnist_norm_10NN,12522,2000,136.80516481399536
1467,Betweenness,0.4053819179534912,kmnist_norm_10NN,12522,2000,136.80516481399536
1725,Betweenness,0.0710744857788086,kmnist_norm_10NN,12522,2000,136.80516481399536
1555,Betweenness,0.09584617614746094,kmnist_norm_10NN,12522,2000,136.80516481399536
1492,Betweenness,0.06302976608276367,kmnist_norm_10NN,12522,2000,136.80516481399536
1624,Betweenness,0.06374859809875488,kmnist_norm_10NN,12522,2000,136.80516481399536
1629,Betweenness,0.04510045051574707,kmnist_norm_10NN,12522,2000,136.80516481399536
1642,Betweenness,0.054410457611083984,kmnist_norm_10NN,12522,2000,136.80516481399536
1627,Betweenness,0.05621671676635742,kmnist_norm_10NN,12522,2000,136.80516481399536
1558,Betweenness,0.05657315254211426,kmnist_norm_10NN,12522,2000,136.80516481399536
1522,Betweenness,0.0654306411743164,kmnist_norm_10NN,12522,2000,136.80516481399536
1613,Betweenness,0.06467032432556152,kmnist_norm_10NN,12522,2000,136.80516481399536
1610,Betweenness,0.043895721435546875,kmnist_norm_10NN,12522,2000,136.80516481399536
1493,Betweenness,0.06980419158935547,kmnist_norm_10NN,12522,2000,136.80516481399536
1661,Eigenvector,0.09641098976135254,kmnist_norm_10NN,12522,2000,136.80516481399536
1469,Eigenvector,0.06885671615600586,kmnist_norm_10NN,12522,2000,136.80516481399536
1614,Eigenvector,0.740401029586792,kmnist_norm_10NN,12522,2000,136.80516481399536
1631,Eigenvector,0.04745912551879883,kmnist_norm_10NN,12522,2000,136.80516481399536
1516,Eigenvector,0.0481104850769043,kmnist_norm_10NN,12522,2000,136.80516481399536
1521,Eigenvector,0.061650753021240234,kmnist_norm_10NN,12522,2000,136.80516481399536
1630,Eigenvector,0.05687904357910156,kmnist_norm_10NN,12522,2000,136.80516481399536
1656,Eigenvector,0.06437945365905762,kmnist_norm_10NN,12522,2000,136.80516481399536
1635,Eigenvector,0.05231666564941406,kmnist_norm_10NN,12522,2000,136.80516481399536
1557,Eigenvector,0.0761868953704834,kmnist_norm_10NN,12522,2000,136.80516481399536
1721,Eigenvector,0.06366086006164551,kmnist_norm_10NN,12522,2000,136.80516481399536
1654,Eigenvector,0.04866361618041992,kmnist_norm_10NN,12522,2000,136.80516481399536
1671,Eigenvector,0.046460866928100586,kmnist_norm_10NN,12522,2000,136.80516481399536
1584,Eigenvector,0.06150245666503906,kmnist_norm_10NN,12522,2000,136.80516481399536
1583,Eigenvector,0.4918084144592285,kmnist_norm_10NN,12522,2000,136.80516481399536
1426,Harmonic Centrality,0.0762319564819336,kmnist_norm_10NN,12522,2000,136.80516481399536
1636,Harmonic Centrality,0.05713534355163574,kmnist_norm_10NN,12522,2000,136.80516481399536
1498,Harmonic Centrality,0.04837632179260254,kmnist_norm_10NN,12522,2000,136.80516481399536
1638,Harmonic Centrality,0.05886030197143555,kmnist_norm_10NN,12522,2000,136.80516481399536
1709,Harmonic Centrality,0.08325362205505371,kmnist_norm_10NN,12522,2000,136.80516481399536
1508,Harmonic Centrality,0.06465578079223633,kmnist_norm_10NN,12522,2000,136.80516481399536
1603,Harmonic Centrality,0.06541800498962402,kmnist_norm_10NN,12522,2000,136.80516481399536
1465,Harmonic Centrality,0.06668424606323242,kmnist_norm_10NN,12522,2000,136.80516481399536
1602,Harmonic Centrality,0.04987597465515137,kmnist_norm_10NN,12522,2000,136.80516481399536
1643,Harmonic Centrality,0.06682944297790527,kmnist_norm_10NN,12522,2000,136.80516481399536
1675,Harmonic Centrality,0.09682703018188477,kmnist_norm_10NN,12522,2000,136.80516481399536
1556,Harmonic Centrality,0.08208775520324707,kmnist_norm_10NN,12522,2000,136.80516481399536
1527,Harmonic Centrality,0.07222104072570801,kmnist_norm_10NN,12522,2000,136.80516481399536
1700,Harmonic Centrality,0.06488895416259766,kmnist_norm_10NN,12522,2000,136.80516481399536
1558,Harmonic Centrality,0.06547021865844727,kmnist_norm_10NN,12522,2000,136.80516481399536
1755,Degree,0.0811765193939209,kmnist_norm_10NN,12522,2000,136.80516481399536
1653,Degree,0.05752372741699219,kmnist_norm_10NN,12522,2000,136.80516481399536
1601,Degree,0.0543673038482666,kmnist_norm_10NN,12522,2000,136.80516481399536
1610,Degree,0.07622528076171875,kmnist_norm_10NN,12522,2000,136.80516481399536
1433,Degree,0.06459498405456543,kmnist_norm_10NN,12522,2000,136.80516481399536
1536,Degree,0.09422755241394043,kmnist_norm_10NN,12522,2000,136.80516481399536
1505,Degree,0.08057212829589844,kmnist_norm_10NN,12522,2000,136.80516481399536
1561,Degree,0.06465268135070801,kmnist_norm_10NN,12522,2000,136.80516481399536
1471,Degree,0.06562685966491699,kmnist_norm_10NN,12522,2000,136.80516481399536
1497,Degree,0.06424880027770996,kmnist_norm_10NN,12522,2000,136.80516481399536
1709,Degree,0.05719327926635742,kmnist_norm_10NN,12522,2000,136.80516481399536
1485,Degree,0.058112382888793945,kmnist_norm_10NN,12522,2000,136.80516481399536
1486,Degree,0.7063770294189453,kmnist_norm_10NN,12522,2000,136.80516481399536
1692,Degree,0.049410343170166016,kmnist_norm_10NN,12522,2000,136.80516481399536
1738,Degree,0.0762336254119873,kmnist_norm_10NN,12522,2000,136.80516481399536
1417,PageRank,0.0886068344116211,kmnist_norm_10NN,12522,2000,136.80516481399536
1442,PageRank,0.04803133010864258,kmnist_norm_10NN,12522,2000,136.80516481399536
1565,PageRank,0.056333303451538086,kmnist_norm_10NN,12522,2000,136.80516481399536
1586,PageRank,0.0666952133178711,kmnist_norm_10NN,12522,2000,136.80516481399536
1514,PageRank,0.049321889877319336,kmnist_norm_10NN,12522,2000,136.80516481399536
1543,PageRank,0.05988931655883789,kmnist_norm_10NN,12522,2000,136.80516481399536
1532,PageRank,0.06286215782165527,kmnist_norm_10NN,12522,2000,136.80516481399536
1733,PageRank,0.05709958076477051,kmnist_norm_10NN,12522,2000,136.80516481399536
1582,PageRank,0.0639948844909668,kmnist_norm_10NN,12522,2000,136.80516481399536
1703,PageRank,0.05651569366455078,kmnist_norm_10NN,12522,2000,136.80516481399536
1707,PageRank,0.057784080505371094,kmnist_norm_10NN,12522,2000,136.80516481399536
1642,PageRank,0.04885149002075195,kmnist_norm_10NN,12522,2000,136.80516481399536
1670,PageRank,0.07854890823364258,kmnist_norm_10NN,12522,2000,136.80516481399536
1578,PageRank,0.0566411018371582,kmnist_norm_10NN,12522,2000,136.80516481399536
1692,PageRank,0.08961987495422363,kmnist_norm_10NN,12522,2000,136.80516481399536
1676,Eigenvector,0.06270432472229004,kmnist_norm_10NN,12522,2000,136.80516481399536
1662,Eigenvector,0.05859875679016113,kmnist_norm_10NN,12522,2000,136.80516481399536
1710,Eigenvector,0.07239222526550293,kmnist_norm_10NN,12522,2000,136.80516481399536
1528,Eigenvector,0.45537734031677246,kmnist_norm_10NN,12522,2000,136.80516481399536
1551,Eigenvector,0.06513500213623047,kmnist_norm_10NN,12522,2000,136.80516481399536
1771,Eigenvector,0.0800485610961914,kmnist_norm_10NN,12522,2000,136.80516481399536
1644,Eigenvector,0.05357837677001953,kmnist_norm_10NN,12522,2000,136.80516481399536
1523,Eigenvector,0.04859113693237305,kmnist_norm_10NN,12522,2000,136.80516481399536
1602,Eigenvector,0.06830120086669922,kmnist_norm_10NN,12522,2000,136.80516481399536
1589,Eigenvector,0.04829144477844238,kmnist_norm_10NN,12522,2000,136.80516481399536
1630,Eigenvector,0.049164772033691406,kmnist_norm_10NN,12522,2000,136.80516481399536
1685,Eigenvector,0.072601318359375,kmnist_norm_10NN,12522,2000,136.80516481399536
1616,Eigenvector,0.07785391807556152,kmnist_norm_10NN,12522,2000,136.80516481399536
1585,Eigenvector,0.05629587173461914,kmnist_norm_10NN,12522,2000,136.80516481399536
1594,Eigenvector,0.06557250022888184,kmnist_norm_10NN,12522,2000,136.80516481399536
1487,Betweenness,0.07329320907592773,kmnist_norm_10NN,12522,2000,136.80516481399536
1614,Betweenness,0.05314803123474121,kmnist_norm_10NN,12522,2000,136.80516481399536
1743,Betweenness,0.06357479095458984,kmnist_norm_10NN,12522,2000,136.80516481399536
1552,Betweenness,0.09506559371948242,kmnist_norm_10NN,12522,2000,136.80516481399536
1584,Betweenness,0.06877374649047852,kmnist_norm_10NN,12522,2000,136.80516481399536
1774,Betweenness,0.06259918212890625,kmnist_norm_10NN,12522,2000,136.80516481399536
1606,Betweenness,0.06583094596862793,kmnist_norm_10NN,12522,2000,136.80516481399536
1760,Betweenness,0.05092644691467285,kmnist_norm_10NN,12522,2000,136.80516481399536
1751,Betweenness,0.05611753463745117,kmnist_norm_10NN,12522,2000,136.80516481399536
1679,Betweenness,0.06521153450012207,kmnist_norm_10NN,12522,2000,136.80516481399536
1612,Betweenness,0.06884407997131348,kmnist_norm_10NN,12522,2000,136.80516481399536
1618,Betweenness,0.055974721908569336,kmnist_norm_10NN,12522,2000,136.80516481399536
1549,Betweenness,0.061205387115478516,kmnist_norm_10NN,12522,2000,136.80516481399536
1694,Betweenness,0.09705615043640137,kmnist_norm_10NN,12522,2000,136.80516481399536
1575,Betweenness,0.0810844898223877,kmnist_norm_10NN,12522,2000,136.80516481399536
1556,Katz Centrality,0.07483720779418945,kmnist_norm_10NN,12522,2000,136.80516481399536
1610,Katz Centrality,0.060183048248291016,kmnist_norm_10NN,12522,2000,136.80516481399536
1609,Katz Centrality,0.07930421829223633,kmnist_norm_10NN,12522,2000,136.80516481399536
1467,Katz Centrality,0.06211400032043457,kmnist_norm_10NN,12522,2000,136.80516481399536
1626,Katz Centrality,0.09036803245544434,kmnist_norm_10NN,12522,2000,136.80516481399536
1624,Katz Centrality,0.07446908950805664,kmnist_norm_10NN,12522,2000,136.80516481399536
1544,Katz Centrality,0.06479167938232422,kmnist_norm_10NN,12522,2000,136.80516481399536
1742,Katz Centrality,0.04610013961791992,kmnist_norm_10NN,12522,2000,136.80516481399536
1472,Katz Centrality,0.06361222267150879,kmnist_norm_10NN,12522,2000,136.80516481399536
1615,Katz Centrality,0.049170732498168945,kmnist_norm_10NN,12522,2000,136.80516481399536
1566,Katz Centrality,0.07539081573486328,kmnist_norm_10NN,12522,2000,136.80516481399536
1675,Katz Centrality,0.07871198654174805,kmnist_norm_10NN,12522,2000,136.80516481399536
1702,Katz Centrality,0.08122134208679199,kmnist_norm_10NN,12522,2000,136.80516481399536
1702,Katz Centrality,0.0800473690032959,kmnist_norm_10NN,12522,2000,136.80516481399536
1568,Katz Centrality,0.1192941665649414,kmnist_norm_10NN,12522,2000,136.80516481399536
1596,Betweenness,0.0836338996887207,kmnist_norm_10NN,12522,2000,136.80516481399536
1744,Betweenness,0.059044599533081055,kmnist_norm_10NN,12522,2000,136.80516481399536
1526,Betweenness,0.06763911247253418,kmnist_norm_10NN,12522,2000,136.80516481399536
1508,Betweenness,0.05803871154785156,kmnist_norm_10NN,12522,2000,136.80516481399536
1636,Betweenness,0.043953657150268555,kmnist_norm_10NN,12522,2000,136.80516481399536
1508,Betweenness,0.06671690940856934,kmnist_norm_10NN,12522,2000,136.80516481399536
1698,Betweenness,0.09967970848083496,kmnist_norm_10NN,12522,2000,136.80516481399536
1581,Betweenness,0.07293415069580078,kmnist_norm_10NN,12522,2000,136.80516481399536
1526,Betweenness,0.06693220138549805,kmnist_norm_10NN,12522,2000,136.80516481399536
1454,Betweenness,0.057921648025512695,kmnist_norm_10NN,12522,2000,136.80516481399536
1562,Betweenness,0.08506274223327637,kmnist_norm_10NN,12522,2000,136.80516481399536
1528,Betweenness,0.07249879837036133,kmnist_norm_10NN,12522,2000,136.80516481399536
1655,Betweenness,0.05243372917175293,kmnist_norm_10NN,12522,2000,136.80516481399536
1594,Betweenness,0.0609278678894043,kmnist_norm_10NN,12522,2000,136.80516481399536
1675,Betweenness,0.05534791946411133,kmnist_norm_10NN,12522,2000,136.80516481399536
1620,Degree,0.08499360084533691,kmnist_norm_10NN,12522,2000,136.80516481399536
1598,Degree,0.05848050117492676,kmnist_norm_10NN,12522,2000,136.80516481399536
1673,Degree,0.0637979507446289,kmnist_norm_10NN,12522,2000,136.80516481399536
1515,Degree,0.04976153373718262,kmnist_norm_10NN,12522,2000,136.80516481399536
1568,Degree,0.05553150177001953,kmnist_norm_10NN,12522,2000,136.80516481399536
1521,Degree,0.056183576583862305,kmnist_norm_10NN,12522,2000,136.80516481399536
1606,Degree,0.056931257247924805,kmnist_norm_10NN,12522,2000,136.80516481399536
1690,Degree,0.08293676376342773,kmnist_norm_10NN,12522,2000,136.80516481399536
1533,Degree,0.08085107803344727,kmnist_norm_10NN,12522,2000,136.80516481399536
1571,Degree,0.04561734199523926,kmnist_norm_10NN,12522,2000,136.80516481399536
1486,Degree,0.03620290756225586,kmnist_norm_10NN,12522,2000,136.80516481399536
1638,Degree,0.6752653121948242,kmnist_norm_10NN,12522,2000,136.80516481399536
1508,Degree,0.08552241325378418,kmnist_norm_10NN,12522,2000,136.80516481399536
1595,Degree,0.06405305862426758,kmnist_norm_10NN,12522,2000,136.80516481399536
1541,Degree,0.08835721015930176,kmnist_norm_10NN,12522,2000,136.80516481399536
1531,Betweenness,0.0919346809387207,kmnist_norm_10NN,12522,2000,136.80516481399536
1526,Betweenness,0.05691885948181152,kmnist_norm_10NN,12522,2000,136.80516481399536
1393,Betweenness,0.05975341796875,kmnist_norm_10NN,12522,2000,136.80516481399536
1698,Betweenness,0.06176900863647461,kmnist_norm_10NN,12522,2000,136.80516481399536
1747,Betweenness,0.07784414291381836,kmnist_norm_10NN,12522,2000,136.80516481399536
1643,Betweenness,0.055509328842163086,kmnist_norm_10NN,12522,2000,136.80516481399536
1489,Betweenness,0.08267378807067871,kmnist_norm_10NN,12522,2000,136.80516481399536
1591,Betweenness,0.07402658462524414,kmnist_norm_10NN,12522,2000,136.80516481399536
1554,Betweenness,0.05541276931762695,kmnist_norm_10NN,12522,2000,136.80516481399536
1524,Betweenness,0.06398987770080566,kmnist_norm_10NN,12522,2000,136.80516481399536
1575,Betweenness,0.05994129180908203,kmnist_norm_10NN,12522,2000,136.80516481399536
1581,Betweenness,0.055967092514038086,kmnist_norm_10NN,12522,2000,136.80516481399536
1517,Betweenness,0.05773425102233887,kmnist_norm_10NN,12522,2000,136.80516481399536
1644,Betweenness,0.061084747314453125,kmnist_norm_10NN,12522,2000,136.80516481399536
1465,Betweenness,0.04940676689147949,kmnist_norm_10NN,12522,2000,136.80516481399536
1488,Betweenness,0.07971978187561035,kmnist_norm_10NN,12522,2000,136.80516481399536
1742,Betweenness,0.07170891761779785,kmnist_norm_10NN,12522,2000,136.80516481399536
1565,Betweenness,0.050191402435302734,kmnist_norm_10NN,12522,2000,136.80516481399536
1643,Betweenness,0.054537296295166016,kmnist_norm_10NN,12522,2000,136.80516481399536
1547,Betweenness,0.06484723091125488,kmnist_norm_10NN,12522,2000,136.80516481399536
1709,Betweenness,0.05648517608642578,kmnist_norm_10NN,12522,2000,136.80516481399536
1532,Betweenness,0.05747842788696289,kmnist_norm_10NN,12522,2000,136.80516481399536
1685,Betweenness,0.08235979080200195,kmnist_norm_10NN,12522,2000,136.80516481399536
1418,Betweenness,0.07326006889343262,kmnist_norm_10NN,12522,2000,136.80516481399536
1600,Betweenness,0.04985642433166504,kmnist_norm_10NN,12522,2000,136.80516481399536
1514,Betweenness,0.06452703475952148,kmnist_norm_10NN,12522,2000,136.80516481399536
1712,Betweenness,0.06094527244567871,kmnist_norm_10NN,12522,2000,136.80516481399536
1677,Betweenness,0.050013065338134766,kmnist_norm_10NN,12522,2000,136.80516481399536
1666,Betweenness,0.052316904067993164,kmnist_norm_10NN,12522,2000,136.80516481399536
1622,Betweenness,0.07636213302612305,kmnist_norm_10NN,12522,2000,136.80516481399536
1765,Eigenvector,0.06708407402038574,kmnist_norm_10NN,12522,2000,136.80516481399536
1556,Eigenvector,0.054436683654785156,kmnist_norm_10NN,12522,2000,136.80516481399536
1564,Eigenvector,0.04783225059509277,kmnist_norm_10NN,12522,2000,136.80516481399536
1490,Eigenvector,0.062197208404541016,kmnist_norm_10NN,12522,2000,136.80516481399536
1528,Eigenvector,0.0572202205657959,kmnist_norm_10NN,12522,2000,136.80516481399536
1656,Eigenvector,0.04695582389831543,kmnist_norm_10NN,12522,2000,136.80516481399536
1438,Eigenvector,0.08140373229980469,kmnist_norm_10NN,12522,2000,136.80516481399536
1551,Eigenvector,0.0545957088470459,kmnist_norm_10NN,12522,2000,136.80516481399536
1489,Eigenvector,0.06481432914733887,kmnist_norm_10NN,12522,2000,136.80516481399536
1643,Eigenvector,0.0643923282623291,kmnist_norm_10NN,12522,2000,136.80516481399536
1633,Eigenvector,0.0657958984375,kmnist_norm_10NN,12522,2000,136.80516481399536
1584,Eigenvector,0.057028770446777344,kmnist_norm_10NN,12522,2000,136.80516481399536
1733,Eigenvector,0.060396432876586914,kmnist_norm_10NN,12522,2000,136.80516481399536
1535,Eigenvector,0.06699252128601074,kmnist_norm_10NN,12522,2000,136.80516481399536
1514,Eigenvector,0.06500601768493652,kmnist_norm_10NN,12522,2000,136.80516481399536
1575,Closeness,0.08116459846496582,kmnist_norm_10NN,12522,2000,136.80516481399536
1728,Closeness,0.05648660659790039,kmnist_norm_10NN,12522,2000,136.80516481399536
1480,Closeness,0.05753803253173828,kmnist_norm_10NN,12522,2000,136.80516481399536
1533,Closeness,0.06112980842590332,kmnist_norm_10NN,12522,2000,136.80516481399536
1726,Closeness,0.06656837463378906,kmnist_norm_10NN,12522,2000,136.80516481399536
1663,Closeness,0.05768132209777832,kmnist_norm_10NN,12522,2000,136.80516481399536
1523,Closeness,0.07183313369750977,kmnist_norm_10NN,12522,2000,136.80516481399536
1541,Closeness,0.08693218231201172,kmnist_norm_10NN,12522,2000,136.80516481399536
1540,Closeness,0.06287002563476562,kmnist_norm_10NN,12522,2000,136.80516481399536
1753,Closeness,0.04965972900390625,kmnist_norm_10NN,12522,2000,136.80516481399536
1489,Closeness,0.052391767501831055,kmnist_norm_10NN,12522,2000,136.80516481399536
1588,Closeness,0.06604599952697754,kmnist_norm_10NN,12522,2000,136.80516481399536
1649,Closeness,0.08204174041748047,kmnist_norm_10NN,12522,2000,136.80516481399536
1586,Closeness,0.060224294662475586,kmnist_norm_10NN,12522,2000,136.80516481399536
1630,Closeness,0.0581965446472168,kmnist_norm_10NN,12522,2000,136.80516481399536
1471,Closeness,0.07861971855163574,kmnist_norm_10NN,12522,2000,136.80516481399536
1570,Closeness,0.06882119178771973,kmnist_norm_10NN,12522,2000,136.80516481399536
1559,Closeness,0.05839943885803223,kmnist_norm_10NN,12522,2000,136.80516481399536
1488,Closeness,0.04999661445617676,kmnist_norm_10NN,12522,2000,136.80516481399536
1485,Closeness,0.07720637321472168,kmnist_norm_10NN,12522,2000,136.80516481399536
1580,Closeness,0.06986379623413086,kmnist_norm_10NN,12522,2000,136.80516481399536
1510,Closeness,0.09534454345703125,kmnist_norm_10NN,12522,2000,136.80516481399536
1666,Closeness,0.06607842445373535,kmnist_norm_10NN,12522,2000,136.80516481399536
1690,Closeness,0.07196879386901855,kmnist_norm_10NN,12522,2000,136.80516481399536
1456,Closeness,0.04884481430053711,kmnist_norm_10NN,12522,2000,136.80516481399536
1730,Closeness,0.059995174407958984,kmnist_norm_10NN,12522,2000,136.80516481399536
1647,Closeness,0.05904650688171387,kmnist_norm_10NN,12522,2000,136.80516481399536
1565,Closeness,0.0626220703125,kmnist_norm_10NN,12522,2000,136.80516481399536
1461,Closeness,0.06655073165893555,kmnist_norm_10NN,12522,2000,136.80516481399536
1793,Closeness,0.05912494659423828,kmnist_norm_10NN,12522,2000,136.80516481399536
1641,PageRank,0.07949209213256836,kmnist_norm_10NN,12522,2000,136.80516481399536
1713,PageRank,0.062384605407714844,kmnist_norm_10NN,12522,2000,136.80516481399536
1689,PageRank,0.05597734451293945,kmnist_norm_10NN,12522,2000,136.80516481399536
1539,PageRank,0.05185222625732422,kmnist_norm_10NN,12522,2000,136.80516481399536
1604,PageRank,0.05110812187194824,kmnist_norm_10NN,12522,2000,136.80516481399536
1637,PageRank,0.05638623237609863,kmnist_norm_10NN,12522,2000,136.80516481399536
1532,PageRank,0.04996013641357422,kmnist_norm_10NN,12522,2000,136.80516481399536
1624,PageRank,0.0710000991821289,kmnist_norm_10NN,12522,2000,136.80516481399536
1506,PageRank,0.08915996551513672,kmnist_norm_10NN,12522,2000,136.80516481399536
1566,PageRank,0.05312204360961914,kmnist_norm_10NN,12522,2000,136.80516481399536
1516,PageRank,0.07458376884460449,kmnist_norm_10NN,12522,2000,136.80516481399536
1535,PageRank,0.05807352066040039,kmnist_norm_10NN,12522,2000,136.80516481399536
1764,PageRank,0.0721275806427002,kmnist_norm_10NN,12522,2000,136.80516481399536
1590,PageRank,0.09015154838562012,kmnist_norm_10NN,12522,2000,136.80516481399536
1570,PageRank,0.07874226570129395,kmnist_norm_10NN,12522,2000,136.80516481399536
1450,Betweenness,0.07583975791931152,kmnist_norm_10NN,12522,2000,136.80516481399536
1554,Betweenness,0.0797276496887207,kmnist_norm_10NN,12522,2000,136.80516481399536
1509,Betweenness,0.07684803009033203,kmnist_norm_10NN,12522,2000,136.80516481399536
1547,Betweenness,0.06101107597351074,kmnist_norm_10NN,12522,2000,136.80516481399536
1583,Betweenness,0.06518673896789551,kmnist_norm_10NN,12522,2000,136.80516481399536
1494,Betweenness,0.05257439613342285,kmnist_norm_10NN,12522,2000,136.80516481399536
1691,Betweenness,0.05361342430114746,kmnist_norm_10NN,12522,2000,136.80516481399536
1480,Betweenness,0.07088875770568848,kmnist_norm_10NN,12522,2000,136.80516481399536
1453,Betweenness,0.08347487449645996,kmnist_norm_10NN,12522,2000,136.80516481399536
1447,Betweenness,0.06488204002380371,kmnist_norm_10NN,12522,2000,136.80516481399536
1725,Betweenness,0.056609153747558594,kmnist_norm_10NN,12522,2000,136.80516481399536
1578,Betweenness,0.05709242820739746,kmnist_norm_10NN,12522,2000,136.80516481399536
1466,Betweenness,0.05648016929626465,kmnist_norm_10NN,12522,2000,136.80516481399536
1644,Betweenness,0.12430429458618164,kmnist_norm_10NN,12522,2000,136.80516481399536
1500,Betweenness,0.11459684371948242,kmnist_norm_10NN,12522,2000,136.80516481399536
1546,Katz Centrality,0.11443066596984863,kmnist_norm_10NN,12522,2000,136.80516481399536
1506,Katz Centrality,0.04836392402648926,kmnist_norm_10NN,12522,2000,136.80516481399536
1481,Katz Centrality,0.07343697547912598,kmnist_norm_10NN,12522,2000,136.80516481399536
1757,Katz Centrality,0.0564424991607666,kmnist_norm_10NN,12522,2000,136.80516481399536
1703,Katz Centrality,0.05215096473693848,kmnist_norm_10NN,12522,2000,136.80516481399536
1699,Katz Centrality,0.04083395004272461,kmnist_norm_10NN,12522,2000,136.80516481399536
1739,Katz Centrality,0.0705559253692627,kmnist_norm_10NN,12522,2000,136.80516481399536
1601,Katz Centrality,0.0724186897277832,kmnist_norm_10NN,12522,2000,136.80516481399536
1689,Katz Centrality,0.09095907211303711,kmnist_norm_10NN,12522,2000,136.80516481399536
1514,Katz Centrality,0.12295985221862793,kmnist_norm_10NN,12522,2000,136.80516481399536
1523,Katz Centrality,0.07250022888183594,kmnist_norm_10NN,12522,2000,136.80516481399536
1502,Katz Centrality,0.060877084732055664,kmnist_norm_10NN,12522,2000,136.80516481399536
1694,Katz Centrality,0.04833650588989258,kmnist_norm_10NN,12522,2000,136.80516481399536
1484,Katz Centrality,0.07819390296936035,kmnist_norm_10NN,12522,2000,136.80516481399536
1689,Katz Centrality,0.05962181091308594,kmnist_norm_10NN,12522,2000,136.80516481399536
1530,Katz Centrality,0.08862161636352539,kmnist_norm_10NN,12522,2000,136.80516481399536
1729,Katz Centrality,0.06168651580810547,kmnist_norm_10NN,12522,2000,136.80516481399536
1714,Katz Centrality,0.049210309982299805,kmnist_norm_10NN,12522,2000,136.80516481399536
1589,Katz Centrality,0.06491446495056152,kmnist_norm_10NN,12522,2000,136.80516481399536
1692,Katz Centrality,0.04992103576660156,kmnist_norm_10NN,12522,2000,136.80516481399536
1685,Katz Centrality,0.050795793533325195,kmnist_norm_10NN,12522,2000,136.80516481399536
1661,Katz Centrality,0.06429123878479004,kmnist_norm_10NN,12522,2000,136.80516481399536
1648,Katz Centrality,0.07324576377868652,kmnist_norm_10NN,12522,2000,136.80516481399536
1460,Katz Centrality,0.05701279640197754,kmnist_norm_10NN,12522,2000,136.80516481399536
1532,Katz Centrality,0.06525897979736328,kmnist_norm_10NN,12522,2000,136.80516481399536
1508,Katz Centrality,0.07420063018798828,kmnist_norm_10NN,12522,2000,136.80516481399536
1583,Katz Centrality,0.05599522590637207,kmnist_norm_10NN,12522,2000,136.80516481399536
1501,Katz Centrality,0.05662727355957031,kmnist_norm_10NN,12522,2000,136.80516481399536
1736,Katz Centrality,0.05242753028869629,kmnist_norm_10NN,12522,2000,136.80516481399536
1615,Katz Centrality,0.054308414459228516,kmnist_norm_10NN,12522,2000,136.80516481399536
1456,Eigenvector,0.06805920600891113,kmnist_norm_10NN,12522,2000,136.80516481399536
1652,Eigenvector,0.060067176818847656,kmnist_norm_10NN,12522,2000,136.80516481399536
1645,Eigenvector,0.056671857833862305,kmnist_norm_10NN,12522,2000,136.80516481399536
1478,Eigenvector,0.055727481842041016,kmnist_norm_10NN,12522,2000,136.80516481399536
1524,Eigenvector,0.06518363952636719,kmnist_norm_10NN,12522,2000,136.80516481399536
1532,Eigenvector,0.056860923767089844,kmnist_norm_10NN,12522,2000,136.80516481399536
1647,Eigenvector,0.049712419509887695,kmnist_norm_10NN,12522,2000,136.80516481399536
1488,Eigenvector,0.05146193504333496,kmnist_norm_10NN,12522,2000,136.80516481399536
1479,Eigenvector,0.056654930114746094,kmnist_norm_10NN,12522,2000,136.80516481399536
1598,Eigenvector,0.05900835990905762,kmnist_norm_10NN,12522,2000,136.80516481399536
1766,Eigenvector,0.06667232513427734,kmnist_norm_10NN,12522,2000,136.80516481399536
1747,Eigenvector,0.05451846122741699,kmnist_norm_10NN,12522,2000,136.80516481399536
1665,Eigenvector,0.04803109169006348,kmnist_norm_10NN,12522,2000,136.80516481399536
1561,Eigenvector,0.0537261962890625,kmnist_norm_10NN,12522,2000,136.80516481399536
1646,Eigenvector,0.055689334869384766,kmnist_norm_10NN,12522,2000,136.80516481399536
1603,Closeness,0.0879969596862793,kmnist_norm_10NN,12522,2000,136.80516481399536
1493,Closeness,0.09890484809875488,kmnist_norm_10NN,12522,2000,136.80516481399536
1773,Closeness,0.06601738929748535,kmnist_norm_10NN,12522,2000,136.80516481399536
1484,Closeness,0.07793283462524414,kmnist_norm_10NN,12522,2000,136.80516481399536
1535,Closeness,0.058054208755493164,kmnist_norm_10NN,12522,2000,136.80516481399536
1706,Closeness,0.04901456832885742,kmnist_norm_10NN,12522,2000,136.80516481399536
1664,Closeness,0.05593061447143555,kmnist_norm_10NN,12522,2000,136.80516481399536
1579,Closeness,0.056447505950927734,kmnist_norm_10NN,12522,2000,136.80516481399536
1616,Closeness,0.0697627067565918,kmnist_norm_10NN,12522,2000,136.80516481399536
1480,Closeness,0.07419705390930176,kmnist_norm_10NN,12522,2000,136.80516481399536
1628,Closeness,0.06403660774230957,kmnist_norm_10NN,12522,2000,136.80516481399536
1500,Closeness,0.054028987884521484,kmnist_norm_10NN,12522,2000,136.80516481399536
1617,Closeness,0.06392049789428711,kmnist_norm_10NN,12522,2000,136.80516481399536
1691,Closeness,0.08986401557922363,kmnist_norm_10NN,12522,2000,136.80516481399536
1694,Closeness,0.05403017997741699,kmnist_norm_10NN,12522,2000,136.80516481399536
1744,PageRank,0.07374191284179688,kmnist_norm_10NN,12522,2000,136.80516481399536
1658,PageRank,0.054000139236450195,kmnist_norm_10NN,12522,2000,136.80516481399536
1596,PageRank,0.11773681640625,kmnist_norm_10NN,12522,2000,136.80516481399536
1590,PageRank,0.07228446006774902,kmnist_norm_10NN,12522,2000,136.80516481399536
1460,PageRank,0.054486751556396484,kmnist_norm_10NN,12522,2000,136.80516481399536
1695,PageRank,0.06448698043823242,kmnist_norm_10NN,12522,2000,136.80516481399536
1685,PageRank,0.0684814453125,kmnist_norm_10NN,12522,2000,136.80516481399536
1541,PageRank,0.0731043815612793,kmnist_norm_10NN,12522,2000,136.80516481399536
1512,PageRank,0.058394432067871094,kmnist_norm_10NN,12522,2000,136.80516481399536
1533,PageRank,0.06544137001037598,kmnist_norm_10NN,12522,2000,136.80516481399536
1601,PageRank,0.06950855255126953,kmnist_norm_10NN,12522,2000,136.80516481399536
1595,PageRank,0.05695962905883789,kmnist_norm_10NN,12522,2000,136.80516481399536
1633,PageRank,0.07358884811401367,kmnist_norm_10NN,12522,2000,136.80516481399536
1484,PageRank,0.061359405517578125,kmnist_norm_10NN,12522,2000,136.80516481399536
1532,PageRank,0.057691335678100586,kmnist_norm_10NN,12522,2000,136.80516481399536
1709,PageRank,0.06221795082092285,kmnist_norm_10NN,12522,2000,136.80516481399536
1603,PageRank,0.049985647201538086,kmnist_norm_10NN,12522,2000,136.80516481399536
1466,PageRank,0.06670451164245605,kmnist_norm_10NN,12522,2000,136.80516481399536
1640,PageRank,0.0637669563293457,kmnist_norm_10NN,12522,2000,136.80516481399536
1563,PageRank,0.09219098091125488,kmnist_norm_10NN,12522,2000,136.80516481399536
1602,PageRank,0.06378984451293945,kmnist_norm_10NN,12522,2000,136.80516481399536
1637,PageRank,0.040634870529174805,kmnist_norm_10NN,12522,2000,136.80516481399536
1552,PageRank,0.11250662803649902,kmnist_norm_10NN,12522,2000,136.80516481399536
1649,PageRank,0.05577874183654785,kmnist_norm_10NN,12522,2000,136.80516481399536
1616,PageRank,0.10315155982971191,kmnist_norm_10NN,12522,2000,136.80516481399536
1456,PageRank,0.07270503044128418,kmnist_norm_10NN,12522,2000,136.80516481399536
1469,PageRank,0.06443095207214355,kmnist_norm_10NN,12522,2000,136.80516481399536
1529,PageRank,0.06959152221679688,kmnist_norm_10NN,12522,2000,136.80516481399536
1585,PageRank,0.05753636360168457,kmnist_norm_10NN,12522,2000,136.80516481399536
1678,PageRank,0.04997849464416504,kmnist_norm_10NN,12522,2000,136.80516481399536
1648,Katz Centrality,0.06431865692138672,kmnist_norm_10NN,12522,2000,136.80516481399536
1546,Katz Centrality,0.0598909854888916,kmnist_norm_10NN,12522,2000,136.80516481399536
1497,Katz Centrality,0.053955793380737305,kmnist_norm_10NN,12522,2000,136.80516481399536
1527,Katz Centrality,0.09775495529174805,kmnist_norm_10NN,12522,2000,136.80516481399536
1595,Katz Centrality,0.05667376518249512,kmnist_norm_10NN,12522,2000,136.80516481399536
1670,Katz Centrality,0.0480799674987793,kmnist_norm_10NN,12522,2000,136.80516481399536
1411,Katz Centrality,0.05748891830444336,kmnist_norm_10NN,12522,2000,136.80516481399536
1537,Katz Centrality,0.04430961608886719,kmnist_norm_10NN,12522,2000,136.80516481399536
1580,Katz Centrality,0.08365178108215332,kmnist_norm_10NN,12522,2000,136.80516481399536
1599,Katz Centrality,0.04220080375671387,kmnist_norm_10NN,12522,2000,136.80516481399536
1719,Katz Centrality,0.05930948257446289,kmnist_norm_10NN,12522,2000,136.80516481399536
1428,Katz Centrality,0.08862137794494629,kmnist_norm_10NN,12522,2000,136.80516481399536
1511,Katz Centrality,0.06335854530334473,kmnist_norm_10NN,12522,2000,136.80516481399536
1657,Katz Centrality,0.08254075050354004,kmnist_norm_10NN,12522,2000,136.80516481399536
1585,Katz Centrality,0.0636599063873291,kmnist_norm_10NN,12522,2000,136.80516481399536
1493,PageRank,0.06825923919677734,kmnist_norm_10NN,12522,2000,136.80516481399536
1532,PageRank,0.029183149337768555,kmnist_norm_10NN,12522,2000,136.80516481399536
1673,PageRank,0.035416364669799805,kmnist_norm_10NN,12522,2000,136.80516481399536
1453,PageRank,0.020750761032104492,kmnist_norm_10NN,12522,2000,136.80516481399536
1506,PageRank,0.06518101692199707,kmnist_norm_10NN,12522,2000,136.80516481399536
1507,PageRank,0.053558349609375,kmnist_norm_10NN,12522,2000,136.80516481399536
1498,PageRank,0.06304264068603516,kmnist_norm_10NN,12522,2000,136.80516481399536
1649,PageRank,0.06593084335327148,kmnist_norm_10NN,12522,2000,136.80516481399536
1598,PageRank,0.060007333755493164,kmnist_norm_10NN,12522,2000,136.80516481399536
1672,PageRank,0.049864768981933594,kmnist_norm_10NN,12522,2000,136.80516481399536
1661,PageRank,0.046955108642578125,kmnist_norm_10NN,12522,2000,136.80516481399536
1561,PageRank,0.04459691047668457,kmnist_norm_10NN,12522,2000,136.80516481399536
1819,PageRank,0.04021096229553223,kmnist_norm_10NN,12522,2000,136.80516481399536
1698,PageRank,0.039255380630493164,kmnist_norm_10NN,12522,2000,136.80516481399536
1617,PageRank,0.5415043830871582,kmnist_norm_10NN,12522,2000,136.80516481399536
1589,Betweenness,0.04227924346923828,kmnist_norm_10NN,12522,2000,136.80516481399536
1538,Betweenness,0.031180143356323242,kmnist_norm_10NN,12522,2000,136.80516481399536
1474,Betweenness,0.039198875427246094,kmnist_norm_10NN,12522,2000,136.80516481399536
1573,Betweenness,0.04836010932922363,kmnist_norm_10NN,12522,2000,136.80516481399536
1651,Betweenness,0.02245497703552246,kmnist_norm_10NN,12522,2000,136.80516481399536
1790,Betweenness,0.03581690788269043,kmnist_norm_10NN,12522,2000,136.80516481399536
1559,Betweenness,0.024866342544555664,kmnist_norm_10NN,12522,2000,136.80516481399536
1725,Betweenness,0.05026960372924805,kmnist_norm_10NN,12522,2000,136.80516481399536
1620,Betweenness,0.04742884635925293,kmnist_norm_10NN,12522,2000,136.80516481399536
1482,Betweenness,0.042806148529052734,kmnist_norm_10NN,12522,2000,136.80516481399536
1585,Betweenness,0.05826115608215332,kmnist_norm_10NN,12522,2000,136.80516481399536
1678,Betweenness,0.04189157485961914,kmnist_norm_10NN,12522,2000,136.80516481399536
1702,Betweenness,0.039650678634643555,kmnist_norm_10NN,12522,2000,136.80516481399536
1470,Betweenness,0.056761741638183594,kmnist_norm_10NN,12522,2000,136.80516481399536
1593,Betweenness,0.041429996490478516,kmnist_norm_10NN,12522,2000,136.80516481399536
1611,Closeness,0.05401182174682617,kmnist_norm_10NN,12522,2000,136.80516481399536
1550,Closeness,0.049846649169921875,kmnist_norm_10NN,12522,2000,136.80516481399536
1543,Closeness,0.06439399719238281,kmnist_norm_10NN,12522,2000,136.80516481399536
1757,Closeness,0.05628561973571777,kmnist_norm_10NN,12522,2000,136.80516481399536
1519,Closeness,0.06849074363708496,kmnist_norm_10NN,12522,2000,136.80516481399536
1644,Closeness,0.03786134719848633,kmnist_norm_10NN,12522,2000,136.80516481399536
1733,Closeness,0.04074859619140625,kmnist_norm_10NN,12522,2000,136.80516481399536
1649,Closeness,0.03060293197631836,kmnist_norm_10NN,12522,2000,136.80516481399536
1692,Closeness,0.043129682540893555,kmnist_norm_10NN,12522,2000,136.80516481399536
1645,Closeness,0.04764604568481445,kmnist_norm_10NN,12522,2000,136.80516481399536
1793,Closeness,0.06188178062438965,kmnist_norm_10NN,12522,2000,136.80516481399536
1614,Closeness,0.06531500816345215,kmnist_norm_10NN,12522,2000,136.80516481399536
1649,Closeness,0.03135538101196289,kmnist_norm_10NN,12522,2000,136.80516481399536
1611,Closeness,0.04059791564941406,kmnist_norm_10NN,12522,2000,136.80516481399536
1691,Closeness,0.05522918701171875,kmnist_norm_10NN,12522,2000,136.80516481399536
1709,PageRank,0.08270478248596191,kmnist_norm_10NN,12522,2000,136.80516481399536
1532,PageRank,0.0491178035736084,kmnist_norm_10NN,12522,2000,136.80516481399536
1574,PageRank,0.040583133697509766,kmnist_norm_10NN,12522,2000,136.80516481399536
1564,PageRank,0.037543296813964844,kmnist_norm_10NN,12522,2000,136.80516481399536
1562,PageRank,0.04169201850891113,kmnist_norm_10NN,12522,2000,136.80516481399536
1546,PageRank,0.047740936279296875,kmnist_norm_10NN,12522,2000,136.80516481399536
1649,PageRank,0.08329391479492188,kmnist_norm_10NN,12522,2000,136.80516481399536
1495,PageRank,0.04957461357116699,kmnist_norm_10NN,12522,2000,136.80516481399536
1597,PageRank,0.04669666290283203,kmnist_norm_10NN,12522,2000,136.80516481399536
1594,PageRank,0.04952645301818848,kmnist_norm_10NN,12522,2000,136.80516481399536
1555,PageRank,0.45462918281555176,kmnist_norm_10NN,12522,2000,136.80516481399536
1627,PageRank,0.031774044036865234,kmnist_norm_10NN,12522,2000,136.80516481399536
1558,PageRank,0.023360729217529297,kmnist_norm_10NN,12522,2000,136.80516481399536
1754,PageRank,0.4697258472442627,kmnist_norm_10NN,12522,2000,136.80516481399536
1647,PageRank,0.04076743125915527,kmnist_norm_10NN,12522,2000,136.80516481399536
1562,PageRank,0.0591733455657959,kmnist_norm_10NN,12522,2000,136.80516481399536
1539,PageRank,0.05784916877746582,kmnist_norm_10NN,12522,2000,136.80516481399536
1659,PageRank,0.05565047264099121,kmnist_norm_10NN,12522,2000,136.80516481399536
1558,PageRank,0.0476837158203125,kmnist_norm_10NN,12522,2000,136.80516481399536
1716,PageRank,0.04354977607727051,kmnist_norm_10NN,12522,2000,136.80516481399536
1483,PageRank,0.05390143394470215,kmnist_norm_10NN,12522,2000,136.80516481399536
1633,PageRank,0.07331967353820801,kmnist_norm_10NN,12522,2000,136.80516481399536
1595,PageRank,0.03944802284240723,kmnist_norm_10NN,12522,2000,136.80516481399536
1638,PageRank,0.041452646255493164,kmnist_norm_10NN,12522,2000,136.80516481399536
1710,PageRank,0.03916287422180176,kmnist_norm_10NN,12522,2000,136.80516481399536
1485,PageRank,0.06024169921875,kmnist_norm_10NN,12522,2000,136.80516481399536
1635,PageRank,0.05898904800415039,kmnist_norm_10NN,12522,2000,136.80516481399536
1667,PageRank,0.05614066123962402,kmnist_norm_10NN,12522,2000,136.80516481399536
1575,PageRank,0.033112287521362305,kmnist_norm_10NN,12522,2000,136.80516481399536
1505,PageRank,0.05147862434387207,kmnist_norm_10NN,12522,2000,136.80516481399536
1536,Katz Centrality,0.0724024772644043,kmnist_norm_10NN,12522,2000,136.80516481399536
1607,Katz Centrality,0.03163909912109375,kmnist_norm_10NN,12522,2000,136.80516481399536
1781,Katz Centrality,0.03086376190185547,kmnist_norm_10NN,12522,2000,136.80516481399536
1770,Katz Centrality,0.03421902656555176,kmnist_norm_10NN,12522,2000,136.80516481399536
1483,Katz Centrality,0.04704904556274414,kmnist_norm_10NN,12522,2000,136.80516481399536
1592,Katz Centrality,0.06560015678405762,kmnist_norm_10NN,12522,2000,136.80516481399536
1717,Katz Centrality,0.049825429916381836,kmnist_norm_10NN,12522,2000,136.80516481399536
1603,Katz Centrality,0.05457806587219238,kmnist_norm_10NN,12522,2000,136.80516481399536
1644,Katz Centrality,0.03157186508178711,kmnist_norm_10NN,12522,2000,136.80516481399536
1693,Katz Centrality,0.024254560470581055,kmnist_norm_10NN,12522,2000,136.80516481399536
1657,Katz Centrality,0.08997416496276855,kmnist_norm_10NN,12522,2000,136.80516481399536
1623,Katz Centrality,0.0475003719329834,kmnist_norm_10NN,12522,2000,136.80516481399536
1481,Katz Centrality,0.028046369552612305,kmnist_norm_10NN,12522,2000,136.80516481399536
1585,Katz Centrality,0.03676795959472656,kmnist_norm_10NN,12522,2000,136.80516481399536
1505,Katz Centrality,0.10908889770507812,kmnist_norm_10NN,12522,2000,136.80516481399536
1998,Betweenness,0.010439872741699219,lp1,1999,2000,19.370819091796875
1998,Betweenness,0.014312744140625,lp1,1999,2000,19.370819091796875
1998,Betweenness,0.013881683349609375,lp1,1999,2000,19.370819091796875
1998,Betweenness,0.010648250579833984,lp1,1999,2000,19.370819091796875
1998,Betweenness,0.014068126678466797,lp1,1999,2000,19.370819091796875
1998,Betweenness,0.008049726486206055,lp1,1999,2000,19.370819091796875
1998,Betweenness,0.016117095947265625,lp1,1999,2000,19.370819091796875
1998,Betweenness,0.01911616325378418,lp1,1999,2000,19.370819091796875
1998,Betweenness,0.01584005355834961,lp1,1999,2000,19.370819091796875
1998,Betweenness,0.02005457878112793,lp1,1999,2000,19.370819091796875
1998,Betweenness,0.018793582916259766,lp1,1999,2000,19.370819091796875
1998,Betweenness,0.018445491790771484,lp1,1999,2000,19.370819091796875
1998,Betweenness,0.017577171325683594,lp1,1999,2000,19.370819091796875
1998,Betweenness,0.017499208450317383,lp1,1999,2000,19.370819091796875
1998,Betweenness,0.021834373474121094,lp1,1999,2000,19.370819091796875
1997,Eigenvector,0.02783989906311035,lp1,1999,2000,19.370819091796875
1997,Eigenvector,0.018321990966796875,lp1,1999,2000,19.370819091796875
1997,Eigenvector,0.016323089599609375,lp1,1999,2000,19.370819091796875
1997,Eigenvector,0.014353036880493164,lp1,1999,2000,19.370819091796875
1997,Eigenvector,0.01954030990600586,lp1,1999,2000,19.370819091796875
1997,Eigenvector,0.008612394332885742,lp1,1999,2000,19.370819091796875
1998,Eigenvector,0.01401519775390625,lp1,1999,2000,19.370819091796875
1997,Eigenvector,0.011416196823120117,lp1,1999,2000,19.370819091796875
1997,Eigenvector,0.0,lp1,1999,2000,19.370819091796875
1997,Eigenvector,0.011339426040649414,lp1,1999,2000,19.370819091796875
1997,Eigenvector,0.014661073684692383,lp1,1999,2000,19.370819091796875
1998,Eigenvector,0.0,lp1,1999,2000,19.370819091796875
1997,Eigenvector,0.009116172790527344,lp1,1999,2000,19.370819091796875
1998,Eigenvector,0.017279863357543945,lp1,1999,2000,19.370819091796875
1998,Eigenvector,0.0100250244140625,lp1,1999,2000,19.370819091796875
1997,Betweenness,0.016273975372314453,lp1,1999,2000,19.370819091796875
1997,Betweenness,0.013424396514892578,lp1,1999,2000,19.370819091796875
1997,Betweenness,0.013228893280029297,lp1,1999,2000,19.370819091796875
1997,Betweenness,0.013741731643676758,lp1,1999,2000,19.370819091796875
1997,Betweenness,0.012216806411743164,lp1,1999,2000,19.370819091796875
1997,Betweenness,0.019912004470825195,lp1,1999,2000,19.370819091796875
1997,Betweenness,0.017910480499267578,lp1,1999,2000,19.370819091796875
1997,Betweenness,0.03737640380859375,lp1,1999,2000,19.370819091796875
1997,Betweenness,0.02530956268310547,lp1,1999,2000,19.370819091796875
1997,Betweenness,0.024254798889160156,lp1,1999,2000,19.370819091796875
1997,Betweenness,0.7087092399597168,lp1,1999,2000,19.370819091796875
1997,Betweenness,0.01609063148498535,lp1,1999,2000,19.370819091796875
1997,Betweenness,0.020534276962280273,lp1,1999,2000,19.370819091796875
1997,Betweenness,0.02838301658630371,lp1,1999,2000,19.370819091796875
1997,Betweenness,0.022142410278320312,lp1,1999,2000,19.370819091796875
1997,Closeness,0.030271053314208984,lp1,1999,2000,19.370819091796875
1997,Closeness,0.02454662322998047,lp1,1999,2000,19.370819091796875
1997,Closeness,0.024497032165527344,lp1,1999,2000,19.370819091796875
1997,Closeness,0.02872323989868164,lp1,1999,2000,19.370819091796875
1997,Closeness,0.026250839233398438,lp1,1999,2000,19.370819091796875
1997,Closeness,0.02765941619873047,lp1,1999,2000,19.370819091796875
1997,Closeness,0.027321577072143555,lp1,1999,2000,19.370819091796875
1997,Closeness,0.02424764633178711,lp1,1999,2000,19.370819091796875
1997,Closeness,0.022327661514282227,lp1,1999,2000,19.370819091796875
1997,Closeness,0.019675731658935547,lp1,1999,2000,19.370819091796875
1997,Closeness,0.03870820999145508,lp1,1999,2000,19.370819091796875
1997,Closeness,0.026424169540405273,lp1,1999,2000,19.370819091796875
1997,Closeness,0.026315689086914062,lp1,1999,2000,19.370819091796875
1997,Closeness,0.08800601959228516,lp1,1999,2000,19.370819091796875
1997,Closeness,0.05679011344909668,lp1,1999,2000,19.370819091796875
1997,Degree,0.020420312881469727,lp1,1999,2000,19.370819091796875
1997,Degree,0.07276129722595215,lp1,1999,2000,19.370819091796875
1997,Degree,0.03911447525024414,lp1,1999,2000,19.370819091796875
1997,Degree,0.0460515022277832,lp1,1999,2000,19.370819091796875
1997,Degree,0.0569760799407959,lp1,1999,2000,19.370819091796875
1997,Degree,0.022211313247680664,lp1,1999,2000,19.370819091796875
1997,Degree,0.022498369216918945,lp1,1999,2000,19.370819091796875
1997,Degree,0.020501136779785156,lp1,1999,2000,19.370819091796875
1997,Degree,0.014493465423583984,lp1,1999,2000,19.370819091796875
1997,Degree,0.021533966064453125,lp1,1999,2000,19.370819091796875
1997,Degree,0.01732182502746582,lp1,1999,2000,19.370819091796875
1997,Degree,0.011787652969360352,lp1,1999,2000,19.370819091796875
1997,Degree,0.014050722122192383,lp1,1999,2000,19.370819091796875
1997,Degree,0.01860332489013672,lp1,1999,2000,19.370819091796875
1997,Degree,0.008044242858886719,lp1,1999,2000,19.370819091796875
1997,Eigenvector,0.021558523178100586,lp1,1999,2000,19.370819091796875
1997,Eigenvector,0.022437095642089844,lp1,1999,2000,19.370819091796875
1997,Eigenvector,0.020171165466308594,lp1,1999,2000,19.370819091796875
1997,Eigenvector,0.02620720863342285,lp1,1999,2000,19.370819091796875
1997,Eigenvector,0.643059492111206,lp1,1999,2000,19.370819091796875
1997,Eigenvector,0.044458627700805664,lp1,1999,2000,19.370819091796875
1997,Eigenvector,0.03027057647705078,lp1,1999,2000,19.370819091796875
1997,Eigenvector,0.021796464920043945,lp1,1999,2000,19.370819091796875
1997,Eigenvector,0.01603841781616211,lp1,1999,2000,19.370819091796875
1997,Eigenvector,0.0262451171875,lp1,1999,2000,19.370819091796875
1997,Eigenvector,0.016138792037963867,lp1,1999,2000,19.370819091796875
1997,Eigenvector,0.015333414077758789,lp1,1999,2000,19.370819091796875
1997,Eigenvector,0.015860319137573242,lp1,1999,2000,19.370819091796875
1997,Eigenvector,0.022524356842041016,lp1,1999,2000,19.370819091796875
1997,Eigenvector,0.023337364196777344,lp1,1999,2000,19.370819091796875
1997,Harmonic Centrality,0.03159141540527344,lp1,1999,2000,19.370819091796875
1997,Harmonic Centrality,0.030210494995117188,lp1,1999,2000,19.370819091796875
1997,Harmonic Centrality,0.028265953063964844,lp1,1999,2000,19.370819091796875
1997,Harmonic Centrality,0.028261661529541016,lp1,1999,2000,19.370819091796875
1997,Harmonic Centrality,0.027061939239501953,lp1,1999,2000,19.370819091796875
1997,Harmonic Centrality,0.02004551887512207,lp1,1999,2000,19.370819091796875
1997,Harmonic Centrality,0.023396015167236328,lp1,1999,2000,19.370819091796875
1997,Harmonic Centrality,0.01704549789428711,lp1,1999,2000,19.370819091796875
1997,Harmonic Centrality,0.013081550598144531,lp1,1999,2000,19.370819091796875
1997,Harmonic Centrality,0.013906717300415039,lp1,1999,2000,19.370819091796875
1997,Harmonic Centrality,0.016162633895874023,lp1,1999,2000,19.370819091796875
1997,Harmonic Centrality,0.01845097541809082,lp1,1999,2000,19.370819091796875
1997,Harmonic Centrality,0.01892876625061035,lp1,1999,2000,19.370819091796875
1997,Harmonic Centrality,0.02456951141357422,lp1,1999,2000,19.370819091796875
1997,Harmonic Centrality,0.022034883499145508,lp1,1999,2000,19.370819091796875
1997,PageRank,0.023128032684326172,lp1,1999,2000,19.370819091796875
1997,PageRank,0.02237105369567871,lp1,1999,2000,19.370819091796875
1997,PageRank,0.027472734451293945,lp1,1999,2000,19.370819091796875
1997,PageRank,0.016633272171020508,lp1,1999,2000,19.370819091796875
1997,PageRank,0.013137102127075195,lp1,1999,2000,19.370819091796875
1997,PageRank,0.0170748233795166,lp1,1999,2000,19.370819091796875
1997,PageRank,0.015079259872436523,lp1,1999,2000,19.370819091796875
1997,PageRank,0.0266573429107666,lp1,1999,2000,19.370819091796875
1997,PageRank,0.023332834243774414,lp1,1999,2000,19.370819091796875
1997,PageRank,0.022023439407348633,lp1,1999,2000,19.370819091796875
1997,PageRank,0.024061918258666992,lp1,1999,2000,19.370819091796875
1997,PageRank,0.015966415405273438,lp1,1999,2000,19.370819091796875
1997,PageRank,0.016373395919799805,lp1,1999,2000,19.370819091796875
1997,PageRank,0.5206232070922852,lp1,1999,2000,19.370819091796875
1997,PageRank,0.016004323959350586,lp1,1999,2000,19.370819091796875
1997,Degree,0.02286982536315918,lp1,1999,2000,19.370819091796875
1997,Degree,0.016182661056518555,lp1,1999,2000,19.370819091796875
1997,Degree,0.014656305313110352,lp1,1999,2000,19.370819091796875
1997,Degree,0.016438007354736328,lp1,1999,2000,19.370819091796875
1997,Degree,0.024187803268432617,lp1,1999,2000,19.370819091796875
1997,Degree,0.02188563346862793,lp1,1999,2000,19.370819091796875
1997,Degree,0.024336576461791992,lp1,1999,2000,19.370819091796875
1997,Degree,0.02119612693786621,lp1,1999,2000,19.370819091796875
1997,Degree,0.027452468872070312,lp1,1999,2000,19.370819091796875
1997,Degree,0.02334451675415039,lp1,1999,2000,19.370819091796875
1997,Degree,0.028464078903198242,lp1,1999,2000,19.370819091796875
1997,Degree,0.02816486358642578,lp1,1999,2000,19.370819091796875
1997,Degree,0.023437023162841797,lp1,1999,2000,19.370819091796875
1997,Degree,0.02247762680053711,lp1,1999,2000,19.370819091796875
1997,Degree,0.016235828399658203,lp1,1999,2000,19.370819091796875
1997,PageRank,0.03197598457336426,lp1,1999,2000,19.370819091796875
1997,PageRank,0.03488731384277344,lp1,1999,2000,19.370819091796875
1997,PageRank,0.03415799140930176,lp1,1999,2000,19.370819091796875
1997,PageRank,0.033376216888427734,lp1,1999,2000,19.370819091796875
1997,PageRank,0.026726722717285156,lp1,1999,2000,19.370819091796875
1997,PageRank,0.028433561325073242,lp1,1999,2000,19.370819091796875
1997,PageRank,0.03720569610595703,lp1,1999,2000,19.370819091796875
1997,PageRank,0.024372577667236328,lp1,1999,2000,19.370819091796875
1997,PageRank,0.01630234718322754,lp1,1999,2000,19.370819091796875
1997,PageRank,0.016407489776611328,lp1,1999,2000,19.370819091796875
1997,PageRank,0.016667604446411133,lp1,1999,2000,19.370819091796875
1997,PageRank,0.023188352584838867,lp1,1999,2000,19.370819091796875
1997,PageRank,0.016756534576416016,lp1,1999,2000,19.370819091796875
1997,PageRank,0.024776458740234375,lp1,1999,2000,19.370819091796875
1997,PageRank,0.023747682571411133,lp1,1999,2000,19.370819091796875
1997,Closeness,0.029506206512451172,lp1,1999,2000,19.370819091796875
1997,Closeness,0.018668174743652344,lp1,1999,2000,19.370819091796875
1997,Closeness,0.016253232955932617,lp1,1999,2000,19.370819091796875
1997,Closeness,0.016887426376342773,lp1,1999,2000,19.370819091796875
1997,Closeness,0.017009735107421875,lp1,1999,2000,19.370819091796875
1997,Closeness,0.013794898986816406,lp1,1999,2000,19.370819091796875
1997,Closeness,0.01718616485595703,lp1,1999,2000,19.370819091796875
1997,Closeness,0.466780424118042,lp1,1999,2000,19.370819091796875
1997,Closeness,0.0065577030181884766,lp1,1999,2000,19.370819091796875
1997,Closeness,0.009965896606445312,lp1,1999,2000,19.370819091796875
1997,Closeness,0.008033514022827148,lp1,1999,2000,19.370819091796875
1997,Closeness,0.016744375228881836,lp1,1999,2000,19.370819091796875
1997,Closeness,0.008013725280761719,lp1,1999,2000,19.370819091796875
1997,Closeness,0.012560606002807617,lp1,1999,2000,19.370819091796875
1997,Closeness,0.008159160614013672,lp1,1999,2000,19.370819091796875
1997,Eigenvector,0.01813960075378418,lp1,1999,2000,19.370819091796875
1997,Eigenvector,0.022133827209472656,lp1,1999,2000,19.370819091796875
1997,Eigenvector,0.014836788177490234,lp1,1999,2000,19.370819091796875
1997,Eigenvector,0.018604278564453125,lp1,1999,2000,19.370819091796875
1997,Eigenvector,0.008020639419555664,lp1,1999,2000,19.370819091796875
1997,Eigenvector,0.01003408432006836,lp1,1999,2000,19.370819091796875
1997,Eigenvector,0.012542963027954102,lp1,1999,2000,19.370819091796875
1997,Eigenvector,0.010184049606323242,lp1,1999,2000,19.370819091796875
1997,Eigenvector,0.0101470947265625,lp1,1999,2000,19.370819091796875
1997,Eigenvector,0.014555692672729492,lp1,1999,2000,19.370819091796875
1997,Eigenvector,0.0074405670166015625,lp1,1999,2000,19.370819091796875
1997,Eigenvector,0.008238792419433594,lp1,1999,2000,19.370819091796875
1997,Eigenvector,0.0,lp1,1999,2000,19.370819091796875
1997,Eigenvector,0.015712261199951172,lp1,1999,2000,19.370819091796875
1997,Eigenvector,0.0,lp1,1999,2000,19.370819091796875
1997,Closeness,0.012336969375610352,lp1,1999,2000,19.370819091796875
1997,Closeness,0.010859012603759766,lp1,1999,2000,19.370819091796875
1997,Closeness,0.014737844467163086,lp1,1999,2000,19.370819091796875
1997,Closeness,0.012921810150146484,lp1,1999,2000,19.370819091796875
1997,Closeness,0.015377998352050781,lp1,1999,2000,19.370819091796875
1997,Closeness,0.014240503311157227,lp1,1999,2000,19.370819091796875
1997,Closeness,0.011817693710327148,lp1,1999,2000,19.370819091796875
1997,Closeness,0.014062881469726562,lp1,1999,2000,19.370819091796875
1997,Closeness,0.006026744842529297,lp1,1999,2000,19.370819091796875
1997,Closeness,0.0,lp1,1999,2000,19.370819091796875
1997,Closeness,0.007597923278808594,lp1,1999,2000,19.370819091796875
1997,Closeness,0.0,lp1,1999,2000,19.370819091796875
1997,Closeness,0.008425712585449219,lp1,1999,2000,19.370819091796875
1997,Closeness,0.016363859176635742,lp1,1999,2000,19.370819091796875
1997,Closeness,0.008181095123291016,lp1,1999,2000,19.370819091796875
1997,Closeness,0.009716510772705078,lp1,1999,2000,19.370819091796875
1997,Closeness,0.02445197105407715,lp1,1999,2000,19.370819091796875
1997,Closeness,0.023606300354003906,lp1,1999,2000,19.370819091796875
1997,Closeness,0.015327930450439453,lp1,1999,2000,19.370819091796875
1997,Closeness,0.014719724655151367,lp1,1999,2000,19.370819091796875
1997,Closeness,0.012444019317626953,lp1,1999,2000,19.370819091796875
1997,Closeness,0.016832828521728516,lp1,1999,2000,19.370819091796875
1997,Closeness,0.010852813720703125,lp1,1999,2000,19.370819091796875
1997,Closeness,0.005536079406738281,lp1,1999,2000,19.370819091796875
1997,Closeness,0.00151824951171875,lp1,1999,2000,19.370819091796875
1997,Closeness,0.02649855613708496,lp1,1999,2000,19.370819091796875
1997,Closeness,0.016895294189453125,lp1,1999,2000,19.370819091796875
1997,Closeness,0.026282787322998047,lp1,1999,2000,19.370819091796875
1997,Closeness,0.028270483016967773,lp1,1999,2000,19.370819091796875
1997,Closeness,0.024353742599487305,lp1,1999,2000,19.370819091796875
1997,Harmonic Centrality,0.019015073776245117,lp1,1999,2000,19.370819091796875
1997,Harmonic Centrality,0.019684314727783203,lp1,1999,2000,19.370819091796875
1997,Harmonic Centrality,0.013067960739135742,lp1,1999,2000,19.370819091796875
1997,Harmonic Centrality,0.01740550994873047,lp1,1999,2000,19.370819091796875
1997,Harmonic Centrality,0.00958561897277832,lp1,1999,2000,19.370819091796875
1997,Harmonic Centrality,0.00664067268371582,lp1,1999,2000,19.370819091796875
1997,Harmonic Centrality,0.022092580795288086,lp1,1999,2000,19.370819091796875
1997,Harmonic Centrality,0.01597881317138672,lp1,1999,2000,19.370819091796875
1997,Harmonic Centrality,0.02353811264038086,lp1,1999,2000,19.370819091796875
1997,Harmonic Centrality,0.017321348190307617,lp1,1999,2000,19.370819091796875
1997,Harmonic Centrality,0.012111186981201172,lp1,1999,2000,19.370819091796875
1997,Harmonic Centrality,0.019387245178222656,lp1,1999,2000,19.370819091796875
1997,Harmonic Centrality,0.014366388320922852,lp1,1999,2000,19.370819091796875
1997,Harmonic Centrality,0.016459226608276367,lp1,1999,2000,19.370819091796875
1997,Harmonic Centrality,0.016122817993164062,lp1,1999,2000,19.370819091796875
1997,Harmonic Centrality,0.01791071891784668,lp1,1999,2000,19.370819091796875
1997,Harmonic Centrality,0.0215909481048584,lp1,1999,2000,19.370819091796875
1997,Harmonic Centrality,0.01851487159729004,lp1,1999,2000,19.370819091796875
1997,Harmonic Centrality,0.014066219329833984,lp1,1999,2000,19.370819091796875
1997,Harmonic Centrality,0.027276277542114258,lp1,1999,2000,19.370819091796875
1997,Harmonic Centrality,0.0225222110748291,lp1,1999,2000,19.370819091796875
1997,Harmonic Centrality,0.0257110595703125,lp1,1999,2000,19.370819091796875
1997,Harmonic Centrality,0.020569801330566406,lp1,1999,2000,19.370819091796875
1997,Harmonic Centrality,0.015879392623901367,lp1,1999,2000,19.370819091796875
1997,Harmonic Centrality,0.022940874099731445,lp1,1999,2000,19.370819091796875
1997,Harmonic Centrality,0.014940977096557617,lp1,1999,2000,19.370819091796875
1997,Harmonic Centrality,0.012489557266235352,lp1,1999,2000,19.370819091796875
1997,Harmonic Centrality,0.025998592376708984,lp1,1999,2000,19.370819091796875
1997,Harmonic Centrality,0.030333757400512695,lp1,1999,2000,19.370819091796875
1997,Harmonic Centrality,0.03417778015136719,lp1,1999,2000,19.370819091796875
1997,Degree,0.048062801361083984,lp1,1999,2000,19.370819091796875
1997,Degree,0.01746344566345215,lp1,1999,2000,19.370819091796875
1997,Degree,0.018240928649902344,lp1,1999,2000,19.370819091796875
1997,Degree,0.018215179443359375,lp1,1999,2000,19.370819091796875
1997,Degree,0.026258230209350586,lp1,1999,2000,19.370819091796875
1997,Degree,0.023218393325805664,lp1,1999,2000,19.370819091796875
1997,Degree,0.025550127029418945,lp1,1999,2000,19.370819091796875
1997,Degree,0.027603864669799805,lp1,1999,2000,19.370819091796875
1997,Degree,0.024888277053833008,lp1,1999,2000,19.370819091796875
1997,Degree,0.021253108978271484,lp1,1999,2000,19.370819091796875
1997,Degree,0.02794194221496582,lp1,1999,2000,19.370819091796875
1997,Degree,0.01529240608215332,lp1,1999,2000,19.370819091796875
1997,Degree,0.02032160758972168,lp1,1999,2000,19.370819091796875
1997,Degree,0.0224912166595459,lp1,1999,2000,19.370819091796875
1997,Degree,0.032546043395996094,lp1,1999,2000,19.370819091796875
1997,Betweenness,0.023919105529785156,lp1,1999,2000,19.370819091796875
1997,Betweenness,0.024165868759155273,lp1,1999,2000,19.370819091796875
1997,Betweenness,0.025768756866455078,lp1,1999,2000,19.370819091796875
1997,Betweenness,0.023345232009887695,lp1,1999,2000,19.370819091796875
1997,Betweenness,0.02343130111694336,lp1,1999,2000,19.370819091796875
1997,Betweenness,0.023604154586791992,lp1,1999,2000,19.370819091796875
1997,Betweenness,0.012225151062011719,lp1,1999,2000,19.370819091796875
1997,Betweenness,0.015608549118041992,lp1,1999,2000,19.370819091796875
1997,Betweenness,0.0077533721923828125,lp1,1999,2000,19.370819091796875
1997,Betweenness,0.02626824378967285,lp1,1999,2000,19.370819091796875
1997,Betweenness,0.016878604888916016,lp1,1999,2000,19.370819091796875
1997,Betweenness,0.017837047576904297,lp1,1999,2000,19.370819091796875
1997,Betweenness,0.016014575958251953,lp1,1999,2000,19.370819091796875
1997,Betweenness,0.014506340026855469,lp1,1999,2000,19.370819091796875
1997,Betweenness,0.02203202247619629,lp1,1999,2000,19.370819091796875
1997,Closeness,0.02132272720336914,lp1,1999,2000,19.370819091796875
1997,Closeness,0.02177715301513672,lp1,1999,2000,19.370819091796875
1997,Closeness,0.02187657356262207,lp1,1999,2000,19.370819091796875
1997,Closeness,0.019852161407470703,lp1,1999,2000,19.370819091796875
1997,Closeness,0.08615827560424805,lp1,1999,2000,19.370819091796875
1997,Closeness,0.062491655349731445,lp1,1999,2000,19.370819091796875
1997,Closeness,0.02433156967163086,lp1,1999,2000,19.370819091796875
1997,Closeness,0.024528026580810547,lp1,1999,2000,19.370819091796875
1997,Closeness,0.018115997314453125,lp1,1999,2000,19.370819091796875
1997,Closeness,0.015920162200927734,lp1,1999,2000,19.370819091796875
1997,Closeness,0.015841960906982422,lp1,1999,2000,19.370819091796875
1997,Closeness,0.023390769958496094,lp1,1999,2000,19.370819091796875
1997,Closeness,0.0252227783203125,lp1,1999,2000,19.370819091796875
1997,Closeness,0.02606368064880371,lp1,1999,2000,19.370819091796875
1997,Closeness,0.02359628677368164,lp1,1999,2000,19.370819091796875
1997,PageRank,0.026825428009033203,lp1,1999,2000,19.370819091796875
1997,PageRank,0.022332191467285156,lp1,1999,2000,19.370819091796875
1997,PageRank,0.023221731185913086,lp1,1999,2000,19.370819091796875
1997,PageRank,0.02112555503845215,lp1,1999,2000,19.370819091796875
1997,PageRank,0.020081043243408203,lp1,1999,2000,19.370819091796875
1997,PageRank,0.020105838775634766,lp1,1999,2000,19.370819091796875
1997,PageRank,0.018738269805908203,lp1,1999,2000,19.370819091796875
1997,PageRank,0.007935523986816406,lp1,1999,2000,19.370819091796875
1997,PageRank,0.018838882446289062,lp1,1999,2000,19.370819091796875
1997,PageRank,0.0170438289642334,lp1,1999,2000,19.370819091796875
1997,PageRank,0.007199287414550781,lp1,1999,2000,19.370819091796875
1997,PageRank,0.012678146362304688,lp1,1999,2000,19.370819091796875
1997,PageRank,0.026165008544921875,lp1,1999,2000,19.370819091796875
1997,PageRank,0.013735055923461914,lp1,1999,2000,19.370819091796875
1997,PageRank,0.010560750961303711,lp1,1999,2000,19.370819091796875
1997,Degree,0.024132966995239258,lp1,1999,2000,19.370819091796875
1997,Degree,0.024486541748046875,lp1,1999,2000,19.370819091796875
1997,Degree,0.019793033599853516,lp1,1999,2000,19.370819091796875
1997,Degree,0.022269725799560547,lp1,1999,2000,19.370819091796875
1997,Degree,0.02278304100036621,lp1,1999,2000,19.370819091796875
1997,Degree,0.022276639938354492,lp1,1999,2000,19.370819091796875
1997,Degree,0.021611452102661133,lp1,1999,2000,19.370819091796875
1997,Degree,0.025056838989257812,lp1,1999,2000,19.370819091796875
1997,Degree,0.028511762619018555,lp1,1999,2000,19.370819091796875
1997,Degree,0.028023242950439453,lp1,1999,2000,19.370819091796875
1997,Degree,0.02768540382385254,lp1,1999,2000,19.370819091796875
1997,Degree,0.018121004104614258,lp1,1999,2000,19.370819091796875
1997,Degree,0.022679567337036133,lp1,1999,2000,19.370819091796875
1997,Degree,0.015049219131469727,lp1,1999,2000,19.370819091796875
1997,Degree,0.021653175354003906,lp1,1999,2000,19.370819091796875
1997,Eigenvector,0.023994922637939453,lp1,1999,2000,19.370819091796875
1997,Eigenvector,0.028534889221191406,lp1,1999,2000,19.370819091796875
1997,Eigenvector,0.027904987335205078,lp1,1999,2000,19.370819091796875
1997,Eigenvector,0.024931907653808594,lp1,1999,2000,19.370819091796875
1997,Eigenvector,0.027665138244628906,lp1,1999,2000,19.370819091796875
1997,Eigenvector,0.016095876693725586,lp1,1999,2000,19.370819091796875
1997,Eigenvector,0.014075756072998047,lp1,1999,2000,19.370819091796875
1997,Eigenvector,0.015268564224243164,lp1,1999,2000,19.370819091796875
1997,Eigenvector,0.013051033020019531,lp1,1999,2000,19.370819091796875
1997,Eigenvector,0.010620594024658203,lp1,1999,2000,19.370819091796875
1997,Eigenvector,0.022840023040771484,lp1,1999,2000,19.370819091796875
1997,Eigenvector,0.03310990333557129,lp1,1999,2000,19.370819091796875
1997,Eigenvector,0.024673938751220703,lp1,1999,2000,19.370819091796875
1997,Eigenvector,0.022307634353637695,lp1,1999,2000,19.370819091796875
1997,Eigenvector,0.023778200149536133,lp1,1999,2000,19.370819091796875
1997,Degree,0.02693629264831543,lp1,1999,2000,19.370819091796875
1997,Degree,0.04460859298706055,lp1,1999,2000,19.370819091796875
1997,Degree,0.04660654067993164,lp1,1999,2000,19.370819091796875
1997,Degree,0.04413008689880371,lp1,1999,2000,19.370819091796875
1997,Degree,0.02524876594543457,lp1,1999,2000,19.370819091796875
1997,Degree,0.020589590072631836,lp1,1999,2000,19.370819091796875
1997,Degree,0.01645374298095703,lp1,1999,2000,19.370819091796875
1997,Degree,0.007054328918457031,lp1,1999,2000,19.370819091796875
1997,Degree,0.025513410568237305,lp1,1999,2000,19.370819091796875
1997,Degree,0.025588512420654297,lp1,1999,2000,19.370819091796875
1997,Degree,0.01980733871459961,lp1,1999,2000,19.370819091796875
1997,Degree,0.016106367111206055,lp1,1999,2000,19.370819091796875
1997,Degree,0.012588739395141602,lp1,1999,2000,19.370819091796875
1997,Degree,0.015320062637329102,lp1,1999,2000,19.370819091796875
1997,Degree,0.0162656307220459,lp1,1999,2000,19.370819091796875
1997,Harmonic Centrality,0.027101516723632812,lp1,1999,2000,19.370819091796875
1997,Harmonic Centrality,0.02032017707824707,lp1,1999,2000,19.370819091796875
1997,Harmonic Centrality,0.018414735794067383,lp1,1999,2000,19.370819091796875
1997,Harmonic Centrality,0.020025253295898438,lp1,1999,2000,19.370819091796875
1997,Harmonic Centrality,0.017116069793701172,lp1,1999,2000,19.370819091796875
1997,Harmonic Centrality,0.01716446876525879,lp1,1999,2000,19.370819091796875
1997,Harmonic Centrality,0.010039091110229492,lp1,1999,2000,19.370819091796875
1997,Harmonic Centrality,0.020084857940673828,lp1,1999,2000,19.370819091796875
1997,Harmonic Centrality,0.024584531784057617,lp1,1999,2000,19.370819091796875
1997,Harmonic Centrality,0.016185760498046875,lp1,1999,2000,19.370819091796875
1997,Harmonic Centrality,0.018592357635498047,lp1,1999,2000,19.370819091796875
1997,Harmonic Centrality,0.019423961639404297,lp1,1999,2000,19.370819091796875
1997,Harmonic Centrality,0.025521278381347656,lp1,1999,2000,19.370819091796875
1997,Harmonic Centrality,0.01584935188293457,lp1,1999,2000,19.370819091796875
1997,Harmonic Centrality,0.016490936279296875,lp1,1999,2000,19.370819091796875
1997,Degree,0.02721571922302246,lp1,1999,2000,19.370819091796875
1997,Degree,0.023917436599731445,lp1,1999,2000,19.370819091796875
1997,Degree,0.021661758422851562,lp1,1999,2000,19.370819091796875
1997,Degree,0.02172541618347168,lp1,1999,2000,19.370819091796875
1997,Degree,0.01909804344177246,lp1,1999,2000,19.370819091796875
1997,Degree,0.015508413314819336,lp1,1999,2000,19.370819091796875
1997,Degree,0.023290395736694336,lp1,1999,2000,19.370819091796875
1997,Degree,0.022557973861694336,lp1,1999,2000,19.370819091796875
1997,Degree,0.022365808486938477,lp1,1999,2000,19.370819091796875
1997,Degree,0.017232894897460938,lp1,1999,2000,19.370819091796875
1997,Degree,0.016440153121948242,lp1,1999,2000,19.370819091796875
1997,Degree,0.01654958724975586,lp1,1999,2000,19.370819091796875
1997,Degree,0.008988380432128906,lp1,1999,2000,19.370819091796875
1997,Degree,0.02431511878967285,lp1,1999,2000,19.370819091796875
1997,Degree,0.01370859146118164,lp1,1999,2000,19.370819091796875
1997,Closeness,0.02440500259399414,lp1,1999,2000,19.370819091796875
1997,Closeness,0.029752492904663086,lp1,1999,2000,19.370819091796875
1997,Closeness,0.027526140213012695,lp1,1999,2000,19.370819091796875
1997,Closeness,0.028540372848510742,lp1,1999,2000,19.370819091796875
1997,Closeness,0.022444963455200195,lp1,1999,2000,19.370819091796875
1997,Closeness,0.014618873596191406,lp1,1999,2000,19.370819091796875
1997,Closeness,0.021274328231811523,lp1,1999,2000,19.370819091796875
1997,Closeness,0.016728878021240234,lp1,1999,2000,19.370819091796875
1997,Closeness,0.015771865844726562,lp1,1999,2000,19.370819091796875
1997,Closeness,0.01259922981262207,lp1,1999,2000,19.370819091796875
1997,Closeness,0.011399269104003906,lp1,1999,2000,19.370819091796875
1997,Closeness,0.01749873161315918,lp1,1999,2000,19.370819091796875
1997,Closeness,0.0140838623046875,lp1,1999,2000,19.370819091796875
1997,Closeness,0.02331686019897461,lp1,1999,2000,19.370819091796875
1997,Closeness,0.017858266830444336,lp1,1999,2000,19.370819091796875
1997,Degree,0.04082989692687988,lp1,1999,2000,19.370819091796875
1997,Degree,0.024782180786132812,lp1,1999,2000,19.370819091796875
1997,Degree,0.023729801177978516,lp1,1999,2000,19.370819091796875
1997,Degree,0.02219676971435547,lp1,1999,2000,19.370819091796875
1997,Degree,0.008292913436889648,lp1,1999,2000,19.370819091796875
1997,Degree,0.015562295913696289,lp1,1999,2000,19.370819091796875
1997,Degree,0.010604143142700195,lp1,1999,2000,19.370819091796875
1997,Degree,0.013170719146728516,lp1,1999,2000,19.370819091796875
1997,Degree,0.003559112548828125,lp1,1999,2000,19.370819091796875
1997,Degree,0.015104532241821289,lp1,1999,2000,19.370819091796875
1997,Degree,0.0127105712890625,lp1,1999,2000,19.370819091796875
1997,Degree,0.025316715240478516,lp1,1999,2000,19.370819091796875
1997,Degree,0.023342132568359375,lp1,1999,2000,19.370819091796875
1997,Degree,0.024480581283569336,lp1,1999,2000,19.370819091796875
1997,Degree,0.01462864875793457,lp1,1999,2000,19.370819091796875
1997,Katz Centrality,0.012046098709106445,lp1,1999,2000,19.370819091796875
1997,Katz Centrality,0.022734642028808594,lp1,1999,2000,19.370819091796875
1997,Katz Centrality,0.018460988998413086,lp1,1999,2000,19.370819091796875
1997,Katz Centrality,0.016809701919555664,lp1,1999,2000,19.370819091796875
1997,Katz Centrality,0.01822638511657715,lp1,1999,2000,19.370819091796875
1997,Katz Centrality,0.006170749664306641,lp1,1999,2000,19.370819091796875
1997,Katz Centrality,0.016543865203857422,lp1,1999,2000,19.370819091796875
1997,Katz Centrality,0.012035369873046875,lp1,1999,2000,19.370819091796875
1997,Katz Centrality,0.010024070739746094,lp1,1999,2000,19.370819091796875
1997,Katz Centrality,0.013928413391113281,lp1,1999,2000,19.370819091796875
1997,Katz Centrality,0.016469478607177734,lp1,1999,2000,19.370819091796875
1997,Katz Centrality,0.016717910766601562,lp1,1999,2000,19.370819091796875
1997,Katz Centrality,0.012908935546875,lp1,1999,2000,19.370819091796875
1997,Katz Centrality,0.02232813835144043,lp1,1999,2000,19.370819091796875
1997,Katz Centrality,0.02521681785583496,lp1,1999,2000,19.370819091796875
1997,Eigenvector,0.02767634391784668,lp1,1999,2000,19.370819091796875
1997,Eigenvector,0.019848346710205078,lp1,1999,2000,19.370819091796875
1997,Eigenvector,0.02096271514892578,lp1,1999,2000,19.370819091796875
1997,Eigenvector,0.01389455795288086,lp1,1999,2000,19.370819091796875
1997,Eigenvector,0.02464437484741211,lp1,1999,2000,19.370819091796875
1997,Eigenvector,0.018004417419433594,lp1,1999,2000,19.370819091796875
1997,Eigenvector,0.016348600387573242,lp1,1999,2000,19.370819091796875
1997,Eigenvector,0.014497756958007812,lp1,1999,2000,19.370819091796875
1997,Eigenvector,0.013334274291992188,lp1,1999,2000,19.370819091796875
1997,Eigenvector,0.01799321174621582,lp1,1999,2000,19.370819091796875
1997,Eigenvector,0.026067256927490234,lp1,1999,2000,19.370819091796875
1997,Eigenvector,0.027163267135620117,lp1,1999,2000,19.370819091796875
1997,Eigenvector,0.03709292411804199,lp1,1999,2000,19.370819091796875
1997,Eigenvector,0.024812698364257812,lp1,1999,2000,19.370819091796875
1997,Eigenvector,0.020345687866210938,lp1,1999,2000,19.370819091796875
1997,Harmonic Centrality,0.04580855369567871,lp1,1999,2000,19.370819091796875
1997,Harmonic Centrality,0.026167869567871094,lp1,1999,2000,19.370819091796875
1997,Harmonic Centrality,0.01810622215270996,lp1,1999,2000,19.370819091796875
1997,Harmonic Centrality,0.013575077056884766,lp1,1999,2000,19.370819091796875
1997,Harmonic Centrality,0.01766514778137207,lp1,1999,2000,19.370819091796875
1997,Harmonic Centrality,0.012054443359375,lp1,1999,2000,19.370819091796875
1997,Harmonic Centrality,0.021707773208618164,lp1,1999,2000,19.370819091796875
1997,Harmonic Centrality,0.0077228546142578125,lp1,1999,2000,19.370819091796875
1997,Harmonic Centrality,0.023520231246948242,lp1,1999,2000,19.370819091796875
1997,Harmonic Centrality,0.012392282485961914,lp1,1999,2000,19.370819091796875
1997,Harmonic Centrality,0.018027067184448242,lp1,1999,2000,19.370819091796875
1997,Harmonic Centrality,0.011635303497314453,lp1,1999,2000,19.370819091796875
1997,Harmonic Centrality,0.015619516372680664,lp1,1999,2000,19.370819091796875
1997,Harmonic Centrality,0.015542745590209961,lp1,1999,2000,19.370819091796875
1997,Harmonic Centrality,0.014768362045288086,lp1,1999,2000,19.370819091796875
1820,Katz Centrality,0.11084985733032227,MISKnowledgeMap,28511,2427,301.68786001205444
1852,Katz Centrality,0.07592320442199707,MISKnowledgeMap,28511,2427,301.68786001205444
2044,Katz Centrality,0.08950233459472656,MISKnowledgeMap,28511,2427,301.68786001205444
1950,Katz Centrality,0.08773994445800781,MISKnowledgeMap,28511,2427,301.68786001205444
1904,Katz Centrality,0.09816765785217285,MISKnowledgeMap,28511,2427,301.68786001205444
1938,Katz Centrality,0.8228597640991211,MISKnowledgeMap,28511,2427,301.68786001205444
2011,Katz Centrality,0.13467717170715332,MISKnowledgeMap,28511,2427,301.68786001205444
2026,Katz Centrality,0.057016849517822266,MISKnowledgeMap,28511,2427,301.68786001205444
1722,Katz Centrality,0.09733963012695312,MISKnowledgeMap,28511,2427,301.68786001205444
1797,Katz Centrality,0.09646463394165039,MISKnowledgeMap,28511,2427,301.68786001205444
1774,Katz Centrality,0.09734344482421875,MISKnowledgeMap,28511,2427,301.68786001205444
1790,Katz Centrality,0.144134521484375,MISKnowledgeMap,28511,2427,301.68786001205444
2001,Katz Centrality,0.10726141929626465,MISKnowledgeMap,28511,2427,301.68786001205444
1934,Katz Centrality,0.06409549713134766,MISKnowledgeMap,28511,2427,301.68786001205444
1987,Katz Centrality,0.06668663024902344,MISKnowledgeMap,28511,2427,301.68786001205444
1766,Harmonic Centrality,0.0872342586517334,MISKnowledgeMap,28511,2427,301.68786001205444
1799,Harmonic Centrality,0.06199479103088379,MISKnowledgeMap,28511,2427,301.68786001205444
1915,Harmonic Centrality,0.059854984283447266,MISKnowledgeMap,28511,2427,301.68786001205444
1849,Harmonic Centrality,0.058210134506225586,MISKnowledgeMap,28511,2427,301.68786001205444
1928,Harmonic Centrality,0.09608960151672363,MISKnowledgeMap,28511,2427,301.68786001205444
1882,Harmonic Centrality,0.08095669746398926,MISKnowledgeMap,28511,2427,301.68786001205444
1926,Harmonic Centrality,0.10606646537780762,MISKnowledgeMap,28511,2427,301.68786001205444
1952,Harmonic Centrality,0.05503129959106445,MISKnowledgeMap,28511,2427,301.68786001205444
1719,Harmonic Centrality,0.05002617835998535,MISKnowledgeMap,28511,2427,301.68786001205444
1987,Harmonic Centrality,0.10419893264770508,MISKnowledgeMap,28511,2427,301.68786001205444
1875,Harmonic Centrality,0.05677008628845215,MISKnowledgeMap,28511,2427,301.68786001205444
1946,Harmonic Centrality,0.1705915927886963,MISKnowledgeMap,28511,2427,301.68786001205444
2015,Harmonic Centrality,0.0790107250213623,MISKnowledgeMap,28511,2427,301.68786001205444
1926,Harmonic Centrality,0.08480048179626465,MISKnowledgeMap,28511,2427,301.68786001205444
1917,Harmonic Centrality,0.11078548431396484,MISKnowledgeMap,28511,2427,301.68786001205444
1896,Eigenvector,0.11496591567993164,MISKnowledgeMap,28511,2427,301.68786001205444
1970,Eigenvector,0.12201380729675293,MISKnowledgeMap,28511,2427,301.68786001205444
1904,Eigenvector,0.09992051124572754,MISKnowledgeMap,28511,2427,301.68786001205444
1843,Eigenvector,0.10310816764831543,MISKnowledgeMap,28511,2427,301.68786001205444
2033,Eigenvector,0.07036328315734863,MISKnowledgeMap,28511,2427,301.68786001205444
1923,Eigenvector,0.06459927558898926,MISKnowledgeMap,28511,2427,301.68786001205444
1841,Eigenvector,0.0717461109161377,MISKnowledgeMap,28511,2427,301.68786001205444
1764,Eigenvector,0.23355484008789062,MISKnowledgeMap,28511,2427,301.68786001205444
1976,Eigenvector,0.1710832118988037,MISKnowledgeMap,28511,2427,301.68786001205444
1691,Eigenvector,0.10179471969604492,MISKnowledgeMap,28511,2427,301.68786001205444
1876,Eigenvector,0.10608911514282227,MISKnowledgeMap,28511,2427,301.68786001205444
1980,Eigenvector,0.10548067092895508,MISKnowledgeMap,28511,2427,301.68786001205444
1930,Eigenvector,1.3563892841339111,MISKnowledgeMap,28511,2427,301.68786001205444
1866,Eigenvector,0.07904577255249023,MISKnowledgeMap,28511,2427,301.68786001205444
1865,Eigenvector,0.12796735763549805,MISKnowledgeMap,28511,2427,301.68786001205444
1987,Betweenness,0.1509110927581787,MISKnowledgeMap,28511,2427,301.68786001205444
2060,Betweenness,0.11305451393127441,MISKnowledgeMap,28511,2427,301.68786001205444
1691,Betweenness,0.0804452896118164,MISKnowledgeMap,28511,2427,301.68786001205444
2060,Betweenness,0.09759044647216797,MISKnowledgeMap,28511,2427,301.68786001205444
1938,Betweenness,0.20345234870910645,MISKnowledgeMap,28511,2427,301.68786001205444
1738,Betweenness,0.08025217056274414,MISKnowledgeMap,28511,2427,301.68786001205444
1952,Betweenness,1.367673397064209,MISKnowledgeMap,28511,2427,301.68786001205444
1846,Betweenness,0.05597567558288574,MISKnowledgeMap,28511,2427,301.68786001205444
1853,Betweenness,0.1115109920501709,MISKnowledgeMap,28511,2427,301.68786001205444
2021,Betweenness,0.09380102157592773,MISKnowledgeMap,28511,2427,301.68786001205444
2006,Betweenness,0.08764219284057617,MISKnowledgeMap,28511,2427,301.68786001205444
1818,Betweenness,0.0873103141784668,MISKnowledgeMap,28511,2427,301.68786001205444
1871,Betweenness,0.1345510482788086,MISKnowledgeMap,28511,2427,301.68786001205444
1851,Betweenness,0.1089935302734375,MISKnowledgeMap,28511,2427,301.68786001205444
1994,Betweenness,0.08765864372253418,MISKnowledgeMap,28511,2427,301.68786001205444
1952,Degree,0.17388486862182617,MISKnowledgeMap,28511,2427,301.68786001205444
1951,Degree,0.07254600524902344,MISKnowledgeMap,28511,2427,301.68786001205444
1783,Degree,0.04843473434448242,MISKnowledgeMap,28511,2427,301.68786001205444
1964,Degree,0.142059326171875,MISKnowledgeMap,28511,2427,301.68786001205444
1786,Degree,0.08917570114135742,MISKnowledgeMap,28511,2427,301.68786001205444
1884,Degree,0.06916165351867676,MISKnowledgeMap,28511,2427,301.68786001205444
1729,Degree,0.0644993782043457,MISKnowledgeMap,28511,2427,301.68786001205444
1712,Degree,0.0789337158203125,MISKnowledgeMap,28511,2427,301.68786001205444
1852,Degree,0.0810236930847168,MISKnowledgeMap,28511,2427,301.68786001205444
1837,Degree,0.08885359764099121,MISKnowledgeMap,28511,2427,301.68786001205444
1844,Degree,0.048821449279785156,MISKnowledgeMap,28511,2427,301.68786001205444
1989,Degree,0.10776066780090332,MISKnowledgeMap,28511,2427,301.68786001205444
1817,Degree,0.1430974006652832,MISKnowledgeMap,28511,2427,301.68786001205444
1951,Degree,0.0978543758392334,MISKnowledgeMap,28511,2427,301.68786001205444
1807,Degree,0.09824299812316895,MISKnowledgeMap,28511,2427,301.68786001205444
2041,PageRank,0.1359851360321045,MISKnowledgeMap,28511,2427,301.68786001205444
1959,PageRank,0.09523916244506836,MISKnowledgeMap,28511,2427,301.68786001205444
1869,PageRank,0.0686030387878418,MISKnowledgeMap,28511,2427,301.68786001205444
1766,PageRank,0.05590701103210449,MISKnowledgeMap,28511,2427,301.68786001205444
1878,PageRank,0.048406362533569336,MISKnowledgeMap,28511,2427,301.68786001205444
1935,PageRank,0.06816625595092773,MISKnowledgeMap,28511,2427,301.68786001205444
2088,PageRank,0.054019927978515625,MISKnowledgeMap,28511,2427,301.68786001205444
1904,PageRank,0.057360172271728516,MISKnowledgeMap,28511,2427,301.68786001205444
1755,PageRank,0.1002957820892334,MISKnowledgeMap,28511,2427,301.68786001205444
1749,PageRank,0.13944125175476074,MISKnowledgeMap,28511,2427,301.68786001205444
1964,PageRank,0.11305117607116699,MISKnowledgeMap,28511,2427,301.68786001205444
1853,PageRank,0.13842368125915527,MISKnowledgeMap,28511,2427,301.68786001205444
1890,PageRank,0.14507246017456055,MISKnowledgeMap,28511,2427,301.68786001205444
1948,PageRank,0.11602973937988281,MISKnowledgeMap,28511,2427,301.68786001205444
1856,PageRank,0.09033083915710449,MISKnowledgeMap,28511,2427,301.68786001205444
1858,Eigenvector,0.11431431770324707,MISKnowledgeMap,28511,2427,301.68786001205444
1758,Eigenvector,0.056575775146484375,MISKnowledgeMap,28511,2427,301.68786001205444
1778,Eigenvector,0.0654745101928711,MISKnowledgeMap,28511,2427,301.68786001205444
1944,Eigenvector,0.05377697944641113,MISKnowledgeMap,28511,2427,301.68786001205444
1861,Eigenvector,0.0773472785949707,MISKnowledgeMap,28511,2427,301.68786001205444
1952,Eigenvector,0.054749250411987305,MISKnowledgeMap,28511,2427,301.68786001205444
1954,Eigenvector,0.08110332489013672,MISKnowledgeMap,28511,2427,301.68786001205444
1820,Eigenvector,0.04858088493347168,MISKnowledgeMap,28511,2427,301.68786001205444
1783,Eigenvector,0.055511474609375,MISKnowledgeMap,28511,2427,301.68786001205444
2018,Eigenvector,0.054143428802490234,MISKnowledgeMap,28511,2427,301.68786001205444
1938,Eigenvector,0.08605074882507324,MISKnowledgeMap,28511,2427,301.68786001205444
1878,Eigenvector,0.04266238212585449,MISKnowledgeMap,28511,2427,301.68786001205444
1719,Eigenvector,0.0713646411895752,MISKnowledgeMap,28511,2427,301.68786001205444
1843,Eigenvector,0.1053624153137207,MISKnowledgeMap,28511,2427,301.68786001205444
1900,Eigenvector,0.2100996971130371,MISKnowledgeMap,28511,2427,301.68786001205444
2044,Eigenvector,0.16290831565856934,MISKnowledgeMap,28511,2427,301.68786001205444
1836,Eigenvector,0.12552428245544434,MISKnowledgeMap,28511,2427,301.68786001205444
1998,Eigenvector,0.10487008094787598,MISKnowledgeMap,28511,2427,301.68786001205444
2067,Eigenvector,0.0922536849975586,MISKnowledgeMap,28511,2427,301.68786001205444
2025,Eigenvector,0.059098243713378906,MISKnowledgeMap,28511,2427,301.68786001205444
1926,Eigenvector,0.08018088340759277,MISKnowledgeMap,28511,2427,301.68786001205444
1880,Eigenvector,0.059407949447631836,MISKnowledgeMap,28511,2427,301.68786001205444
1897,Eigenvector,0.18292737007141113,MISKnowledgeMap,28511,2427,301.68786001205444
1957,Eigenvector,0.12894749641418457,MISKnowledgeMap,28511,2427,301.68786001205444
1921,Eigenvector,0.1034703254699707,MISKnowledgeMap,28511,2427,301.68786001205444
1843,Eigenvector,0.12065649032592773,MISKnowledgeMap,28511,2427,301.68786001205444
1765,Eigenvector,0.12473201751708984,MISKnowledgeMap,28511,2427,301.68786001205444
1899,Eigenvector,0.07544636726379395,MISKnowledgeMap,28511,2427,301.68786001205444
1788,Eigenvector,0.08897781372070312,MISKnowledgeMap,28511,2427,301.68786001205444
1881,Eigenvector,0.11517691612243652,MISKnowledgeMap,28511,2427,301.68786001205444
1901,Closeness,0.22913408279418945,MISKnowledgeMap,28511,2427,301.68786001205444
1849,Closeness,0.11619281768798828,MISKnowledgeMap,28511,2427,301.68786001205444
1905,Closeness,0.06942391395568848,MISKnowledgeMap,28511,2427,301.68786001205444
2043,Closeness,0.07144761085510254,MISKnowledgeMap,28511,2427,301.68786001205444
1843,Closeness,0.10842061042785645,MISKnowledgeMap,28511,2427,301.68786001205444
1765,Closeness,0.0941312313079834,MISKnowledgeMap,28511,2427,301.68786001205444
1815,Closeness,0.09135961532592773,MISKnowledgeMap,28511,2427,301.68786001205444
1999,Closeness,0.08563756942749023,MISKnowledgeMap,28511,2427,301.68786001205444
1969,Closeness,0.09121227264404297,MISKnowledgeMap,28511,2427,301.68786001205444
1922,Closeness,0.0814971923828125,MISKnowledgeMap,28511,2427,301.68786001205444
1868,Closeness,0.06401896476745605,MISKnowledgeMap,28511,2427,301.68786001205444
1911,Closeness,0.04714703559875488,MISKnowledgeMap,28511,2427,301.68786001205444
1968,Closeness,0.06419634819030762,MISKnowledgeMap,28511,2427,301.68786001205444
1984,Closeness,0.057042837142944336,MISKnowledgeMap,28511,2427,301.68786001205444
1899,Closeness,0.056406497955322266,MISKnowledgeMap,28511,2427,301.68786001205444
2022,Harmonic Centrality,0.11473226547241211,MISKnowledgeMap,28511,2427,301.68786001205444
1917,Harmonic Centrality,0.13825130462646484,MISKnowledgeMap,28511,2427,301.68786001205444
1806,Harmonic Centrality,0.0851438045501709,MISKnowledgeMap,28511,2427,301.68786001205444
2002,Harmonic Centrality,0.04833245277404785,MISKnowledgeMap,28511,2427,301.68786001205444
2001,Harmonic Centrality,0.09595298767089844,MISKnowledgeMap,28511,2427,301.68786001205444
1882,Harmonic Centrality,0.08008122444152832,MISKnowledgeMap,28511,2427,301.68786001205444
1923,Harmonic Centrality,0.08826851844787598,MISKnowledgeMap,28511,2427,301.68786001205444
1972,Harmonic Centrality,0.06078362464904785,MISKnowledgeMap,28511,2427,301.68786001205444
2042,Harmonic Centrality,0.07572317123413086,MISKnowledgeMap,28511,2427,301.68786001205444
1824,Harmonic Centrality,0.05678081512451172,MISKnowledgeMap,28511,2427,301.68786001205444
1793,Harmonic Centrality,0.060140132904052734,MISKnowledgeMap,28511,2427,301.68786001205444
1879,Harmonic Centrality,0.09634208679199219,MISKnowledgeMap,28511,2427,301.68786001205444
1906,Harmonic Centrality,0.08907222747802734,MISKnowledgeMap,28511,2427,301.68786001205444
1863,Harmonic Centrality,0.09660196304321289,MISKnowledgeMap,28511,2427,301.68786001205444
1815,Harmonic Centrality,0.04664468765258789,MISKnowledgeMap,28511,2427,301.68786001205444
1791,Betweenness,0.07932376861572266,MISKnowledgeMap,28511,2427,301.68786001205444
1766,Betweenness,0.14108991622924805,MISKnowledgeMap,28511,2427,301.68786001205444
1863,Betweenness,0.07044148445129395,MISKnowledgeMap,28511,2427,301.68786001205444
1999,Betweenness,0.09304094314575195,MISKnowledgeMap,28511,2427,301.68786001205444
1809,Betweenness,0.15655303001403809,MISKnowledgeMap,28511,2427,301.68786001205444
1854,Betweenness,0.08678889274597168,MISKnowledgeMap,28511,2427,301.68786001205444
1955,Betweenness,0.08076930046081543,MISKnowledgeMap,28511,2427,301.68786001205444
1999,Betweenness,0.04845905303955078,MISKnowledgeMap,28511,2427,301.68786001205444
1950,Betweenness,0.07251715660095215,MISKnowledgeMap,28511,2427,301.68786001205444
2001,Betweenness,0.08120536804199219,MISKnowledgeMap,28511,2427,301.68786001205444
1994,Betweenness,0.08582639694213867,MISKnowledgeMap,28511,2427,301.68786001205444
1717,Betweenness,0.10435962677001953,MISKnowledgeMap,28511,2427,301.68786001205444
1806,Betweenness,0.07296299934387207,MISKnowledgeMap,28511,2427,301.68786001205444
1919,Betweenness,0.09790325164794922,MISKnowledgeMap,28511,2427,301.68786001205444
1877,Betweenness,0.09351944923400879,MISKnowledgeMap,28511,2427,301.68786001205444
1934,Degree,0.22944903373718262,MISKnowledgeMap,28511,2427,301.68786001205444
1917,Degree,0.09079480171203613,MISKnowledgeMap,28511,2427,301.68786001205444
1925,Degree,0.10627365112304688,MISKnowledgeMap,28511,2427,301.68786001205444
1961,Degree,0.13779449462890625,MISKnowledgeMap,28511,2427,301.68786001205444
2004,Degree,0.10616207122802734,MISKnowledgeMap,28511,2427,301.68786001205444
1747,Degree,0.08443975448608398,MISKnowledgeMap,28511,2427,301.68786001205444
2004,Degree,0.08224987983703613,MISKnowledgeMap,28511,2427,301.68786001205444
1922,Degree,0.166792631149292,MISKnowledgeMap,28511,2427,301.68786001205444
2082,Degree,0.0652768611907959,MISKnowledgeMap,28511,2427,301.68786001205444
1875,Degree,0.07968020439147949,MISKnowledgeMap,28511,2427,301.68786001205444
1932,Degree,0.05547142028808594,MISKnowledgeMap,28511,2427,301.68786001205444
1964,Degree,0.05000019073486328,MISKnowledgeMap,28511,2427,301.68786001205444
1958,Degree,0.06664657592773438,MISKnowledgeMap,28511,2427,301.68786001205444
1943,Degree,0.054943084716796875,MISKnowledgeMap,28511,2427,301.68786001205444
1820,Degree,0.12135744094848633,MISKnowledgeMap,28511,2427,301.68786001205444
1994,Eigenvector,0.1793522834777832,MISKnowledgeMap,28511,2427,301.68786001205444
1996,Eigenvector,0.07374358177185059,MISKnowledgeMap,28511,2427,301.68786001205444
1940,Eigenvector,0.07683682441711426,MISKnowledgeMap,28511,2427,301.68786001205444
1821,Eigenvector,0.10311603546142578,MISKnowledgeMap,28511,2427,301.68786001205444
1884,Eigenvector,0.10021805763244629,MISKnowledgeMap,28511,2427,301.68786001205444
1869,Eigenvector,0.08773159980773926,MISKnowledgeMap,28511,2427,301.68786001205444
1739,Eigenvector,0.07317328453063965,MISKnowledgeMap,28511,2427,301.68786001205444
2047,Eigenvector,0.08104157447814941,MISKnowledgeMap,28511,2427,301.68786001205444
1899,Eigenvector,0.08980083465576172,MISKnowledgeMap,28511,2427,301.68786001205444
2067,Eigenvector,0.10418391227722168,MISKnowledgeMap,28511,2427,301.68786001205444
1828,Eigenvector,0.049840450286865234,MISKnowledgeMap,28511,2427,301.68786001205444
1794,Eigenvector,0.0958404541015625,MISKnowledgeMap,28511,2427,301.68786001205444
1904,Eigenvector,0.06683635711669922,MISKnowledgeMap,28511,2427,301.68786001205444
1916,Eigenvector,0.06988692283630371,MISKnowledgeMap,28511,2427,301.68786001205444
1953,Eigenvector,0.08011484146118164,MISKnowledgeMap,28511,2427,301.68786001205444
1911,PageRank,0.15219855308532715,MISKnowledgeMap,28511,2427,301.68786001205444
1784,PageRank,0.10661649703979492,MISKnowledgeMap,28511,2427,301.68786001205444
1901,PageRank,0.07799386978149414,MISKnowledgeMap,28511,2427,301.68786001205444
1960,PageRank,0.0837855339050293,MISKnowledgeMap,28511,2427,301.68786001205444
1986,PageRank,0.07410478591918945,MISKnowledgeMap,28511,2427,301.68786001205444
2066,PageRank,0.06191444396972656,MISKnowledgeMap,28511,2427,301.68786001205444
1729,PageRank,0.0726015567779541,MISKnowledgeMap,28511,2427,301.68786001205444
1760,PageRank,0.08123517036437988,MISKnowledgeMap,28511,2427,301.68786001205444
1839,PageRank,0.08058381080627441,MISKnowledgeMap,28511,2427,301.68786001205444
1817,PageRank,0.1080014705657959,MISKnowledgeMap,28511,2427,301.68786001205444
1719,PageRank,0.07661581039428711,MISKnowledgeMap,28511,2427,301.68786001205444
1877,PageRank,0.10415816307067871,MISKnowledgeMap,28511,2427,301.68786001205444
1912,PageRank,0.0764312744140625,MISKnowledgeMap,28511,2427,301.68786001205444
2031,PageRank,0.0713963508605957,MISKnowledgeMap,28511,2427,301.68786001205444
1720,PageRank,0.05630850791931152,MISKnowledgeMap,28511,2427,301.68786001205444
1818,Degree,0.09776186943054199,MISKnowledgeMap,28511,2427,301.68786001205444
1929,Degree,0.10733270645141602,MISKnowledgeMap,28511,2427,301.68786001205444
1933,Degree,0.10956740379333496,MISKnowledgeMap,28511,2427,301.68786001205444
1875,Degree,0.10784506797790527,MISKnowledgeMap,28511,2427,301.68786001205444
1971,Degree,0.06962132453918457,MISKnowledgeMap,28511,2427,301.68786001205444
1762,Degree,0.11587977409362793,MISKnowledgeMap,28511,2427,301.68786001205444
2034,Degree,0.10740470886230469,MISKnowledgeMap,28511,2427,301.68786001205444
2041,Degree,0.1109004020690918,MISKnowledgeMap,28511,2427,301.68786001205444
1807,Degree,0.09106802940368652,MISKnowledgeMap,28511,2427,301.68786001205444
1963,Degree,0.10533308982849121,MISKnowledgeMap,28511,2427,301.68786001205444
1851,Degree,0.09702301025390625,MISKnowledgeMap,28511,2427,301.68786001205444
1913,Degree,0.11024665832519531,MISKnowledgeMap,28511,2427,301.68786001205444
1844,Degree,0.08502697944641113,MISKnowledgeMap,28511,2427,301.68786001205444
1824,Degree,0.06657528877258301,MISKnowledgeMap,28511,2427,301.68786001205444
2087,Degree,0.09996604919433594,MISKnowledgeMap,28511,2427,301.68786001205444
1824,Katz Centrality,0.1256265640258789,MISKnowledgeMap,28511,2427,301.68786001205444
1970,Katz Centrality,0.06494784355163574,MISKnowledgeMap,28511,2427,301.68786001205444
1985,Katz Centrality,0.0903017520904541,MISKnowledgeMap,28511,2427,301.68786001205444
1968,Katz Centrality,0.11366128921508789,MISKnowledgeMap,28511,2427,301.68786001205444
1963,Katz Centrality,0.06213974952697754,MISKnowledgeMap,28511,2427,301.68786001205444
1745,Katz Centrality,0.08131003379821777,MISKnowledgeMap,28511,2427,301.68786001205444
1797,Katz Centrality,0.10288763046264648,MISKnowledgeMap,28511,2427,301.68786001205444
1955,Katz Centrality,0.11300110816955566,MISKnowledgeMap,28511,2427,301.68786001205444
1985,Katz Centrality,0.2170414924621582,MISKnowledgeMap,28511,2427,301.68786001205444
1890,Katz Centrality,0.13523173332214355,MISKnowledgeMap,28511,2427,301.68786001205444
1806,Katz Centrality,0.12153363227844238,MISKnowledgeMap,28511,2427,301.68786001205444
1873,Katz Centrality,0.124755859375,MISKnowledgeMap,28511,2427,301.68786001205444
1820,Katz Centrality,0.13483357429504395,MISKnowledgeMap,28511,2427,301.68786001205444
1928,Katz Centrality,0.13340377807617188,MISKnowledgeMap,28511,2427,301.68786001205444
1993,Katz Centrality,0.09559774398803711,MISKnowledgeMap,28511,2427,301.68786001205444
1791,Harmonic Centrality,0.09144473075866699,MISKnowledgeMap,28511,2427,301.68786001205444
1738,Harmonic Centrality,0.14136242866516113,MISKnowledgeMap,28511,2427,301.68786001205444
1809,Harmonic Centrality,0.0814523696899414,MISKnowledgeMap,28511,2427,301.68786001205444
1907,Harmonic Centrality,0.08510494232177734,MISKnowledgeMap,28511,2427,301.68786001205444
1821,Harmonic Centrality,0.09865069389343262,MISKnowledgeMap,28511,2427,301.68786001205444
1854,Harmonic Centrality,0.06229400634765625,MISKnowledgeMap,28511,2427,301.68786001205444
2013,Harmonic Centrality,0.05630087852478027,MISKnowledgeMap,28511,2427,301.68786001205444
2006,Harmonic Centrality,0.06171703338623047,MISKnowledgeMap,28511,2427,301.68786001205444
1790,Harmonic Centrality,0.13103008270263672,MISKnowledgeMap,28511,2427,301.68786001205444
1852,Harmonic Centrality,0.10457062721252441,MISKnowledgeMap,28511,2427,301.68786001205444
1831,Harmonic Centrality,0.09854364395141602,MISKnowledgeMap,28511,2427,301.68786001205444
1884,Harmonic Centrality,0.0803079605102539,MISKnowledgeMap,28511,2427,301.68786001205444
1690,Harmonic Centrality,0.09568071365356445,MISKnowledgeMap,28511,2427,301.68786001205444
2020,Harmonic Centrality,0.07492733001708984,MISKnowledgeMap,28511,2427,301.68786001205444
2025,Harmonic Centrality,0.08300185203552246,MISKnowledgeMap,28511,2427,301.68786001205444
1814,Katz Centrality,0.10416078567504883,MISKnowledgeMap,28511,2427,301.68786001205444
1933,Katz Centrality,0.09726142883300781,MISKnowledgeMap,28511,2427,301.68786001205444
1938,Katz Centrality,0.12017679214477539,MISKnowledgeMap,28511,2427,301.68786001205444
1952,Katz Centrality,0.11252093315124512,MISKnowledgeMap,28511,2427,301.68786001205444
1971,Katz Centrality,0.12111735343933105,MISKnowledgeMap,28511,2427,301.68786001205444
1980,Katz Centrality,0.11673116683959961,MISKnowledgeMap,28511,2427,301.68786001205444
1881,Katz Centrality,0.11655187606811523,MISKnowledgeMap,28511,2427,301.68786001205444
1779,Katz Centrality,0.07442331314086914,MISKnowledgeMap,28511,2427,301.68786001205444
1736,Katz Centrality,0.13088274002075195,MISKnowledgeMap,28511,2427,301.68786001205444
1956,Katz Centrality,0.12029218673706055,MISKnowledgeMap,28511,2427,301.68786001205444
1708,Katz Centrality,0.10268926620483398,MISKnowledgeMap,28511,2427,301.68786001205444
1872,Katz Centrality,0.11607885360717773,MISKnowledgeMap,28511,2427,301.68786001205444
1923,Katz Centrality,0.08605003356933594,MISKnowledgeMap,28511,2427,301.68786001205444
1887,Katz Centrality,0.11658644676208496,MISKnowledgeMap,28511,2427,301.68786001205444
1748,Katz Centrality,0.09680843353271484,MISKnowledgeMap,28511,2427,301.68786001205444
1856,Eigenvector,0.0961923599243164,MISKnowledgeMap,28511,2427,301.68786001205444
1940,Eigenvector,0.10135555267333984,MISKnowledgeMap,28511,2427,301.68786001205444
1810,Eigenvector,0.09239339828491211,MISKnowledgeMap,28511,2427,301.68786001205444
1810,Eigenvector,0.11649513244628906,MISKnowledgeMap,28511,2427,301.68786001205444
1953,Eigenvector,0.17517447471618652,MISKnowledgeMap,28511,2427,301.68786001205444
1817,Eigenvector,0.1286020278930664,MISKnowledgeMap,28511,2427,301.68786001205444
1727,Eigenvector,0.1283106803894043,MISKnowledgeMap,28511,2427,301.68786001205444
1884,Eigenvector,0.11026525497436523,MISKnowledgeMap,28511,2427,301.68786001205444
1760,Eigenvector,0.14909815788269043,MISKnowledgeMap,28511,2427,301.68786001205444
1801,Eigenvector,0.11416935920715332,MISKnowledgeMap,28511,2427,301.68786001205444
1952,Eigenvector,0.17964935302734375,MISKnowledgeMap,28511,2427,301.68786001205444
1781,Eigenvector,0.1456599235534668,MISKnowledgeMap,28511,2427,301.68786001205444
1918,Eigenvector,0.13004803657531738,MISKnowledgeMap,28511,2427,301.68786001205444
2028,Eigenvector,0.11163115501403809,MISKnowledgeMap,28511,2427,301.68786001205444
1928,Eigenvector,0.10481071472167969,MISKnowledgeMap,28511,2427,301.68786001205444
1903,Degree,0.12026548385620117,MISKnowledgeMap,28511,2427,301.68786001205444
2055,Degree,0.08185911178588867,MISKnowledgeMap,28511,2427,301.68786001205444
1766,Degree,0.12877607345581055,MISKnowledgeMap,28511,2427,301.68786001205444
1974,Degree,0.13186383247375488,MISKnowledgeMap,28511,2427,301.68786001205444
1701,Degree,0.0899350643157959,MISKnowledgeMap,28511,2427,301.68786001205444
1761,Degree,0.08230733871459961,MISKnowledgeMap,28511,2427,301.68786001205444
1834,Degree,0.09698057174682617,MISKnowledgeMap,28511,2427,301.68786001205444
2086,Degree,0.11150503158569336,MISKnowledgeMap,28511,2427,301.68786001205444
1816,Degree,0.12456083297729492,MISKnowledgeMap,28511,2427,301.68786001205444
1907,Degree,0.08093833923339844,MISKnowledgeMap,28511,2427,301.68786001205444
1951,Degree,0.07069921493530273,MISKnowledgeMap,28511,2427,301.68786001205444
1894,Degree,0.0869295597076416,MISKnowledgeMap,28511,2427,301.68786001205444
1776,Degree,0.07285690307617188,MISKnowledgeMap,28511,2427,301.68786001205444
2041,Degree,0.1312255859375,MISKnowledgeMap,28511,2427,301.68786001205444
1854,Degree,0.11978292465209961,MISKnowledgeMap,28511,2427,301.68786001205444
1947,Katz Centrality,0.20662689208984375,MISKnowledgeMap,28511,2427,301.68786001205444
2036,Katz Centrality,0.16987395286560059,MISKnowledgeMap,28511,2427,301.68786001205444
1937,Katz Centrality,0.17676901817321777,MISKnowledgeMap,28511,2427,301.68786001205444
1865,Katz Centrality,0.16682147979736328,MISKnowledgeMap,28511,2427,301.68786001205444
1734,Katz Centrality,0.15276312828063965,MISKnowledgeMap,28511,2427,301.68786001205444
1920,Katz Centrality,0.1300663948059082,MISKnowledgeMap,28511,2427,301.68786001205444
1843,Katz Centrality,0.20595765113830566,MISKnowledgeMap,28511,2427,301.68786001205444
1984,Katz Centrality,0.14063739776611328,MISKnowledgeMap,28511,2427,301.68786001205444
1879,Katz Centrality,0.11386322975158691,MISKnowledgeMap,28511,2427,301.68786001205444
1905,Katz Centrality,0.13059210777282715,MISKnowledgeMap,28511,2427,301.68786001205444
1948,Katz Centrality,0.11348772048950195,MISKnowledgeMap,28511,2427,301.68786001205444
1813,Katz Centrality,0.12213826179504395,MISKnowledgeMap,28511,2427,301.68786001205444
1881,Katz Centrality,0.14028334617614746,MISKnowledgeMap,28511,2427,301.68786001205444
1933,Katz Centrality,0.14679241180419922,MISKnowledgeMap,28511,2427,301.68786001205444
1802,Katz Centrality,0.11504316329956055,MISKnowledgeMap,28511,2427,301.68786001205444
1838,Harmonic Centrality,0.19463634490966797,MISKnowledgeMap,28511,2427,301.68786001205444
1841,Harmonic Centrality,0.1600208282470703,MISKnowledgeMap,28511,2427,301.68786001205444
1795,Harmonic Centrality,0.1551344394683838,MISKnowledgeMap,28511,2427,301.68786001205444
1777,Harmonic Centrality,0.15262627601623535,MISKnowledgeMap,28511,2427,301.68786001205444
1788,Harmonic Centrality,0.16277766227722168,MISKnowledgeMap,28511,2427,301.68786001205444
1832,Harmonic Centrality,0.14455103874206543,MISKnowledgeMap,28511,2427,301.68786001205444
1944,Harmonic Centrality,0.12257027626037598,MISKnowledgeMap,28511,2427,301.68786001205444
2012,Harmonic Centrality,0.1152493953704834,MISKnowledgeMap,28511,2427,301.68786001205444
1906,Harmonic Centrality,0.12348723411560059,MISKnowledgeMap,28511,2427,301.68786001205444
1950,Harmonic Centrality,0.1248176097869873,MISKnowledgeMap,28511,2427,301.68786001205444
1872,Harmonic Centrality,0.142913818359375,MISKnowledgeMap,28511,2427,301.68786001205444
1922,Harmonic Centrality,0.11970973014831543,MISKnowledgeMap,28511,2427,301.68786001205444
1924,Harmonic Centrality,0.11336660385131836,MISKnowledgeMap,28511,2427,301.68786001205444
1818,Harmonic Centrality,0.15362286567687988,MISKnowledgeMap,28511,2427,301.68786001205444
1868,Harmonic Centrality,0.18325352668762207,MISKnowledgeMap,28511,2427,301.68786001205444
1829,Eigenvector,0.30707859992980957,MISKnowledgeMap,28511,2427,301.68786001205444
1905,Eigenvector,0.14528489112854004,MISKnowledgeMap,28511,2427,301.68786001205444
1913,Eigenvector,0.19710731506347656,MISKnowledgeMap,28511,2427,301.68786001205444
1771,Eigenvector,0.2148878574371338,MISKnowledgeMap,28511,2427,301.68786001205444
1982,Eigenvector,0.11658310890197754,MISKnowledgeMap,28511,2427,301.68786001205444
1867,Eigenvector,0.12525105476379395,MISKnowledgeMap,28511,2427,301.68786001205444
1827,Eigenvector,0.14043259620666504,MISKnowledgeMap,28511,2427,301.68786001205444
1956,Eigenvector,0.19407081604003906,MISKnowledgeMap,28511,2427,301.68786001205444
1871,Eigenvector,0.15685129165649414,MISKnowledgeMap,28511,2427,301.68786001205444
2000,Eigenvector,0.13010406494140625,MISKnowledgeMap,28511,2427,301.68786001205444
1850,Eigenvector,0.12855911254882812,MISKnowledgeMap,28511,2427,301.68786001205444
1827,Eigenvector,0.12630224227905273,MISKnowledgeMap,28511,2427,301.68786001205444
1739,Eigenvector,0.14292097091674805,MISKnowledgeMap,28511,2427,301.68786001205444
1873,Eigenvector,0.12213587760925293,MISKnowledgeMap,28511,2427,301.68786001205444
1728,Eigenvector,1.8517816066741943,MISKnowledgeMap,28511,2427,301.68786001205444
1767,Katz Centrality,0.16713690757751465,MISKnowledgeMap,28511,2427,301.68786001205444
1772,Katz Centrality,0.14982318878173828,MISKnowledgeMap,28511,2427,301.68786001205444
2072,Katz Centrality,0.14270639419555664,MISKnowledgeMap,28511,2427,301.68786001205444
1989,Katz Centrality,0.13230562210083008,MISKnowledgeMap,28511,2427,301.68786001205444
1803,Katz Centrality,0.13039040565490723,MISKnowledgeMap,28511,2427,301.68786001205444
1742,Katz Centrality,0.14438748359680176,MISKnowledgeMap,28511,2427,301.68786001205444
1896,Katz Centrality,0.1463000774383545,MISKnowledgeMap,28511,2427,301.68786001205444
1765,Katz Centrality,0.17750167846679688,MISKnowledgeMap,28511,2427,301.68786001205444
1795,Katz Centrality,0.15871644020080566,MISKnowledgeMap,28511,2427,301.68786001205444
1673,Katz Centrality,0.14571666717529297,MISKnowledgeMap,28511,2427,301.68786001205444
2019,Katz Centrality,0.15652751922607422,MISKnowledgeMap,28511,2427,301.68786001205444
2016,Katz Centrality,0.12264299392700195,MISKnowledgeMap,28511,2427,301.68786001205444
1837,Katz Centrality,0.13336539268493652,MISKnowledgeMap,28511,2427,301.68786001205444
1770,Katz Centrality,0.14860963821411133,MISKnowledgeMap,28511,2427,301.68786001205444
1996,Katz Centrality,0.11597871780395508,MISKnowledgeMap,28511,2427,301.68786001205444
1947,Betweenness,0.1254866123199463,MISKnowledgeMap,28511,2427,301.68786001205444
1866,Betweenness,0.11270689964294434,MISKnowledgeMap,28511,2427,301.68786001205444
1858,Betweenness,0.13753795623779297,MISKnowledgeMap,28511,2427,301.68786001205444
1797,Betweenness,0.20525574684143066,MISKnowledgeMap,28511,2427,301.68786001205444
1852,Betweenness,0.13086152076721191,MISKnowledgeMap,28511,2427,301.68786001205444
2006,Betweenness,0.15335321426391602,MISKnowledgeMap,28511,2427,301.68786001205444
1770,Betweenness,0.12606215476989746,MISKnowledgeMap,28511,2427,301.68786001205444
1796,Betweenness,0.11539816856384277,MISKnowledgeMap,28511,2427,301.68786001205444
2042,Betweenness,0.14118027687072754,MISKnowledgeMap,28511,2427,301.68786001205444
1852,Betweenness,0.11576080322265625,MISKnowledgeMap,28511,2427,301.68786001205444
1693,Betweenness,0.16714191436767578,MISKnowledgeMap,28511,2427,301.68786001205444
1658,Betweenness,0.11648106575012207,MISKnowledgeMap,28511,2427,301.68786001205444
1713,Betweenness,0.10998916625976562,MISKnowledgeMap,28511,2427,301.68786001205444
1818,Betweenness,0.10740303993225098,MISKnowledgeMap,28511,2427,301.68786001205444
1885,Betweenness,0.11670184135437012,MISKnowledgeMap,28511,2427,301.68786001205444
1808,Eigenvector,0.15669560432434082,MISKnowledgeMap,28511,2427,301.68786001205444
1820,Eigenvector,0.11055278778076172,MISKnowledgeMap,28511,2427,301.68786001205444
1778,Eigenvector,0.12958121299743652,MISKnowledgeMap,28511,2427,301.68786001205444
1750,Eigenvector,0.1419377326965332,MISKnowledgeMap,28511,2427,301.68786001205444
1893,Eigenvector,0.11846327781677246,MISKnowledgeMap,28511,2427,301.68786001205444
1942,Eigenvector,0.14528226852416992,MISKnowledgeMap,28511,2427,301.68786001205444
1982,Eigenvector,0.12684106826782227,MISKnowledgeMap,28511,2427,301.68786001205444
1904,Eigenvector,0.141524076461792,MISKnowledgeMap,28511,2427,301.68786001205444
1745,Eigenvector,0.15506744384765625,MISKnowledgeMap,28511,2427,301.68786001205444
1811,Eigenvector,0.11304831504821777,MISKnowledgeMap,28511,2427,301.68786001205444
1921,Eigenvector,1.6632678508758545,MISKnowledgeMap,28511,2427,301.68786001205444
1805,Eigenvector,0.13796567916870117,MISKnowledgeMap,28511,2427,301.68786001205444
1925,Eigenvector,0.15805864334106445,MISKnowledgeMap,28511,2427,301.68786001205444
1872,Eigenvector,0.20782160758972168,MISKnowledgeMap,28511,2427,301.68786001205444
1813,Eigenvector,0.17626667022705078,MISKnowledgeMap,28511,2427,301.68786001205444
1945,Katz Centrality,0.13356661796569824,MISKnowledgeMap,28511,2427,301.68786001205444
1742,Katz Centrality,0.1495828628540039,MISKnowledgeMap,28511,2427,301.68786001205444
2089,Katz Centrality,0.12818288803100586,MISKnowledgeMap,28511,2427,301.68786001205444
1822,Katz Centrality,0.12012648582458496,MISKnowledgeMap,28511,2427,301.68786001205444
1799,Katz Centrality,0.12274956703186035,MISKnowledgeMap,28511,2427,301.68786001205444
1867,Katz Centrality,0.1815955638885498,MISKnowledgeMap,28511,2427,301.68786001205444
1933,Katz Centrality,0.13030767440795898,MISKnowledgeMap,28511,2427,301.68786001205444
1739,Katz Centrality,0.20023632049560547,MISKnowledgeMap,28511,2427,301.68786001205444
1707,Katz Centrality,0.1809983253479004,MISKnowledgeMap,28511,2427,301.68786001205444
1992,Katz Centrality,0.11072015762329102,MISKnowledgeMap,28511,2427,301.68786001205444
1956,Katz Centrality,0.12868642807006836,MISKnowledgeMap,28511,2427,301.68786001205444
1859,Katz Centrality,0.11773538589477539,MISKnowledgeMap,28511,2427,301.68786001205444
1646,Katz Centrality,0.10434126853942871,MISKnowledgeMap,28511,2427,301.68786001205444
1898,Katz Centrality,0.1263902187347412,MISKnowledgeMap,28511,2427,301.68786001205444
2032,Katz Centrality,0.12438344955444336,MISKnowledgeMap,28511,2427,301.68786001205444
1829,Eigenvector,0.1876823902130127,MISKnowledgeMap,28511,2427,301.68786001205444
1917,Eigenvector,0.12933969497680664,MISKnowledgeMap,28511,2427,301.68786001205444
1768,Eigenvector,0.11335515975952148,MISKnowledgeMap,28511,2427,301.68786001205444
1768,Eigenvector,0.19631099700927734,MISKnowledgeMap,28511,2427,301.68786001205444
2026,Eigenvector,0.20696091651916504,MISKnowledgeMap,28511,2427,301.68786001205444
1865,Eigenvector,0.1608431339263916,MISKnowledgeMap,28511,2427,301.68786001205444
1853,Eigenvector,1.1518561840057373,MISKnowledgeMap,28511,2427,301.68786001205444
2027,Eigenvector,0.16204571723937988,MISKnowledgeMap,28511,2427,301.68786001205444
2047,Eigenvector,0.1380019187927246,MISKnowledgeMap,28511,2427,301.68786001205444
1833,Eigenvector,0.14594292640686035,MISKnowledgeMap,28511,2427,301.68786001205444
1819,Eigenvector,0.11618876457214355,MISKnowledgeMap,28511,2427,301.68786001205444
1851,Eigenvector,0.14187216758728027,MISKnowledgeMap,28511,2427,301.68786001205444
1937,Eigenvector,0.16209793090820312,MISKnowledgeMap,28511,2427,301.68786001205444
1852,Eigenvector,0.1166224479675293,MISKnowledgeMap,28511,2427,301.68786001205444
1987,Eigenvector,0.1611025333404541,MISKnowledgeMap,28511,2427,301.68786001205444
2004,PageRank,0.18626976013183594,MISKnowledgeMap,28511,2427,301.68786001205444
1977,PageRank,0.1694192886352539,MISKnowledgeMap,28511,2427,301.68786001205444
2038,PageRank,0.15459394454956055,MISKnowledgeMap,28511,2427,301.68786001205444
1828,PageRank,0.12292051315307617,MISKnowledgeMap,28511,2427,301.68786001205444
2093,PageRank,0.14586424827575684,MISKnowledgeMap,28511,2427,301.68786001205444
2044,PageRank,0.1706538200378418,MISKnowledgeMap,28511,2427,301.68786001205444
1821,PageRank,0.18454670906066895,MISKnowledgeMap,28511,2427,301.68786001205444
1753,PageRank,0.14406704902648926,MISKnowledgeMap,28511,2427,301.68786001205444
1851,PageRank,0.14641213417053223,MISKnowledgeMap,28511,2427,301.68786001205444
1955,PageRank,0.12644577026367188,MISKnowledgeMap,28511,2427,301.68786001205444
1915,PageRank,0.1452488899230957,MISKnowledgeMap,28511,2427,301.68786001205444
1795,PageRank,0.14638018608093262,MISKnowledgeMap,28511,2427,301.68786001205444
1845,PageRank,0.13890290260314941,MISKnowledgeMap,28511,2427,301.68786001205444
2037,PageRank,0.1599571704864502,MISKnowledgeMap,28511,2427,301.68786001205444
1942,PageRank,0.14418244361877441,MISKnowledgeMap,28511,2427,301.68786001205444
1773,Eigenvector,0.23776483535766602,MISKnowledgeMap,28511,2427,301.68786001205444
1936,Eigenvector,0.13361287117004395,MISKnowledgeMap,28511,2427,301.68786001205444
1873,Eigenvector,0.1376793384552002,MISKnowledgeMap,28511,2427,301.68786001205444
1894,Eigenvector,0.1477804183959961,MISKnowledgeMap,28511,2427,301.68786001205444
1865,Eigenvector,0.14697647094726562,MISKnowledgeMap,28511,2427,301.68786001205444
1871,Eigenvector,0.15653419494628906,MISKnowledgeMap,28511,2427,301.68786001205444
1807,Eigenvector,0.11660647392272949,MISKnowledgeMap,28511,2427,301.68786001205444
1765,Eigenvector,0.14479994773864746,MISKnowledgeMap,28511,2427,301.68786001205444
1727,Eigenvector,0.15477204322814941,MISKnowledgeMap,28511,2427,301.68786001205444
1775,Eigenvector,0.14896798133850098,MISKnowledgeMap,28511,2427,301.68786001205444
2044,Eigenvector,0.12801337242126465,MISKnowledgeMap,28511,2427,301.68786001205444
1941,Eigenvector,0.159637451171875,MISKnowledgeMap,28511,2427,301.68786001205444
1887,Eigenvector,0.14170050621032715,MISKnowledgeMap,28511,2427,301.68786001205444
1921,Eigenvector,0.11791229248046875,MISKnowledgeMap,28511,2427,301.68786001205444
1910,Eigenvector,0.13872098922729492,MISKnowledgeMap,28511,2427,301.68786001205444
398,Katz Centrality,0.02425074577331543,power,2646,2000,40.40236020088196
405,Katz Centrality,0.021217823028564453,power,2646,2000,40.40236020088196
446,Katz Centrality,0.033431053161621094,power,2646,2000,40.40236020088196
433,Katz Centrality,0.03270745277404785,power,2646,2000,40.40236020088196
498,Katz Centrality,0.02185511589050293,power,2646,2000,40.40236020088196
610,Katz Centrality,0.02421736717224121,power,2646,2000,40.40236020088196
685,Katz Centrality,0.02433300018310547,power,2646,2000,40.40236020088196
584,Katz Centrality,0.03057718276977539,power,2646,2000,40.40236020088196
595,Katz Centrality,0.024721860885620117,power,2646,2000,40.40236020088196
400,Katz Centrality,0.016548633575439453,power,2646,2000,40.40236020088196
396,Katz Centrality,0.03561568260192871,power,2646,2000,40.40236020088196
383,Katz Centrality,0.024203062057495117,power,2646,2000,40.40236020088196
522,Katz Centrality,0.03116607666015625,power,2646,2000,40.40236020088196
430,Katz Centrality,0.03868556022644043,power,2646,2000,40.40236020088196
440,Katz Centrality,0.017100811004638672,power,2646,2000,40.40236020088196
417,Katz Centrality,0.04331231117248535,power,2646,2000,40.40236020088196
705,Katz Centrality,0.024525165557861328,power,2646,2000,40.40236020088196
511,Katz Centrality,0.016579389572143555,power,2646,2000,40.40236020088196
534,Katz Centrality,0.03328514099121094,power,2646,2000,40.40236020088196
430,Katz Centrality,0.01758122444152832,power,2646,2000,40.40236020088196
685,Katz Centrality,0.02376103401184082,power,2646,2000,40.40236020088196
482,Katz Centrality,0.029794692993164062,power,2646,2000,40.40236020088196
596,Katz Centrality,0.030659198760986328,power,2646,2000,40.40236020088196
626,Katz Centrality,0.031064271926879883,power,2646,2000,40.40236020088196
395,Katz Centrality,0.03289437294006348,power,2646,2000,40.40236020088196
526,Katz Centrality,0.02379298210144043,power,2646,2000,40.40236020088196
626,Katz Centrality,0.017205476760864258,power,2646,2000,40.40236020088196
526,Katz Centrality,0.014995813369750977,power,2646,2000,40.40236020088196
415,Katz Centrality,0.03328299522399902,power,2646,2000,40.40236020088196
718,Katz Centrality,0.03281545639038086,power,2646,2000,40.40236020088196
598,Eigenvector,0.028251171112060547,power,2646,2000,40.40236020088196
386,Eigenvector,0.03168010711669922,power,2646,2000,40.40236020088196
427,Eigenvector,0.016978740692138672,power,2646,2000,40.40236020088196
639,Eigenvector,0.026763439178466797,power,2646,2000,40.40236020088196
426,Eigenvector,0.03325319290161133,power,2646,2000,40.40236020088196
495,Eigenvector,0.028687715530395508,power,2646,2000,40.40236020088196
503,Eigenvector,0.01340031623840332,power,2646,2000,40.40236020088196
381,Eigenvector,0.02398967742919922,power,2646,2000,40.40236020088196
719,Eigenvector,0.04127097129821777,power,2646,2000,40.40236020088196
617,Eigenvector,0.032425880432128906,power,2646,2000,40.40236020088196
436,Eigenvector,0.03198385238647461,power,2646,2000,40.40236020088196
371,Eigenvector,0.025486230850219727,power,2646,2000,40.40236020088196
603,Eigenvector,0.03467059135437012,power,2646,2000,40.40236020088196
386,Eigenvector,0.0239717960357666,power,2646,2000,40.40236020088196
432,Eigenvector,0.01539158821105957,power,2646,2000,40.40236020088196
520,Degree,0.029906034469604492,power,2646,2000,40.40236020088196
588,Degree,0.06863546371459961,power,2646,2000,40.40236020088196
411,Degree,0.06942439079284668,power,2646,2000,40.40236020088196
411,Degree,0.02042102813720703,power,2646,2000,40.40236020088196
417,Degree,0.025826215744018555,power,2646,2000,40.40236020088196
630,Degree,0.2676730155944824,power,2646,2000,40.40236020088196
410,Degree,0.029998779296875,power,2646,2000,40.40236020088196
568,Degree,0.05000591278076172,power,2646,2000,40.40236020088196
423,Degree,0.028889894485473633,power,2646,2000,40.40236020088196
398,Degree,0.03500843048095703,power,2646,2000,40.40236020088196
425,Degree,0.03228473663330078,power,2646,2000,40.40236020088196
617,Degree,0.03186678886413574,power,2646,2000,40.40236020088196
562,Degree,0.035835981369018555,power,2646,2000,40.40236020088196
386,Degree,0.034970998764038086,power,2646,2000,40.40236020088196
412,Degree,0.013113021850585938,power,2646,2000,40.40236020088196
438,Katz Centrality,0.02400517463684082,power,2646,2000,40.40236020088196
418,Katz Centrality,0.05087733268737793,power,2646,2000,40.40236020088196
390,Katz Centrality,0.028467416763305664,power,2646,2000,40.40236020088196
496,Katz Centrality,0.015972137451171875,power,2646,2000,40.40236020088196
422,Katz Centrality,0.032857656478881836,power,2646,2000,40.40236020088196
540,Katz Centrality,0.028440475463867188,power,2646,2000,40.40236020088196
503,Katz Centrality,0.021335124969482422,power,2646,2000,40.40236020088196
386,Katz Centrality,0.027880191802978516,power,2646,2000,40.40236020088196
489,Katz Centrality,0.29189085960388184,power,2646,2000,40.40236020088196
655,Katz Centrality,0.00803518295288086,power,2646,2000,40.40236020088196
516,Katz Centrality,0.015696287155151367,power,2646,2000,40.40236020088196
605,Katz Centrality,0.02435588836669922,power,2646,2000,40.40236020088196
502,Katz Centrality,0.024426937103271484,power,2646,2000,40.40236020088196
625,Katz Centrality,0.029716968536376953,power,2646,2000,40.40236020088196
565,Katz Centrality,0.035218238830566406,power,2646,2000,40.40236020088196
581,Closeness,0.019754648208618164,power,2646,2000,40.40236020088196
611,Closeness,0.03287792205810547,power,2646,2000,40.40236020088196
395,Closeness,0.03225421905517578,power,2646,2000,40.40236020088196
587,Closeness,0.02335214614868164,power,2646,2000,40.40236020088196
628,Closeness,0.024237871170043945,power,2646,2000,40.40236020088196
584,Closeness,0.03178906440734863,power,2646,2000,40.40236020088196
427,Closeness,0.033835649490356445,power,2646,2000,40.40236020088196
421,Closeness,0.032927513122558594,power,2646,2000,40.40236020088196
567,Closeness,0.03519749641418457,power,2646,2000,40.40236020088196
542,Closeness,0.03283882141113281,power,2646,2000,40.40236020088196
381,Closeness,0.02389669418334961,power,2646,2000,40.40236020088196
632,Closeness,0.28188538551330566,power,2646,2000,40.40236020088196
623,Closeness,0.017181396484375,power,2646,2000,40.40236020088196
391,Closeness,0.008184671401977539,power,2646,2000,40.40236020088196
526,Closeness,0.024344444274902344,power,2646,2000,40.40236020088196
377,Degree,0.027879953384399414,power,2646,2000,40.40236020088196
516,Degree,0.02312159538269043,power,2646,2000,40.40236020088196
430,Degree,0.024971723556518555,power,2646,2000,40.40236020088196
368,Degree,0.02611255645751953,power,2646,2000,40.40236020088196
673,Degree,0.028122425079345703,power,2646,2000,40.40236020088196
423,Degree,0.012179851531982422,power,2646,2000,40.40236020088196
384,Degree,0.02428603172302246,power,2646,2000,40.40236020088196
564,Degree,0.03774905204772949,power,2646,2000,40.40236020088196
686,Degree,0.007707357406616211,power,2646,2000,40.40236020088196
598,Degree,0.03284025192260742,power,2646,2000,40.40236020088196
598,Degree,0.02733445167541504,power,2646,2000,40.40236020088196
460,Degree,0.02918553352355957,power,2646,2000,40.40236020088196
592,Degree,0.028075218200683594,power,2646,2000,40.40236020088196
638,Degree,0.015923023223876953,power,2646,2000,40.40236020088196
627,Degree,0.03240323066711426,power,2646,2000,40.40236020088196
383,Degree,0.033335208892822266,power,2646,2000,40.40236020088196
525,Degree,0.03313302993774414,power,2646,2000,40.40236020088196
432,Degree,0.03583836555480957,power,2646,2000,40.40236020088196
547,Degree,0.02946639060974121,power,2646,2000,40.40236020088196
479,Degree,0.02451467514038086,power,2646,2000,40.40236020088196
509,Degree,0.03392219543457031,power,2646,2000,40.40236020088196
619,Degree,0.026062488555908203,power,2646,2000,40.40236020088196
438,Degree,0.02083873748779297,power,2646,2000,40.40236020088196
588,Degree,0.03270745277404785,power,2646,2000,40.40236020088196
431,Degree,0.038658857345581055,power,2646,2000,40.40236020088196
419,Degree,0.02812051773071289,power,2646,2000,40.40236020088196
399,Degree,0.03838062286376953,power,2646,2000,40.40236020088196
391,Degree,0.024228334426879883,power,2646,2000,40.40236020088196
589,Degree,0.016183137893676758,power,2646,2000,40.40236020088196
390,Degree,0.02420830726623535,power,2646,2000,40.40236020088196
430,Eigenvector,0.03479313850402832,power,2646,2000,40.40236020088196
388,Eigenvector,0.021347999572753906,power,2646,2000,40.40236020088196
446,Eigenvector,0.028931617736816406,power,2646,2000,40.40236020088196
517,Eigenvector,0.027607202529907227,power,2646,2000,40.40236020088196
516,Eigenvector,0.3482985496520996,power,2646,2000,40.40236020088196
389,Eigenvector,0.024684906005859375,power,2646,2000,40.40236020088196
508,Eigenvector,0.026961565017700195,power,2646,2000,40.40236020088196
383,Eigenvector,0.01612401008605957,power,2646,2000,40.40236020088196
594,Eigenvector,0.04486393928527832,power,2646,2000,40.40236020088196
389,Eigenvector,0.03336215019226074,power,2646,2000,40.40236020088196
391,Eigenvector,0.03326869010925293,power,2646,2000,40.40236020088196
390,Eigenvector,0.03260064125061035,power,2646,2000,40.40236020088196
443,Eigenvector,0.02415776252746582,power,2646,2000,40.40236020088196
371,Eigenvector,0.016701936721801758,power,2646,2000,40.40236020088196
389,Eigenvector,0.015484809875488281,power,2646,2000,40.40236020088196
391,PageRank,0.03201889991760254,power,2646,2000,40.40236020088196
394,PageRank,0.025657176971435547,power,2646,2000,40.40236020088196
417,PageRank,0.01909351348876953,power,2646,2000,40.40236020088196
594,PageRank,0.03485512733459473,power,2646,2000,40.40236020088196
614,PageRank,0.01638484001159668,power,2646,2000,40.40236020088196
482,PageRank,0.024606943130493164,power,2646,2000,40.40236020088196
397,PageRank,0.02428460121154785,power,2646,2000,40.40236020088196
448,PageRank,0.25142860412597656,power,2646,2000,40.40236020088196
477,PageRank,0.022368907928466797,power,2646,2000,40.40236020088196
495,PageRank,0.024329662322998047,power,2646,2000,40.40236020088196
690,PageRank,0.016547679901123047,power,2646,2000,40.40236020088196
404,PageRank,0.012904167175292969,power,2646,2000,40.40236020088196
390,PageRank,0.023777246475219727,power,2646,2000,40.40236020088196
424,PageRank,0.026134014129638672,power,2646,2000,40.40236020088196
384,PageRank,0.0276949405670166,power,2646,2000,40.40236020088196
605,Katz Centrality,0.03378701210021973,power,2646,2000,40.40236020088196
697,Katz Centrality,0.02425861358642578,power,2646,2000,40.40236020088196
395,Katz Centrality,0.031891584396362305,power,2646,2000,40.40236020088196
474,Katz Centrality,0.02375650405883789,power,2646,2000,40.40236020088196
583,Katz Centrality,0.016557931900024414,power,2646,2000,40.40236020088196
610,Katz Centrality,0.040642738342285156,power,2646,2000,40.40236020088196
374,Katz Centrality,0.03218698501586914,power,2646,2000,40.40236020088196
491,Katz Centrality,0.035863399505615234,power,2646,2000,40.40236020088196
398,Katz Centrality,0.02433300018310547,power,2646,2000,40.40236020088196
430,Katz Centrality,0.024837017059326172,power,2646,2000,40.40236020088196
614,Katz Centrality,0.028400182723999023,power,2646,2000,40.40236020088196
517,Katz Centrality,0.020200490951538086,power,2646,2000,40.40236020088196
398,Katz Centrality,0.027016639709472656,power,2646,2000,40.40236020088196
612,Katz Centrality,0.01656627655029297,power,2646,2000,40.40236020088196
494,Katz Centrality,0.024532794952392578,power,2646,2000,40.40236020088196
439,Harmonic Centrality,0.025246858596801758,power,2646,2000,40.40236020088196
400,Harmonic Centrality,0.0147247314453125,power,2646,2000,40.40236020088196
609,Harmonic Centrality,0.03809857368469238,power,2646,2000,40.40236020088196
386,Harmonic Centrality,0.02855372428894043,power,2646,2000,40.40236020088196
513,Harmonic Centrality,0.02182936668395996,power,2646,2000,40.40236020088196
565,Harmonic Centrality,0.01877140998840332,power,2646,2000,40.40236020088196
512,Harmonic Centrality,0.015458822250366211,power,2646,2000,40.40236020088196
385,Harmonic Centrality,0.03251147270202637,power,2646,2000,40.40236020088196
490,Harmonic Centrality,0.03508734703063965,power,2646,2000,40.40236020088196
437,Harmonic Centrality,0.03580904006958008,power,2646,2000,40.40236020088196
407,Harmonic Centrality,0.016567468643188477,power,2646,2000,40.40236020088196
411,Harmonic Centrality,0.024541139602661133,power,2646,2000,40.40236020088196
630,Harmonic Centrality,0.016023874282836914,power,2646,2000,40.40236020088196
704,Harmonic Centrality,0.03389596939086914,power,2646,2000,40.40236020088196
414,Harmonic Centrality,0.04001903533935547,power,2646,2000,40.40236020088196
606,Eigenvector,0.032472848892211914,power,2646,2000,40.40236020088196
519,Eigenvector,0.030071258544921875,power,2646,2000,40.40236020088196
589,Eigenvector,0.03531694412231445,power,2646,2000,40.40236020088196
693,Eigenvector,0.3000481128692627,power,2646,2000,40.40236020088196
486,Eigenvector,0.01668405532836914,power,2646,2000,40.40236020088196
384,Eigenvector,0.03435540199279785,power,2646,2000,40.40236020088196
393,Eigenvector,0.03197503089904785,power,2646,2000,40.40236020088196
419,Eigenvector,0.03779339790344238,power,2646,2000,40.40236020088196
415,Eigenvector,0.02650308609008789,power,2646,2000,40.40236020088196
389,Eigenvector,0.03184390068054199,power,2646,2000,40.40236020088196
626,Eigenvector,0.022954702377319336,power,2646,2000,40.40236020088196
513,Eigenvector,0.027259111404418945,power,2646,2000,40.40236020088196
624,Eigenvector,0.02938985824584961,power,2646,2000,40.40236020088196
402,Eigenvector,0.016312360763549805,power,2646,2000,40.40236020088196
496,Eigenvector,0.0333709716796875,power,2646,2000,40.40236020088196
608,Eigenvector,0.035675764083862305,power,2646,2000,40.40236020088196
649,Eigenvector,0.026038408279418945,power,2646,2000,40.40236020088196
720,Eigenvector,0.034575700759887695,power,2646,2000,40.40236020088196
632,Eigenvector,0.0226442813873291,power,2646,2000,40.40236020088196
584,Eigenvector,0.035465240478515625,power,2646,2000,40.40236020088196
377,Eigenvector,0.033748626708984375,power,2646,2000,40.40236020088196
439,Eigenvector,0.03280329704284668,power,2646,2000,40.40236020088196
392,Eigenvector,0.025606632232666016,power,2646,2000,40.40236020088196
382,Eigenvector,0.03337287902832031,power,2646,2000,40.40236020088196
487,Eigenvector,0.030234813690185547,power,2646,2000,40.40236020088196
643,Eigenvector,0.015683889389038086,power,2646,2000,40.40236020088196
380,Eigenvector,0.032623291015625,power,2646,2000,40.40236020088196
502,Eigenvector,0.29967832565307617,power,2646,2000,40.40236020088196
389,Eigenvector,0.03691983222961426,power,2646,2000,40.40236020088196
606,Eigenvector,0.0234525203704834,power,2646,2000,40.40236020088196
388,Eigenvector,0.024983882904052734,power,2646,2000,40.40236020088196
437,Eigenvector,0.04213523864746094,power,2646,2000,40.40236020088196
373,Eigenvector,0.03596615791320801,power,2646,2000,40.40236020088196
399,Eigenvector,0.028753995895385742,power,2646,2000,40.40236020088196
509,Eigenvector,0.028369665145874023,power,2646,2000,40.40236020088196
580,Eigenvector,0.040971994400024414,power,2646,2000,40.40236020088196
508,Eigenvector,0.03327345848083496,power,2646,2000,40.40236020088196
461,Eigenvector,0.031627655029296875,power,2646,2000,40.40236020088196
427,Eigenvector,0.024489164352416992,power,2646,2000,40.40236020088196
527,Eigenvector,0.025638818740844727,power,2646,2000,40.40236020088196
384,Eigenvector,0.03431200981140137,power,2646,2000,40.40236020088196
400,Eigenvector,0.032633066177368164,power,2646,2000,40.40236020088196
433,Eigenvector,0.01572704315185547,power,2646,2000,40.40236020088196
521,Eigenvector,0.016040802001953125,power,2646,2000,40.40236020088196
394,Eigenvector,0.02447652816772461,power,2646,2000,40.40236020088196
610,Katz Centrality,0.03552746772766113,power,2646,2000,40.40236020088196
728,Katz Centrality,0.020528554916381836,power,2646,2000,40.40236020088196
484,Katz Centrality,0.03412127494812012,power,2646,2000,40.40236020088196
416,Katz Centrality,0.021831274032592773,power,2646,2000,40.40236020088196
375,Katz Centrality,0.03260993957519531,power,2646,2000,40.40236020088196
600,Katz Centrality,0.31724023818969727,power,2646,2000,40.40236020088196
615,Katz Centrality,0.020335674285888672,power,2646,2000,40.40236020088196
388,Katz Centrality,0.03280067443847656,power,2646,2000,40.40236020088196
627,Katz Centrality,0.03463411331176758,power,2646,2000,40.40236020088196
399,Katz Centrality,0.025037765502929688,power,2646,2000,40.40236020088196
622,Katz Centrality,0.03607892990112305,power,2646,2000,40.40236020088196
415,Katz Centrality,0.023782968521118164,power,2646,2000,40.40236020088196
721,Katz Centrality,0.024317264556884766,power,2646,2000,40.40236020088196
634,Katz Centrality,0.02534961700439453,power,2646,2000,40.40236020088196
400,Katz Centrality,0.016243696212768555,power,2646,2000,40.40236020088196
469,Degree,0.03985333442687988,power,2646,2000,40.40236020088196
417,Degree,0.03263354301452637,power,2646,2000,40.40236020088196
431,Degree,0.033655405044555664,power,2646,2000,40.40236020088196
460,Degree,0.03454470634460449,power,2646,2000,40.40236020088196
389,Degree,0.05022740364074707,power,2646,2000,40.40236020088196
404,Degree,0.01978135108947754,power,2646,2000,40.40236020088196
433,Degree,0.019855022430419922,power,2646,2000,40.40236020088196
414,Degree,0.028063058853149414,power,2646,2000,40.40236020088196
563,Degree,0.012737274169921875,power,2646,2000,40.40236020088196
481,Degree,0.02543354034423828,power,2646,2000,40.40236020088196
401,Degree,0.024435997009277344,power,2646,2000,40.40236020088196
694,Degree,0.017703771591186523,power,2646,2000,40.40236020088196
586,Degree,0.0240018367767334,power,2646,2000,40.40236020088196
414,Degree,0.023807048797607422,power,2646,2000,40.40236020088196
540,Degree,0.013177633285522461,power,2646,2000,40.40236020088196
390,Degree,0.026627779006958008,power,2646,2000,40.40236020088196
497,Degree,0.03484678268432617,power,2646,2000,40.40236020088196
417,Degree,0.030365943908691406,power,2646,2000,40.40236020088196
598,Degree,0.03648710250854492,power,2646,2000,40.40236020088196
701,Degree,0.03998374938964844,power,2646,2000,40.40236020088196
438,Degree,0.016266345977783203,power,2646,2000,40.40236020088196
639,Degree,0.031426429748535156,power,2646,2000,40.40236020088196
452,Degree,0.03327345848083496,power,2646,2000,40.40236020088196
506,Degree,0.020392417907714844,power,2646,2000,40.40236020088196
410,Degree,0.016683578491210938,power,2646,2000,40.40236020088196
626,Degree,0.025412321090698242,power,2646,2000,40.40236020088196
392,Degree,0.035222768783569336,power,2646,2000,40.40236020088196
397,Degree,0.022359371185302734,power,2646,2000,40.40236020088196
506,Degree,0.009236574172973633,power,2646,2000,40.40236020088196
616,Degree,0.024565696716308594,power,2646,2000,40.40236020088196
422,Eigenvector,0.037775278091430664,power,2646,2000,40.40236020088196
381,Eigenvector,0.03156757354736328,power,2646,2000,40.40236020088196
606,Eigenvector,0.02137279510498047,power,2646,2000,40.40236020088196
423,Eigenvector,0.02869248390197754,power,2646,2000,40.40236020088196
430,Eigenvector,0.025029897689819336,power,2646,2000,40.40236020088196
616,Eigenvector,0.017284631729125977,power,2646,2000,40.40236020088196
430,Eigenvector,0.02635335922241211,power,2646,2000,40.40236020088196
540,Eigenvector,0.025035619735717773,power,2646,2000,40.40236020088196
398,Eigenvector,0.03487372398376465,power,2646,2000,40.40236020088196
379,Eigenvector,0.023883819580078125,power,2646,2000,40.40236020088196
449,Eigenvector,0.04295992851257324,power,2646,2000,40.40236020088196
619,Eigenvector,0.03443598747253418,power,2646,2000,40.40236020088196
455,Eigenvector,0.025731563568115234,power,2646,2000,40.40236020088196
588,Eigenvector,0.03132891654968262,power,2646,2000,40.40236020088196
393,Eigenvector,0.03230738639831543,power,2646,2000,40.40236020088196
492,Eigenvector,0.03924727439880371,power,2646,2000,40.40236020088196
520,Eigenvector,0.028110265731811523,power,2646,2000,40.40236020088196
624,Eigenvector,0.024269819259643555,power,2646,2000,40.40236020088196
433,Eigenvector,0.040122032165527344,power,2646,2000,40.40236020088196
587,Eigenvector,0.0264437198638916,power,2646,2000,40.40236020088196
597,Eigenvector,0.02261209487915039,power,2646,2000,40.40236020088196
502,Eigenvector,0.018807172775268555,power,2646,2000,40.40236020088196
399,Eigenvector,0.016294240951538086,power,2646,2000,40.40236020088196
392,Eigenvector,0.032401084899902344,power,2646,2000,40.40236020088196
511,Eigenvector,0.016773462295532227,power,2646,2000,40.40236020088196
532,Eigenvector,0.043756723403930664,power,2646,2000,40.40236020088196
504,Eigenvector,0.023910999298095703,power,2646,2000,40.40236020088196
534,Eigenvector,0.04239082336425781,power,2646,2000,40.40236020088196
507,Eigenvector,0.009068727493286133,power,2646,2000,40.40236020088196
452,Eigenvector,0.03209638595581055,power,2646,2000,40.40236020088196
517,Betweenness,0.041532039642333984,power,2646,2000,40.40236020088196
511,Betweenness,0.032726287841796875,power,2646,2000,40.40236020088196
431,Betweenness,0.033740997314453125,power,2646,2000,40.40236020088196
621,Betweenness,0.041405439376831055,power,2646,2000,40.40236020088196
518,Betweenness,0.02906966209411621,power,2646,2000,40.40236020088196
418,Betweenness,0.02843332290649414,power,2646,2000,40.40236020088196
393,Betweenness,0.05496501922607422,power,2646,2000,40.40236020088196
527,Betweenness,0.02384352684020996,power,2646,2000,40.40236020088196
593,Betweenness,0.024293899536132812,power,2646,2000,40.40236020088196
438,Betweenness,0.032209157943725586,power,2646,2000,40.40236020088196
714,Betweenness,0.016672134399414062,power,2646,2000,40.40236020088196
440,Betweenness,0.03245401382446289,power,2646,2000,40.40236020088196
491,Betweenness,0.016869544982910156,power,2646,2000,40.40236020088196
423,Betweenness,0.03229260444641113,power,2646,2000,40.40236020088196
637,Betweenness,0.038454294204711914,power,2646,2000,40.40236020088196
637,Closeness,0.0332484245300293,power,2646,2000,40.40236020088196
392,Closeness,0.03645181655883789,power,2646,2000,40.40236020088196
499,Closeness,0.023678064346313477,power,2646,2000,40.40236020088196
489,Closeness,0.02225494384765625,power,2646,2000,40.40236020088196
424,Closeness,0.024072885513305664,power,2646,2000,40.40236020088196
443,Closeness,0.016699552536010742,power,2646,2000,40.40236020088196
419,Closeness,0.025366544723510742,power,2646,2000,40.40236020088196
553,Closeness,0.03307032585144043,power,2646,2000,40.40236020088196
622,Closeness,0.017942190170288086,power,2646,2000,40.40236020088196
418,Closeness,0.03066849708557129,power,2646,2000,40.40236020088196
391,Closeness,0.025660037994384766,power,2646,2000,40.40236020088196
375,Closeness,0.3574557304382324,power,2646,2000,40.40236020088196
431,Closeness,0.04018402099609375,power,2646,2000,40.40236020088196
590,Closeness,0.030925512313842773,power,2646,2000,40.40236020088196
434,Closeness,0.03123164176940918,power,2646,2000,40.40236020088196
519,Degree,0.03810429573059082,power,2646,2000,40.40236020088196
494,Degree,0.03490924835205078,power,2646,2000,40.40236020088196
651,Degree,0.03433585166931152,power,2646,2000,40.40236020088196
543,Degree,0.029891252517700195,power,2646,2000,40.40236020088196
688,Degree,0.03376126289367676,power,2646,2000,40.40236020088196
601,Degree,0.03287982940673828,power,2646,2000,40.40236020088196
388,Degree,0.3100128173828125,power,2646,2000,40.40236020088196
584,Degree,0.03843355178833008,power,2646,2000,40.40236020088196
506,Degree,0.034705162048339844,power,2646,2000,40.40236020088196
577,Degree,0.02821493148803711,power,2646,2000,40.40236020088196
392,Degree,0.028448820114135742,power,2646,2000,40.40236020088196
379,Degree,0.02336573600769043,power,2646,2000,40.40236020088196
607,Degree,0.0353856086730957,power,2646,2000,40.40236020088196
545,Degree,0.03372645378112793,power,2646,2000,40.40236020088196
438,Degree,0.023969411849975586,power,2646,2000,40.40236020088196
604,Harmonic Centrality,0.041132450103759766,power,2646,2000,40.40236020088196
530,Harmonic Centrality,0.04996323585510254,power,2646,2000,40.40236020088196
405,Harmonic Centrality,0.04607534408569336,power,2646,2000,40.40236020088196
377,Harmonic Centrality,0.03438258171081543,power,2646,2000,40.40236020088196
603,Harmonic Centrality,0.020600080490112305,power,2646,2000,40.40236020088196
551,Harmonic Centrality,0.03222465515136719,power,2646,2000,40.40236020088196
590,Harmonic Centrality,0.03389167785644531,power,2646,2000,40.40236020088196
557,Harmonic Centrality,0.0294342041015625,power,2646,2000,40.40236020088196
639,Harmonic Centrality,0.0166780948638916,power,2646,2000,40.40236020088196
444,Harmonic Centrality,0.02419114112854004,power,2646,2000,40.40236020088196
442,Harmonic Centrality,0.027235031127929688,power,2646,2000,40.40236020088196
429,Harmonic Centrality,0.024910449981689453,power,2646,2000,40.40236020088196
455,Harmonic Centrality,0.0246274471282959,power,2646,2000,40.40236020088196
394,Harmonic Centrality,0.03265380859375,power,2646,2000,40.40236020088196
477,Harmonic Centrality,0.03449821472167969,power,2646,2000,40.40236020088196
537,Harmonic Centrality,0.025728464126586914,power,2646,2000,40.40236020088196
408,Harmonic Centrality,0.031124591827392578,power,2646,2000,40.40236020088196
632,Harmonic Centrality,0.03291034698486328,power,2646,2000,40.40236020088196
398,Harmonic Centrality,0.030549049377441406,power,2646,2000,40.40236020088196
396,Harmonic Centrality,0.03232121467590332,power,2646,2000,40.40236020088196
619,Harmonic Centrality,0.01707744598388672,power,2646,2000,40.40236020088196
547,Harmonic Centrality,0.026785612106323242,power,2646,2000,40.40236020088196
426,Harmonic Centrality,0.017554283142089844,power,2646,2000,40.40236020088196
444,Harmonic Centrality,0.02451181411743164,power,2646,2000,40.40236020088196
411,Harmonic Centrality,0.016451358795166016,power,2646,2000,40.40236020088196
387,Harmonic Centrality,0.025584936141967773,power,2646,2000,40.40236020088196
612,Harmonic Centrality,0.01669907569885254,power,2646,2000,40.40236020088196
384,Harmonic Centrality,0.029938220977783203,power,2646,2000,40.40236020088196
526,Harmonic Centrality,0.024205923080444336,power,2646,2000,40.40236020088196
429,Harmonic Centrality,0.013982057571411133,power,2646,2000,40.40236020088196
514,Betweenness,0.03870654106140137,power,2646,2000,40.40236020088196
429,Betweenness,0.03109002113342285,power,2646,2000,40.40236020088196
588,Betweenness,0.016717195510864258,power,2646,2000,40.40236020088196
429,Betweenness,0.011286020278930664,power,2646,2000,40.40236020088196
391,Betweenness,0.023897647857666016,power,2646,2000,40.40236020088196
492,Betweenness,0.032645225524902344,power,2646,2000,40.40236020088196
445,Betweenness,0.01674818992614746,power,2646,2000,40.40236020088196
629,Betweenness,0.015279769897460938,power,2646,2000,40.40236020088196
610,Betweenness,0.024546146392822266,power,2646,2000,40.40236020088196
638,Betweenness,0.024922847747802734,power,2646,2000,40.40236020088196
413,Betweenness,0.0492551326751709,power,2646,2000,40.40236020088196
511,Betweenness,0.02500629425048828,power,2646,2000,40.40236020088196
431,Betweenness,0.02367854118347168,power,2646,2000,40.40236020088196
408,Betweenness,0.026738405227661133,power,2646,2000,40.40236020088196
481,Betweenness,0.03986644744873047,power,2646,2000,40.40236020088196
394,PageRank,0.038167476654052734,power,2646,2000,40.40236020088196
544,PageRank,0.036072492599487305,power,2646,2000,40.40236020088196
529,PageRank,0.032395362854003906,power,2646,2000,40.40236020088196
394,PageRank,0.02815723419189453,power,2646,2000,40.40236020088196
595,PageRank,0.02299785614013672,power,2646,2000,40.40236020088196
400,PageRank,0.027953147888183594,power,2646,2000,40.40236020088196
488,PageRank,0.01974344253540039,power,2646,2000,40.40236020088196
513,PageRank,0.03505730628967285,power,2646,2000,40.40236020088196
621,PageRank,0.02436208724975586,power,2646,2000,40.40236020088196
507,PageRank,0.025922060012817383,power,2646,2000,40.40236020088196
506,PageRank,0.015218257904052734,power,2646,2000,40.40236020088196
535,PageRank,0.013316869735717773,power,2646,2000,40.40236020088196
644,PageRank,0.03311467170715332,power,2646,2000,40.40236020088196
514,PageRank,0.030814170837402344,power,2646,2000,40.40236020088196
431,PageRank,0.011622905731201172,power,2646,2000,40.40236020088196
594,Harmonic Centrality,0.043083906173706055,power,2646,2000,40.40236020088196
390,Harmonic Centrality,0.042109012603759766,power,2646,2000,40.40236020088196
386,Harmonic Centrality,0.029453039169311523,power,2646,2000,40.40236020088196
588,Harmonic Centrality,0.020696640014648438,power,2646,2000,40.40236020088196
512,Harmonic Centrality,0.033332109451293945,power,2646,2000,40.40236020088196
583,Harmonic Centrality,0.019927501678466797,power,2646,2000,40.40236020088196
386,Harmonic Centrality,0.028565406799316406,power,2646,2000,40.40236020088196
433,Harmonic Centrality,0.2757868766784668,power,2646,2000,40.40236020088196
425,Harmonic Centrality,0.031032085418701172,power,2646,2000,40.40236020088196
601,Harmonic Centrality,0.02932596206665039,power,2646,2000,40.40236020088196
385,Harmonic Centrality,0.016689300537109375,power,2646,2000,40.40236020088196
415,Harmonic Centrality,0.017297983169555664,power,2646,2000,40.40236020088196
569,Harmonic Centrality,0.015223026275634766,power,2646,2000,40.40236020088196
400,Harmonic Centrality,0.016611814498901367,power,2646,2000,40.40236020088196
386,Harmonic Centrality,0.024125337600708008,power,2646,2000,40.40236020088196
389,Closeness,0.027199983596801758,power,2646,2000,40.40236020088196
392,Closeness,0.023345947265625,power,2646,2000,40.40236020088196
509,Closeness,0.023772478103637695,power,2646,2000,40.40236020088196
619,Closeness,0.02488994598388672,power,2646,2000,40.40236020088196
394,Closeness,0.029909133911132812,power,2646,2000,40.40236020088196
381,Closeness,0.032530784606933594,power,2646,2000,40.40236020088196
596,Closeness,0.027896404266357422,power,2646,2000,40.40236020088196
514,Closeness,0.019928455352783203,power,2646,2000,40.40236020088196
387,Closeness,0.27280640602111816,power,2646,2000,40.40236020088196
394,Closeness,0.033150434494018555,power,2646,2000,40.40236020088196
588,Closeness,0.03751063346862793,power,2646,2000,40.40236020088196
462,Closeness,0.03418707847595215,power,2646,2000,40.40236020088196
376,Closeness,0.03382563591003418,power,2646,2000,40.40236020088196
644,Closeness,0.03334236145019531,power,2646,2000,40.40236020088196
407,Closeness,0.016674518585205078,power,2646,2000,40.40236020088196
402,Eigenvector,0.028324365615844727,power,2646,2000,40.40236020088196
598,Eigenvector,0.033935546875,power,2646,2000,40.40236020088196
585,Eigenvector,0.038299560546875,power,2646,2000,40.40236020088196
391,Eigenvector,0.030774354934692383,power,2646,2000,40.40236020088196
508,Eigenvector,0.016253948211669922,power,2646,2000,40.40236020088196
651,Eigenvector,0.025713682174682617,power,2646,2000,40.40236020088196
530,Eigenvector,0.03941011428833008,power,2646,2000,40.40236020088196
398,Eigenvector,0.024338960647583008,power,2646,2000,40.40236020088196
383,Eigenvector,0.016909360885620117,power,2646,2000,40.40236020088196
390,Eigenvector,0.017147302627563477,power,2646,2000,40.40236020088196
526,Eigenvector,0.04454445838928223,power,2646,2000,40.40236020088196
392,Eigenvector,0.017412424087524414,power,2646,2000,40.40236020088196
482,Eigenvector,0.02557206153869629,power,2646,2000,40.40236020088196
624,Eigenvector,0.025249719619750977,power,2646,2000,40.40236020088196
499,Eigenvector,0.01888251304626465,power,2646,2000,40.40236020088196
1532,Katz Centrality,0.024698972702026367,preferentialAttachment,3030,2000,38.290083169937134
1618,Katz Centrality,0.031191349029541016,preferentialAttachment,3030,2000,38.290083169937134
1510,Katz Centrality,0.03374528884887695,preferentialAttachment,3030,2000,38.290083169937134
1481,Katz Centrality,0.029094696044921875,preferentialAttachment,3030,2000,38.290083169937134
1554,Katz Centrality,0.0227353572845459,preferentialAttachment,3030,2000,38.290083169937134
1301,Katz Centrality,0.03295779228210449,preferentialAttachment,3030,2000,38.290083169937134
1862,Katz Centrality,0.03577303886413574,preferentialAttachment,3030,2000,38.290083169937134
1504,Katz Centrality,0.022081613540649414,preferentialAttachment,3030,2000,38.290083169937134
1549,Katz Centrality,0.0289609432220459,preferentialAttachment,3030,2000,38.290083169937134
1626,Katz Centrality,0.02485060691833496,preferentialAttachment,3030,2000,38.290083169937134
1466,Katz Centrality,0.03871941566467285,preferentialAttachment,3030,2000,38.290083169937134
1705,Katz Centrality,0.029105663299560547,preferentialAttachment,3030,2000,38.290083169937134
1449,Katz Centrality,0.020950794219970703,preferentialAttachment,3030,2000,38.290083169937134
1470,Katz Centrality,0.017214059829711914,preferentialAttachment,3030,2000,38.290083169937134
1627,Katz Centrality,0.018132925033569336,preferentialAttachment,3030,2000,38.290083169937134
1470,Betweenness,0.029572010040283203,preferentialAttachment,3030,2000,38.290083169937134
1643,Betweenness,0.02453136444091797,preferentialAttachment,3030,2000,38.290083169937134
1477,Betweenness,0.01570606231689453,preferentialAttachment,3030,2000,38.290083169937134
1640,Betweenness,0.016450166702270508,preferentialAttachment,3030,2000,38.290083169937134
1570,Betweenness,0.019834280014038086,preferentialAttachment,3030,2000,38.290083169937134
1463,Betweenness,0.03837323188781738,preferentialAttachment,3030,2000,38.290083169937134
1607,Betweenness,0.017958879470825195,preferentialAttachment,3030,2000,38.290083169937134
1621,Betweenness,0.015552282333374023,preferentialAttachment,3030,2000,38.290083169937134
1597,Betweenness,0.008017301559448242,preferentialAttachment,3030,2000,38.290083169937134
1632,Betweenness,0.009832620620727539,preferentialAttachment,3030,2000,38.290083169937134
1515,Betweenness,0.014013290405273438,preferentialAttachment,3030,2000,38.290083169937134
1458,Betweenness,0.014906167984008789,preferentialAttachment,3030,2000,38.290083169937134
1504,Betweenness,0.024341583251953125,preferentialAttachment,3030,2000,38.290083169937134
1550,Betweenness,0.011795282363891602,preferentialAttachment,3030,2000,38.290083169937134
1561,Betweenness,0.006238222122192383,preferentialAttachment,3030,2000,38.290083169937134
1571,Katz Centrality,0.016258955001831055,preferentialAttachment,3030,2000,38.290083169937134
1611,Katz Centrality,0.025017261505126953,preferentialAttachment,3030,2000,38.290083169937134
1718,Katz Centrality,0.02329421043395996,preferentialAttachment,3030,2000,38.290083169937134
1530,Katz Centrality,0.020849943161010742,preferentialAttachment,3030,2000,38.290083169937134
1615,Katz Centrality,0.025373458862304688,preferentialAttachment,3030,2000,38.290083169937134
1724,Katz Centrality,0.024029254913330078,preferentialAttachment,3030,2000,38.290083169937134
1666,Katz Centrality,0.025632381439208984,preferentialAttachment,3030,2000,38.290083169937134
1472,Katz Centrality,0.025461196899414062,preferentialAttachment,3030,2000,38.290083169937134
1682,Katz Centrality,0.02495861053466797,preferentialAttachment,3030,2000,38.290083169937134
1715,Katz Centrality,0.024209260940551758,preferentialAttachment,3030,2000,38.290083169937134
1714,Katz Centrality,0.032068729400634766,preferentialAttachment,3030,2000,38.290083169937134
1388,Katz Centrality,0.028072595596313477,preferentialAttachment,3030,2000,38.290083169937134
1438,Katz Centrality,0.03246736526489258,preferentialAttachment,3030,2000,38.290083169937134
1509,Katz Centrality,0.016733169555664062,preferentialAttachment,3030,2000,38.290083169937134
1555,Katz Centrality,0.023673295974731445,preferentialAttachment,3030,2000,38.290083169937134
1682,Harmonic Centrality,0.0164949893951416,preferentialAttachment,3030,2000,38.290083169937134
1659,Harmonic Centrality,0.0168459415435791,preferentialAttachment,3030,2000,38.290083169937134
1647,Harmonic Centrality,0.015978574752807617,preferentialAttachment,3030,2000,38.290083169937134
1727,Harmonic Centrality,0.010895013809204102,preferentialAttachment,3030,2000,38.290083169937134
1232,Harmonic Centrality,0.027225971221923828,preferentialAttachment,3030,2000,38.290083169937134
1671,Harmonic Centrality,0.02226567268371582,preferentialAttachment,3030,2000,38.290083169937134
1538,Harmonic Centrality,0.016979455947875977,preferentialAttachment,3030,2000,38.290083169937134
1564,Harmonic Centrality,0.018367528915405273,preferentialAttachment,3030,2000,38.290083169937134
1685,Harmonic Centrality,0.010111808776855469,preferentialAttachment,3030,2000,38.290083169937134
1638,Harmonic Centrality,0.015309810638427734,preferentialAttachment,3030,2000,38.290083169937134
1717,Harmonic Centrality,0.024353742599487305,preferentialAttachment,3030,2000,38.290083169937134
1604,Harmonic Centrality,0.025649070739746094,preferentialAttachment,3030,2000,38.290083169937134
1504,Harmonic Centrality,0.015318632125854492,preferentialAttachment,3030,2000,38.290083169937134
1621,Harmonic Centrality,0.01214909553527832,preferentialAttachment,3030,2000,38.290083169937134
1617,Harmonic Centrality,0.016193866729736328,preferentialAttachment,3030,2000,38.290083169937134
1458,Eigenvector,0.03246927261352539,preferentialAttachment,3030,2000,38.290083169937134
1621,Eigenvector,0.029827594757080078,preferentialAttachment,3030,2000,38.290083169937134
1558,Eigenvector,0.026235342025756836,preferentialAttachment,3030,2000,38.290083169937134
1663,Eigenvector,0.02484273910522461,preferentialAttachment,3030,2000,38.290083169937134
1650,Eigenvector,0.015284299850463867,preferentialAttachment,3030,2000,38.290083169937134
1655,Eigenvector,0.016533851623535156,preferentialAttachment,3030,2000,38.290083169937134
1184,Eigenvector,0.01636505126953125,preferentialAttachment,3030,2000,38.290083169937134
1603,Eigenvector,0.03360605239868164,preferentialAttachment,3030,2000,38.290083169937134
1625,Eigenvector,0.027313947677612305,preferentialAttachment,3030,2000,38.290083169937134
1645,Eigenvector,0.028144121170043945,preferentialAttachment,3030,2000,38.290083169937134
1465,Eigenvector,0.015143871307373047,preferentialAttachment,3030,2000,38.290083169937134
1515,Eigenvector,0.03654313087463379,preferentialAttachment,3030,2000,38.290083169937134
1622,Eigenvector,0.03228187561035156,preferentialAttachment,3030,2000,38.290083169937134
1638,Eigenvector,0.02878546714782715,preferentialAttachment,3030,2000,38.290083169937134
1493,Eigenvector,0.011506795883178711,preferentialAttachment,3030,2000,38.290083169937134
1544,Katz Centrality,0.017434120178222656,preferentialAttachment,3030,2000,38.290083169937134
1391,Katz Centrality,0.013159990310668945,preferentialAttachment,3030,2000,38.290083169937134
1646,Katz Centrality,0.006956577301025391,preferentialAttachment,3030,2000,38.290083169937134
1219,Katz Centrality,0.014172792434692383,preferentialAttachment,3030,2000,38.290083169937134
1351,Katz Centrality,0.03193354606628418,preferentialAttachment,3030,2000,38.290083169937134
1618,Katz Centrality,0.008475065231323242,preferentialAttachment,3030,2000,38.290083169937134
1707,Katz Centrality,0.015961408615112305,preferentialAttachment,3030,2000,38.290083169937134
1461,Katz Centrality,0.01627373695373535,preferentialAttachment,3030,2000,38.290083169937134
1530,Katz Centrality,0.0159146785736084,preferentialAttachment,3030,2000,38.290083169937134
1735,Katz Centrality,0.016759634017944336,preferentialAttachment,3030,2000,38.290083169937134
1522,Katz Centrality,0.016329526901245117,preferentialAttachment,3030,2000,38.290083169937134
1466,Katz Centrality,0.01694202423095703,preferentialAttachment,3030,2000,38.290083169937134
1821,Katz Centrality,0.025263547897338867,preferentialAttachment,3030,2000,38.290083169937134
1405,Katz Centrality,0.009551286697387695,preferentialAttachment,3030,2000,38.290083169937134
1528,Katz Centrality,0.022463083267211914,preferentialAttachment,3030,2000,38.290083169937134
1335,Harmonic Centrality,0.030806541442871094,preferentialAttachment,3030,2000,38.290083169937134
1629,Harmonic Centrality,0.027353286743164062,preferentialAttachment,3030,2000,38.290083169937134
1593,Harmonic Centrality,0.025437355041503906,preferentialAttachment,3030,2000,38.290083169937134
1454,Harmonic Centrality,0.029713869094848633,preferentialAttachment,3030,2000,38.290083169937134
1465,Harmonic Centrality,0.02141094207763672,preferentialAttachment,3030,2000,38.290083169937134
1567,Harmonic Centrality,0.020812034606933594,preferentialAttachment,3030,2000,38.290083169937134
1540,Harmonic Centrality,0.017568349838256836,preferentialAttachment,3030,2000,38.290083169937134
1376,Harmonic Centrality,0.08045315742492676,preferentialAttachment,3030,2000,38.290083169937134
1531,Harmonic Centrality,0.03403139114379883,preferentialAttachment,3030,2000,38.290083169937134
1981,Harmonic Centrality,0.024017333984375,preferentialAttachment,3030,2000,38.290083169937134
1347,Harmonic Centrality,0.017154216766357422,preferentialAttachment,3030,2000,38.290083169937134
1604,Harmonic Centrality,0.018014907836914062,preferentialAttachment,3030,2000,38.290083169937134
1599,Harmonic Centrality,0.016375064849853516,preferentialAttachment,3030,2000,38.290083169937134
1604,Harmonic Centrality,0.02402353286743164,preferentialAttachment,3030,2000,38.290083169937134
1485,Harmonic Centrality,0.01673746109008789,preferentialAttachment,3030,2000,38.290083169937134
1429,Betweenness,0.03307366371154785,preferentialAttachment,3030,2000,38.290083169937134
1536,Betweenness,0.02899456024169922,preferentialAttachment,3030,2000,38.290083169937134
1685,Betweenness,0.026157855987548828,preferentialAttachment,3030,2000,38.290083169937134
1330,Betweenness,0.017554044723510742,preferentialAttachment,3030,2000,38.290083169937134
1748,Betweenness,0.020416736602783203,preferentialAttachment,3030,2000,38.290083169937134
1524,Betweenness,0.02411794662475586,preferentialAttachment,3030,2000,38.290083169937134
1492,Betweenness,0.017352581024169922,preferentialAttachment,3030,2000,38.290083169937134
1524,Betweenness,0.024965524673461914,preferentialAttachment,3030,2000,38.290083169937134
1662,Betweenness,0.00809025764465332,preferentialAttachment,3030,2000,38.290083169937134
1618,Betweenness,0.028641223907470703,preferentialAttachment,3030,2000,38.290083169937134
1526,Betweenness,0.4499781131744385,preferentialAttachment,3030,2000,38.290083169937134
1637,Betweenness,0.027025222778320312,preferentialAttachment,3030,2000,38.290083169937134
1544,Betweenness,0.02430438995361328,preferentialAttachment,3030,2000,38.290083169937134
1616,Betweenness,0.02174091339111328,preferentialAttachment,3030,2000,38.290083169937134
1502,Betweenness,0.019295454025268555,preferentialAttachment,3030,2000,38.290083169937134
1567,Closeness,0.031461477279663086,preferentialAttachment,3030,2000,38.290083169937134
1533,Closeness,0.024754047393798828,preferentialAttachment,3030,2000,38.290083169937134
1611,Closeness,0.01646137237548828,preferentialAttachment,3030,2000,38.290083169937134
1650,Closeness,0.013509988784790039,preferentialAttachment,3030,2000,38.290083169937134
1322,Closeness,0.013960838317871094,preferentialAttachment,3030,2000,38.290083169937134
1635,Closeness,0.02241063117980957,preferentialAttachment,3030,2000,38.290083169937134
1515,Closeness,0.015990018844604492,preferentialAttachment,3030,2000,38.290083169937134
1683,Closeness,0.015403032302856445,preferentialAttachment,3030,2000,38.290083169937134
1587,Closeness,0.015342950820922852,preferentialAttachment,3030,2000,38.290083169937134
1600,Closeness,0.02210712432861328,preferentialAttachment,3030,2000,38.290083169937134
1693,Closeness,0.005625009536743164,preferentialAttachment,3030,2000,38.290083169937134
1439,Closeness,0.01631760597229004,preferentialAttachment,3030,2000,38.290083169937134
1622,Closeness,0.02402329444885254,preferentialAttachment,3030,2000,38.290083169937134
1561,Closeness,0.01622605323791504,preferentialAttachment,3030,2000,38.290083169937134
1415,Closeness,0.011297941207885742,preferentialAttachment,3030,2000,38.290083169937134
1512,Degree,0.024442672729492188,preferentialAttachment,3030,2000,38.290083169937134
1552,Degree,0.02061939239501953,preferentialAttachment,3030,2000,38.290083169937134
1983,Degree,0.01544809341430664,preferentialAttachment,3030,2000,38.290083169937134
1537,Degree,0.016184329986572266,preferentialAttachment,3030,2000,38.290083169937134
1608,Degree,0.018446922302246094,preferentialAttachment,3030,2000,38.290083169937134
1562,Degree,0.009776592254638672,preferentialAttachment,3030,2000,38.290083169937134
1511,Degree,0.007238149642944336,preferentialAttachment,3030,2000,38.290083169937134
1618,Degree,0.006487846374511719,preferentialAttachment,3030,2000,38.290083169937134
1756,Degree,0.024554967880249023,preferentialAttachment,3030,2000,38.290083169937134
1528,Degree,0.008664369583129883,preferentialAttachment,3030,2000,38.290083169937134
1640,Degree,0.008056879043579102,preferentialAttachment,3030,2000,38.290083169937134
1507,Degree,0.006035327911376953,preferentialAttachment,3030,2000,38.290083169937134
1640,Degree,0.024089336395263672,preferentialAttachment,3030,2000,38.290083169937134
1555,Degree,0.022492408752441406,preferentialAttachment,3030,2000,38.290083169937134
1627,Degree,0.02649211883544922,preferentialAttachment,3030,2000,38.290083169937134
1538,Betweenness,0.03091263771057129,preferentialAttachment,3030,2000,38.290083169937134
1551,Betweenness,0.02744269371032715,preferentialAttachment,3030,2000,38.290083169937134
1706,Betweenness,0.021335363388061523,preferentialAttachment,3030,2000,38.290083169937134
1501,Betweenness,0.023083209991455078,preferentialAttachment,3030,2000,38.290083169937134
1488,Betweenness,0.017943143844604492,preferentialAttachment,3030,2000,38.290083169937134
1536,Betweenness,0.016295194625854492,preferentialAttachment,3030,2000,38.290083169937134
1486,Betweenness,0.016690731048583984,preferentialAttachment,3030,2000,38.290083169937134
1623,Betweenness,0.014550447463989258,preferentialAttachment,3030,2000,38.290083169937134
1348,Betweenness,0.023441076278686523,preferentialAttachment,3030,2000,38.290083169937134
1599,Betweenness,0.027652740478515625,preferentialAttachment,3030,2000,38.290083169937134
1662,Betweenness,0.024029016494750977,preferentialAttachment,3030,2000,38.290083169937134
1597,Betweenness,0.015883922576904297,preferentialAttachment,3030,2000,38.290083169937134
1619,Betweenness,0.016392946243286133,preferentialAttachment,3030,2000,38.290083169937134
1491,Betweenness,0.025427818298339844,preferentialAttachment,3030,2000,38.290083169937134
1537,Betweenness,0.014173746109008789,preferentialAttachment,3030,2000,38.290083169937134
1540,Katz Centrality,0.016991615295410156,preferentialAttachment,3030,2000,38.290083169937134
1298,Katz Centrality,0.020280838012695312,preferentialAttachment,3030,2000,38.290083169937134
1976,Katz Centrality,0.011652946472167969,preferentialAttachment,3030,2000,38.290083169937134
1691,Katz Centrality,0.015059709548950195,preferentialAttachment,3030,2000,38.290083169937134
1567,Katz Centrality,0.0311737060546875,preferentialAttachment,3030,2000,38.290083169937134
1753,Katz Centrality,0.016602039337158203,preferentialAttachment,3030,2000,38.290083169937134
1615,Katz Centrality,0.020444631576538086,preferentialAttachment,3030,2000,38.290083169937134
1680,Katz Centrality,0.024310588836669922,preferentialAttachment,3030,2000,38.290083169937134
1687,Katz Centrality,0.02451777458190918,preferentialAttachment,3030,2000,38.290083169937134
1476,Katz Centrality,0.02150416374206543,preferentialAttachment,3030,2000,38.290083169937134
1703,Katz Centrality,0.0223388671875,preferentialAttachment,3030,2000,38.290083169937134
1553,Katz Centrality,0.018503665924072266,preferentialAttachment,3030,2000,38.290083169937134
1644,Katz Centrality,0.02243494987487793,preferentialAttachment,3030,2000,38.290083169937134
1671,Katz Centrality,0.010619163513183594,preferentialAttachment,3030,2000,38.290083169937134
1661,Katz Centrality,0.005796670913696289,preferentialAttachment,3030,2000,38.290083169937134
1707,PageRank,0.01772785186767578,preferentialAttachment,3030,2000,38.290083169937134
1679,PageRank,0.3849496841430664,preferentialAttachment,3030,2000,38.290083169937134
1847,PageRank,0.018586158752441406,preferentialAttachment,3030,2000,38.290083169937134
1621,PageRank,0.016672372817993164,preferentialAttachment,3030,2000,38.290083169937134
1604,PageRank,0.015694141387939453,preferentialAttachment,3030,2000,38.290083169937134
1480,PageRank,0.015509605407714844,preferentialAttachment,3030,2000,38.290083169937134
1274,PageRank,0.023894786834716797,preferentialAttachment,3030,2000,38.290083169937134
1628,PageRank,0.028811931610107422,preferentialAttachment,3030,2000,38.290083169937134
1491,PageRank,0.027033090591430664,preferentialAttachment,3030,2000,38.290083169937134
1536,PageRank,0.031223773956298828,preferentialAttachment,3030,2000,38.290083169937134
1624,PageRank,0.022488832473754883,preferentialAttachment,3030,2000,38.290083169937134
1552,PageRank,0.013190507888793945,preferentialAttachment,3030,2000,38.290083169937134
1611,PageRank,0.024199962615966797,preferentialAttachment,3030,2000,38.290083169937134
1493,PageRank,0.021246671676635742,preferentialAttachment,3030,2000,38.290083169937134
1688,PageRank,0.013094663619995117,preferentialAttachment,3030,2000,38.290083169937134
1577,Katz Centrality,0.027738332748413086,preferentialAttachment,3030,2000,38.290083169937134
1609,Katz Centrality,0.030980825424194336,preferentialAttachment,3030,2000,38.290083169937134
1543,Katz Centrality,0.01968216896057129,preferentialAttachment,3030,2000,38.290083169937134
1304,Katz Centrality,0.03795170783996582,preferentialAttachment,3030,2000,38.290083169937134
1345,Katz Centrality,0.021111726760864258,preferentialAttachment,3030,2000,38.290083169937134
1319,Katz Centrality,0.01677083969116211,preferentialAttachment,3030,2000,38.290083169937134
1698,Katz Centrality,0.010967254638671875,preferentialAttachment,3030,2000,38.290083169937134
1708,Katz Centrality,0.01572251319885254,preferentialAttachment,3030,2000,38.290083169937134
1327,Katz Centrality,0.01810312271118164,preferentialAttachment,3030,2000,38.290083169937134
1587,Katz Centrality,0.016290664672851562,preferentialAttachment,3030,2000,38.290083169937134
1577,Katz Centrality,0.01704549789428711,preferentialAttachment,3030,2000,38.290083169937134
1523,Katz Centrality,0.013857841491699219,preferentialAttachment,3030,2000,38.290083169937134
1547,Katz Centrality,0.008156776428222656,preferentialAttachment,3030,2000,38.290083169937134
1968,Katz Centrality,0.011558771133422852,preferentialAttachment,3030,2000,38.290083169937134
1459,Katz Centrality,0.010144948959350586,preferentialAttachment,3030,2000,38.290083169937134
1545,Degree,0.02706146240234375,preferentialAttachment,3030,2000,38.290083169937134
1705,Degree,0.03306245803833008,preferentialAttachment,3030,2000,38.290083169937134
1366,Degree,0.06234169006347656,preferentialAttachment,3030,2000,38.290083169937134
1638,Degree,0.019095897674560547,preferentialAttachment,3030,2000,38.290083169937134
1650,Degree,0.016377687454223633,preferentialAttachment,3030,2000,38.290083169937134
1614,Degree,0.007249116897583008,preferentialAttachment,3030,2000,38.290083169937134
1442,Degree,0.016511917114257812,preferentialAttachment,3030,2000,38.290083169937134
1417,Degree,0.019161701202392578,preferentialAttachment,3030,2000,38.290083169937134
1557,Degree,0.014098882675170898,preferentialAttachment,3030,2000,38.290083169937134
1654,Degree,0.016394376754760742,preferentialAttachment,3030,2000,38.290083169937134
1433,Degree,0.01382756233215332,preferentialAttachment,3030,2000,38.290083169937134
1610,Degree,0.01213979721069336,preferentialAttachment,3030,2000,38.290083169937134
1743,Degree,0.020838260650634766,preferentialAttachment,3030,2000,38.290083169937134
1321,Degree,0.011645317077636719,preferentialAttachment,3030,2000,38.290083169937134
1596,Degree,0.01728367805480957,preferentialAttachment,3030,2000,38.290083169937134
1463,PageRank,0.01728677749633789,preferentialAttachment,3030,2000,38.290083169937134
1613,PageRank,0.01521921157836914,preferentialAttachment,3030,2000,38.290083169937134
1610,PageRank,0.024071693420410156,preferentialAttachment,3030,2000,38.290083169937134
1709,PageRank,0.021399974822998047,preferentialAttachment,3030,2000,38.290083169937134
1723,PageRank,0.015283584594726562,preferentialAttachment,3030,2000,38.290083169937134
1601,PageRank,0.016333818435668945,preferentialAttachment,3030,2000,38.290083169937134
1507,PageRank,0.025938749313354492,preferentialAttachment,3030,2000,38.290083169937134
1667,PageRank,0.02187180519104004,preferentialAttachment,3030,2000,38.290083169937134
1612,PageRank,0.0237576961517334,preferentialAttachment,3030,2000,38.290083169937134
1648,PageRank,0.0224611759185791,preferentialAttachment,3030,2000,38.290083169937134
1463,PageRank,0.016016483306884766,preferentialAttachment,3030,2000,38.290083169937134
1635,PageRank,0.014850616455078125,preferentialAttachment,3030,2000,38.290083169937134
1470,PageRank,0.010412931442260742,preferentialAttachment,3030,2000,38.290083169937134
1460,PageRank,0.00807332992553711,preferentialAttachment,3030,2000,38.290083169937134
1734,PageRank,0.02743220329284668,preferentialAttachment,3030,2000,38.290083169937134
1410,Closeness,0.03470778465270996,preferentialAttachment,3030,2000,38.290083169937134
1733,Closeness,0.023814678192138672,preferentialAttachment,3030,2000,38.290083169937134
1614,Closeness,0.023885250091552734,preferentialAttachment,3030,2000,38.290083169937134
1380,Closeness,0.025928258895874023,preferentialAttachment,3030,2000,38.290083169937134
1302,Closeness,0.022048234939575195,preferentialAttachment,3030,2000,38.290083169937134
1741,Closeness,0.016673803329467773,preferentialAttachment,3030,2000,38.290083169937134
1502,Closeness,0.014611005783081055,preferentialAttachment,3030,2000,38.290083169937134
1375,Closeness,0.0018620491027832031,preferentialAttachment,3030,2000,38.290083169937134
1497,Closeness,0.022869348526000977,preferentialAttachment,3030,2000,38.290083169937134
1647,Closeness,0.00824880599975586,preferentialAttachment,3030,2000,38.290083169937134
1625,Closeness,0.004680633544921875,preferentialAttachment,3030,2000,38.290083169937134
1490,Closeness,0.032089948654174805,preferentialAttachment,3030,2000,38.290083169937134
1515,Closeness,0.025676965713500977,preferentialAttachment,3030,2000,38.290083169937134
1629,Closeness,0.010573387145996094,preferentialAttachment,3030,2000,38.290083169937134
1478,Closeness,0.014000177383422852,preferentialAttachment,3030,2000,38.290083169937134
1532,PageRank,0.015807390213012695,preferentialAttachment,3030,2000,38.290083169937134
1509,PageRank,0.011702299118041992,preferentialAttachment,3030,2000,38.290083169937134
1688,PageRank,0.01392364501953125,preferentialAttachment,3030,2000,38.290083169937134
1611,PageRank,0.01023411750793457,preferentialAttachment,3030,2000,38.290083169937134
1696,PageRank,0.038416147232055664,preferentialAttachment,3030,2000,38.290083169937134
1512,PageRank,0.03358793258666992,preferentialAttachment,3030,2000,38.290083169937134
1539,PageRank,0.03559589385986328,preferentialAttachment,3030,2000,38.290083169937134
1578,PageRank,0.03789186477661133,preferentialAttachment,3030,2000,38.290083169937134
1470,PageRank,0.03893566131591797,preferentialAttachment,3030,2000,38.290083169937134
1616,PageRank,0.008915424346923828,preferentialAttachment,3030,2000,38.290083169937134
1429,PageRank,0.027666568756103516,preferentialAttachment,3030,2000,38.290083169937134
1379,PageRank,0.0328214168548584,preferentialAttachment,3030,2000,38.290083169937134
1487,PageRank,0.03387570381164551,preferentialAttachment,3030,2000,38.290083169937134
1501,PageRank,0.03236508369445801,preferentialAttachment,3030,2000,38.290083169937134
1732,PageRank,0.03597593307495117,preferentialAttachment,3030,2000,38.290083169937134
1698,Closeness,0.03683209419250488,preferentialAttachment,3030,2000,38.290083169937134
1624,Closeness,0.03393125534057617,preferentialAttachment,3030,2000,38.290083169937134
1639,Closeness,0.03289484977722168,preferentialAttachment,3030,2000,38.290083169937134
1567,Closeness,0.03828835487365723,preferentialAttachment,3030,2000,38.290083169937134
1494,Closeness,0.037554025650024414,preferentialAttachment,3030,2000,38.290083169937134
1518,Closeness,0.036112308502197266,preferentialAttachment,3030,2000,38.290083169937134
1471,Closeness,0.03646421432495117,preferentialAttachment,3030,2000,38.290083169937134
1645,Closeness,0.033667564392089844,preferentialAttachment,3030,2000,38.290083169937134
1675,Closeness,0.036797285079956055,preferentialAttachment,3030,2000,38.290083169937134
1403,Closeness,0.034742116928100586,preferentialAttachment,3030,2000,38.290083169937134
1372,Closeness,0.037494659423828125,preferentialAttachment,3030,2000,38.290083169937134
1517,Closeness,0.03313088417053223,preferentialAttachment,3030,2000,38.290083169937134
1587,Closeness,0.03142261505126953,preferentialAttachment,3030,2000,38.290083169937134
1492,Closeness,0.03595876693725586,preferentialAttachment,3030,2000,38.290083169937134
1398,Closeness,0.0324397087097168,preferentialAttachment,3030,2000,38.290083169937134
1675,Katz Centrality,0.032347679138183594,preferentialAttachment,3030,2000,38.290083169937134
1494,Katz Centrality,0.03139042854309082,preferentialAttachment,3030,2000,38.290083169937134
1545,Katz Centrality,0.034552812576293945,preferentialAttachment,3030,2000,38.290083169937134
1327,Katz Centrality,0.03457784652709961,preferentialAttachment,3030,2000,38.290083169937134
1495,Katz Centrality,0.03801560401916504,preferentialAttachment,3030,2000,38.290083169937134
1607,Katz Centrality,0.033011436462402344,preferentialAttachment,3030,2000,38.290083169937134
1611,Katz Centrality,0.026770830154418945,preferentialAttachment,3030,2000,38.290083169937134
1570,Katz Centrality,0.036287546157836914,preferentialAttachment,3030,2000,38.290083169937134
1636,Katz Centrality,0.03657102584838867,preferentialAttachment,3030,2000,38.290083169937134
1525,Katz Centrality,0.03569817543029785,preferentialAttachment,3030,2000,38.290083169937134
1693,Katz Centrality,0.03577828407287598,preferentialAttachment,3030,2000,38.290083169937134
1656,Katz Centrality,0.03681755065917969,preferentialAttachment,3030,2000,38.290083169937134
1592,Katz Centrality,0.0350644588470459,preferentialAttachment,3030,2000,38.290083169937134
1641,Katz Centrality,0.016129016876220703,preferentialAttachment,3030,2000,38.290083169937134
1631,Katz Centrality,0.03287672996520996,preferentialAttachment,3030,2000,38.290083169937134
1488,Betweenness,0.03136944770812988,preferentialAttachment,3030,2000,38.290083169937134
1569,Betweenness,0.03219175338745117,preferentialAttachment,3030,2000,38.290083169937134
1612,Betweenness,0.02395176887512207,preferentialAttachment,3030,2000,38.290083169937134
1480,Betweenness,0.016329288482666016,preferentialAttachment,3030,2000,38.290083169937134
1536,Betweenness,0.01089167594909668,preferentialAttachment,3030,2000,38.290083169937134
1672,Betweenness,0.02348017692565918,preferentialAttachment,3030,2000,38.290083169937134
1486,Betweenness,0.00946044921875,preferentialAttachment,3030,2000,38.290083169937134
1719,Betweenness,0.004591703414916992,preferentialAttachment,3030,2000,38.290083169937134
1589,Betweenness,0.015185832977294922,preferentialAttachment,3030,2000,38.290083169937134
1556,Betweenness,0.0,preferentialAttachment,3030,2000,38.290083169937134
1462,Betweenness,0.018991708755493164,preferentialAttachment,3030,2000,38.290083169937134
1624,Betweenness,0.00817418098449707,preferentialAttachment,3030,2000,38.290083169937134
1673,Betweenness,0.01626420021057129,preferentialAttachment,3030,2000,38.290083169937134
1606,Betweenness,0.012383222579956055,preferentialAttachment,3030,2000,38.290083169937134
1450,Betweenness,0.015908479690551758,preferentialAttachment,3030,2000,38.290083169937134
1497,Eigenvector,0.028926849365234375,preferentialAttachment,3030,2000,38.290083169937134
1682,Eigenvector,0.026004791259765625,preferentialAttachment,3030,2000,38.290083169937134
1474,Eigenvector,0.026002168655395508,preferentialAttachment,3030,2000,38.290083169937134
1538,Eigenvector,0.016741275787353516,preferentialAttachment,3030,2000,38.290083169937134
1712,Eigenvector,0.0235140323638916,preferentialAttachment,3030,2000,38.290083169937134
1504,Eigenvector,0.01586127281188965,preferentialAttachment,3030,2000,38.290083169937134
1675,Eigenvector,0.0178375244140625,preferentialAttachment,3030,2000,38.290083169937134
1545,Eigenvector,0.014140129089355469,preferentialAttachment,3030,2000,38.290083169937134
1492,Eigenvector,0.008065462112426758,preferentialAttachment,3030,2000,38.290083169937134
1638,Eigenvector,0.019408464431762695,preferentialAttachment,3030,2000,38.290083169937134
1488,Eigenvector,0.017711877822875977,preferentialAttachment,3030,2000,38.290083169937134
1497,Eigenvector,0.0169217586517334,preferentialAttachment,3030,2000,38.290083169937134
1520,Eigenvector,0.007496356964111328,preferentialAttachment,3030,2000,38.290083169937134
1445,Eigenvector,0.3683757781982422,preferentialAttachment,3030,2000,38.290083169937134
1674,Eigenvector,0.02143716812133789,preferentialAttachment,3030,2000,38.290083169937134
1565,Closeness,0.025965213775634766,preferentialAttachment,3030,2000,38.290083169937134
1684,Closeness,0.024073123931884766,preferentialAttachment,3030,2000,38.290083169937134
1518,Closeness,0.019107580184936523,preferentialAttachment,3030,2000,38.290083169937134
1532,Closeness,0.01896071434020996,preferentialAttachment,3030,2000,38.290083169937134
1715,Closeness,0.013134002685546875,preferentialAttachment,3030,2000,38.290083169937134
1631,Closeness,0.012416601181030273,preferentialAttachment,3030,2000,38.290083169937134
1556,Closeness,0.005130290985107422,preferentialAttachment,3030,2000,38.290083169937134
1556,Closeness,0.016663312911987305,preferentialAttachment,3030,2000,38.290083169937134
1446,Closeness,0.00426173210144043,preferentialAttachment,3030,2000,38.290083169937134
1622,Closeness,0.014868021011352539,preferentialAttachment,3030,2000,38.290083169937134
1599,Closeness,0.02622675895690918,preferentialAttachment,3030,2000,38.290083169937134
1297,Closeness,0.01820206642150879,preferentialAttachment,3030,2000,38.290083169937134
1564,Closeness,0.018496036529541016,preferentialAttachment,3030,2000,38.290083169937134
1609,Closeness,0.0,preferentialAttachment,3030,2000,38.290083169937134
1655,Closeness,0.02670884132385254,preferentialAttachment,3030,2000,38.290083169937134
1562,Katz Centrality,0.00700068473815918,preferentialAttachment,3030,2000,38.290083169937134
1420,Katz Centrality,0.010059595108032227,preferentialAttachment,3030,2000,38.290083169937134
1559,Katz Centrality,0.41207170486450195,preferentialAttachment,3030,2000,38.290083169937134
1539,Katz Centrality,0.024846553802490234,preferentialAttachment,3030,2000,38.290083169937134
1508,Katz Centrality,0.025244712829589844,preferentialAttachment,3030,2000,38.290083169937134
1658,Katz Centrality,0.015882015228271484,preferentialAttachment,3030,2000,38.290083169937134
1696,Katz Centrality,0.040549516677856445,preferentialAttachment,3030,2000,38.290083169937134
1614,Katz Centrality,0.024485349655151367,preferentialAttachment,3030,2000,38.290083169937134
1611,Katz Centrality,0.05278658866882324,preferentialAttachment,3030,2000,38.290083169937134
1460,Katz Centrality,0.040993690490722656,preferentialAttachment,3030,2000,38.290083169937134
1664,Katz Centrality,0.37946414947509766,preferentialAttachment,3030,2000,38.290083169937134
1730,Katz Centrality,0.011909008026123047,preferentialAttachment,3030,2000,38.290083169937134
1608,Katz Centrality,0.03616786003112793,preferentialAttachment,3030,2000,38.290083169937134
1482,Katz Centrality,0.027290821075439453,preferentialAttachment,3030,2000,38.290083169937134
1736,Katz Centrality,0.024410486221313477,preferentialAttachment,3030,2000,38.290083169937134
1452,Katz Centrality,0.033292293548583984,preferentialAttachment,3030,2000,38.290083169937134
1503,Katz Centrality,0.03133106231689453,preferentialAttachment,3030,2000,38.290083169937134
1670,Katz Centrality,0.03081035614013672,preferentialAttachment,3030,2000,38.290083169937134
1546,Katz Centrality,0.03255605697631836,preferentialAttachment,3030,2000,38.290083169937134
1486,Katz Centrality,0.013545513153076172,preferentialAttachment,3030,2000,38.290083169937134
1443,Katz Centrality,0.016886472702026367,preferentialAttachment,3030,2000,38.290083169937134
1640,Katz Centrality,0.026349782943725586,preferentialAttachment,3030,2000,38.290083169937134
1426,Katz Centrality,0.022913694381713867,preferentialAttachment,3030,2000,38.290083169937134
1462,Katz Centrality,0.01648879051208496,preferentialAttachment,3030,2000,38.290083169937134
1527,Katz Centrality,0.025126218795776367,preferentialAttachment,3030,2000,38.290083169937134
1508,Katz Centrality,0.01679205894470215,preferentialAttachment,3030,2000,38.290083169937134
1734,Katz Centrality,0.03345131874084473,preferentialAttachment,3030,2000,38.290083169937134
1528,Katz Centrality,0.015014171600341797,preferentialAttachment,3030,2000,38.290083169937134
1738,Katz Centrality,0.016514062881469727,preferentialAttachment,3030,2000,38.290083169937134
1616,Katz Centrality,0.015933990478515625,preferentialAttachment,3030,2000,38.290083169937134
1570,Closeness,0.0192718505859375,preferentialAttachment,3030,2000,38.290083169937134
1439,Closeness,0.4254903793334961,preferentialAttachment,3030,2000,38.290083169937134
1624,Closeness,0.01761913299560547,preferentialAttachment,3030,2000,38.290083169937134
1384,Closeness,0.01667952537536621,preferentialAttachment,3030,2000,38.290083169937134
1491,Closeness,0.01981210708618164,preferentialAttachment,3030,2000,38.290083169937134
1747,Closeness,0.017050504684448242,preferentialAttachment,3030,2000,38.290083169937134
1630,Closeness,0.016658306121826172,preferentialAttachment,3030,2000,38.290083169937134
1573,Closeness,0.023939847946166992,preferentialAttachment,3030,2000,38.290083169937134
1343,Closeness,0.015877485275268555,preferentialAttachment,3030,2000,38.290083169937134
1518,Closeness,0.021981000900268555,preferentialAttachment,3030,2000,38.290083169937134
1520,Closeness,0.0290830135345459,preferentialAttachment,3030,2000,38.290083169937134
1713,Closeness,0.4129350185394287,preferentialAttachment,3030,2000,38.290083169937134
1550,Closeness,0.025242328643798828,preferentialAttachment,3030,2000,38.290083169937134
1454,Closeness,0.029307126998901367,preferentialAttachment,3030,2000,38.290083169937134
1758,Closeness,0.028412580490112305,preferentialAttachment,3030,2000,38.290083169937134
1638,PageRank,0.038303375244140625,preferentialAttachment,3030,2000,38.290083169937134
1290,PageRank,0.028668880462646484,preferentialAttachment,3030,2000,38.290083169937134
1526,PageRank,0.026770591735839844,preferentialAttachment,3030,2000,38.290083169937134
1442,PageRank,0.018630266189575195,preferentialAttachment,3030,2000,38.290083169937134
1527,PageRank,0.015575647354125977,preferentialAttachment,3030,2000,38.290083169937134
1426,PageRank,0.011522293090820312,preferentialAttachment,3030,2000,38.290083169937134
1505,PageRank,0.3941538333892822,preferentialAttachment,3030,2000,38.290083169937134
1333,PageRank,0.02271103858947754,preferentialAttachment,3030,2000,38.290083169937134
1281,PageRank,0.022423267364501953,preferentialAttachment,3030,2000,38.290083169937134
1631,PageRank,0.021909713745117188,preferentialAttachment,3030,2000,38.290083169937134
1507,PageRank,0.017727375030517578,preferentialAttachment,3030,2000,38.290083169937134
1482,PageRank,0.021326541900634766,preferentialAttachment,3030,2000,38.290083169937134
1562,PageRank,0.028287649154663086,preferentialAttachment,3030,2000,38.290083169937134
1756,PageRank,0.025180339813232422,preferentialAttachment,3030,2000,38.290083169937134
1433,PageRank,0.016675233840942383,preferentialAttachment,3030,2000,38.290083169937134
1466,Katz Centrality,0.026552200317382812,preferentialAttachment,3030,2000,38.290083169937134
1550,Katz Centrality,0.02508091926574707,preferentialAttachment,3030,2000,38.290083169937134
1601,Katz Centrality,0.026197195053100586,preferentialAttachment,3030,2000,38.290083169937134
1605,Katz Centrality,0.024355411529541016,preferentialAttachment,3030,2000,38.290083169937134
1519,Katz Centrality,0.024641752243041992,preferentialAttachment,3030,2000,38.290083169937134
1488,Katz Centrality,0.011668682098388672,preferentialAttachment,3030,2000,38.290083169937134
1417,Katz Centrality,0.022626876831054688,preferentialAttachment,3030,2000,38.290083169937134
1556,Katz Centrality,0.02052617073059082,preferentialAttachment,3030,2000,38.290083169937134
1481,Katz Centrality,0.02182292938232422,preferentialAttachment,3030,2000,38.290083169937134
1603,Katz Centrality,0.018510818481445312,preferentialAttachment,3030,2000,38.290083169937134
1710,Katz Centrality,0.01631450653076172,preferentialAttachment,3030,2000,38.290083169937134
1445,Katz Centrality,0.02716517448425293,preferentialAttachment,3030,2000,38.290083169937134
1660,Katz Centrality,0.0241854190826416,preferentialAttachment,3030,2000,38.290083169937134
1721,Katz Centrality,0.023703575134277344,preferentialAttachment,3030,2000,38.290083169937134
1590,Katz Centrality,0.010462522506713867,preferentialAttachment,3030,2000,38.290083169937134
1437,Degree,0.035459041595458984,preferentialAttachment,3030,2000,38.290083169937134
1705,Degree,0.03504800796508789,preferentialAttachment,3030,2000,38.290083169937134
1795,Degree,0.031678199768066406,preferentialAttachment,3030,2000,38.290083169937134
1618,Degree,0.03190732002258301,preferentialAttachment,3030,2000,38.290083169937134
1614,Degree,0.024106502532958984,preferentialAttachment,3030,2000,38.290083169937134
1775,Degree,0.01580810546875,preferentialAttachment,3030,2000,38.290083169937134
1515,Degree,0.024055004119873047,preferentialAttachment,3030,2000,38.290083169937134
1564,Degree,0.023340463638305664,preferentialAttachment,3030,2000,38.290083169937134
1696,Degree,0.024478435516357422,preferentialAttachment,3030,2000,38.290083169937134
1648,Degree,0.019659042358398438,preferentialAttachment,3030,2000,38.290083169937134
1303,Degree,0.020630359649658203,preferentialAttachment,3030,2000,38.290083169937134
1682,Degree,0.011476993560791016,preferentialAttachment,3030,2000,38.290083169937134
1528,Degree,0.014697790145874023,preferentialAttachment,3030,2000,38.290083169937134
1614,Degree,0.0223691463470459,preferentialAttachment,3030,2000,38.290083169937134
1680,Degree,0.005533456802368164,preferentialAttachment,3030,2000,38.290083169937134
1555,Degree,0.025146484375,preferentialAttachment,3030,2000,38.290083169937134
1646,Degree,0.02297234535217285,preferentialAttachment,3030,2000,38.290083169937134
1411,Degree,0.016161680221557617,preferentialAttachment,3030,2000,38.290083169937134
1628,Degree,0.0043680667877197266,preferentialAttachment,3030,2000,38.290083169937134
1539,Degree,0.007470846176147461,preferentialAttachment,3030,2000,38.290083169937134
1496,Degree,0.016952037811279297,preferentialAttachment,3030,2000,38.290083169937134
1608,Degree,0.016437292098999023,preferentialAttachment,3030,2000,38.290083169937134
1589,Degree,0.011196374893188477,preferentialAttachment,3030,2000,38.290083169937134
1536,Degree,0.01526784896850586,preferentialAttachment,3030,2000,38.290083169937134
1604,Degree,0.01858687400817871,preferentialAttachment,3030,2000,38.290083169937134
1431,Degree,0.03246951103210449,preferentialAttachment,3030,2000,38.290083169937134
1484,Degree,0.024953365325927734,preferentialAttachment,3030,2000,38.290083169937134
1398,Degree,0.016021728515625,preferentialAttachment,3030,2000,38.290083169937134
1344,Degree,0.0353696346282959,preferentialAttachment,3030,2000,38.290083169937134
1703,Degree,0.009158134460449219,preferentialAttachment,3030,2000,38.290083169937134
1072,Harmonic Centrality,0.023660659790039062,smallworld,4859,2000,49.66015839576721
1268,Harmonic Centrality,0.009895086288452148,smallworld,4859,2000,49.66015839576721
1705,Harmonic Centrality,0.03368520736694336,smallworld,4859,2000,49.66015839576721
1077,Harmonic Centrality,0.019980669021606445,smallworld,4859,2000,49.66015839576721
1219,Harmonic Centrality,0.026391983032226562,smallworld,4859,2000,49.66015839576721
1385,Harmonic Centrality,0.03179335594177246,smallworld,4859,2000,49.66015839576721
989,Harmonic Centrality,0.023190021514892578,smallworld,4859,2000,49.66015839576721
1725,Harmonic Centrality,0.01896524429321289,smallworld,4859,2000,49.66015839576721
1724,Harmonic Centrality,0.014208793640136719,smallworld,4859,2000,49.66015839576721
978,Harmonic Centrality,0.016732215881347656,smallworld,4859,2000,49.66015839576721
1158,Harmonic Centrality,0.01575326919555664,smallworld,4859,2000,49.66015839576721
1740,Harmonic Centrality,0.02483224868774414,smallworld,4859,2000,49.66015839576721
1341,Harmonic Centrality,0.01994609832763672,smallworld,4859,2000,49.66015839576721
1183,Harmonic Centrality,0.37372803688049316,smallworld,4859,2000,49.66015839576721
1325,Harmonic Centrality,0.04420804977416992,smallworld,4859,2000,49.66015839576721
1095,Betweenness,0.017017841339111328,smallworld,4859,2000,49.66015839576721
1686,Betweenness,0.025972366333007812,smallworld,4859,2000,49.66015839576721
992,Betweenness,0.017734050750732422,smallworld,4859,2000,49.66015839576721
1224,Betweenness,0.022542238235473633,smallworld,4859,2000,49.66015839576721
1052,Betweenness,0.016802549362182617,smallworld,4859,2000,49.66015839576721
1332,Betweenness,0.02485489845275879,smallworld,4859,2000,49.66015839576721
1114,Betweenness,0.021188735961914062,smallworld,4859,2000,49.66015839576721
1289,Betweenness,0.018958568572998047,smallworld,4859,2000,49.66015839576721
1700,Betweenness,0.02412724494934082,smallworld,4859,2000,49.66015839576721
1298,Betweenness,0.02202582359313965,smallworld,4859,2000,49.66015839576721
1216,Betweenness,0.026285171508789062,smallworld,4859,2000,49.66015839576721
1011,Betweenness,0.00986337661743164,smallworld,4859,2000,49.66015839576721
1083,Betweenness,0.0204465389251709,smallworld,4859,2000,49.66015839576721
1162,Betweenness,0.018428325653076172,smallworld,4859,2000,49.66015839576721
1003,Betweenness,0.024226665496826172,smallworld,4859,2000,49.66015839576721
991,Katz Centrality,0.034072160720825195,smallworld,4859,2000,49.66015839576721
1223,Katz Centrality,0.029679298400878906,smallworld,4859,2000,49.66015839576721
1363,Katz Centrality,0.014144182205200195,smallworld,4859,2000,49.66015839576721
1325,Katz Centrality,0.021469831466674805,smallworld,4859,2000,49.66015839576721
1361,Katz Centrality,0.0295107364654541,smallworld,4859,2000,49.66015839576721
1314,Katz Centrality,0.02081608772277832,smallworld,4859,2000,49.66015839576721
1062,Katz Centrality,0.016251087188720703,smallworld,4859,2000,49.66015839576721
1486,Katz Centrality,0.016291141510009766,smallworld,4859,2000,49.66015839576721
1198,Katz Centrality,0.016176462173461914,smallworld,4859,2000,49.66015839576721
1290,Katz Centrality,0.03273272514343262,smallworld,4859,2000,49.66015839576721
1713,Katz Centrality,0.023690462112426758,smallworld,4859,2000,49.66015839576721
1357,Katz Centrality,0.01659083366394043,smallworld,4859,2000,49.66015839576721
1173,Katz Centrality,0.02886366844177246,smallworld,4859,2000,49.66015839576721
944,Katz Centrality,0.022667646408081055,smallworld,4859,2000,49.66015839576721
996,Katz Centrality,0.027878522872924805,smallworld,4859,2000,49.66015839576721
1348,Closeness,0.016768932342529297,smallworld,4859,2000,49.66015839576721
1693,Closeness,0.012016057968139648,smallworld,4859,2000,49.66015839576721
1688,Closeness,0.02059340476989746,smallworld,4859,2000,49.66015839576721
1198,Closeness,0.017519712448120117,smallworld,4859,2000,49.66015839576721
971,Closeness,0.01631927490234375,smallworld,4859,2000,49.66015839576721
963,Closeness,0.009244918823242188,smallworld,4859,2000,49.66015839576721
1373,Closeness,0.028453826904296875,smallworld,4859,2000,49.66015839576721
1353,Closeness,0.02385115623474121,smallworld,4859,2000,49.66015839576721
1349,Closeness,0.016611814498901367,smallworld,4859,2000,49.66015839576721
1349,Closeness,0.026754379272460938,smallworld,4859,2000,49.66015839576721
1720,Closeness,0.016080141067504883,smallworld,4859,2000,49.66015839576721
1313,Closeness,0.023804426193237305,smallworld,4859,2000,49.66015839576721
1131,Closeness,0.013700485229492188,smallworld,4859,2000,49.66015839576721
1060,Closeness,0.009519577026367188,smallworld,4859,2000,49.66015839576721
1020,Closeness,0.03244972229003906,smallworld,4859,2000,49.66015839576721
1081,Closeness,0.024944067001342773,smallworld,4859,2000,49.66015839576721
1079,Closeness,0.4001598358154297,smallworld,4859,2000,49.66015839576721
979,Closeness,0.015304088592529297,smallworld,4859,2000,49.66015839576721
1087,Closeness,0.015090465545654297,smallworld,4859,2000,49.66015839576721
1706,Closeness,0.015385627746582031,smallworld,4859,2000,49.66015839576721
1079,Closeness,0.007426261901855469,smallworld,4859,2000,49.66015839576721
963,Closeness,0.013659000396728516,smallworld,4859,2000,49.66015839576721
951,Closeness,0.025766849517822266,smallworld,4859,2000,49.66015839576721
1312,Closeness,0.024304866790771484,smallworld,4859,2000,49.66015839576721
968,Closeness,0.0162808895111084,smallworld,4859,2000,49.66015839576721
1734,Closeness,0.024179697036743164,smallworld,4859,2000,49.66015839576721
1427,Closeness,0.0162813663482666,smallworld,4859,2000,49.66015839576721
1476,Closeness,0.008086681365966797,smallworld,4859,2000,49.66015839576721
1336,Closeness,0.011272430419921875,smallworld,4859,2000,49.66015839576721
1668,Closeness,0.024318218231201172,smallworld,4859,2000,49.66015839576721
1040,PageRank,0.03248000144958496,smallworld,4859,2000,49.66015839576721
1716,PageRank,0.03757166862487793,smallworld,4859,2000,49.66015839576721
1008,PageRank,0.03333473205566406,smallworld,4859,2000,49.66015839576721
1142,PageRank,0.023561716079711914,smallworld,4859,2000,49.66015839576721
969,PageRank,0.019906997680664062,smallworld,4859,2000,49.66015839576721
1645,PageRank,0.015851736068725586,smallworld,4859,2000,49.66015839576721
1067,PageRank,0.02070760726928711,smallworld,4859,2000,49.66015839576721
980,PageRank,0.024225950241088867,smallworld,4859,2000,49.66015839576721
1297,PageRank,0.0170748233795166,smallworld,4859,2000,49.66015839576721
1279,PageRank,0.023166179656982422,smallworld,4859,2000,49.66015839576721
1075,PageRank,0.018491268157958984,smallworld,4859,2000,49.66015839576721
1307,PageRank,0.013425350189208984,smallworld,4859,2000,49.66015839576721
948,PageRank,0.02425980567932129,smallworld,4859,2000,49.66015839576721
988,PageRank,0.022441625595092773,smallworld,4859,2000,49.66015839576721
1306,PageRank,0.024120807647705078,smallworld,4859,2000,49.66015839576721
1461,Eigenvector,0.031830549240112305,smallworld,4859,2000,49.66015839576721
1213,Eigenvector,0.009904146194458008,smallworld,4859,2000,49.66015839576721
1441,Eigenvector,0.019968271255493164,smallworld,4859,2000,49.66015839576721
1087,Eigenvector,0.014770984649658203,smallworld,4859,2000,49.66015839576721
1091,Eigenvector,0.014020681381225586,smallworld,4859,2000,49.66015839576721
1026,Eigenvector,0.014631509780883789,smallworld,4859,2000,49.66015839576721
1365,Eigenvector,0.024909019470214844,smallworld,4859,2000,49.66015839576721
983,Eigenvector,0.008509635925292969,smallworld,4859,2000,49.66015839576721
1373,Eigenvector,0.016300201416015625,smallworld,4859,2000,49.66015839576721
1327,Eigenvector,0.014724254608154297,smallworld,4859,2000,49.66015839576721
1337,Eigenvector,0.01658010482788086,smallworld,4859,2000,49.66015839576721
1320,Eigenvector,0.015753507614135742,smallworld,4859,2000,49.66015839576721
1324,Eigenvector,0.011726617813110352,smallworld,4859,2000,49.66015839576721
1072,Eigenvector,0.024163484573364258,smallworld,4859,2000,49.66015839576721
1087,Eigenvector,0.014968633651733398,smallworld,4859,2000,49.66015839576721
1118,Katz Centrality,0.017625093460083008,smallworld,4859,2000,49.66015839576721
1149,Katz Centrality,0.018622398376464844,smallworld,4859,2000,49.66015839576721
984,Katz Centrality,0.010506153106689453,smallworld,4859,2000,49.66015839576721
1228,Katz Centrality,0.01251673698425293,smallworld,4859,2000,49.66015839576721
1518,Katz Centrality,0.03788161277770996,smallworld,4859,2000,49.66015839576721
1345,Katz Centrality,0.017681598663330078,smallworld,4859,2000,49.66015839576721
1338,Katz Centrality,0.015661001205444336,smallworld,4859,2000,49.66015839576721
1118,Katz Centrality,0.015202999114990234,smallworld,4859,2000,49.66015839576721
1075,Katz Centrality,0.01746058464050293,smallworld,4859,2000,49.66015839576721
1157,Katz Centrality,0.016705751419067383,smallworld,4859,2000,49.66015839576721
1068,Katz Centrality,0.40228796005249023,smallworld,4859,2000,49.66015839576721
1333,Katz Centrality,0.02626347541809082,smallworld,4859,2000,49.66015839576721
1011,Katz Centrality,0.027714014053344727,smallworld,4859,2000,49.66015839576721
1648,Katz Centrality,0.023833274841308594,smallworld,4859,2000,49.66015839576721
958,Katz Centrality,0.02465534210205078,smallworld,4859,2000,49.66015839576721
1199,Katz Centrality,0.033425331115722656,smallworld,4859,2000,49.66015839576721
1279,Katz Centrality,0.013847827911376953,smallworld,4859,2000,49.66015839576721
1050,Katz Centrality,0.01564621925354004,smallworld,4859,2000,49.66015839576721
1020,Katz Centrality,0.03231549263000488,smallworld,4859,2000,49.66015839576721
1042,Katz Centrality,0.020287036895751953,smallworld,4859,2000,49.66015839576721
1056,Katz Centrality,0.01213216781616211,smallworld,4859,2000,49.66015839576721
1379,Katz Centrality,0.024184226989746094,smallworld,4859,2000,49.66015839576721
1267,Katz Centrality,0.016229629516601562,smallworld,4859,2000,49.66015839576721
1677,Katz Centrality,0.008372783660888672,smallworld,4859,2000,49.66015839576721
957,Katz Centrality,0.018598556518554688,smallworld,4859,2000,49.66015839576721
957,Katz Centrality,0.023156166076660156,smallworld,4859,2000,49.66015839576721
952,Katz Centrality,0.02801823616027832,smallworld,4859,2000,49.66015839576721
1170,Katz Centrality,0.025226831436157227,smallworld,4859,2000,49.66015839576721
1517,Katz Centrality,0.01593160629272461,smallworld,4859,2000,49.66015839576721
1149,Katz Centrality,0.01304483413696289,smallworld,4859,2000,49.66015839576721
1004,Degree,0.04140973091125488,smallworld,4859,2000,49.66015839576721
1709,Degree,0.04070639610290527,smallworld,4859,2000,49.66015839576721
1307,Degree,0.01984095573425293,smallworld,4859,2000,49.66015839576721
1717,Degree,0.01665806770324707,smallworld,4859,2000,49.66015839576721
973,Degree,0.030889272689819336,smallworld,4859,2000,49.66015839576721
1138,Degree,0.02437281608581543,smallworld,4859,2000,49.66015839576721
978,Degree,0.024065017700195312,smallworld,4859,2000,49.66015839576721
1484,Degree,0.02395939826965332,smallworld,4859,2000,49.66015839576721
1010,Degree,0.024420976638793945,smallworld,4859,2000,49.66015839576721
1084,Degree,0.016271352767944336,smallworld,4859,2000,49.66015839576721
1297,Degree,0.017235994338989258,smallworld,4859,2000,49.66015839576721
1294,Degree,0.015353679656982422,smallworld,4859,2000,49.66015839576721
977,Degree,0.027637004852294922,smallworld,4859,2000,49.66015839576721
990,Degree,0.03133511543273926,smallworld,4859,2000,49.66015839576721
1708,Degree,0.024511098861694336,smallworld,4859,2000,49.66015839576721
1001,PageRank,0.028026819229125977,smallworld,4859,2000,49.66015839576721
1275,PageRank,0.018114566802978516,smallworld,4859,2000,49.66015839576721
999,PageRank,0.01251220703125,smallworld,4859,2000,49.66015839576721
998,PageRank,0.019742965698242188,smallworld,4859,2000,49.66015839576721
970,PageRank,0.01967334747314453,smallworld,4859,2000,49.66015839576721
1334,PageRank,0.01644158363342285,smallworld,4859,2000,49.66015839576721
1672,PageRank,0.026143312454223633,smallworld,4859,2000,49.66015839576721
1350,PageRank,0.024434566497802734,smallworld,4859,2000,49.66015839576721
1295,PageRank,0.020265817642211914,smallworld,4859,2000,49.66015839576721
1642,PageRank,0.011223316192626953,smallworld,4859,2000,49.66015839576721
1340,PageRank,0.024605751037597656,smallworld,4859,2000,49.66015839576721
1167,PageRank,0.016302824020385742,smallworld,4859,2000,49.66015839576721
1147,PageRank,0.0155792236328125,smallworld,4859,2000,49.66015839576721
1717,PageRank,0.02444601058959961,smallworld,4859,2000,49.66015839576721
969,PageRank,0.01615595817565918,smallworld,4859,2000,49.66015839576721
1501,Katz Centrality,0.02596902847290039,smallworld,4859,2000,49.66015839576721
995,Katz Centrality,0.017093896865844727,smallworld,4859,2000,49.66015839576721
974,Katz Centrality,0.018302440643310547,smallworld,4859,2000,49.66015839576721
1295,Katz Centrality,0.024776458740234375,smallworld,4859,2000,49.66015839576721
1020,Katz Centrality,0.014195680618286133,smallworld,4859,2000,49.66015839576721
943,Katz Centrality,0.01368856430053711,smallworld,4859,2000,49.66015839576721
1280,Katz Centrality,0.015875577926635742,smallworld,4859,2000,49.66015839576721
1724,Katz Centrality,0.01589202880859375,smallworld,4859,2000,49.66015839576721
1617,Katz Centrality,0.015940189361572266,smallworld,4859,2000,49.66015839576721
1401,Katz Centrality,0.015758752822875977,smallworld,4859,2000,49.66015839576721
1313,Katz Centrality,0.01650691032409668,smallworld,4859,2000,49.66015839576721
1345,Katz Centrality,0.03316998481750488,smallworld,4859,2000,49.66015839576721
1324,Katz Centrality,0.023814678192138672,smallworld,4859,2000,49.66015839576721
1696,Katz Centrality,0.012554407119750977,smallworld,4859,2000,49.66015839576721
1076,Katz Centrality,0.01171731948852539,smallworld,4859,2000,49.66015839576721
1252,PageRank,0.015575885772705078,smallworld,4859,2000,49.66015839576721
1122,PageRank,0.016005992889404297,smallworld,4859,2000,49.66015839576721
997,PageRank,0.03341794013977051,smallworld,4859,2000,49.66015839576721
1312,PageRank,0.031510114669799805,smallworld,4859,2000,49.66015839576721
1701,PageRank,0.014207839965820312,smallworld,4859,2000,49.66015839576721
1079,PageRank,0.008511066436767578,smallworld,4859,2000,49.66015839576721
1436,PageRank,0.014228105545043945,smallworld,4859,2000,49.66015839576721
1339,PageRank,0.01585078239440918,smallworld,4859,2000,49.66015839576721
972,PageRank,0.02397012710571289,smallworld,4859,2000,49.66015839576721
1310,PageRank,0.02263951301574707,smallworld,4859,2000,49.66015839576721
1333,PageRank,0.015794754028320312,smallworld,4859,2000,49.66015839576721
1702,PageRank,0.016416549682617188,smallworld,4859,2000,49.66015839576721
1111,PageRank,0.015857219696044922,smallworld,4859,2000,49.66015839576721
1075,PageRank,0.016651153564453125,smallworld,4859,2000,49.66015839576721
1393,PageRank,0.014045238494873047,smallworld,4859,2000,49.66015839576721
1704,Betweenness,0.03272700309753418,smallworld,4859,2000,49.66015839576721
1355,Betweenness,0.04726886749267578,smallworld,4859,2000,49.66015839576721
1367,Betweenness,0.023667335510253906,smallworld,4859,2000,49.66015839576721
1280,Betweenness,0.012229442596435547,smallworld,4859,2000,49.66015839576721
1201,Betweenness,0.00853729248046875,smallworld,4859,2000,49.66015839576721
1279,Betweenness,0.007876873016357422,smallworld,4859,2000,49.66015839576721
1287,Betweenness,0.016439437866210938,smallworld,4859,2000,49.66015839576721
1354,Betweenness,0.022255659103393555,smallworld,4859,2000,49.66015839576721
1718,Betweenness,0.022505760192871094,smallworld,4859,2000,49.66015839576721
1094,Betweenness,0.015799999237060547,smallworld,4859,2000,49.66015839576721
1095,Betweenness,0.018499135971069336,smallworld,4859,2000,49.66015839576721
1662,Betweenness,0.022339344024658203,smallworld,4859,2000,49.66015839576721
1237,Betweenness,0.015785694122314453,smallworld,4859,2000,49.66015839576721
1354,Betweenness,0.016598939895629883,smallworld,4859,2000,49.66015839576721
1307,Betweenness,0.015872716903686523,smallworld,4859,2000,49.66015839576721
1696,Harmonic Centrality,0.024163007736206055,smallworld,4859,2000,49.66015839576721
1715,Harmonic Centrality,0.0172579288482666,smallworld,4859,2000,49.66015839576721
1064,Harmonic Centrality,0.02011704444885254,smallworld,4859,2000,49.66015839576721
1126,Harmonic Centrality,0.024032115936279297,smallworld,4859,2000,49.66015839576721
1000,Harmonic Centrality,0.03256702423095703,smallworld,4859,2000,49.66015839576721
1031,Harmonic Centrality,0.024878978729248047,smallworld,4859,2000,49.66015839576721
1650,Harmonic Centrality,0.014415740966796875,smallworld,4859,2000,49.66015839576721
1520,Harmonic Centrality,0.014244794845581055,smallworld,4859,2000,49.66015839576721
954,Harmonic Centrality,0.3847768306732178,smallworld,4859,2000,49.66015839576721
1348,Harmonic Centrality,0.012740135192871094,smallworld,4859,2000,49.66015839576721
1442,Harmonic Centrality,0.011548995971679688,smallworld,4859,2000,49.66015839576721
1057,Harmonic Centrality,0.01440286636352539,smallworld,4859,2000,49.66015839576721
1150,Harmonic Centrality,0.008655309677124023,smallworld,4859,2000,49.66015839576721
1123,Harmonic Centrality,0.008707046508789062,smallworld,4859,2000,49.66015839576721
1391,Harmonic Centrality,0.02233266830444336,smallworld,4859,2000,49.66015839576721
965,Katz Centrality,0.031282901763916016,smallworld,4859,2000,49.66015839576721
1495,Katz Centrality,0.012606382369995117,smallworld,4859,2000,49.66015839576721
1279,Katz Centrality,0.015975236892700195,smallworld,4859,2000,49.66015839576721
965,Katz Centrality,0.0075037479400634766,smallworld,4859,2000,49.66015839576721
952,Katz Centrality,0.012815713882446289,smallworld,4859,2000,49.66015839576721
1264,Katz Centrality,0.016325950622558594,smallworld,4859,2000,49.66015839576721
1294,Katz Centrality,0.015794754028320312,smallworld,4859,2000,49.66015839576721
1067,Katz Centrality,0.4228549003601074,smallworld,4859,2000,49.66015839576721
970,Katz Centrality,0.024014949798583984,smallworld,4859,2000,49.66015839576721
1143,Katz Centrality,0.023032665252685547,smallworld,4859,2000,49.66015839576721
1716,Katz Centrality,0.0171663761138916,smallworld,4859,2000,49.66015839576721
1253,Katz Centrality,0.014796257019042969,smallworld,4859,2000,49.66015839576721
1290,Katz Centrality,0.009983539581298828,smallworld,4859,2000,49.66015839576721
975,Katz Centrality,0.0,smallworld,4859,2000,49.66015839576721
1335,Katz Centrality,0.028327226638793945,smallworld,4859,2000,49.66015839576721
1311,Degree,0.0425410270690918,smallworld,4859,2000,49.66015839576721
1260,Degree,0.024951457977294922,smallworld,4859,2000,49.66015839576721
979,Degree,0.013952255249023438,smallworld,4859,2000,49.66015839576721
1337,Degree,0.008281707763671875,smallworld,4859,2000,49.66015839576721
1284,Degree,0.4005451202392578,smallworld,4859,2000,49.66015839576721
1083,Degree,0.03662419319152832,smallworld,4859,2000,49.66015839576721
1054,Degree,0.02474069595336914,smallworld,4859,2000,49.66015839576721
1068,Degree,0.031166791915893555,smallworld,4859,2000,49.66015839576721
1325,Degree,0.019075632095336914,smallworld,4859,2000,49.66015839576721
1271,Degree,0.01586174964904785,smallworld,4859,2000,49.66015839576721
1206,Degree,0.025275230407714844,smallworld,4859,2000,49.66015839576721
1471,Degree,0.016180038452148438,smallworld,4859,2000,49.66015839576721
1351,Degree,0.024350404739379883,smallworld,4859,2000,49.66015839576721
1340,Degree,0.016628265380859375,smallworld,4859,2000,49.66015839576721
961,Degree,0.023558378219604492,smallworld,4859,2000,49.66015839576721
1425,Degree,0.029639244079589844,smallworld,4859,2000,49.66015839576721
990,Degree,0.4371607303619385,smallworld,4859,2000,49.66015839576721
1331,Degree,0.03291749954223633,smallworld,4859,2000,49.66015839576721
958,Degree,0.01716756820678711,smallworld,4859,2000,49.66015839576721
1301,Degree,0.02409958839416504,smallworld,4859,2000,49.66015839576721
1287,Degree,0.016280651092529297,smallworld,4859,2000,49.66015839576721
1110,Degree,0.017276763916015625,smallworld,4859,2000,49.66015839576721
1337,Degree,0.017478227615356445,smallworld,4859,2000,49.66015839576721
1063,Degree,0.0068018436431884766,smallworld,4859,2000,49.66015839576721
1210,Degree,0.35927319526672363,smallworld,4859,2000,49.66015839576721
1024,Degree,0.023910999298095703,smallworld,4859,2000,49.66015839576721
992,Degree,0.010040521621704102,smallworld,4859,2000,49.66015839576721
1264,Degree,0.015418291091918945,smallworld,4859,2000,49.66015839576721
986,Degree,0.02146291732788086,smallworld,4859,2000,49.66015839576721
981,Degree,0.02337646484375,smallworld,4859,2000,49.66015839576721
1223,Katz Centrality,0.02546548843383789,smallworld,4859,2000,49.66015839576721
948,Katz Centrality,0.02114701271057129,smallworld,4859,2000,49.66015839576721
1312,Katz Centrality,0.033128976821899414,smallworld,4859,2000,49.66015839576721
1232,Katz Centrality,0.017695903778076172,smallworld,4859,2000,49.66015839576721
1062,Katz Centrality,0.02454352378845215,smallworld,4859,2000,49.66015839576721
1073,Katz Centrality,0.024169445037841797,smallworld,4859,2000,49.66015839576721
1721,Katz Centrality,0.019060373306274414,smallworld,4859,2000,49.66015839576721
1554,Katz Centrality,0.015932559967041016,smallworld,4859,2000,49.66015839576721
1307,Katz Centrality,0.015627622604370117,smallworld,4859,2000,49.66015839576721
1325,Katz Centrality,0.0,smallworld,4859,2000,49.66015839576721
1129,Katz Centrality,0.02368330955505371,smallworld,4859,2000,49.66015839576721
1269,Katz Centrality,0.023738622665405273,smallworld,4859,2000,49.66015839576721
1159,Katz Centrality,0.016582727432250977,smallworld,4859,2000,49.66015839576721
1007,Katz Centrality,0.008454084396362305,smallworld,4859,2000,49.66015839576721
1325,Katz Centrality,0.01645684242248535,smallworld,4859,2000,49.66015839576721
1146,Katz Centrality,0.023449182510375977,smallworld,4859,2000,49.66015839576721
1151,Katz Centrality,0.01674818992614746,smallworld,4859,2000,49.66015839576721
1044,Katz Centrality,0.012521505355834961,smallworld,4859,2000,49.66015839576721
1488,Katz Centrality,0.015982389450073242,smallworld,4859,2000,49.66015839576721
1491,Katz Centrality,0.033580780029296875,smallworld,4859,2000,49.66015839576721
1434,Katz Centrality,0.016332626342773438,smallworld,4859,2000,49.66015839576721
1511,Katz Centrality,0.03144121170043945,smallworld,4859,2000,49.66015839576721
1119,Katz Centrality,0.012808084487915039,smallworld,4859,2000,49.66015839576721
1372,Katz Centrality,0.015812397003173828,smallworld,4859,2000,49.66015839576721
1658,Katz Centrality,0.01694178581237793,smallworld,4859,2000,49.66015839576721
1337,Katz Centrality,0.015668630599975586,smallworld,4859,2000,49.66015839576721
1103,Katz Centrality,0.007146120071411133,smallworld,4859,2000,49.66015839576721
957,Katz Centrality,0.020076274871826172,smallworld,4859,2000,49.66015839576721
983,Katz Centrality,0.02361297607421875,smallworld,4859,2000,49.66015839576721
1303,Katz Centrality,0.015966176986694336,smallworld,4859,2000,49.66015839576721
1340,Betweenness,0.029549837112426758,smallworld,4859,2000,49.66015839576721
1306,Betweenness,0.023692607879638672,smallworld,4859,2000,49.66015839576721
1627,Betweenness,0.01835346221923828,smallworld,4859,2000,49.66015839576721
978,Betweenness,0.014272451400756836,smallworld,4859,2000,49.66015839576721
1308,Betweenness,0.016413450241088867,smallworld,4859,2000,49.66015839576721
930,Betweenness,0.011835575103759766,smallworld,4859,2000,49.66015839576721
1155,Betweenness,0.024059295654296875,smallworld,4859,2000,49.66015839576721
1506,Betweenness,0.01534724235534668,smallworld,4859,2000,49.66015839576721
986,Betweenness,0.021861553192138672,smallworld,4859,2000,49.66015839576721
1311,Betweenness,0.03269672393798828,smallworld,4859,2000,49.66015839576721
1657,Betweenness,0.026729345321655273,smallworld,4859,2000,49.66015839576721
1541,Betweenness,0.02978372573852539,smallworld,4859,2000,49.66015839576721
1109,Betweenness,0.024898052215576172,smallworld,4859,2000,49.66015839576721
1354,Betweenness,0.4167051315307617,smallworld,4859,2000,49.66015839576721
1338,Betweenness,0.0356297492980957,smallworld,4859,2000,49.66015839576721
1524,PageRank,0.04367232322692871,smallworld,4859,2000,49.66015839576721
1218,PageRank,0.04135012626647949,smallworld,4859,2000,49.66015839576721
1500,PageRank,0.02356719970703125,smallworld,4859,2000,49.66015839576721
951,PageRank,0.009199380874633789,smallworld,4859,2000,49.66015839576721
954,PageRank,0.015751123428344727,smallworld,4859,2000,49.66015839576721
1451,PageRank,0.024114131927490234,smallworld,4859,2000,49.66015839576721
1340,PageRank,0.010112524032592773,smallworld,4859,2000,49.66015839576721
942,PageRank,0.013848543167114258,smallworld,4859,2000,49.66015839576721
1747,PageRank,0.0199129581451416,smallworld,4859,2000,49.66015839576721
1010,PageRank,0.009758234024047852,smallworld,4859,2000,49.66015839576721
1191,PageRank,0.026789426803588867,smallworld,4859,2000,49.66015839576721
1260,PageRank,0.04578971862792969,smallworld,4859,2000,49.66015839576721
1704,PageRank,0.04137682914733887,smallworld,4859,2000,49.66015839576721
1367,PageRank,0.0320887565612793,smallworld,4859,2000,49.66015839576721
1012,PageRank,0.016666889190673828,smallworld,4859,2000,49.66015839576721
987,Degree,0.03479790687561035,smallworld,4859,2000,49.66015839576721
1325,Degree,0.03263425827026367,smallworld,4859,2000,49.66015839576721
1286,Degree,0.023023605346679688,smallworld,4859,2000,49.66015839576721
971,Degree,0.026871204376220703,smallworld,4859,2000,49.66015839576721
1693,Degree,0.016562938690185547,smallworld,4859,2000,49.66015839576721
954,Degree,0.015330791473388672,smallworld,4859,2000,49.66015839576721
943,Degree,0.01669764518737793,smallworld,4859,2000,49.66015839576721
1255,Degree,0.015111207962036133,smallworld,4859,2000,49.66015839576721
978,Degree,0.01697254180908203,smallworld,4859,2000,49.66015839576721
1078,Degree,0.016289234161376953,smallworld,4859,2000,49.66015839576721
1369,Degree,0.013486623764038086,smallworld,4859,2000,49.66015839576721
1186,Degree,0.027832984924316406,smallworld,4859,2000,49.66015839576721
977,Degree,0.022126436233520508,smallworld,4859,2000,49.66015839576721
1392,Degree,0.01659679412841797,smallworld,4859,2000,49.66015839576721
1247,Degree,0.014565706253051758,smallworld,4859,2000,49.66015839576721
1037,PageRank,0.012683629989624023,smallworld,4859,2000,49.66015839576721
1123,PageRank,0.020289897918701172,smallworld,4859,2000,49.66015839576721
944,PageRank,0.015942811965942383,smallworld,4859,2000,49.66015839576721
1264,PageRank,0.008107662200927734,smallworld,4859,2000,49.66015839576721
984,PageRank,0.02709507942199707,smallworld,4859,2000,49.66015839576721
1511,PageRank,0.03232622146606445,smallworld,4859,2000,49.66015839576721
968,PageRank,0.01828765869140625,smallworld,4859,2000,49.66015839576721
1461,PageRank,0.019022703170776367,smallworld,4859,2000,49.66015839576721
1718,PageRank,0.01242208480834961,smallworld,4859,2000,49.66015839576721
1296,PageRank,0.024929523468017578,smallworld,4859,2000,49.66015839576721
1728,PageRank,0.010657787322998047,smallworld,4859,2000,49.66015839576721
958,PageRank,0.01638174057006836,smallworld,4859,2000,49.66015839576721
1101,PageRank,0.03368806838989258,smallworld,4859,2000,49.66015839576721
981,PageRank,0.0242156982421875,smallworld,4859,2000,49.66015839576721
1729,PageRank,0.024542570114135742,smallworld,4859,2000,49.66015839576721
1648,Harmonic Centrality,0.04578685760498047,smallworld,4859,2000,49.66015839576721
1668,Harmonic Centrality,0.024131059646606445,smallworld,4859,2000,49.66015839576721
1087,Harmonic Centrality,0.02636551856994629,smallworld,4859,2000,49.66015839576721
1708,Harmonic Centrality,0.024695396423339844,smallworld,4859,2000,49.66015839576721
1490,Harmonic Centrality,0.019465208053588867,smallworld,4859,2000,49.66015839576721
1100,Harmonic Centrality,0.024381399154663086,smallworld,4859,2000,49.66015839576721
1355,Harmonic Centrality,0.02612137794494629,smallworld,4859,2000,49.66015839576721
994,Harmonic Centrality,0.4162917137145996,smallworld,4859,2000,49.66015839576721
966,Harmonic Centrality,0.0262906551361084,smallworld,4859,2000,49.66015839576721
968,Harmonic Centrality,0.023138999938964844,smallworld,4859,2000,49.66015839576721
1515,Harmonic Centrality,0.016736268997192383,smallworld,4859,2000,49.66015839576721
1094,Harmonic Centrality,0.024140357971191406,smallworld,4859,2000,49.66015839576721
1345,Harmonic Centrality,0.016345500946044922,smallworld,4859,2000,49.66015839576721
970,Harmonic Centrality,0.0214540958404541,smallworld,4859,2000,49.66015839576721
974,Harmonic Centrality,0.01714038848876953,smallworld,4859,2000,49.66015839576721
1345,Betweenness,0.030582904815673828,smallworld,4859,2000,49.66015839576721
1279,Betweenness,0.011632919311523438,smallworld,4859,2000,49.66015839576721
1313,Betweenness,0.016399860382080078,smallworld,4859,2000,49.66015839576721
1631,Betweenness,0.02480006217956543,smallworld,4859,2000,49.66015839576721
1294,Betweenness,0.011622428894042969,smallworld,4859,2000,49.66015839576721
975,Betweenness,0.024174928665161133,smallworld,4859,2000,49.66015839576721
1456,Betweenness,0.024068832397460938,smallworld,4859,2000,49.66015839576721
1448,Betweenness,0.022139549255371094,smallworld,4859,2000,49.66015839576721
1340,Betweenness,0.017751693725585938,smallworld,4859,2000,49.66015839576721
1295,Betweenness,0.03415727615356445,smallworld,4859,2000,49.66015839576721
1666,Betweenness,0.0209352970123291,smallworld,4859,2000,49.66015839576721
1240,Betweenness,0.016414165496826172,smallworld,4859,2000,49.66015839576721
1329,Betweenness,0.026708602905273438,smallworld,4859,2000,49.66015839576721
1219,Betweenness,0.03229880332946777,smallworld,4859,2000,49.66015839576721
1311,Betweenness,0.021342754364013672,smallworld,4859,2000,49.66015839576721
1563,Degree,0.08254790306091309,smallworld,4859,2000,49.66015839576721
981,Degree,0.021723270416259766,smallworld,4859,2000,49.66015839576721
1302,Degree,0.024090051651000977,smallworld,4859,2000,49.66015839576721
1327,Degree,0.025168418884277344,smallworld,4859,2000,49.66015839576721
1362,Degree,0.03039383888244629,smallworld,4859,2000,49.66015839576721
949,Degree,0.03216886520385742,smallworld,4859,2000,49.66015839576721
1701,Degree,0.024545907974243164,smallworld,4859,2000,49.66015839576721
1485,Degree,0.032889604568481445,smallworld,4859,2000,49.66015839576721
948,Degree,0.027481555938720703,smallworld,4859,2000,49.66015839576721
1015,Degree,0.026688337326049805,smallworld,4859,2000,49.66015839576721
986,Degree,0.027921676635742188,smallworld,4859,2000,49.66015839576721
1310,Degree,0.03577113151550293,smallworld,4859,2000,49.66015839576721
1661,Degree,0.038134098052978516,smallworld,4859,2000,49.66015839576721
1075,Degree,0.024533987045288086,smallworld,4859,2000,49.66015839576721
1193,Degree,0.017339468002319336,smallworld,4859,2000,49.66015839576721
1155,Degree,0.034136056900024414,smallworld,4859,2000,49.66015839576721
967,Degree,0.04440140724182129,smallworld,4859,2000,49.66015839576721
1346,Degree,0.03185725212097168,smallworld,4859,2000,49.66015839576721
996,Degree,0.04185295104980469,smallworld,4859,2000,49.66015839576721
1301,Degree,0.04376816749572754,smallworld,4859,2000,49.66015839576721
1074,Degree,0.04622316360473633,smallworld,4859,2000,49.66015839576721
1362,Degree,0.045955657958984375,smallworld,4859,2000,49.66015839576721
973,Degree,0.03335881233215332,smallworld,4859,2000,49.66015839576721
1690,Degree,0.0299985408782959,smallworld,4859,2000,49.66015839576721
981,Degree,0.021470069885253906,smallworld,4859,2000,49.66015839576721
1312,Degree,0.020525455474853516,smallworld,4859,2000,49.66015839576721
1474,Degree,0.03307032585144043,smallworld,4859,2000,49.66015839576721
994,Degree,0.024904727935791016,smallworld,4859,2000,49.66015839576721
1272,Degree,0.04705023765563965,smallworld,4859,2000,49.66015839576721
1096,Degree,0.035299062728881836,smallworld,4859,2000,49.66015839576721
1234,Harmonic Centrality,0.05752062797546387,smallworld,4859,2000,49.66015839576721
919,Harmonic Centrality,0.0495913028717041,smallworld,4859,2000,49.66015839576721
1547,Harmonic Centrality,0.022369861602783203,smallworld,4859,2000,49.66015839576721
1359,Harmonic Centrality,0.03245687484741211,smallworld,4859,2000,49.66015839576721
1174,Harmonic Centrality,0.042294979095458984,smallworld,4859,2000,49.66015839576721
1312,Harmonic Centrality,0.03146934509277344,smallworld,4859,2000,49.66015839576721
1188,Harmonic Centrality,0.0411069393157959,smallworld,4859,2000,49.66015839576721
1320,Harmonic Centrality,0.030177831649780273,smallworld,4859,2000,49.66015839576721
962,Harmonic Centrality,0.025195837020874023,smallworld,4859,2000,49.66015839576721
1317,Harmonic Centrality,0.024149179458618164,smallworld,4859,2000,49.66015839576721
1004,Harmonic Centrality,0.031394004821777344,smallworld,4859,2000,49.66015839576721
1717,Harmonic Centrality,0.03171277046203613,smallworld,4859,2000,49.66015839576721
977,Harmonic Centrality,0.025216341018676758,smallworld,4859,2000,49.66015839576721
1713,Harmonic Centrality,0.018965482711791992,smallworld,4859,2000,49.66015839576721
1215,Harmonic Centrality,0.021517038345336914,smallworld,4859,2000,49.66015839576721
1658,Harmonic Centrality,0.03915596008300781,smallworld,4859,2000,49.66015839576721
1426,Harmonic Centrality,0.03996109962463379,smallworld,4859,2000,49.66015839576721
1296,Harmonic Centrality,0.023648738861083984,smallworld,4859,2000,49.66015839576721
965,Harmonic Centrality,0.02344655990600586,smallworld,4859,2000,49.66015839576721
1704,Harmonic Centrality,0.04260516166687012,smallworld,4859,2000,49.66015839576721
1723,Harmonic Centrality,0.03515887260437012,smallworld,4859,2000,49.66015839576721
1734,Harmonic Centrality,0.021739482879638672,smallworld,4859,2000,49.66015839576721
1371,Harmonic Centrality,0.04327988624572754,smallworld,4859,2000,49.66015839576721
950,Harmonic Centrality,0.02435755729675293,smallworld,4859,2000,49.66015839576721
967,Harmonic Centrality,0.0161287784576416,smallworld,4859,2000,49.66015839576721
1327,Harmonic Centrality,0.024061203002929688,smallworld,4859,2000,49.66015839576721
986,Harmonic Centrality,0.02427387237548828,smallworld,4859,2000,49.66015839576721
1386,Harmonic Centrality,0.02865886688232422,smallworld,4859,2000,49.66015839576721
953,Harmonic Centrality,0.028445720672607422,smallworld,4859,2000,49.66015839576721
952,Harmonic Centrality,0.02715921401977539,smallworld,4859,2000,49.66015839576721
879,Degree,0.07260680198669434,vsp_barth5_1Ksep_50in_5Kout,4154,2000,39.723891735076904
1268,Degree,0.012089014053344727,vsp_barth5_1Ksep_50in_5Kout,4154,2000,39.723891735076904
1000,Degree,0.03227043151855469,vsp_barth5_1Ksep_50in_5Kout,4154,2000,39.723891735076904
1218,Degree,0.016112327575683594,vsp_barth5_1Ksep_50in_5Kout,4154,2000,39.723891735076904
821,Degree,0.01595783233642578,vsp_barth5_1Ksep_50in_5Kout,4154,2000,39.723891735076904
805,Degree,0.010723590850830078,vsp_barth5_1Ksep_50in_5Kout,4154,2000,39.723891735076904
836,Degree,0.015534162521362305,vsp_barth5_1Ksep_50in_5Kout,4154,2000,39.723891735076904
954,Degree,0.016725540161132812,vsp_barth5_1Ksep_50in_5Kout,4154,2000,39.723891735076904
864,Degree,0.01564335823059082,vsp_barth5_1Ksep_50in_5Kout,4154,2000,39.723891735076904
1186,Degree,0.016058683395385742,vsp_barth5_1Ksep_50in_5Kout,4154,2000,39.723891735076904
945,Degree,0.03744935989379883,vsp_barth5_1Ksep_50in_5Kout,4154,2000,39.723891735076904
1144,Degree,0.02598738670349121,vsp_barth5_1Ksep_50in_5Kout,4154,2000,39.723891735076904
916,Degree,0.025675296783447266,vsp_barth5_1Ksep_50in_5Kout,4154,2000,39.723891735076904
1032,Degree,0.0235898494720459,vsp_barth5_1Ksep_50in_5Kout,4154,2000,39.723891735076904
889,Degree,0.024404048919677734,vsp_barth5_1Ksep_50in_5Kout,4154,2000,39.723891735076904
1260,Closeness,0.014683961868286133,vsp_barth5_1Ksep_50in_5Kout,4154,2000,39.723891735076904
966,Closeness,0.01906585693359375,vsp_barth5_1Ksep_50in_5Kout,4154,2000,39.723891735076904
708,Closeness,0.015780925750732422,vsp_barth5_1Ksep_50in_5Kout,4154,2000,39.723891735076904
1288,Closeness,0.010734796524047852,vsp_barth5_1Ksep_50in_5Kout,4154,2000,39.723891735076904
932,Closeness,0.01670074462890625,vsp_barth5_1Ksep_50in_5Kout,4154,2000,39.723891735076904
998,Closeness,0.02830791473388672,vsp_barth5_1Ksep_50in_5Kout,4154,2000,39.723891735076904
908,Closeness,0.018331289291381836,vsp_barth5_1Ksep_50in_5Kout,4154,2000,39.723891735076904
960,Closeness,0.016471147537231445,vsp_barth5_1Ksep_50in_5Kout,4154,2000,39.723891735076904
1317,Closeness,0.016536235809326172,vsp_barth5_1Ksep_50in_5Kout,4154,2000,39.723891735076904
1249,Closeness,0.015937089920043945,vsp_barth5_1Ksep_50in_5Kout,4154,2000,39.723891735076904
966,Closeness,0.016591548919677734,vsp_barth5_1Ksep_50in_5Kout,4154,2000,39.723891735076904
1367,Closeness,0.014856100082397461,vsp_barth5_1Ksep_50in_5Kout,4154,2000,39.723891735076904
1127,Closeness,0.01778578758239746,vsp_barth5_1Ksep_50in_5Kout,4154,2000,39.723891735076904
994,Closeness,0.016423702239990234,vsp_barth5_1Ksep_50in_5Kout,4154,2000,39.723891735076904
1046,Closeness,0.014140844345092773,vsp_barth5_1Ksep_50in_5Kout,4154,2000,39.723891735076904
932,PageRank,0.019910097122192383,vsp_barth5_1Ksep_50in_5Kout,4154,2000,39.723891735076904
974,PageRank,0.026890993118286133,vsp_barth5_1Ksep_50in_5Kout,4154,2000,39.723891735076904
929,PageRank,0.03252983093261719,vsp_barth5_1Ksep_50in_5Kout,4154,2000,39.723891735076904
868,PageRank,0.02466583251953125,vsp_barth5_1Ksep_50in_5Kout,4154,2000,39.723891735076904
1203,PageRank,0.0444028377532959,vsp_barth5_1Ksep_50in_5Kout,4154,2000,39.723891735076904
862,PageRank,0.03782773017883301,vsp_barth5_1Ksep_50in_5Kout,4154,2000,39.723891735076904
963,PageRank,0.03239178657531738,vsp_barth5_1Ksep_50in_5Kout,4154,2000,39.723891735076904
876,PageRank,0.04066586494445801,vsp_barth5_1Ksep_50in_5Kout,4154,2000,39.723891735076904
961,PageRank,0.02069091796875,vsp_barth5_1Ksep_50in_5Kout,4154,2000,39.723891735076904
890,PageRank,0.011974811553955078,vsp_barth5_1Ksep_50in_5Kout,4154,2000,39.723891735076904
906,PageRank,0.013045072555541992,vsp_barth5_1Ksep_50in_5Kout,4154,2000,39.723891735076904
955,PageRank,0.01913619041442871,vsp_barth5_1Ksep_50in_5Kout,4154,2000,39.723891735076904
859,PageRank,0.016399621963500977,vsp_barth5_1Ksep_50in_5Kout,4154,2000,39.723891735076904
1358,PageRank,0.011626720428466797,vsp_barth5_1Ksep_50in_5Kout,4154,2000,39.723891735076904
958,PageRank,0.024296045303344727,vsp_barth5_1Ksep_50in_5Kout,4154,2000,39.723891735076904
961,Harmonic Centrality,0.02779078483581543,vsp_barth5_1Ksep_50in_5Kout,4154,2000,39.723891735076904
1177,Harmonic Centrality,0.012520074844360352,vsp_barth5_1Ksep_50in_5Kout,4154,2000,39.723891735076904
1240,Harmonic Centrality,0.03331160545349121,vsp_barth5_1Ksep_50in_5Kout,4154,2000,39.723891735076904
938,Harmonic Centrality,0.014881134033203125,vsp_barth5_1Ksep_50in_5Kout,4154,2000,39.723891735076904
1263,Harmonic Centrality,0.010034799575805664,vsp_barth5_1Ksep_50in_5Kout,4154,2000,39.723891735076904
919,Harmonic Centrality,0.014517784118652344,vsp_barth5_1Ksep_50in_5Kout,4154,2000,39.723891735076904
1248,Harmonic Centrality,0.007452726364135742,vsp_barth5_1Ksep_50in_5Kout,4154,2000,39.723891735076904
961,Harmonic Centrality,0.022708654403686523,vsp_barth5_1Ksep_50in_5Kout,4154,2000,39.723891735076904
959,Harmonic Centrality,0.03251361846923828,vsp_barth5_1Ksep_50in_5Kout,4154,2000,39.723891735076904
770,Harmonic Centrality,0.0241854190826416,vsp_barth5_1Ksep_50in_5Kout,4154,2000,39.723891735076904
1245,Harmonic Centrality,0.017741680145263672,vsp_barth5_1Ksep_50in_5Kout,4154,2000,39.723891735076904
921,Harmonic Centrality,0.020712614059448242,vsp_barth5_1Ksep_50in_5Kout,4154,2000,39.723891735076904
928,Harmonic Centrality,0.02414560317993164,vsp_barth5_1Ksep_50in_5Kout,4154,2000,39.723891735076904
1296,Harmonic Centrality,0.02137136459350586,vsp_barth5_1Ksep_50in_5Kout,4154,2000,39.723891735076904
1096,Harmonic Centrality,0.026233196258544922,vsp_barth5_1Ksep_50in_5Kout,4154,2000,39.723891735076904
961,Eigenvector,0.03927755355834961,vsp_barth5_1Ksep_50in_5Kout,4154,2000,39.723891735076904
1252,Eigenvector,0.021506547927856445,vsp_barth5_1Ksep_50in_5Kout,4154,2000,39.723891735076904
1034,Eigenvector,0.020714521408081055,vsp_barth5_1Ksep_50in_5Kout,4154,2000,39.723891735076904
825,Eigenvector,0.01582026481628418,vsp_barth5_1Ksep_50in_5Kout,4154,2000,39.723891735076904
1251,Eigenvector,0.024569988250732422,vsp_barth5_1Ksep_50in_5Kout,4154,2000,39.723891735076904
1149,Eigenvector,0.024936437606811523,vsp_barth5_1Ksep_50in_5Kout,4154,2000,39.723891735076904
769,Eigenvector,0.01576852798461914,vsp_barth5_1Ksep_50in_5Kout,4154,2000,39.723891735076904
900,Eigenvector,0.01894998550415039,vsp_barth5_1Ksep_50in_5Kout,4154,2000,39.723891735076904
1118,Eigenvector,0.03757071495056152,vsp_barth5_1Ksep_50in_5Kout,4154,2000,39.723891735076904
903,Eigenvector,0.023141860961914062,vsp_barth5_1Ksep_50in_5Kout,4154,2000,39.723891735076904
907,Eigenvector,0.02203845977783203,vsp_barth5_1Ksep_50in_5Kout,4154,2000,39.723891735076904
1260,Eigenvector,0.014066219329833984,vsp_barth5_1Ksep_50in_5Kout,4154,2000,39.723891735076904
1213,Eigenvector,0.026386022567749023,vsp_barth5_1Ksep_50in_5Kout,4154,2000,39.723891735076904
1050,Eigenvector,0.01632833480834961,vsp_barth5_1Ksep_50in_5Kout,4154,2000,39.723891735076904
1192,Eigenvector,0.013396501541137695,vsp_barth5_1Ksep_50in_5Kout,4154,2000,39.723891735076904
1235,Harmonic Centrality,0.02134084701538086,vsp_barth5_1Ksep_50in_5Kout,4154,2000,39.723891735076904
1187,Harmonic Centrality,0.009904146194458008,vsp_barth5_1Ksep_50in_5Kout,4154,2000,39.723891735076904
1025,Harmonic Centrality,0.0167386531829834,vsp_barth5_1Ksep_50in_5Kout,4154,2000,39.723891735076904
901,Harmonic Centrality,0.0203554630279541,vsp_barth5_1Ksep_50in_5Kout,4154,2000,39.723891735076904
847,Harmonic Centrality,0.024455547332763672,vsp_barth5_1Ksep_50in_5Kout,4154,2000,39.723891735076904
975,Harmonic Centrality,0.01828455924987793,vsp_barth5_1Ksep_50in_5Kout,4154,2000,39.723891735076904
984,Harmonic Centrality,0.023760080337524414,vsp_barth5_1Ksep_50in_5Kout,4154,2000,39.723891735076904
1047,Harmonic Centrality,0.01791691780090332,vsp_barth5_1Ksep_50in_5Kout,4154,2000,39.723891735076904
964,Harmonic Centrality,0.02262425422668457,vsp_barth5_1Ksep_50in_5Kout,4154,2000,39.723891735076904
972,Harmonic Centrality,0.02424788475036621,vsp_barth5_1Ksep_50in_5Kout,4154,2000,39.723891735076904
776,Harmonic Centrality,0.01647496223449707,vsp_barth5_1Ksep_50in_5Kout,4154,2000,39.723891735076904
1160,Harmonic Centrality,0.016757488250732422,vsp_barth5_1Ksep_50in_5Kout,4154,2000,39.723891735076904
1241,Harmonic Centrality,0.0065822601318359375,vsp_barth5_1Ksep_50in_5Kout,4154,2000,39.723891735076904
1157,Harmonic Centrality,0.0,vsp_barth5_1Ksep_50in_5Kout,4154,2000,39.723891735076904
876,Harmonic Centrality,0.29503917694091797,vsp_barth5_1Ksep_50in_5Kout,4154,2000,39.723891735076904
836,Betweenness,0.03487825393676758,vsp_barth5_1Ksep_50in_5Kout,4154,2000,39.723891735076904
915,Betweenness,0.019856691360473633,vsp_barth5_1Ksep_50in_5Kout,4154,2000,39.723891735076904
973,Betweenness,0.02524876594543457,vsp_barth5_1Ksep_50in_5Kout,4154,2000,39.723891735076904
1084,Betweenness,0.022109031677246094,vsp_barth5_1Ksep_50in_5Kout,4154,2000,39.723891735076904
1121,Betweenness,0.01641392707824707,vsp_barth5_1Ksep_50in_5Kout,4154,2000,39.723891735076904
860,Betweenness,0.008282899856567383,vsp_barth5_1Ksep_50in_5Kout,4154,2000,39.723891735076904
1059,Betweenness,0.007932424545288086,vsp_barth5_1Ksep_50in_5Kout,4154,2000,39.723891735076904
1030,Betweenness,0.03469038009643555,vsp_barth5_1Ksep_50in_5Kout,4154,2000,39.723891735076904
911,Betweenness,0.03167843818664551,vsp_barth5_1Ksep_50in_5Kout,4154,2000,39.723891735076904
859,Betweenness,0.03269314765930176,vsp_barth5_1Ksep_50in_5Kout,4154,2000,39.723891735076904
957,Betweenness,0.023581504821777344,vsp_barth5_1Ksep_50in_5Kout,4154,2000,39.723891735076904
872,Betweenness,0.016870975494384766,vsp_barth5_1Ksep_50in_5Kout,4154,2000,39.723891735076904
952,Betweenness,0.016749143600463867,vsp_barth5_1Ksep_50in_5Kout,4154,2000,39.723891735076904
927,Betweenness,0.03490090370178223,vsp_barth5_1Ksep_50in_5Kout,4154,2000,39.723891735076904
805,Betweenness,0.030114412307739258,vsp_barth5_1Ksep_50in_5Kout,4154,2000,39.723891735076904
856,Degree,0.03451037406921387,vsp_barth5_1Ksep_50in_5Kout,4154,2000,39.723891735076904
1234,Degree,0.02837991714477539,vsp_barth5_1Ksep_50in_5Kout,4154,2000,39.723891735076904
1291,Degree,0.023472070693969727,vsp_barth5_1Ksep_50in_5Kout,4154,2000,39.723891735076904
944,Degree,0.013345718383789062,vsp_barth5_1Ksep_50in_5Kout,4154,2000,39.723891735076904
844,Degree,0.01511240005493164,vsp_barth5_1Ksep_50in_5Kout,4154,2000,39.723891735076904
776,Degree,0.03303647041320801,vsp_barth5_1Ksep_50in_5Kout,4154,2000,39.723891735076904
1179,Degree,0.026545047760009766,vsp_barth5_1Ksep_50in_5Kout,4154,2000,39.723891735076904
901,Degree,0.01718902587890625,vsp_barth5_1Ksep_50in_5Kout,4154,2000,39.723891735076904
949,Degree,0.017048120498657227,vsp_barth5_1Ksep_50in_5Kout,4154,2000,39.723891735076904
1255,Degree,0.024038076400756836,vsp_barth5_1Ksep_50in_5Kout,4154,2000,39.723891735076904
1251,Degree,0.024053573608398438,vsp_barth5_1Ksep_50in_5Kout,4154,2000,39.723891735076904
906,Degree,0.02543807029724121,vsp_barth5_1Ksep_50in_5Kout,4154,2000,39.723891735076904
897,Degree,0.01661539077758789,vsp_barth5_1Ksep_50in_5Kout,4154,2000,39.723891735076904
921,Degree,0.013139486312866211,vsp_barth5_1Ksep_50in_5Kout,4154,2000,39.723891735076904
919,Degree,0.01637721061706543,vsp_barth5_1Ksep_50in_5Kout,4154,2000,39.723891735076904
939,Eigenvector,0.019104719161987305,vsp_barth5_1Ksep_50in_5Kout,4154,2000,39.723891735076904
928,Eigenvector,0.016940832138061523,vsp_barth5_1Ksep_50in_5Kout,4154,2000,39.723891735076904
889,Eigenvector,0.0250091552734375,vsp_barth5_1Ksep_50in_5Kout,4154,2000,39.723891735076904
940,Eigenvector,0.0172421932220459,vsp_barth5_1Ksep_50in_5Kout,4154,2000,39.723891735076904
1317,Eigenvector,0.014818191528320312,vsp_barth5_1Ksep_50in_5Kout,4154,2000,39.723891735076904
1019,Eigenvector,0.009137630462646484,vsp_barth5_1Ksep_50in_5Kout,4154,2000,39.723891735076904
1267,Eigenvector,0.0,vsp_barth5_1Ksep_50in_5Kout,4154,2000,39.723891735076904
879,Eigenvector,0.029265642166137695,vsp_barth5_1Ksep_50in_5Kout,4154,2000,39.723891735076904
1164,Eigenvector,0.03920388221740723,vsp_barth5_1Ksep_50in_5Kout,4154,2000,39.723891735076904
1339,Eigenvector,0.0345916748046875,vsp_barth5_1Ksep_50in_5Kout,4154,2000,39.723891735076904
932,Eigenvector,0.016699790954589844,vsp_barth5_1Ksep_50in_5Kout,4154,2000,39.723891735076904
938,Eigenvector,0.016722679138183594,vsp_barth5_1Ksep_50in_5Kout,4154,2000,39.723891735076904
1231,Eigenvector,0.021053552627563477,vsp_barth5_1Ksep_50in_5Kout,4154,2000,39.723891735076904
1264,Eigenvector,0.023024559020996094,vsp_barth5_1Ksep_50in_5Kout,4154,2000,39.723891735076904
1247,Eigenvector,0.024924516677856445,vsp_barth5_1Ksep_50in_5Kout,4154,2000,39.723891735076904
1270,Harmonic Centrality,0.023776769638061523,vsp_barth5_1Ksep_50in_5Kout,4154,2000,39.723891735076904
857,Harmonic Centrality,0.03236818313598633,vsp_barth5_1Ksep_50in_5Kout,4154,2000,39.723891735076904
910,Harmonic Centrality,0.025259017944335938,vsp_barth5_1Ksep_50in_5Kout,4154,2000,39.723891735076904
836,Harmonic Centrality,0.014875173568725586,vsp_barth5_1Ksep_50in_5Kout,4154,2000,39.723891735076904
1187,Harmonic Centrality,0.024066925048828125,vsp_barth5_1Ksep_50in_5Kout,4154,2000,39.723891735076904
842,Harmonic Centrality,0.02397775650024414,vsp_barth5_1Ksep_50in_5Kout,4154,2000,39.723891735076904
1271,Harmonic Centrality,0.01680445671081543,vsp_barth5_1Ksep_50in_5Kout,4154,2000,39.723891735076904
1348,Harmonic Centrality,0.0188601016998291,vsp_barth5_1Ksep_50in_5Kout,4154,2000,39.723891735076904
916,Harmonic Centrality,0.013674259185791016,vsp_barth5_1Ksep_50in_5Kout,4154,2000,39.723891735076904
1204,Harmonic Centrality,0.025056838989257812,vsp_barth5_1Ksep_50in_5Kout,4154,2000,39.723891735076904
1253,Harmonic Centrality,0.011507034301757812,vsp_barth5_1Ksep_50in_5Kout,4154,2000,39.723891735076904
853,Harmonic Centrality,0.026725292205810547,vsp_barth5_1Ksep_50in_5Kout,4154,2000,39.723891735076904
817,Harmonic Centrality,0.025648832321166992,vsp_barth5_1Ksep_50in_5Kout,4154,2000,39.723891735076904
1249,Harmonic Centrality,0.03264617919921875,vsp_barth5_1Ksep_50in_5Kout,4154,2000,39.723891735076904
919,Harmonic Centrality,0.023920774459838867,vsp_barth5_1Ksep_50in_5Kout,4154,2000,39.723891735076904
1144,Degree,0.05552840232849121,vsp_barth5_1Ksep_50in_5Kout,4154,2000,39.723891735076904
858,Degree,0.024811744689941406,vsp_barth5_1Ksep_50in_5Kout,4154,2000,39.723891735076904
846,Degree,0.01611781120300293,vsp_barth5_1Ksep_50in_5Kout,4154,2000,39.723891735076904
907,Degree,0.03307676315307617,vsp_barth5_1Ksep_50in_5Kout,4154,2000,39.723891735076904
969,Degree,0.030333280563354492,vsp_barth5_1Ksep_50in_5Kout,4154,2000,39.723891735076904
858,Degree,0.029221773147583008,vsp_barth5_1Ksep_50in_5Kout,4154,2000,39.723891735076904
840,Degree,0.023280620574951172,vsp_barth5_1Ksep_50in_5Kout,4154,2000,39.723891735076904
1038,Degree,0.02464461326599121,vsp_barth5_1Ksep_50in_5Kout,4154,2000,39.723891735076904
960,Degree,0.03240680694580078,vsp_barth5_1Ksep_50in_5Kout,4154,2000,39.723891735076904
950,Degree,0.016182661056518555,vsp_barth5_1Ksep_50in_5Kout,4154,2000,39.723891735076904
1271,Degree,0.026294946670532227,vsp_barth5_1Ksep_50in_5Kout,4154,2000,39.723891735076904
1207,Degree,0.016516447067260742,vsp_barth5_1Ksep_50in_5Kout,4154,2000,39.723891735076904
1388,Degree,0.016248226165771484,vsp_barth5_1Ksep_50in_5Kout,4154,2000,39.723891735076904
1349,Degree,0.01630401611328125,vsp_barth5_1Ksep_50in_5Kout,4154,2000,39.723891735076904
1349,Degree,0.07469320297241211,vsp_barth5_1Ksep_50in_5Kout,4154,2000,39.723891735076904
1224,Closeness,0.032042503356933594,vsp_barth5_1Ksep_50in_5Kout,4154,2000,39.723891735076904
879,Closeness,0.020766496658325195,vsp_barth5_1Ksep_50in_5Kout,4154,2000,39.723891735076904
1254,Closeness,0.01305842399597168,vsp_barth5_1Ksep_50in_5Kout,4154,2000,39.723891735076904
985,Closeness,0.01637864112854004,vsp_barth5_1Ksep_50in_5Kout,4154,2000,39.723891735076904
1170,Closeness,0.016034364700317383,vsp_barth5_1Ksep_50in_5Kout,4154,2000,39.723891735076904
907,Closeness,0.008225679397583008,vsp_barth5_1Ksep_50in_5Kout,4154,2000,39.723891735076904
822,Closeness,0.018499374389648438,vsp_barth5_1Ksep_50in_5Kout,4154,2000,39.723891735076904
890,Closeness,0.028563499450683594,vsp_barth5_1Ksep_50in_5Kout,4154,2000,39.723891735076904
1052,Closeness,0.01673579216003418,vsp_barth5_1Ksep_50in_5Kout,4154,2000,39.723891735076904
1265,Closeness,0.03649759292602539,vsp_barth5_1Ksep_50in_5Kout,4154,2000,39.723891735076904
850,Closeness,0.0252382755279541,vsp_barth5_1Ksep_50in_5Kout,4154,2000,39.723891735076904
1026,Closeness,0.02605915069580078,vsp_barth5_1Ksep_50in_5Kout,4154,2000,39.723891735076904
938,Closeness,0.030402183532714844,vsp_barth5_1Ksep_50in_5Kout,4154,2000,39.723891735076904
906,Closeness,0.04204583168029785,vsp_barth5_1Ksep_50in_5Kout,4154,2000,39.723891735076904
1403,Closeness,0.0216982364654541,vsp_barth5_1Ksep_50in_5Kout,4154,2000,39.723891735076904
1271,Katz Centrality,0.028222322463989258,vsp_barth5_1Ksep_50in_5Kout,4154,2000,39.723891735076904
951,Katz Centrality,0.02756643295288086,vsp_barth5_1Ksep_50in_5Kout,4154,2000,39.723891735076904
959,Katz Centrality,0.01825547218322754,vsp_barth5_1Ksep_50in_5Kout,4154,2000,39.723891735076904
991,Katz Centrality,0.014079570770263672,vsp_barth5_1Ksep_50in_5Kout,4154,2000,39.723891735076904
969,Katz Centrality,0.015564918518066406,vsp_barth5_1Ksep_50in_5Kout,4154,2000,39.723891735076904
876,Katz Centrality,0.4094369411468506,vsp_barth5_1Ksep_50in_5Kout,4154,2000,39.723891735076904
1254,Katz Centrality,0.023698091506958008,vsp_barth5_1Ksep_50in_5Kout,4154,2000,39.723891735076904
990,Katz Centrality,0.04134321212768555,vsp_barth5_1Ksep_50in_5Kout,4154,2000,39.723891735076904
1028,Katz Centrality,0.046793222427368164,vsp_barth5_1Ksep_50in_5Kout,4154,2000,39.723891735076904
1023,Katz Centrality,0.04438591003417969,vsp_barth5_1Ksep_50in_5Kout,4154,2000,39.723891735076904
1259,Katz Centrality,0.0501861572265625,vsp_barth5_1Ksep_50in_5Kout,4154,2000,39.723891735076904
796,Katz Centrality,0.05016183853149414,vsp_barth5_1Ksep_50in_5Kout,4154,2000,39.723891735076904
941,Katz Centrality,0.02442002296447754,vsp_barth5_1Ksep_50in_5Kout,4154,2000,39.723891735076904
803,Katz Centrality,0.0266268253326416,vsp_barth5_1Ksep_50in_5Kout,4154,2000,39.723891735076904
952,Katz Centrality,0.02442336082458496,vsp_barth5_1Ksep_50in_5Kout,4154,2000,39.723891735076904
1341,Closeness,0.03492331504821777,vsp_barth5_1Ksep_50in_5Kout,4154,2000,39.723891735076904
1074,Closeness,0.031030893325805664,vsp_barth5_1Ksep_50in_5Kout,4154,2000,39.723891735076904
835,Closeness,0.016534090042114258,vsp_barth5_1Ksep_50in_5Kout,4154,2000,39.723891735076904
1172,Closeness,0.02557826042175293,vsp_barth5_1Ksep_50in_5Kout,4154,2000,39.723891735076904
951,Closeness,0.024420976638793945,vsp_barth5_1Ksep_50in_5Kout,4154,2000,39.723891735076904
987,Closeness,0.016754150390625,vsp_barth5_1Ksep_50in_5Kout,4154,2000,39.723891735076904
1264,Closeness,0.013700723648071289,vsp_barth5_1Ksep_50in_5Kout,4154,2000,39.723891735076904
972,Closeness,0.02285146713256836,vsp_barth5_1Ksep_50in_5Kout,4154,2000,39.723891735076904
1250,Closeness,0.03852438926696777,vsp_barth5_1Ksep_50in_5Kout,4154,2000,39.723891735076904
903,Closeness,0.018543243408203125,vsp_barth5_1Ksep_50in_5Kout,4154,2000,39.723891735076904
849,Closeness,0.016279220581054688,vsp_barth5_1Ksep_50in_5Kout,4154,2000,39.723891735076904
1261,Closeness,0.02602410316467285,vsp_barth5_1Ksep_50in_5Kout,4154,2000,39.723891735076904
1182,Closeness,0.027512311935424805,vsp_barth5_1Ksep_50in_5Kout,4154,2000,39.723891735076904
765,Closeness,0.024080753326416016,vsp_barth5_1Ksep_50in_5Kout,4154,2000,39.723891735076904
1257,Closeness,0.024042129516601562,vsp_barth5_1Ksep_50in_5Kout,4154,2000,39.723891735076904
1225,Harmonic Centrality,0.0310671329498291,vsp_barth5_1Ksep_50in_5Kout,4154,2000,39.723891735076904
1159,Harmonic Centrality,0.017861127853393555,vsp_barth5_1Ksep_50in_5Kout,4154,2000,39.723891735076904
1218,Harmonic Centrality,0.030974149703979492,vsp_barth5_1Ksep_50in_5Kout,4154,2000,39.723891735076904
933,Harmonic Centrality,0.02389383316040039,vsp_barth5_1Ksep_50in_5Kout,4154,2000,39.723891735076904
1304,Harmonic Centrality,0.00830531120300293,vsp_barth5_1Ksep_50in_5Kout,4154,2000,39.723891735076904
920,Harmonic Centrality,0.016567468643188477,vsp_barth5_1Ksep_50in_5Kout,4154,2000,39.723891735076904
1192,Harmonic Centrality,0.02807450294494629,vsp_barth5_1Ksep_50in_5Kout,4154,2000,39.723891735076904
1246,Harmonic Centrality,0.032592058181762695,vsp_barth5_1Ksep_50in_5Kout,4154,2000,39.723891735076904
1276,Harmonic Centrality,0.025233983993530273,vsp_barth5_1Ksep_50in_5Kout,4154,2000,39.723891735076904
928,Harmonic Centrality,0.015172481536865234,vsp_barth5_1Ksep_50in_5Kout,4154,2000,39.723891735076904
870,Harmonic Centrality,0.02601003646850586,vsp_barth5_1Ksep_50in_5Kout,4154,2000,39.723891735076904
905,Harmonic Centrality,0.02985215187072754,vsp_barth5_1Ksep_50in_5Kout,4154,2000,39.723891735076904
924,Harmonic Centrality,0.023734569549560547,vsp_barth5_1Ksep_50in_5Kout,4154,2000,39.723891735076904
1062,Harmonic Centrality,0.023860454559326172,vsp_barth5_1Ksep_50in_5Kout,4154,2000,39.723891735076904
1418,Harmonic Centrality,0.01606893539428711,vsp_barth5_1Ksep_50in_5Kout,4154,2000,39.723891735076904
773,Eigenvector,0.03194904327392578,vsp_barth5_1Ksep_50in_5Kout,4154,2000,39.723891735076904
865,Eigenvector,0.01672673225402832,vsp_barth5_1Ksep_50in_5Kout,4154,2000,39.723891735076904
918,Eigenvector,0.013173103332519531,vsp_barth5_1Ksep_50in_5Kout,4154,2000,39.723891735076904
1041,Eigenvector,0.033776283264160156,vsp_barth5_1Ksep_50in_5Kout,4154,2000,39.723891735076904
1189,Eigenvector,0.02417445182800293,vsp_barth5_1Ksep_50in_5Kout,4154,2000,39.723891735076904
994,Eigenvector,0.040154457092285156,vsp_barth5_1Ksep_50in_5Kout,4154,2000,39.723891735076904
793,Eigenvector,0.03232097625732422,vsp_barth5_1Ksep_50in_5Kout,4154,2000,39.723891735076904
915,Eigenvector,0.016765117645263672,vsp_barth5_1Ksep_50in_5Kout,4154,2000,39.723891735076904
1249,Eigenvector,0.029057741165161133,vsp_barth5_1Ksep_50in_5Kout,4154,2000,39.723891735076904
1204,Eigenvector,0.024060726165771484,vsp_barth5_1Ksep_50in_5Kout,4154,2000,39.723891735076904
1179,Eigenvector,0.029506921768188477,vsp_barth5_1Ksep_50in_5Kout,4154,2000,39.723891735076904
1244,Eigenvector,0.018601655960083008,vsp_barth5_1Ksep_50in_5Kout,4154,2000,39.723891735076904
888,Eigenvector,0.008737325668334961,vsp_barth5_1Ksep_50in_5Kout,4154,2000,39.723891735076904
1226,Eigenvector,0.009894132614135742,vsp_barth5_1Ksep_50in_5Kout,4154,2000,39.723891735076904
962,Eigenvector,0.02258133888244629,vsp_barth5_1Ksep_50in_5Kout,4154,2000,39.723891735076904
1200,Eigenvector,0.017640113830566406,vsp_barth5_1Ksep_50in_5Kout,4154,2000,39.723891735076904
1032,Eigenvector,0.02413153648376465,vsp_barth5_1Ksep_50in_5Kout,4154,2000,39.723891735076904
1063,Eigenvector,0.024614334106445312,vsp_barth5_1Ksep_50in_5Kout,4154,2000,39.723891735076904
1008,Eigenvector,0.01586294174194336,vsp_barth5_1Ksep_50in_5Kout,4154,2000,39.723891735076904
1283,Eigenvector,0.015807628631591797,vsp_barth5_1Ksep_50in_5Kout,4154,2000,39.723891735076904
1247,Eigenvector,0.03205609321594238,vsp_barth5_1Ksep_50in_5Kout,4154,2000,39.723891735076904
1265,Eigenvector,0.018724679946899414,vsp_barth5_1Ksep_50in_5Kout,4154,2000,39.723891735076904
1189,Eigenvector,0.030948162078857422,vsp_barth5_1Ksep_50in_5Kout,4154,2000,39.723891735076904
1061,Eigenvector,0.025788307189941406,vsp_barth5_1Ksep_50in_5Kout,4154,2000,39.723891735076904
918,Eigenvector,0.02333664894104004,vsp_barth5_1Ksep_50in_5Kout,4154,2000,39.723891735076904
1275,Eigenvector,0.018783092498779297,vsp_barth5_1Ksep_50in_5Kout,4154,2000,39.723891735076904
1229,Eigenvector,0.014425277709960938,vsp_barth5_1Ksep_50in_5Kout,4154,2000,39.723891735076904
1298,Eigenvector,0.0169832706451416,vsp_barth5_1Ksep_50in_5Kout,4154,2000,39.723891735076904
846,Eigenvector,0.0,vsp_barth5_1Ksep_50in_5Kout,4154,2000,39.723891735076904
857,Eigenvector,0.00567317008972168,vsp_barth5_1Ksep_50in_5Kout,4154,2000,39.723891735076904
909,PageRank,0.017021894454956055,vsp_barth5_1Ksep_50in_5Kout,4154,2000,39.723891735076904
894,PageRank,0.0271456241607666,vsp_barth5_1Ksep_50in_5Kout,4154,2000,39.723891735076904
1075,PageRank,0.0170590877532959,vsp_barth5_1Ksep_50in_5Kout,4154,2000,39.723891735076904
875,PageRank,0.02502131462097168,vsp_barth5_1Ksep_50in_5Kout,4154,2000,39.723891735076904
916,PageRank,0.0237579345703125,vsp_barth5_1Ksep_50in_5Kout,4154,2000,39.723891735076904
1200,PageRank,0.01321554183959961,vsp_barth5_1Ksep_50in_5Kout,4154,2000,39.723891735076904
1247,PageRank,0.024599075317382812,vsp_barth5_1Ksep_50in_5Kout,4154,2000,39.723891735076904
1101,PageRank,0.01203155517578125,vsp_barth5_1Ksep_50in_5Kout,4154,2000,39.723891735076904
939,PageRank,0.011249542236328125,vsp_barth5_1Ksep_50in_5Kout,4154,2000,39.723891735076904
939,PageRank,0.019696474075317383,vsp_barth5_1Ksep_50in_5Kout,4154,2000,39.723891735076904
882,PageRank,0.013950586318969727,vsp_barth5_1Ksep_50in_5Kout,4154,2000,39.723891735076904
1220,PageRank,0.016692399978637695,vsp_barth5_1Ksep_50in_5Kout,4154,2000,39.723891735076904
951,PageRank,0.016310691833496094,vsp_barth5_1Ksep_50in_5Kout,4154,2000,39.723891735076904
912,PageRank,0.016622066497802734,vsp_barth5_1Ksep_50in_5Kout,4154,2000,39.723891735076904
1258,PageRank,0.02417755126953125,vsp_barth5_1Ksep_50in_5Kout,4154,2000,39.723891735076904
1255,Betweenness,0.0338895320892334,vsp_barth5_1Ksep_50in_5Kout,4154,2000,39.723891735076904
983,Betweenness,0.029961824417114258,vsp_barth5_1Ksep_50in_5Kout,4154,2000,39.723891735076904
923,Betweenness,0.022088289260864258,vsp_barth5_1Ksep_50in_5Kout,4154,2000,39.723891735076904
862,Betweenness,0.008618831634521484,vsp_barth5_1Ksep_50in_5Kout,4154,2000,39.723891735076904
922,Betweenness,0.01602029800415039,vsp_barth5_1Ksep_50in_5Kout,4154,2000,39.723891735076904
955,Betweenness,0.024523496627807617,vsp_barth5_1Ksep_50in_5Kout,4154,2000,39.723891735076904
1346,Betweenness,0.016714811325073242,vsp_barth5_1Ksep_50in_5Kout,4154,2000,39.723891735076904
937,Betweenness,0.02425980567932129,vsp_barth5_1Ksep_50in_5Kout,4154,2000,39.723891735076904
890,Betweenness,0.0031397342681884766,vsp_barth5_1Ksep_50in_5Kout,4154,2000,39.723891735076904
894,Betweenness,0.007622718811035156,vsp_barth5_1Ksep_50in_5Kout,4154,2000,39.723891735076904
915,Betweenness,0.02469491958618164,vsp_barth5_1Ksep_50in_5Kout,4154,2000,39.723891735076904
882,Betweenness,0.020742416381835938,vsp_barth5_1Ksep_50in_5Kout,4154,2000,39.723891735076904
955,Betweenness,0.0259246826171875,vsp_barth5_1Ksep_50in_5Kout,4154,2000,39.723891735076904
954,Betweenness,0.03329801559448242,vsp_barth5_1Ksep_50in_5Kout,4154,2000,39.723891735076904
943,Betweenness,0.01579141616821289,vsp_barth5_1Ksep_50in_5Kout,4154,2000,39.723891735076904
1350,Katz Centrality,0.012824535369873047,vsp_barth5_1Ksep_50in_5Kout,4154,2000,39.723891735076904
1217,Katz Centrality,0.039337158203125,vsp_barth5_1Ksep_50in_5Kout,4154,2000,39.723891735076904
859,Katz Centrality,0.05212903022766113,vsp_barth5_1Ksep_50in_5Kout,4154,2000,39.723891735076904
1243,Katz Centrality,0.026983261108398438,vsp_barth5_1Ksep_50in_5Kout,4154,2000,39.723891735076904
949,Katz Centrality,0.025030851364135742,vsp_barth5_1Ksep_50in_5Kout,4154,2000,39.723891735076904
1128,Katz Centrality,0.029076337814331055,vsp_barth5_1Ksep_50in_5Kout,4154,2000,39.723891735076904
946,Katz Centrality,0.03167390823364258,vsp_barth5_1Ksep_50in_5Kout,4154,2000,39.723891735076904
1248,Katz Centrality,0.024958372116088867,vsp_barth5_1Ksep_50in_5Kout,4154,2000,39.723891735076904
872,Katz Centrality,0.03755974769592285,vsp_barth5_1Ksep_50in_5Kout,4154,2000,39.723891735076904
927,Katz Centrality,0.016811370849609375,vsp_barth5_1Ksep_50in_5Kout,4154,2000,39.723891735076904
1245,Katz Centrality,0.017114639282226562,vsp_barth5_1Ksep_50in_5Kout,4154,2000,39.723891735076904
1165,Katz Centrality,0.015999794006347656,vsp_barth5_1Ksep_50in_5Kout,4154,2000,39.723891735076904
902,Katz Centrality,0.02370738983154297,vsp_barth5_1Ksep_50in_5Kout,4154,2000,39.723891735076904
1247,Katz Centrality,0.03156709671020508,vsp_barth5_1Ksep_50in_5Kout,4154,2000,39.723891735076904
975,Katz Centrality,0.02347540855407715,vsp_barth5_1Ksep_50in_5Kout,4154,2000,39.723891735076904
847,Degree,0.026257991790771484,vsp_barth5_1Ksep_50in_5Kout,4154,2000,39.723891735076904
965,Degree,0.02218794822692871,vsp_barth5_1Ksep_50in_5Kout,4154,2000,39.723891735076904
945,Degree,0.023852825164794922,vsp_barth5_1Ksep_50in_5Kout,4154,2000,39.723891735076904
892,Degree,0.016364097595214844,vsp_barth5_1Ksep_50in_5Kout,4154,2000,39.723891735076904
968,Degree,0.020183563232421875,vsp_barth5_1Ksep_50in_5Kout,4154,2000,39.723891735076904
851,Degree,0.012033224105834961,vsp_barth5_1Ksep_50in_5Kout,4154,2000,39.723891735076904
844,Degree,0.01308584213256836,vsp_barth5_1Ksep_50in_5Kout,4154,2000,39.723891735076904
1146,Degree,0.016690731048583984,vsp_barth5_1Ksep_50in_5Kout,4154,2000,39.723891735076904
907,Degree,0.010184764862060547,vsp_barth5_1Ksep_50in_5Kout,4154,2000,39.723891735076904
910,Degree,0.03344249725341797,vsp_barth5_1Ksep_50in_5Kout,4154,2000,39.723891735076904
876,Degree,0.020672082901000977,vsp_barth5_1Ksep_50in_5Kout,4154,2000,39.723891735076904
1194,Degree,0.00979471206665039,vsp_barth5_1Ksep_50in_5Kout,4154,2000,39.723891735076904
1096,Degree,0.015672922134399414,vsp_barth5_1Ksep_50in_5Kout,4154,2000,39.723891735076904
939,Degree,0.010306835174560547,vsp_barth5_1Ksep_50in_5Kout,4154,2000,39.723891735076904
1281,Degree,0.30205607414245605,vsp_barth5_1Ksep_50in_5Kout,4154,2000,39.723891735076904
1251,Eigenvector,0.032829999923706055,vsp_barth5_1Ksep_50in_5Kout,4154,2000,39.723891735076904
1236,Eigenvector,0.024486780166625977,vsp_barth5_1Ksep_50in_5Kout,4154,2000,39.723891735076904
919,Eigenvector,0.020154953002929688,vsp_barth5_1Ksep_50in_5Kout,4154,2000,39.723891735076904
889,Eigenvector,0.02481555938720703,vsp_barth5_1Ksep_50in_5Kout,4154,2000,39.723891735076904
1039,Eigenvector,0.013647079467773438,vsp_barth5_1Ksep_50in_5Kout,4154,2000,39.723891735076904
1007,Eigenvector,0.016900062561035156,vsp_barth5_1Ksep_50in_5Kout,4154,2000,39.723891735076904
953,Eigenvector,0.016358375549316406,vsp_barth5_1Ksep_50in_5Kout,4154,2000,39.723891735076904
899,Eigenvector,0.008753061294555664,vsp_barth5_1Ksep_50in_5Kout,4154,2000,39.723891735076904
1090,Eigenvector,0.009997367858886719,vsp_barth5_1Ksep_50in_5Kout,4154,2000,39.723891735076904
877,Eigenvector,0.01410055160522461,vsp_barth5_1Ksep_50in_5Kout,4154,2000,39.723891735076904
847,Eigenvector,0.018175125122070312,vsp_barth5_1Ksep_50in_5Kout,4154,2000,39.723891735076904
1209,Eigenvector,0.029052734375,vsp_barth5_1Ksep_50in_5Kout,4154,2000,39.723891735076904
933,Eigenvector,0.009251117706298828,vsp_barth5_1Ksep_50in_5Kout,4154,2000,39.723891735076904
1266,Eigenvector,0.029251813888549805,vsp_barth5_1Ksep_50in_5Kout,4154,2000,39.723891735076904
709,Eigenvector,0.031685829162597656,vsp_barth5_1Ksep_50in_5Kout,4154,2000,39.723891735076904
928,Degree,0.03856706619262695,vsp_barth5_1Ksep_50in_5Kout,4154,2000,39.723891735076904
902,Degree,0.028792619705200195,vsp_barth5_1Ksep_50in_5Kout,4154,2000,39.723891735076904
932,Degree,0.02329421043395996,vsp_barth5_1Ksep_50in_5Kout,4154,2000,39.723891735076904
966,Degree,0.023548603057861328,vsp_barth5_1Ksep_50in_5Kout,4154,2000,39.723891735076904
872,Degree,0.023792266845703125,vsp_barth5_1Ksep_50in_5Kout,4154,2000,39.723891735076904
932,Degree,0.024156570434570312,vsp_barth5_1Ksep_50in_5Kout,4154,2000,39.723891735076904
1263,Degree,0.03311657905578613,vsp_barth5_1Ksep_50in_5Kout,4154,2000,39.723891735076904
951,Degree,0.016470909118652344,vsp_barth5_1Ksep_50in_5Kout,4154,2000,39.723891735076904
908,Degree,0.023821353912353516,vsp_barth5_1Ksep_50in_5Kout,4154,2000,39.723891735076904
1285,Degree,0.01641678810119629,vsp_barth5_1Ksep_50in_5Kout,4154,2000,39.723891735076904
946,Degree,0.026052474975585938,vsp_barth5_1Ksep_50in_5Kout,4154,2000,39.723891735076904
1221,Degree,0.024770498275756836,vsp_barth5_1Ksep_50in_5Kout,4154,2000,39.723891735076904
1043,Degree,0.016791343688964844,vsp_barth5_1Ksep_50in_5Kout,4154,2000,39.723891735076904
1206,Degree,0.009136199951171875,vsp_barth5_1Ksep_50in_5Kout,4154,2000,39.723891735076904
892,Degree,0.03300118446350098,vsp_barth5_1Ksep_50in_5Kout,4154,2000,39.723891735076904
894,Degree,0.02317023277282715,vsp_barth5_1Ksep_50in_5Kout,4154,2000,39.723891735076904
909,Degree,0.01657414436340332,vsp_barth5_1Ksep_50in_5Kout,4154,2000,39.723891735076904
924,Degree,0.015761613845825195,vsp_barth5_1Ksep_50in_5Kout,4154,2000,39.723891735076904
1135,Degree,0.016541719436645508,vsp_barth5_1Ksep_50in_5Kout,4154,2000,39.723891735076904
945,Degree,0.016874313354492188,vsp_barth5_1Ksep_50in_5Kout,4154,2000,39.723891735076904
1179,Degree,0.009486675262451172,vsp_barth5_1Ksep_50in_5Kout,4154,2000,39.723891735076904
1302,Degree,0.02302241325378418,vsp_barth5_1Ksep_50in_5Kout,4154,2000,39.723891735076904
973,Degree,0.014667034149169922,vsp_barth5_1Ksep_50in_5Kout,4154,2000,39.723891735076904
949,Degree,0.015431880950927734,vsp_barth5_1Ksep_50in_5Kout,4154,2000,39.723891735076904
1241,Degree,0.016779422760009766,vsp_barth5_1Ksep_50in_5Kout,4154,2000,39.723891735076904
1060,Degree,0.015626192092895508,vsp_barth5_1Ksep_50in_5Kout,4154,2000,39.723891735076904
783,Degree,0.01695084571838379,vsp_barth5_1Ksep_50in_5Kout,4154,2000,39.723891735076904
860,Degree,0.014051437377929688,vsp_barth5_1Ksep_50in_5Kout,4154,2000,39.723891735076904
887,Degree,0.0171201229095459,vsp_barth5_1Ksep_50in_5Kout,4154,2000,39.723891735076904
1233,Degree,0.02398514747619629,vsp_barth5_1Ksep_50in_5Kout,4154,2000,39.723891735076904
1370,Closeness,0.019964218139648438,vsp_barth5_1Ksep_50in_5Kout,4154,2000,39.723891735076904
1189,Closeness,0.02037787437438965,vsp_barth5_1Ksep_50in_5Kout,4154,2000,39.723891735076904
1240,Closeness,0.02404928207397461,vsp_barth5_1Ksep_50in_5Kout,4154,2000,39.723891735076904
974,Closeness,0.009702682495117188,vsp_barth5_1Ksep_50in_5Kout,4154,2000,39.723891735076904
1193,Closeness,0.01692056655883789,vsp_barth5_1Ksep_50in_5Kout,4154,2000,39.723891735076904
1096,Closeness,0.0,vsp_barth5_1Ksep_50in_5Kout,4154,2000,39.723891735076904
932,Closeness,0.270416259765625,vsp_barth5_1Ksep_50in_5Kout,4154,2000,39.723891735076904
874,Closeness,0.016710281372070312,vsp_barth5_1Ksep_50in_5Kout,4154,2000,39.723891735076904
777,Closeness,0.016613006591796875,vsp_barth5_1Ksep_50in_5Kout,4154,2000,39.723891735076904
879,Closeness,0.020255327224731445,vsp_barth5_1Ksep_50in_5Kout,4154,2000,39.723891735076904
1268,Closeness,0.023994922637939453,vsp_barth5_1Ksep_50in_5Kout,4154,2000,39.723891735076904
860,Closeness,0.023995637893676758,vsp_barth5_1Ksep_50in_5Kout,4154,2000,39.723891735076904
1333,Closeness,0.029013395309448242,vsp_barth5_1Ksep_50in_5Kout,4154,2000,39.723891735076904
906,Closeness,0.025061607360839844,vsp_barth5_1Ksep_50in_5Kout,4154,2000,39.723891735076904
959,Closeness,0.0167081356048584,vsp_barth5_1Ksep_50in_5Kout,4154,2000,39.723891735076904
825,Harmonic Centrality,0.02882075309753418,vsp_barth5_1Ksep_50in_5Kout,4154,2000,39.723891735076904
837,Harmonic Centrality,0.014493703842163086,vsp_barth5_1Ksep_50in_5Kout,4154,2000,39.723891735076904
1255,Harmonic Centrality,0.03781485557556152,vsp_barth5_1Ksep_50in_5Kout,4154,2000,39.723891735076904
923,Harmonic Centrality,0.02700018882751465,vsp_barth5_1Ksep_50in_5Kout,4154,2000,39.723891735076904
1091,Harmonic Centrality,0.024744510650634766,vsp_barth5_1Ksep_50in_5Kout,4154,2000,39.723891735076904
974,Harmonic Centrality,0.015655517578125,vsp_barth5_1Ksep_50in_5Kout,4154,2000,39.723891735076904
930,Harmonic Centrality,0.010990142822265625,vsp_barth5_1Ksep_50in_5Kout,4154,2000,39.723891735076904
1215,Harmonic Centrality,0.012006759643554688,vsp_barth5_1Ksep_50in_5Kout,4154,2000,39.723891735076904
1235,Harmonic Centrality,0.012128829956054688,vsp_barth5_1Ksep_50in_5Kout,4154,2000,39.723891735076904
912,Harmonic Centrality,0.03336954116821289,vsp_barth5_1Ksep_50in_5Kout,4154,2000,39.723891735076904
868,Harmonic Centrality,0.023614883422851562,vsp_barth5_1Ksep_50in_5Kout,4154,2000,39.723891735076904
891,Harmonic Centrality,0.023213624954223633,vsp_barth5_1Ksep_50in_5Kout,4154,2000,39.723891735076904
823,Harmonic Centrality,0.0006077289581298828,vsp_barth5_1Ksep_50in_5Kout,4154,2000,39.723891735076904
998,Harmonic Centrality,0.016054630279541016,vsp_barth5_1Ksep_50in_5Kout,4154,2000,39.723891735076904
807,Harmonic Centrality,0.016939401626586914,vsp_barth5_1Ksep_50in_5Kout,4154,2000,39.723891735076904
1250,Closeness,0.031789302825927734,vsp_barth5_1Ksep_50in_5Kout,4154,2000,39.723891735076904
992,Closeness,0.018253564834594727,vsp_barth5_1Ksep_50in_5Kout,4154,2000,39.723891735076904
983,Closeness,0.018570423126220703,vsp_barth5_1Ksep_50in_5Kout,4154,2000,39.723891735076904
814,Closeness,0.27733469009399414,vsp_barth5_1Ksep_50in_5Kout,4154,2000,39.723891735076904
1227,Closeness,0.01662158966064453,vsp_barth5_1Ksep_50in_5Kout,4154,2000,39.723891735076904
828,Closeness,0.012266397476196289,vsp_barth5_1Ksep_50in_5Kout,4154,2000,39.723891735076904
1220,Closeness,0.03226041793823242,vsp_barth5_1Ksep_50in_5Kout,4154,2000,39.723891735076904
1053,Closeness,0.015676498413085938,vsp_barth5_1Ksep_50in_5Kout,4154,2000,39.723891735076904
1198,Closeness,0.007829427719116211,vsp_barth5_1Ksep_50in_5Kout,4154,2000,39.723891735076904
1255,Closeness,0.009952783584594727,vsp_barth5_1Ksep_50in_5Kout,4154,2000,39.723891735076904
807,Closeness,0.03423810005187988,vsp_barth5_1Ksep_50in_5Kout,4154,2000,39.723891735076904
1239,Closeness,0.024229049682617188,vsp_barth5_1Ksep_50in_5Kout,4154,2000,39.723891735076904
1216,Closeness,0.024377107620239258,vsp_barth5_1Ksep_50in_5Kout,4154,2000,39.723891735076904
929,Closeness,0.01965188980102539,vsp_barth5_1Ksep_50in_5Kout,4154,2000,39.723891735076904
1037,Closeness,0.01604008674621582,vsp_barth5_1Ksep_50in_5Kout,4154,2000,39.723891735076904
924,Betweenness,0.0317997932434082,vsp_barth5_1Ksep_50in_5Kout,4154,2000,39.723891735076904
925,Betweenness,0.033391475677490234,vsp_barth5_1Ksep_50in_5Kout,4154,2000,39.723891735076904
903,Betweenness,0.34879302978515625,vsp_barth5_1Ksep_50in_5Kout,4154,2000,39.723891735076904
943,Betweenness,0.03185677528381348,vsp_barth5_1Ksep_50in_5Kout,4154,2000,39.723891735076904
886,Betweenness,0.024307727813720703,vsp_barth5_1Ksep_50in_5Kout,4154,2000,39.723891735076904
946,Betweenness,0.024674177169799805,vsp_barth5_1Ksep_50in_5Kout,4154,2000,39.723891735076904
1063,Betweenness,0.04173922538757324,vsp_barth5_1Ksep_50in_5Kout,4154,2000,39.723891735076904
1084,Betweenness,0.2795088291168213,vsp_barth5_1Ksep_50in_5Kout,4154,2000,39.723891735076904
886,Betweenness,0.015010595321655273,vsp_barth5_1Ksep_50in_5Kout,4154,2000,39.723891735076904
1240,Betweenness,0.01776742935180664,vsp_barth5_1Ksep_50in_5Kout,4154,2000,39.723891735076904
956,Betweenness,0.013779163360595703,vsp_barth5_1Ksep_50in_5Kout,4154,2000,39.723891735076904
828,Betweenness,0.008097648620605469,vsp_barth5_1Ksep_50in_5Kout,4154,2000,39.723891735076904
900,Betweenness,0.012663602828979492,vsp_barth5_1Ksep_50in_5Kout,4154,2000,39.723891735076904
856,Betweenness,0.014610528945922852,vsp_barth5_1Ksep_50in_5Kout,4154,2000,39.723891735076904
1254,Betweenness,0.01117706298828125,vsp_barth5_1Ksep_50in_5Kout,4154,2000,39.723891735076904
958,Harmonic Centrality,0.022617578506469727,vsp_barth5_1Ksep_50in_5Kout,4154,2000,39.723891735076904
1243,Harmonic Centrality,0.021124839782714844,vsp_barth5_1Ksep_50in_5Kout,4154,2000,39.723891735076904
1130,Harmonic Centrality,0.0030510425567626953,vsp_barth5_1Ksep_50in_5Kout,4154,2000,39.723891735076904
1240,Harmonic Centrality,0.016697168350219727,vsp_barth5_1Ksep_50in_5Kout,4154,2000,39.723891735076904
826,Harmonic Centrality,0.010464668273925781,vsp_barth5_1Ksep_50in_5Kout,4154,2000,39.723891735076904
1171,Harmonic Centrality,0.025859594345092773,vsp_barth5_1Ksep_50in_5Kout,4154,2000,39.723891735076904
929,Harmonic Centrality,0.020338773727416992,vsp_barth5_1Ksep_50in_5Kout,4154,2000,39.723891735076904
1247,Harmonic Centrality,0.035785675048828125,vsp_barth5_1Ksep_50in_5Kout,4154,2000,39.723891735076904
898,Harmonic Centrality,0.02953648567199707,vsp_barth5_1Ksep_50in_5Kout,4154,2000,39.723891735076904
898,Harmonic Centrality,0.026955127716064453,vsp_barth5_1Ksep_50in_5Kout,4154,2000,39.723891735076904
1239,Harmonic Centrality,0.02077174186706543,vsp_barth5_1Ksep_50in_5Kout,4154,2000,39.723891735076904
1271,Harmonic Centrality,0.0240170955657959,vsp_barth5_1Ksep_50in_5Kout,4154,2000,39.723891735076904
923,Harmonic Centrality,0.008903741836547852,vsp_barth5_1Ksep_50in_5Kout,4154,2000,39.723891735076904
873,Harmonic Centrality,0.015540838241577148,vsp_barth5_1Ksep_50in_5Kout,4154,2000,39.723891735076904
960,Harmonic Centrality,0.0243527889251709,vsp_barth5_1Ksep_50in_5Kout,4154,2000,39.723891735076904
1311,PageRank,0.027642011642456055,vsp_barth5_1Ksep_50in_5Kout,4154,2000,39.723891735076904
832,PageRank,0.04487347602844238,vsp_barth5_1Ksep_50in_5Kout,4154,2000,39.723891735076904
1203,PageRank,0.016628265380859375,vsp_barth5_1Ksep_50in_5Kout,4154,2000,39.723891735076904
1230,PageRank,0.016416549682617188,vsp_barth5_1Ksep_50in_5Kout,4154,2000,39.723891735076904
876,PageRank,0.331038236618042,vsp_barth5_1Ksep_50in_5Kout,4154,2000,39.723891735076904
963,PageRank,0.025075435638427734,vsp_barth5_1Ksep_50in_5Kout,4154,2000,39.723891735076904
887,PageRank,0.021984338760375977,vsp_barth5_1Ksep_50in_5Kout,4154,2000,39.723891735076904
1173,PageRank,0.03327059745788574,vsp_barth5_1Ksep_50in_5Kout,4154,2000,39.723891735076904
928,PageRank,0.024669647216796875,vsp_barth5_1Ksep_50in_5Kout,4154,2000,39.723891735076904
811,PageRank,0.03055572509765625,vsp_barth5_1Ksep_50in_5Kout,4154,2000,39.723891735076904
1181,PageRank,0.016349315643310547,vsp_barth5_1Ksep_50in_5Kout,4154,2000,39.723891735076904
1252,PageRank,0.022554874420166016,vsp_barth5_1Ksep_50in_5Kout,4154,2000,39.723891735076904
781,PageRank,0.02628922462463379,vsp_barth5_1Ksep_50in_5Kout,4154,2000,39.723891735076904
887,PageRank,0.014073610305786133,vsp_barth5_1Ksep_50in_5Kout,4154,2000,39.723891735076904
929,PageRank,0.017955780029296875,vsp_barth5_1Ksep_50in_5Kout,4154,2000,39.723891735076904
1651,PageRank,0.03186464309692383,vsp_bump2_e18_aa01_model1_crew1,9169,2000,118.71143126487732
1728,PageRank,0.06605267524719238,vsp_bump2_e18_aa01_model1_crew1,9169,2000,118.71143126487732
1714,PageRank,0.05998539924621582,vsp_bump2_e18_aa01_model1_crew1,9169,2000,118.71143126487732
1717,PageRank,0.045212745666503906,vsp_bump2_e18_aa01_model1_crew1,9169,2000,118.71143126487732
1573,PageRank,0.04103422164916992,vsp_bump2_e18_aa01_model1_crew1,9169,2000,118.71143126487732
1662,PageRank,0.04844164848327637,vsp_bump2_e18_aa01_model1_crew1,9169,2000,118.71143126487732
1596,PageRank,0.48718738555908203,vsp_bump2_e18_aa01_model1_crew1,9169,2000,118.71143126487732
1555,PageRank,0.049727439880371094,vsp_bump2_e18_aa01_model1_crew1,9169,2000,118.71143126487732
1583,PageRank,0.06229376792907715,vsp_bump2_e18_aa01_model1_crew1,9169,2000,118.71143126487732
1694,PageRank,0.06347990036010742,vsp_bump2_e18_aa01_model1_crew1,9169,2000,118.71143126487732
1654,PageRank,0.08558797836303711,vsp_bump2_e18_aa01_model1_crew1,9169,2000,118.71143126487732
1490,PageRank,0.042717933654785156,vsp_bump2_e18_aa01_model1_crew1,9169,2000,118.71143126487732
1726,PageRank,0.06528544425964355,vsp_bump2_e18_aa01_model1_crew1,9169,2000,118.71143126487732
1894,PageRank,0.0676565170288086,vsp_bump2_e18_aa01_model1_crew1,9169,2000,118.71143126487732
1653,PageRank,0.03963112831115723,vsp_bump2_e18_aa01_model1_crew1,9169,2000,118.71143126487732
1725,Harmonic Centrality,0.056876182556152344,vsp_bump2_e18_aa01_model1_crew1,9169,2000,118.71143126487732
1695,Harmonic Centrality,0.048468828201293945,vsp_bump2_e18_aa01_model1_crew1,9169,2000,118.71143126487732
1702,Harmonic Centrality,0.03594803810119629,vsp_bump2_e18_aa01_model1_crew1,9169,2000,118.71143126487732
1526,Harmonic Centrality,0.0413205623626709,vsp_bump2_e18_aa01_model1_crew1,9169,2000,118.71143126487732
1637,Harmonic Centrality,0.042958974838256836,vsp_bump2_e18_aa01_model1_crew1,9169,2000,118.71143126487732
1713,Harmonic Centrality,0.03944802284240723,vsp_bump2_e18_aa01_model1_crew1,9169,2000,118.71143126487732
1603,Harmonic Centrality,0.4552581310272217,vsp_bump2_e18_aa01_model1_crew1,9169,2000,118.71143126487732
1733,Harmonic Centrality,0.06490850448608398,vsp_bump2_e18_aa01_model1_crew1,9169,2000,118.71143126487732
1677,Harmonic Centrality,0.06411194801330566,vsp_bump2_e18_aa01_model1_crew1,9169,2000,118.71143126487732
1743,Harmonic Centrality,0.0525515079498291,vsp_bump2_e18_aa01_model1_crew1,9169,2000,118.71143126487732
1633,Harmonic Centrality,0.05666637420654297,vsp_bump2_e18_aa01_model1_crew1,9169,2000,118.71143126487732
1725,Harmonic Centrality,0.04834461212158203,vsp_bump2_e18_aa01_model1_crew1,9169,2000,118.71143126487732
1686,Harmonic Centrality,0.05713176727294922,vsp_bump2_e18_aa01_model1_crew1,9169,2000,118.71143126487732
1727,Harmonic Centrality,0.03847789764404297,vsp_bump2_e18_aa01_model1_crew1,9169,2000,118.71143126487732
1615,Harmonic Centrality,0.04712510108947754,vsp_bump2_e18_aa01_model1_crew1,9169,2000,118.71143126487732
1893,Closeness,0.06706881523132324,vsp_bump2_e18_aa01_model1_crew1,9169,2000,118.71143126487732
1714,Closeness,0.04953265190124512,vsp_bump2_e18_aa01_model1_crew1,9169,2000,118.71143126487732
1593,Closeness,0.05612373352050781,vsp_bump2_e18_aa01_model1_crew1,9169,2000,118.71143126487732
1680,Closeness,0.050441741943359375,vsp_bump2_e18_aa01_model1_crew1,9169,2000,118.71143126487732
1683,Closeness,0.04008173942565918,vsp_bump2_e18_aa01_model1_crew1,9169,2000,118.71143126487732
1745,Closeness,0.053974151611328125,vsp_bump2_e18_aa01_model1_crew1,9169,2000,118.71143126487732
1634,Closeness,0.05858588218688965,vsp_bump2_e18_aa01_model1_crew1,9169,2000,118.71143126487732
1631,Closeness,0.03753805160522461,vsp_bump2_e18_aa01_model1_crew1,9169,2000,118.71143126487732
1545,Closeness,0.07438468933105469,vsp_bump2_e18_aa01_model1_crew1,9169,2000,118.71143126487732
1734,Closeness,0.06672167778015137,vsp_bump2_e18_aa01_model1_crew1,9169,2000,118.71143126487732
1905,Closeness,0.05833792686462402,vsp_bump2_e18_aa01_model1_crew1,9169,2000,118.71143126487732
1530,Closeness,0.06283330917358398,vsp_bump2_e18_aa01_model1_crew1,9169,2000,118.71143126487732
1884,Closeness,0.06632471084594727,vsp_bump2_e18_aa01_model1_crew1,9169,2000,118.71143126487732
1734,Closeness,0.06121253967285156,vsp_bump2_e18_aa01_model1_crew1,9169,2000,118.71143126487732
1745,Closeness,0.04567098617553711,vsp_bump2_e18_aa01_model1_crew1,9169,2000,118.71143126487732
1670,Harmonic Centrality,0.056662797927856445,vsp_bump2_e18_aa01_model1_crew1,9169,2000,118.71143126487732
1661,Harmonic Centrality,0.03626871109008789,vsp_bump2_e18_aa01_model1_crew1,9169,2000,118.71143126487732
1685,Harmonic Centrality,0.032871246337890625,vsp_bump2_e18_aa01_model1_crew1,9169,2000,118.71143126487732
1669,Harmonic Centrality,0.07902359962463379,vsp_bump2_e18_aa01_model1_crew1,9169,2000,118.71143126487732
1625,Harmonic Centrality,0.0515289306640625,vsp_bump2_e18_aa01_model1_crew1,9169,2000,118.71143126487732
1718,Harmonic Centrality,0.0405118465423584,vsp_bump2_e18_aa01_model1_crew1,9169,2000,118.71143126487732
1637,Harmonic Centrality,0.03385472297668457,vsp_bump2_e18_aa01_model1_crew1,9169,2000,118.71143126487732
1861,Harmonic Centrality,0.06977510452270508,vsp_bump2_e18_aa01_model1_crew1,9169,2000,118.71143126487732
1466,Harmonic Centrality,0.04697060585021973,vsp_bump2_e18_aa01_model1_crew1,9169,2000,118.71143126487732
1484,Harmonic Centrality,0.04892420768737793,vsp_bump2_e18_aa01_model1_crew1,9169,2000,118.71143126487732
1732,Harmonic Centrality,0.06128048896789551,vsp_bump2_e18_aa01_model1_crew1,9169,2000,118.71143126487732
1736,Harmonic Centrality,0.06422305107116699,vsp_bump2_e18_aa01_model1_crew1,9169,2000,118.71143126487732
1701,Harmonic Centrality,0.05782318115234375,vsp_bump2_e18_aa01_model1_crew1,9169,2000,118.71143126487732
1712,Harmonic Centrality,0.04144477844238281,vsp_bump2_e18_aa01_model1_crew1,9169,2000,118.71143126487732
1602,Harmonic Centrality,0.03666830062866211,vsp_bump2_e18_aa01_model1_crew1,9169,2000,118.71143126487732
1739,Harmonic Centrality,0.05650973320007324,vsp_bump2_e18_aa01_model1_crew1,9169,2000,118.71143126487732
1826,Harmonic Centrality,0.0489802360534668,vsp_bump2_e18_aa01_model1_crew1,9169,2000,118.71143126487732
1690,Harmonic Centrality,0.04064321517944336,vsp_bump2_e18_aa01_model1_crew1,9169,2000,118.71143126487732
1745,Harmonic Centrality,0.04230761528015137,vsp_bump2_e18_aa01_model1_crew1,9169,2000,118.71143126487732
1693,Harmonic Centrality,0.05185365676879883,vsp_bump2_e18_aa01_model1_crew1,9169,2000,118.71143126487732
1623,Harmonic Centrality,0.04424595832824707,vsp_bump2_e18_aa01_model1_crew1,9169,2000,118.71143126487732
1663,Harmonic Centrality,0.07245492935180664,vsp_bump2_e18_aa01_model1_crew1,9169,2000,118.71143126487732
1705,Harmonic Centrality,0.05568575859069824,vsp_bump2_e18_aa01_model1_crew1,9169,2000,118.71143126487732
1701,Harmonic Centrality,0.0671389102935791,vsp_bump2_e18_aa01_model1_crew1,9169,2000,118.71143126487732
1623,Harmonic Centrality,0.06759142875671387,vsp_bump2_e18_aa01_model1_crew1,9169,2000,118.71143126487732
1702,Harmonic Centrality,0.0650486946105957,vsp_bump2_e18_aa01_model1_crew1,9169,2000,118.71143126487732
1707,Harmonic Centrality,0.04952049255371094,vsp_bump2_e18_aa01_model1_crew1,9169,2000,118.71143126487732
1618,Harmonic Centrality,0.0469205379486084,vsp_bump2_e18_aa01_model1_crew1,9169,2000,118.71143126487732
1405,Harmonic Centrality,0.05228853225708008,vsp_bump2_e18_aa01_model1_crew1,9169,2000,118.71143126487732
1705,Harmonic Centrality,0.05663275718688965,vsp_bump2_e18_aa01_model1_crew1,9169,2000,118.71143126487732
1727,Harmonic Centrality,0.054117441177368164,vsp_bump2_e18_aa01_model1_crew1,9169,2000,118.71143126487732
1665,Harmonic Centrality,0.06630969047546387,vsp_bump2_e18_aa01_model1_crew1,9169,2000,118.71143126487732
1723,Harmonic Centrality,0.05775022506713867,vsp_bump2_e18_aa01_model1_crew1,9169,2000,118.71143126487732
1738,Harmonic Centrality,0.07310223579406738,vsp_bump2_e18_aa01_model1_crew1,9169,2000,118.71143126487732
1741,Harmonic Centrality,0.06543803215026855,vsp_bump2_e18_aa01_model1_crew1,9169,2000,118.71143126487732
1804,Harmonic Centrality,0.03912520408630371,vsp_bump2_e18_aa01_model1_crew1,9169,2000,118.71143126487732
1720,Harmonic Centrality,0.04302525520324707,vsp_bump2_e18_aa01_model1_crew1,9169,2000,118.71143126487732
1657,Harmonic Centrality,0.06667590141296387,vsp_bump2_e18_aa01_model1_crew1,9169,2000,118.71143126487732
1520,Harmonic Centrality,0.0812826156616211,vsp_bump2_e18_aa01_model1_crew1,9169,2000,118.71143126487732
1685,Harmonic Centrality,0.03361678123474121,vsp_bump2_e18_aa01_model1_crew1,9169,2000,118.71143126487732
1633,Harmonic Centrality,0.06325125694274902,vsp_bump2_e18_aa01_model1_crew1,9169,2000,118.71143126487732
1729,Harmonic Centrality,0.05336403846740723,vsp_bump2_e18_aa01_model1_crew1,9169,2000,118.71143126487732
1687,Harmonic Centrality,0.059969186782836914,vsp_bump2_e18_aa01_model1_crew1,9169,2000,118.71143126487732
1912,Harmonic Centrality,0.04249882698059082,vsp_bump2_e18_aa01_model1_crew1,9169,2000,118.71143126487732
1704,Harmonic Centrality,0.041901588439941406,vsp_bump2_e18_aa01_model1_crew1,9169,2000,118.71143126487732
1696,Closeness,0.06364011764526367,vsp_bump2_e18_aa01_model1_crew1,9169,2000,118.71143126487732
1683,Closeness,0.6017570495605469,vsp_bump2_e18_aa01_model1_crew1,9169,2000,118.71143126487732
1743,Closeness,0.060204267501831055,vsp_bump2_e18_aa01_model1_crew1,9169,2000,118.71143126487732
1704,Closeness,0.07491707801818848,vsp_bump2_e18_aa01_model1_crew1,9169,2000,118.71143126487732
1393,Closeness,0.05790376663208008,vsp_bump2_e18_aa01_model1_crew1,9169,2000,118.71143126487732
1939,Closeness,0.04848194122314453,vsp_bump2_e18_aa01_model1_crew1,9169,2000,118.71143126487732
1661,Closeness,0.04842066764831543,vsp_bump2_e18_aa01_model1_crew1,9169,2000,118.71143126487732
1724,Closeness,0.04410910606384277,vsp_bump2_e18_aa01_model1_crew1,9169,2000,118.71143126487732
1705,Closeness,0.05529022216796875,vsp_bump2_e18_aa01_model1_crew1,9169,2000,118.71143126487732
1584,Closeness,0.050165653228759766,vsp_bump2_e18_aa01_model1_crew1,9169,2000,118.71143126487732
1593,Closeness,0.03949904441833496,vsp_bump2_e18_aa01_model1_crew1,9169,2000,118.71143126487732
1719,Closeness,0.7227334976196289,vsp_bump2_e18_aa01_model1_crew1,9169,2000,118.71143126487732
1530,Closeness,0.04376101493835449,vsp_bump2_e18_aa01_model1_crew1,9169,2000,118.71143126487732
1665,Closeness,0.060007572174072266,vsp_bump2_e18_aa01_model1_crew1,9169,2000,118.71143126487732
1711,Closeness,0.05183553695678711,vsp_bump2_e18_aa01_model1_crew1,9169,2000,118.71143126487732
1716,PageRank,0.05167198181152344,vsp_bump2_e18_aa01_model1_crew1,9169,2000,118.71143126487732
1721,PageRank,0.059081077575683594,vsp_bump2_e18_aa01_model1_crew1,9169,2000,118.71143126487732
1642,PageRank,0.041313886642456055,vsp_bump2_e18_aa01_model1_crew1,9169,2000,118.71143126487732
1738,PageRank,0.062302589416503906,vsp_bump2_e18_aa01_model1_crew1,9169,2000,118.71143126487732
1627,PageRank,0.043964385986328125,vsp_bump2_e18_aa01_model1_crew1,9169,2000,118.71143126487732
1689,PageRank,0.050719261169433594,vsp_bump2_e18_aa01_model1_crew1,9169,2000,118.71143126487732
1480,PageRank,0.049968719482421875,vsp_bump2_e18_aa01_model1_crew1,9169,2000,118.71143126487732
1586,PageRank,0.05275321006774902,vsp_bump2_e18_aa01_model1_crew1,9169,2000,118.71143126487732
1631,PageRank,0.04660463333129883,vsp_bump2_e18_aa01_model1_crew1,9169,2000,118.71143126487732
1694,PageRank,0.07228493690490723,vsp_bump2_e18_aa01_model1_crew1,9169,2000,118.71143126487732
1657,PageRank,0.05020952224731445,vsp_bump2_e18_aa01_model1_crew1,9169,2000,118.71143126487732
1739,PageRank,0.04995131492614746,vsp_bump2_e18_aa01_model1_crew1,9169,2000,118.71143126487732
1686,PageRank,0.045269012451171875,vsp_bump2_e18_aa01_model1_crew1,9169,2000,118.71143126487732
1760,PageRank,0.04658961296081543,vsp_bump2_e18_aa01_model1_crew1,9169,2000,118.71143126487732
1697,PageRank,0.04132390022277832,vsp_bump2_e18_aa01_model1_crew1,9169,2000,118.71143126487732
1626,Katz Centrality,0.07013511657714844,vsp_bump2_e18_aa01_model1_crew1,9169,2000,118.71143126487732
1735,Katz Centrality,0.03945302963256836,vsp_bump2_e18_aa01_model1_crew1,9169,2000,118.71143126487732
1543,Katz Centrality,0.04631948471069336,vsp_bump2_e18_aa01_model1_crew1,9169,2000,118.71143126487732
1744,Katz Centrality,0.06621789932250977,vsp_bump2_e18_aa01_model1_crew1,9169,2000,118.71143126487732
1696,Katz Centrality,0.07467842102050781,vsp_bump2_e18_aa01_model1_crew1,9169,2000,118.71143126487732
1723,Katz Centrality,0.07262349128723145,vsp_bump2_e18_aa01_model1_crew1,9169,2000,118.71143126487732
1899,Katz Centrality,0.06548404693603516,vsp_bump2_e18_aa01_model1_crew1,9169,2000,118.71143126487732
1578,Katz Centrality,0.03498482704162598,vsp_bump2_e18_aa01_model1_crew1,9169,2000,118.71143126487732
1870,Katz Centrality,0.04052853584289551,vsp_bump2_e18_aa01_model1_crew1,9169,2000,118.71143126487732
1700,Katz Centrality,0.061330556869506836,vsp_bump2_e18_aa01_model1_crew1,9169,2000,118.71143126487732
1685,Katz Centrality,0.0486602783203125,vsp_bump2_e18_aa01_model1_crew1,9169,2000,118.71143126487732
1721,Katz Centrality,0.041066884994506836,vsp_bump2_e18_aa01_model1_crew1,9169,2000,118.71143126487732
1628,Katz Centrality,0.048456668853759766,vsp_bump2_e18_aa01_model1_crew1,9169,2000,118.71143126487732
1722,Katz Centrality,0.495211124420166,vsp_bump2_e18_aa01_model1_crew1,9169,2000,118.71143126487732
1808,Katz Centrality,0.04094958305358887,vsp_bump2_e18_aa01_model1_crew1,9169,2000,118.71143126487732
1448,PageRank,0.07237553596496582,vsp_bump2_e18_aa01_model1_crew1,9169,2000,118.71143126487732
1656,PageRank,0.04240703582763672,vsp_bump2_e18_aa01_model1_crew1,9169,2000,118.71143126487732
1670,PageRank,0.04988455772399902,vsp_bump2_e18_aa01_model1_crew1,9169,2000,118.71143126487732
1710,PageRank,0.04998970031738281,vsp_bump2_e18_aa01_model1_crew1,9169,2000,118.71143126487732
1669,PageRank,0.04212760925292969,vsp_bump2_e18_aa01_model1_crew1,9169,2000,118.71143126487732
1525,PageRank,0.05804872512817383,vsp_bump2_e18_aa01_model1_crew1,9169,2000,118.71143126487732
1560,PageRank,0.060746192932128906,vsp_bump2_e18_aa01_model1_crew1,9169,2000,118.71143126487732
1724,PageRank,0.07138919830322266,vsp_bump2_e18_aa01_model1_crew1,9169,2000,118.71143126487732
1654,PageRank,0.08344125747680664,vsp_bump2_e18_aa01_model1_crew1,9169,2000,118.71143126487732
1740,PageRank,0.07654261589050293,vsp_bump2_e18_aa01_model1_crew1,9169,2000,118.71143126487732
1682,PageRank,0.06850075721740723,vsp_bump2_e18_aa01_model1_crew1,9169,2000,118.71143126487732
1661,PageRank,0.06491804122924805,vsp_bump2_e18_aa01_model1_crew1,9169,2000,118.71143126487732
1736,PageRank,0.04797625541687012,vsp_bump2_e18_aa01_model1_crew1,9169,2000,118.71143126487732
1716,PageRank,0.051576852798461914,vsp_bump2_e18_aa01_model1_crew1,9169,2000,118.71143126487732
1694,PageRank,0.06464052200317383,vsp_bump2_e18_aa01_model1_crew1,9169,2000,118.71143126487732
1731,Closeness,0.06937241554260254,vsp_bump2_e18_aa01_model1_crew1,9169,2000,118.71143126487732
1697,Closeness,0.07151198387145996,vsp_bump2_e18_aa01_model1_crew1,9169,2000,118.71143126487732
1528,Closeness,0.04093050956726074,vsp_bump2_e18_aa01_model1_crew1,9169,2000,118.71143126487732
1740,Closeness,0.08676290512084961,vsp_bump2_e18_aa01_model1_crew1,9169,2000,118.71143126487732
1667,Closeness,0.06286191940307617,vsp_bump2_e18_aa01_model1_crew1,9169,2000,118.71143126487732
1368,Closeness,0.041916847229003906,vsp_bump2_e18_aa01_model1_crew1,9169,2000,118.71143126487732
1373,Closeness,0.0645911693572998,vsp_bump2_e18_aa01_model1_crew1,9169,2000,118.71143126487732
1677,Closeness,0.06359076499938965,vsp_bump2_e18_aa01_model1_crew1,9169,2000,118.71143126487732
1688,Closeness,0.06536483764648438,vsp_bump2_e18_aa01_model1_crew1,9169,2000,118.71143126487732
1662,Closeness,0.06803059577941895,vsp_bump2_e18_aa01_model1_crew1,9169,2000,118.71143126487732
1683,Closeness,0.04635024070739746,vsp_bump2_e18_aa01_model1_crew1,9169,2000,118.71143126487732
1705,Closeness,0.05842471122741699,vsp_bump2_e18_aa01_model1_crew1,9169,2000,118.71143126487732
1707,Closeness,0.056166887283325195,vsp_bump2_e18_aa01_model1_crew1,9169,2000,118.71143126487732
1697,Closeness,0.04990124702453613,vsp_bump2_e18_aa01_model1_crew1,9169,2000,118.71143126487732
1843,Closeness,0.05328059196472168,vsp_bump2_e18_aa01_model1_crew1,9169,2000,118.71143126487732
1735,Degree,0.05114006996154785,vsp_bump2_e18_aa01_model1_crew1,9169,2000,118.71143126487732
1726,Degree,0.040064096450805664,vsp_bump2_e18_aa01_model1_crew1,9169,2000,118.71143126487732
1692,Degree,0.04115605354309082,vsp_bump2_e18_aa01_model1_crew1,9169,2000,118.71143126487732
1683,Degree,0.04627561569213867,vsp_bump2_e18_aa01_model1_crew1,9169,2000,118.71143126487732
1691,Degree,0.04025006294250488,vsp_bump2_e18_aa01_model1_crew1,9169,2000,118.71143126487732
1721,Degree,0.06485414505004883,vsp_bump2_e18_aa01_model1_crew1,9169,2000,118.71143126487732
1517,Degree,0.060051679611206055,vsp_bump2_e18_aa01_model1_crew1,9169,2000,118.71143126487732
1711,Degree,0.03890657424926758,vsp_bump2_e18_aa01_model1_crew1,9169,2000,118.71143126487732
1698,Degree,0.052229881286621094,vsp_bump2_e18_aa01_model1_crew1,9169,2000,118.71143126487732
1740,Degree,0.04904055595397949,vsp_bump2_e18_aa01_model1_crew1,9169,2000,118.71143126487732
1740,Degree,0.05355215072631836,vsp_bump2_e18_aa01_model1_crew1,9169,2000,118.71143126487732
1385,Degree,0.061135053634643555,vsp_bump2_e18_aa01_model1_crew1,9169,2000,118.71143126487732
1682,Degree,0.04390311241149902,vsp_bump2_e18_aa01_model1_crew1,9169,2000,118.71143126487732
1663,Degree,0.05482602119445801,vsp_bump2_e18_aa01_model1_crew1,9169,2000,118.71143126487732
1560,Degree,0.04060220718383789,vsp_bump2_e18_aa01_model1_crew1,9169,2000,118.71143126487732
1643,PageRank,0.0745997428894043,vsp_bump2_e18_aa01_model1_crew1,9169,2000,118.71143126487732
1746,PageRank,0.04148077964782715,vsp_bump2_e18_aa01_model1_crew1,9169,2000,118.71143126487732
1697,PageRank,0.03904461860656738,vsp_bump2_e18_aa01_model1_crew1,9169,2000,118.71143126487732
1690,PageRank,0.05296468734741211,vsp_bump2_e18_aa01_model1_crew1,9169,2000,118.71143126487732
1633,PageRank,0.04106926918029785,vsp_bump2_e18_aa01_model1_crew1,9169,2000,118.71143126487732
1642,PageRank,0.0673515796661377,vsp_bump2_e18_aa01_model1_crew1,9169,2000,118.71143126487732
1712,PageRank,0.06649136543273926,vsp_bump2_e18_aa01_model1_crew1,9169,2000,118.71143126487732
1694,PageRank,0.04898214340209961,vsp_bump2_e18_aa01_model1_crew1,9169,2000,118.71143126487732
1692,PageRank,0.049005985260009766,vsp_bump2_e18_aa01_model1_crew1,9169,2000,118.71143126487732
1718,PageRank,0.05752706527709961,vsp_bump2_e18_aa01_model1_crew1,9169,2000,118.71143126487732
1520,PageRank,0.05677914619445801,vsp_bump2_e18_aa01_model1_crew1,9169,2000,118.71143126487732
1431,PageRank,0.05805659294128418,vsp_bump2_e18_aa01_model1_crew1,9169,2000,118.71143126487732
1729,PageRank,0.07197332382202148,vsp_bump2_e18_aa01_model1_crew1,9169,2000,118.71143126487732
1604,PageRank,0.0649118423461914,vsp_bump2_e18_aa01_model1_crew1,9169,2000,118.71143126487732
1632,PageRank,0.588374137878418,vsp_bump2_e18_aa01_model1_crew1,9169,2000,118.71143126487732
1669,PageRank,0.04926943778991699,vsp_bump2_e18_aa01_model1_crew1,9169,2000,118.71143126487732
1684,PageRank,0.041394948959350586,vsp_bump2_e18_aa01_model1_crew1,9169,2000,118.71143126487732
1671,PageRank,0.042015790939331055,vsp_bump2_e18_aa01_model1_crew1,9169,2000,118.71143126487732
1728,PageRank,0.033382415771484375,vsp_bump2_e18_aa01_model1_crew1,9169,2000,118.71143126487732
1536,PageRank,0.057680606842041016,vsp_bump2_e18_aa01_model1_crew1,9169,2000,118.71143126487732
1740,PageRank,0.05716896057128906,vsp_bump2_e18_aa01_model1_crew1,9169,2000,118.71143126487732
1715,PageRank,0.039646148681640625,vsp_bump2_e18_aa01_model1_crew1,9169,2000,118.71143126487732
1709,PageRank,0.04886007308959961,vsp_bump2_e18_aa01_model1_crew1,9169,2000,118.71143126487732
1717,PageRank,0.06759762763977051,vsp_bump2_e18_aa01_model1_crew1,9169,2000,118.71143126487732
1690,PageRank,0.0612943172454834,vsp_bump2_e18_aa01_model1_crew1,9169,2000,118.71143126487732
1894,PageRank,0.0667107105255127,vsp_bump2_e18_aa01_model1_crew1,9169,2000,118.71143126487732
1745,PageRank,0.06647181510925293,vsp_bump2_e18_aa01_model1_crew1,9169,2000,118.71143126487732
1609,PageRank,0.06584310531616211,vsp_bump2_e18_aa01_model1_crew1,9169,2000,118.71143126487732
1499,PageRank,0.05483293533325195,vsp_bump2_e18_aa01_model1_crew1,9169,2000,118.71143126487732
1677,PageRank,0.5518012046813965,vsp_bump2_e18_aa01_model1_crew1,9169,2000,118.71143126487732
1629,Closeness,0.06390976905822754,vsp_bump2_e18_aa01_model1_crew1,9169,2000,118.71143126487732
1660,Closeness,0.045152902603149414,vsp_bump2_e18_aa01_model1_crew1,9169,2000,118.71143126487732
1592,Closeness,0.04254484176635742,vsp_bump2_e18_aa01_model1_crew1,9169,2000,118.71143126487732
1598,Closeness,0.030177831649780273,vsp_bump2_e18_aa01_model1_crew1,9169,2000,118.71143126487732
1722,Closeness,0.0745851993560791,vsp_bump2_e18_aa01_model1_crew1,9169,2000,118.71143126487732
1716,Closeness,0.06642913818359375,vsp_bump2_e18_aa01_model1_crew1,9169,2000,118.71143126487732
1588,Closeness,0.06228756904602051,vsp_bump2_e18_aa01_model1_crew1,9169,2000,118.71143126487732
1713,Closeness,0.05618906021118164,vsp_bump2_e18_aa01_model1_crew1,9169,2000,118.71143126487732
1646,Closeness,0.06325101852416992,vsp_bump2_e18_aa01_model1_crew1,9169,2000,118.71143126487732
1863,Closeness,0.042505741119384766,vsp_bump2_e18_aa01_model1_crew1,9169,2000,118.71143126487732
1879,Closeness,0.0641944408416748,vsp_bump2_e18_aa01_model1_crew1,9169,2000,118.71143126487732
1651,Closeness,0.07742691040039062,vsp_bump2_e18_aa01_model1_crew1,9169,2000,118.71143126487732
1519,Closeness,0.07332086563110352,vsp_bump2_e18_aa01_model1_crew1,9169,2000,118.71143126487732
1738,Closeness,0.03466153144836426,vsp_bump2_e18_aa01_model1_crew1,9169,2000,118.71143126487732
1518,Closeness,0.04953932762145996,vsp_bump2_e18_aa01_model1_crew1,9169,2000,118.71143126487732
1693,Betweenness,0.07238411903381348,vsp_bump2_e18_aa01_model1_crew1,9169,2000,118.71143126487732
1741,Betweenness,0.04810333251953125,vsp_bump2_e18_aa01_model1_crew1,9169,2000,118.71143126487732
1643,Betweenness,0.05709528923034668,vsp_bump2_e18_aa01_model1_crew1,9169,2000,118.71143126487732
1753,Betweenness,0.054033517837524414,vsp_bump2_e18_aa01_model1_crew1,9169,2000,118.71143126487732
1730,Betweenness,0.06690168380737305,vsp_bump2_e18_aa01_model1_crew1,9169,2000,118.71143126487732
1517,Betweenness,0.06109905242919922,vsp_bump2_e18_aa01_model1_crew1,9169,2000,118.71143126487732
1615,Betweenness,0.04086565971374512,vsp_bump2_e18_aa01_model1_crew1,9169,2000,118.71143126487732
1638,Betweenness,0.03205227851867676,vsp_bump2_e18_aa01_model1_crew1,9169,2000,118.71143126487732
1551,Betweenness,0.06447672843933105,vsp_bump2_e18_aa01_model1_crew1,9169,2000,118.71143126487732
1733,Betweenness,0.05815315246582031,vsp_bump2_e18_aa01_model1_crew1,9169,2000,118.71143126487732
1721,Betweenness,0.051720380783081055,vsp_bump2_e18_aa01_model1_crew1,9169,2000,118.71143126487732
1676,Betweenness,0.0365750789642334,vsp_bump2_e18_aa01_model1_crew1,9169,2000,118.71143126487732
1678,Betweenness,0.05398726463317871,vsp_bump2_e18_aa01_model1_crew1,9169,2000,118.71143126487732
1632,Betweenness,0.07928657531738281,vsp_bump2_e18_aa01_model1_crew1,9169,2000,118.71143126487732
1734,Betweenness,0.05080008506774902,vsp_bump2_e18_aa01_model1_crew1,9169,2000,118.71143126487732
1753,Betweenness,0.060817718505859375,vsp_bump2_e18_aa01_model1_crew1,9169,2000,118.71143126487732
1745,Betweenness,0.058539628982543945,vsp_bump2_e18_aa01_model1_crew1,9169,2000,118.71143126487732
1744,Betweenness,0.07159757614135742,vsp_bump2_e18_aa01_model1_crew1,9169,2000,118.71143126487732
1654,Betweenness,0.03982877731323242,vsp_bump2_e18_aa01_model1_crew1,9169,2000,118.71143126487732
1647,Betweenness,0.06660938262939453,vsp_bump2_e18_aa01_model1_crew1,9169,2000,118.71143126487732
1743,Betweenness,0.032181739807128906,vsp_bump2_e18_aa01_model1_crew1,9169,2000,118.71143126487732
1673,Betweenness,0.07312583923339844,vsp_bump2_e18_aa01_model1_crew1,9169,2000,118.71143126487732
1726,Betweenness,0.057096242904663086,vsp_bump2_e18_aa01_model1_crew1,9169,2000,118.71143126487732
1747,Betweenness,0.03978085517883301,vsp_bump2_e18_aa01_model1_crew1,9169,2000,118.71143126487732
1383,Betweenness,0.024230003356933594,vsp_bump2_e18_aa01_model1_crew1,9169,2000,118.71143126487732
1628,Betweenness,0.023845672607421875,vsp_bump2_e18_aa01_model1_crew1,9169,2000,118.71143126487732
1435,Betweenness,0.06414389610290527,vsp_bump2_e18_aa01_model1_crew1,9169,2000,118.71143126487732
1698,Betweenness,0.04887080192565918,vsp_bump2_e18_aa01_model1_crew1,9169,2000,118.71143126487732
1649,Betweenness,0.04383492469787598,vsp_bump2_e18_aa01_model1_crew1,9169,2000,118.71143126487732
1647,Betweenness,0.05023455619812012,vsp_bump2_e18_aa01_model1_crew1,9169,2000,118.71143126487732
1638,Harmonic Centrality,0.058164358139038086,vsp_bump2_e18_aa01_model1_crew1,9169,2000,118.71143126487732
1707,Harmonic Centrality,0.04140830039978027,vsp_bump2_e18_aa01_model1_crew1,9169,2000,118.71143126487732
1680,Harmonic Centrality,0.03952145576477051,vsp_bump2_e18_aa01_model1_crew1,9169,2000,118.71143126487732
1917,Harmonic Centrality,0.04969525337219238,vsp_bump2_e18_aa01_model1_crew1,9169,2000,118.71143126487732
1697,Harmonic Centrality,0.05944204330444336,vsp_bump2_e18_aa01_model1_crew1,9169,2000,118.71143126487732
1692,Harmonic Centrality,0.048166513442993164,vsp_bump2_e18_aa01_model1_crew1,9169,2000,118.71143126487732
1680,Harmonic Centrality,0.05086183547973633,vsp_bump2_e18_aa01_model1_crew1,9169,2000,118.71143126487732
1823,Harmonic Centrality,0.04798483848571777,vsp_bump2_e18_aa01_model1_crew1,9169,2000,118.71143126487732
1644,Harmonic Centrality,0.03569507598876953,vsp_bump2_e18_aa01_model1_crew1,9169,2000,118.71143126487732
1572,Harmonic Centrality,0.0686178207397461,vsp_bump2_e18_aa01_model1_crew1,9169,2000,118.71143126487732
1375,Harmonic Centrality,0.0678408145904541,vsp_bump2_e18_aa01_model1_crew1,9169,2000,118.71143126487732
1826,Harmonic Centrality,0.05631446838378906,vsp_bump2_e18_aa01_model1_crew1,9169,2000,118.71143126487732
1542,Harmonic Centrality,0.0402376651763916,vsp_bump2_e18_aa01_model1_crew1,9169,2000,118.71143126487732
1666,Harmonic Centrality,0.04510188102722168,vsp_bump2_e18_aa01_model1_crew1,9169,2000,118.71143126487732
1637,Harmonic Centrality,0.06413936614990234,vsp_bump2_e18_aa01_model1_crew1,9169,2000,118.71143126487732
1895,Harmonic Centrality,0.07414984703063965,vsp_bump2_e18_aa01_model1_crew1,9169,2000,118.71143126487732
1644,Harmonic Centrality,0.07209205627441406,vsp_bump2_e18_aa01_model1_crew1,9169,2000,118.71143126487732
1621,Harmonic Centrality,0.04092836380004883,vsp_bump2_e18_aa01_model1_crew1,9169,2000,118.71143126487732
1733,Harmonic Centrality,0.05131268501281738,vsp_bump2_e18_aa01_model1_crew1,9169,2000,118.71143126487732
1693,Harmonic Centrality,0.05847334861755371,vsp_bump2_e18_aa01_model1_crew1,9169,2000,118.71143126487732
1686,Harmonic Centrality,0.05246877670288086,vsp_bump2_e18_aa01_model1_crew1,9169,2000,118.71143126487732
1706,Harmonic Centrality,0.060297489166259766,vsp_bump2_e18_aa01_model1_crew1,9169,2000,118.71143126487732
1559,Harmonic Centrality,0.05792427062988281,vsp_bump2_e18_aa01_model1_crew1,9169,2000,118.71143126487732
1712,Harmonic Centrality,0.041239261627197266,vsp_bump2_e18_aa01_model1_crew1,9169,2000,118.71143126487732
1688,Harmonic Centrality,0.031406402587890625,vsp_bump2_e18_aa01_model1_crew1,9169,2000,118.71143126487732
1571,Harmonic Centrality,0.06752181053161621,vsp_bump2_e18_aa01_model1_crew1,9169,2000,118.71143126487732
1700,Harmonic Centrality,0.04909205436706543,vsp_bump2_e18_aa01_model1_crew1,9169,2000,118.71143126487732
1669,Harmonic Centrality,0.04092884063720703,vsp_bump2_e18_aa01_model1_crew1,9169,2000,118.71143126487732
1474,Harmonic Centrality,0.06037330627441406,vsp_bump2_e18_aa01_model1_crew1,9169,2000,118.71143126487732
1728,Harmonic Centrality,0.04075002670288086,vsp_bump2_e18_aa01_model1_crew1,9169,2000,118.71143126487732
1726,Degree,0.06657981872558594,vsp_bump2_e18_aa01_model1_crew1,9169,2000,118.71143126487732
1635,Degree,0.04917430877685547,vsp_bump2_e18_aa01_model1_crew1,9169,2000,118.71143126487732
1701,Degree,0.055158138275146484,vsp_bump2_e18_aa01_model1_crew1,9169,2000,118.71143126487732
1716,Degree,0.057613372802734375,vsp_bump2_e18_aa01_model1_crew1,9169,2000,118.71143126487732
1661,Degree,0.04975628852844238,vsp_bump2_e18_aa01_model1_crew1,9169,2000,118.71143126487732
1896,Degree,0.0500943660736084,vsp_bump2_e18_aa01_model1_crew1,9169,2000,118.71143126487732
1770,Degree,0.04135537147521973,vsp_bump2_e18_aa01_model1_crew1,9169,2000,118.71143126487732
1735,Degree,0.04735088348388672,vsp_bump2_e18_aa01_model1_crew1,9169,2000,118.71143126487732
1660,Degree,0.06200528144836426,vsp_bump2_e18_aa01_model1_crew1,9169,2000,118.71143126487732
1707,Degree,0.049668073654174805,vsp_bump2_e18_aa01_model1_crew1,9169,2000,118.71143126487732
1650,Degree,0.07281613349914551,vsp_bump2_e18_aa01_model1_crew1,9169,2000,118.71143126487732
1697,Degree,0.05982565879821777,vsp_bump2_e18_aa01_model1_crew1,9169,2000,118.71143126487732
1722,Degree,0.06549739837646484,vsp_bump2_e18_aa01_model1_crew1,9169,2000,118.71143126487732
1570,Degree,0.024303674697875977,vsp_bump2_e18_aa01_model1_crew1,9169,2000,118.71143126487732
1612,Degree,0.06530284881591797,vsp_bump2_e18_aa01_model1_crew1,9169,2000,118.71143126487732
1647,Eigenvector,0.06949186325073242,vsp_bump2_e18_aa01_model1_crew1,9169,2000,118.71143126487732
1622,Eigenvector,0.06870675086975098,vsp_bump2_e18_aa01_model1_crew1,9169,2000,118.71143126487732
1907,Eigenvector,0.07923030853271484,vsp_bump2_e18_aa01_model1_crew1,9169,2000,118.71143126487732
1694,Eigenvector,0.04474663734436035,vsp_bump2_e18_aa01_model1_crew1,9169,2000,118.71143126487732
1695,Eigenvector,0.049508094787597656,vsp_bump2_e18_aa01_model1_crew1,9169,2000,118.71143126487732
1701,Eigenvector,0.05409669876098633,vsp_bump2_e18_aa01_model1_crew1,9169,2000,118.71143126487732
1635,Eigenvector,0.04117155075073242,vsp_bump2_e18_aa01_model1_crew1,9169,2000,118.71143126487732
1742,Eigenvector,0.07331395149230957,vsp_bump2_e18_aa01_model1_crew1,9169,2000,118.71143126487732
1608,Eigenvector,0.05014443397521973,vsp_bump2_e18_aa01_model1_crew1,9169,2000,118.71143126487732
1741,Eigenvector,0.04110264778137207,vsp_bump2_e18_aa01_model1_crew1,9169,2000,118.71143126487732
1598,Eigenvector,0.054671525955200195,vsp_bump2_e18_aa01_model1_crew1,9169,2000,118.71143126487732
1667,Eigenvector,0.03881669044494629,vsp_bump2_e18_aa01_model1_crew1,9169,2000,118.71143126487732
1884,Eigenvector,0.053559064865112305,vsp_bump2_e18_aa01_model1_crew1,9169,2000,118.71143126487732
1629,Eigenvector,0.048426151275634766,vsp_bump2_e18_aa01_model1_crew1,9169,2000,118.71143126487732
1748,Eigenvector,0.06669092178344727,vsp_bump2_e18_aa01_model1_crew1,9169,2000,118.71143126487732
1459,Katz Centrality,0.05788826942443848,vsp_bump2_e18_aa01_model1_crew1,9169,2000,118.71143126487732
1676,Katz Centrality,0.06100797653198242,vsp_bump2_e18_aa01_model1_crew1,9169,2000,118.71143126487732
1731,Katz Centrality,0.038698673248291016,vsp_bump2_e18_aa01_model1_crew1,9169,2000,118.71143126487732
1697,Katz Centrality,0.04907560348510742,vsp_bump2_e18_aa01_model1_crew1,9169,2000,118.71143126487732
1687,Katz Centrality,0.07034707069396973,vsp_bump2_e18_aa01_model1_crew1,9169,2000,118.71143126487732
1686,Katz Centrality,0.04144406318664551,vsp_bump2_e18_aa01_model1_crew1,9169,2000,118.71143126487732
1659,Katz Centrality,0.06041908264160156,vsp_bump2_e18_aa01_model1_crew1,9169,2000,118.71143126487732
1707,Katz Centrality,0.04919838905334473,vsp_bump2_e18_aa01_model1_crew1,9169,2000,118.71143126487732
1740,Katz Centrality,0.04876351356506348,vsp_bump2_e18_aa01_model1_crew1,9169,2000,118.71143126487732
1702,Katz Centrality,0.048273563385009766,vsp_bump2_e18_aa01_model1_crew1,9169,2000,118.71143126487732
1732,Katz Centrality,0.0638277530670166,vsp_bump2_e18_aa01_model1_crew1,9169,2000,118.71143126487732
1694,Katz Centrality,0.036052703857421875,vsp_bump2_e18_aa01_model1_crew1,9169,2000,118.71143126487732
1617,Katz Centrality,0.0646662712097168,vsp_bump2_e18_aa01_model1_crew1,9169,2000,118.71143126487732
1701,Katz Centrality,0.06436300277709961,vsp_bump2_e18_aa01_model1_crew1,9169,2000,118.71143126487732
1684,Katz Centrality,0.04148435592651367,vsp_bump2_e18_aa01_model1_crew1,9169,2000,118.71143126487732
1723,Harmonic Centrality,0.05271148681640625,vsp_bump2_e18_aa01_model1_crew1,9169,2000,118.71143126487732
1740,Harmonic Centrality,0.041913747787475586,vsp_bump2_e18_aa01_model1_crew1,9169,2000,118.71143126487732
1894,Harmonic Centrality,0.04113507270812988,vsp_bump2_e18_aa01_model1_crew1,9169,2000,118.71143126487732
1717,Harmonic Centrality,0.05212855339050293,vsp_bump2_e18_aa01_model1_crew1,9169,2000,118.71143126487732
1605,Harmonic Centrality,0.06662464141845703,vsp_bump2_e18_aa01_model1_crew1,9169,2000,118.71143126487732
1711,Harmonic Centrality,0.06919384002685547,vsp_bump2_e18_aa01_model1_crew1,9169,2000,118.71143126487732
1702,Harmonic Centrality,0.09430336952209473,vsp_bump2_e18_aa01_model1_crew1,9169,2000,118.71143126487732
1902,Harmonic Centrality,0.03511166572570801,vsp_bump2_e18_aa01_model1_crew1,9169,2000,118.71143126487732
1723,Harmonic Centrality,0.042479515075683594,vsp_bump2_e18_aa01_model1_crew1,9169,2000,118.71143126487732
1599,Harmonic Centrality,0.04695725440979004,vsp_bump2_e18_aa01_model1_crew1,9169,2000,118.71143126487732
1720,Harmonic Centrality,0.042165517807006836,vsp_bump2_e18_aa01_model1_crew1,9169,2000,118.71143126487732
1645,Harmonic Centrality,0.0415804386138916,vsp_bump2_e18_aa01_model1_crew1,9169,2000,118.71143126487732
1686,Harmonic Centrality,0.033026933670043945,vsp_bump2_e18_aa01_model1_crew1,9169,2000,118.71143126487732
1874,Harmonic Centrality,0.050013065338134766,vsp_bump2_e18_aa01_model1_crew1,9169,2000,118.71143126487732
1897,Harmonic Centrality,0.04338192939758301,vsp_bump2_e18_aa01_model1_crew1,9169,2000,118.71143126487732
1671,Harmonic Centrality,0.07003116607666016,vsp_bump2_e18_aa01_model1_crew1,9169,2000,118.71143126487732
1602,Harmonic Centrality,0.09261631965637207,vsp_bump2_e18_aa01_model1_crew1,9169,2000,118.71143126487732
1658,Harmonic Centrality,0.06570577621459961,vsp_bump2_e18_aa01_model1_crew1,9169,2000,118.71143126487732
1664,Harmonic Centrality,0.05574941635131836,vsp_bump2_e18_aa01_model1_crew1,9169,2000,118.71143126487732
1549,Harmonic Centrality,0.06720519065856934,vsp_bump2_e18_aa01_model1_crew1,9169,2000,118.71143126487732
1647,Harmonic Centrality,0.048182010650634766,vsp_bump2_e18_aa01_model1_crew1,9169,2000,118.71143126487732
1732,Harmonic Centrality,0.0319056510925293,vsp_bump2_e18_aa01_model1_crew1,9169,2000,118.71143126487732
1676,Harmonic Centrality,0.04884052276611328,vsp_bump2_e18_aa01_model1_crew1,9169,2000,118.71143126487732
1692,Harmonic Centrality,0.055483341217041016,vsp_bump2_e18_aa01_model1_crew1,9169,2000,118.71143126487732
1621,Harmonic Centrality,0.04039192199707031,vsp_bump2_e18_aa01_model1_crew1,9169,2000,118.71143126487732
1707,Harmonic Centrality,0.04008841514587402,vsp_bump2_e18_aa01_model1_crew1,9169,2000,118.71143126487732
1757,Harmonic Centrality,0.04030656814575195,vsp_bump2_e18_aa01_model1_crew1,9169,2000,118.71143126487732
1699,Harmonic Centrality,0.040773630142211914,vsp_bump2_e18_aa01_model1_crew1,9169,2000,118.71143126487732
1627,Harmonic Centrality,0.07224631309509277,vsp_bump2_e18_aa01_model1_crew1,9169,2000,118.71143126487732
1887,Harmonic Centrality,0.06449198722839355,vsp_bump2_e18_aa01_model1_crew1,9169,2000,118.71143126487732
1739,Betweenness,0.06553483009338379,vsp_bump2_e18_aa01_model1_crew1,9169,2000,118.71143126487732
1662,Betweenness,0.0410459041595459,vsp_bump2_e18_aa01_model1_crew1,9169,2000,118.71143126487732
1732,Betweenness,0.04091668128967285,vsp_bump2_e18_aa01_model1_crew1,9169,2000,118.71143126487732
1737,Betweenness,0.05121612548828125,vsp_bump2_e18_aa01_model1_crew1,9169,2000,118.71143126487732
1347,Betweenness,0.03294181823730469,vsp_bump2_e18_aa01_model1_crew1,9169,2000,118.71143126487732
1562,Betweenness,0.029890775680541992,vsp_bump2_e18_aa01_model1_crew1,9169,2000,118.71143126487732
1713,Betweenness,0.053525686264038086,vsp_bump2_e18_aa01_model1_crew1,9169,2000,118.71143126487732
1711,Betweenness,0.05213475227355957,vsp_bump2_e18_aa01_model1_crew1,9169,2000,118.71143126487732
1733,Betweenness,0.04943966865539551,vsp_bump2_e18_aa01_model1_crew1,9169,2000,118.71143126487732
1679,Betweenness,0.055551767349243164,vsp_bump2_e18_aa01_model1_crew1,9169,2000,118.71143126487732
1588,Betweenness,0.056385040283203125,vsp_bump2_e18_aa01_model1_crew1,9169,2000,118.71143126487732
1761,Betweenness,0.04821205139160156,vsp_bump2_e18_aa01_model1_crew1,9169,2000,118.71143126487732
1641,Betweenness,0.057904958724975586,vsp_bump2_e18_aa01_model1_crew1,9169,2000,118.71143126487732
1420,Betweenness,0.042845726013183594,vsp_bump2_e18_aa01_model1_crew1,9169,2000,118.71143126487732
1719,Betweenness,0.04344964027404785,vsp_bump2_e18_aa01_model1_crew1,9169,2000,118.71143126487732
1687,Eigenvector,0.0489959716796875,vsp_bump2_e18_aa01_model1_crew1,9169,2000,118.71143126487732
1613,Eigenvector,0.050580501556396484,vsp_bump2_e18_aa01_model1_crew1,9169,2000,118.71143126487732
1675,Eigenvector,0.06531596183776855,vsp_bump2_e18_aa01_model1_crew1,9169,2000,118.71143126487732
1734,Eigenvector,0.05720853805541992,vsp_bump2_e18_aa01_model1_crew1,9169,2000,118.71143126487732
1737,Eigenvector,0.03959250450134277,vsp_bump2_e18_aa01_model1_crew1,9169,2000,118.71143126487732
1650,Eigenvector,0.044355154037475586,vsp_bump2_e18_aa01_model1_crew1,9169,2000,118.71143126487732
1698,Eigenvector,0.05685234069824219,vsp_bump2_e18_aa01_model1_crew1,9169,2000,118.71143126487732
1697,Eigenvector,0.038691043853759766,vsp_bump2_e18_aa01_model1_crew1,9169,2000,118.71143126487732
1687,Eigenvector,0.041388750076293945,vsp_bump2_e18_aa01_model1_crew1,9169,2000,118.71143126487732
1672,Eigenvector,0.042223453521728516,vsp_bump2_e18_aa01_model1_crew1,9169,2000,118.71143126487732
1508,Eigenvector,0.05348801612854004,vsp_bump2_e18_aa01_model1_crew1,9169,2000,118.71143126487732
1721,Eigenvector,0.04486894607543945,vsp_bump2_e18_aa01_model1_crew1,9169,2000,118.71143126487732
1567,Eigenvector,0.04761648178100586,vsp_bump2_e18_aa01_model1_crew1,9169,2000,118.71143126487732
1630,Eigenvector,0.0537567138671875,vsp_bump2_e18_aa01_model1_crew1,9169,2000,118.71143126487732
1631,Eigenvector,0.05976676940917969,vsp_bump2_e18_aa01_model1_crew1,9169,2000,118.71143126487732
1713,PageRank,0.06660842895507812,vsp_bump2_e18_aa01_model1_crew1,9169,2000,118.71143126487732
1638,PageRank,0.05858898162841797,vsp_bump2_e18_aa01_model1_crew1,9169,2000,118.71143126487732
1629,PageRank,0.024096250534057617,vsp_bump2_e18_aa01_model1_crew1,9169,2000,118.71143126487732
1748,PageRank,0.058248281478881836,vsp_bump2_e18_aa01_model1_crew1,9169,2000,118.71143126487732
1476,PageRank,0.10119867324829102,vsp_bump2_e18_aa01_model1_crew1,9169,2000,118.71143126487732
1534,PageRank,0.04779982566833496,vsp_bump2_e18_aa01_model1_crew1,9169,2000,118.71143126487732
1736,PageRank,0.040487051010131836,vsp_bump2_e18_aa01_model1_crew1,9169,2000,118.71143126487732
1688,PageRank,0.04241800308227539,vsp_bump2_e18_aa01_model1_crew1,9169,2000,118.71143126487732
1708,PageRank,0.06322765350341797,vsp_bump2_e18_aa01_model1_crew1,9169,2000,118.71143126487732
1741,PageRank,0.0689549446105957,vsp_bump2_e18_aa01_model1_crew1,9169,2000,118.71143126487732
1677,PageRank,0.06724262237548828,vsp_bump2_e18_aa01_model1_crew1,9169,2000,118.71143126487732
1733,PageRank,0.06904411315917969,vsp_bump2_e18_aa01_model1_crew1,9169,2000,118.71143126487732
1630,PageRank,0.0684652328491211,vsp_bump2_e18_aa01_model1_crew1,9169,2000,118.71143126487732
1635,PageRank,0.05986523628234863,vsp_bump2_e18_aa01_model1_crew1,9169,2000,118.71143126487732
1747,PageRank,0.052861928939819336,vsp_bump2_e18_aa01_model1_crew1,9169,2000,118.71143126487732
1900,PageRank,0.06535506248474121,vsp_bump2_e18_aa01_model1_crew1,9169,2000,118.71143126487732
1740,PageRank,0.03948664665222168,vsp_bump2_e18_aa01_model1_crew1,9169,2000,118.71143126487732
1730,PageRank,0.03330063819885254,vsp_bump2_e18_aa01_model1_crew1,9169,2000,118.71143126487732
1652,PageRank,0.06666922569274902,vsp_bump2_e18_aa01_model1_crew1,9169,2000,118.71143126487732
1514,PageRank,0.06760430335998535,vsp_bump2_e18_aa01_model1_crew1,9169,2000,118.71143126487732
1740,PageRank,0.06029248237609863,vsp_bump2_e18_aa01_model1_crew1,9169,2000,118.71143126487732
1664,PageRank,0.05709075927734375,vsp_bump2_e18_aa01_model1_crew1,9169,2000,118.71143126487732
1718,PageRank,0.03800463676452637,vsp_bump2_e18_aa01_model1_crew1,9169,2000,118.71143126487732
1697,PageRank,0.05722451210021973,vsp_bump2_e18_aa01_model1_crew1,9169,2000,118.71143126487732
1598,PageRank,0.056444406509399414,vsp_bump2_e18_aa01_model1_crew1,9169,2000,118.71143126487732
1727,PageRank,0.041838645935058594,vsp_bump2_e18_aa01_model1_crew1,9169,2000,118.71143126487732
1674,PageRank,0.039768218994140625,vsp_bump2_e18_aa01_model1_crew1,9169,2000,118.71143126487732
1706,PageRank,0.05474114418029785,vsp_bump2_e18_aa01_model1_crew1,9169,2000,118.71143126487732
1863,PageRank,0.039444684982299805,vsp_bump2_e18_aa01_model1_crew1,9169,2000,118.71143126487732
1569,PageRank,0.04968833923339844,vsp_bump2_e18_aa01_model1_crew1,9169,2000,118.71143126487732
1687,Katz Centrality,0.05596733093261719,vsp_bump2_e18_aa01_model1_crew1,9169,2000,118.71143126487732
1717,Katz Centrality,0.07476401329040527,vsp_bump2_e18_aa01_model1_crew1,9169,2000,118.71143126487732
1487,Katz Centrality,0.07332086563110352,vsp_bump2_e18_aa01_model1_crew1,9169,2000,118.71143126487732
1703,Katz Centrality,0.07020831108093262,vsp_bump2_e18_aa01_model1_crew1,9169,2000,118.71143126487732
1681,Katz Centrality,0.05732107162475586,vsp_bump2_e18_aa01_model1_crew1,9169,2000,118.71143126487732
1664,Katz Centrality,0.06527352333068848,vsp_bump2_e18_aa01_model1_crew1,9169,2000,118.71143126487732
1540,Katz Centrality,0.0607450008392334,vsp_bump2_e18_aa01_model1_crew1,9169,2000,118.71143126487732
1624,Katz Centrality,0.06679582595825195,vsp_bump2_e18_aa01_model1_crew1,9169,2000,118.71143126487732
1722,Katz Centrality,0.06659603118896484,vsp_bump2_e18_aa01_model1_crew1,9169,2000,118.71143126487732
1749,Katz Centrality,0.050018310546875,vsp_bump2_e18_aa01_model1_crew1,9169,2000,118.71143126487732
1689,Katz Centrality,0.05255579948425293,vsp_bump2_e18_aa01_model1_crew1,9169,2000,118.71143126487732
1686,Katz Centrality,0.042836666107177734,vsp_bump2_e18_aa01_model1_crew1,9169,2000,118.71143126487732
1580,Katz Centrality,0.06645774841308594,vsp_bump2_e18_aa01_model1_crew1,9169,2000,118.71143126487732
1705,Katz Centrality,0.027039051055908203,vsp_bump2_e18_aa01_model1_crew1,9169,2000,118.71143126487732
1618,Katz Centrality,0.04836392402648926,vsp_bump2_e18_aa01_model1_crew1,9169,2000,118.71143126487732
1668,Eigenvector,0.05874967575073242,vsp_bump2_e18_aa01_model1_crew1,9169,2000,118.71143126487732
1625,Eigenvector,0.04836297035217285,vsp_bump2_e18_aa01_model1_crew1,9169,2000,118.71143126487732
1722,Eigenvector,0.07270574569702148,vsp_bump2_e18_aa01_model1_crew1,9169,2000,118.71143126487732
1739,Eigenvector,0.060907602310180664,vsp_bump2_e18_aa01_model1_crew1,9169,2000,118.71143126487732
1621,Eigenvector,0.0739591121673584,vsp_bump2_e18_aa01_model1_crew1,9169,2000,118.71143126487732
1701,Eigenvector,0.04069709777832031,vsp_bump2_e18_aa01_model1_crew1,9169,2000,118.71143126487732
1723,Eigenvector,0.04666590690612793,vsp_bump2_e18_aa01_model1_crew1,9169,2000,118.71143126487732
1528,Eigenvector,0.04935598373413086,vsp_bump2_e18_aa01_model1_crew1,9169,2000,118.71143126487732
1699,Eigenvector,0.0787355899810791,vsp_bump2_e18_aa01_model1_crew1,9169,2000,118.71143126487732
1695,Eigenvector,0.06505966186523438,vsp_bump2_e18_aa01_model1_crew1,9169,2000,118.71143126487732
1540,Eigenvector,0.0653235912322998,vsp_bump2_e18_aa01_model1_crew1,9169,2000,118.71143126487732
1710,Eigenvector,0.04392719268798828,vsp_bump2_e18_aa01_model1_crew1,9169,2000,118.71143126487732
1638,Eigenvector,0.04912304878234863,vsp_bump2_e18_aa01_model1_crew1,9169,2000,118.71143126487732
1713,Eigenvector,0.04739642143249512,vsp_bump2_e18_aa01_model1_crew1,9169,2000,118.71143126487732
1682,Eigenvector,0.047855377197265625,vsp_bump2_e18_aa01_model1_crew1,9169,2000,118.71143126487732
1892,Harmonic Centrality,0.12183332443237305,vsp_c-30_data_data,9852,2000,69.24379014968872
1257,Harmonic Centrality,0.03639507293701172,vsp_c-30_data_data,9852,2000,69.24379014968872
1894,Harmonic Centrality,0.03170299530029297,vsp_c-30_data_data,9852,2000,69.24379014968872
1259,Harmonic Centrality,0.02564835548400879,vsp_c-30_data_data,9852,2000,69.24379014968872
1758,Harmonic Centrality,0.027988672256469727,vsp_c-30_data_data,9852,2000,69.24379014968872
1758,Harmonic Centrality,0.05305600166320801,vsp_c-30_data_data,9852,2000,69.24379014968872
1892,Harmonic Centrality,0.03182792663574219,vsp_c-30_data_data,9852,2000,69.24379014968872
1888,Harmonic Centrality,0.032222747802734375,vsp_c-30_data_data,9852,2000,69.24379014968872
1892,Harmonic Centrality,0.03213310241699219,vsp_c-30_data_data,9852,2000,69.24379014968872
1892,Harmonic Centrality,0.02944326400756836,vsp_c-30_data_data,9852,2000,69.24379014968872
1757,Harmonic Centrality,0.025279998779296875,vsp_c-30_data_data,9852,2000,69.24379014968872
1892,Harmonic Centrality,0.03287696838378906,vsp_c-30_data_data,9852,2000,69.24379014968872
1897,Harmonic Centrality,0.0306243896484375,vsp_c-30_data_data,9852,2000,69.24379014968872
1757,Harmonic Centrality,0.024929285049438477,vsp_c-30_data_data,9852,2000,69.24379014968872
1758,Harmonic Centrality,0.03481578826904297,vsp_c-30_data_data,9852,2000,69.24379014968872
1764,Harmonic Centrality,0.05243039131164551,vsp_c-30_data_data,9852,2000,69.24379014968872
1888,Harmonic Centrality,0.5163826942443848,vsp_c-30_data_data,9852,2000,69.24379014968872
1892,Harmonic Centrality,0.031604766845703125,vsp_c-30_data_data,9852,2000,69.24379014968872
1892,Harmonic Centrality,0.03497672080993652,vsp_c-30_data_data,9852,2000,69.24379014968872
1757,Harmonic Centrality,0.0302889347076416,vsp_c-30_data_data,9852,2000,69.24379014968872
1892,Harmonic Centrality,0.02327108383178711,vsp_c-30_data_data,9852,2000,69.24379014968872
1888,Harmonic Centrality,0.025539636611938477,vsp_c-30_data_data,9852,2000,69.24379014968872
1768,Harmonic Centrality,0.03161787986755371,vsp_c-30_data_data,9852,2000,69.24379014968872
1250,Harmonic Centrality,0.019338607788085938,vsp_c-30_data_data,9852,2000,69.24379014968872
1892,Harmonic Centrality,0.031844139099121094,vsp_c-30_data_data,9852,2000,69.24379014968872
1892,Harmonic Centrality,0.025274991989135742,vsp_c-30_data_data,9852,2000,69.24379014968872
1891,Harmonic Centrality,0.021062135696411133,vsp_c-30_data_data,9852,2000,69.24379014968872
1767,Harmonic Centrality,0.023570775985717773,vsp_c-30_data_data,9852,2000,69.24379014968872
1892,Harmonic Centrality,0.01151728630065918,vsp_c-30_data_data,9852,2000,69.24379014968872
1757,Harmonic Centrality,0.031974077224731445,vsp_c-30_data_data,9852,2000,69.24379014968872
1758,PageRank,0.026139020919799805,vsp_c-30_data_data,9852,2000,69.24379014968872
1892,PageRank,0.02479720115661621,vsp_c-30_data_data,9852,2000,69.24379014968872
1757,PageRank,0.02753472328186035,vsp_c-30_data_data,9852,2000,69.24379014968872
1870,PageRank,0.2706325054168701,vsp_c-30_data_data,9852,2000,69.24379014968872
1893,PageRank,0.03314042091369629,vsp_c-30_data_data,9852,2000,69.24379014968872
1758,PageRank,0.03336906433105469,vsp_c-30_data_data,9852,2000,69.24379014968872
1757,PageRank,0.028356075286865234,vsp_c-30_data_data,9852,2000,69.24379014968872
1757,PageRank,0.04067564010620117,vsp_c-30_data_data,9852,2000,69.24379014968872
1892,PageRank,0.02386307716369629,vsp_c-30_data_data,9852,2000,69.24379014968872
1835,PageRank,0.041913509368896484,vsp_c-30_data_data,9852,2000,69.24379014968872
1892,PageRank,0.020155906677246094,vsp_c-30_data_data,9852,2000,69.24379014968872
1831,PageRank,0.0295562744140625,vsp_c-30_data_data,9852,2000,69.24379014968872
1892,PageRank,0.020456790924072266,vsp_c-30_data_data,9852,2000,69.24379014968872
1892,PageRank,0.026430606842041016,vsp_c-30_data_data,9852,2000,69.24379014968872
1892,PageRank,0.01669454574584961,vsp_c-30_data_data,9852,2000,69.24379014968872
1899,Closeness,0.02859950065612793,vsp_c-30_data_data,9852,2000,69.24379014968872
1892,Closeness,0.024549484252929688,vsp_c-30_data_data,9852,2000,69.24379014968872
1758,Closeness,0.0363004207611084,vsp_c-30_data_data,9852,2000,69.24379014968872
1758,Closeness,0.05424785614013672,vsp_c-30_data_data,9852,2000,69.24379014968872
1769,Closeness,0.04029083251953125,vsp_c-30_data_data,9852,2000,69.24379014968872
1892,Closeness,0.03939652442932129,vsp_c-30_data_data,9852,2000,69.24379014968872
1757,Closeness,0.0419003963470459,vsp_c-30_data_data,9852,2000,69.24379014968872
1846,Closeness,0.030454158782958984,vsp_c-30_data_data,9852,2000,69.24379014968872
1891,Closeness,0.03480100631713867,vsp_c-30_data_data,9852,2000,69.24379014968872
1892,Closeness,0.018618106842041016,vsp_c-30_data_data,9852,2000,69.24379014968872
1892,Closeness,0.01600050926208496,vsp_c-30_data_data,9852,2000,69.24379014968872
1758,Closeness,0.04102730751037598,vsp_c-30_data_data,9852,2000,69.24379014968872
1888,Closeness,0.033727407455444336,vsp_c-30_data_data,9852,2000,69.24379014968872
1758,Closeness,0.027840852737426758,vsp_c-30_data_data,9852,2000,69.24379014968872
1888,Closeness,0.018482208251953125,vsp_c-30_data_data,9852,2000,69.24379014968872
1892,Betweenness,0.036333322525024414,vsp_c-30_data_data,9852,2000,69.24379014968872
1757,Betweenness,0.03213953971862793,vsp_c-30_data_data,9852,2000,69.24379014968872
1757,Betweenness,0.03124403953552246,vsp_c-30_data_data,9852,2000,69.24379014968872
1757,Betweenness,0.01870441436767578,vsp_c-30_data_data,9852,2000,69.24379014968872
1934,Betweenness,0.0310060977935791,vsp_c-30_data_data,9852,2000,69.24379014968872
1757,Betweenness,0.03904128074645996,vsp_c-30_data_data,9852,2000,69.24379014968872
1253,Betweenness,0.03501129150390625,vsp_c-30_data_data,9852,2000,69.24379014968872
1892,Betweenness,0.018617868423461914,vsp_c-30_data_data,9852,2000,69.24379014968872
1892,Betweenness,0.0384981632232666,vsp_c-30_data_data,9852,2000,69.24379014968872
1758,Betweenness,0.03267526626586914,vsp_c-30_data_data,9852,2000,69.24379014968872
1888,Betweenness,0.03300642967224121,vsp_c-30_data_data,9852,2000,69.24379014968872
1892,Betweenness,0.03290057182312012,vsp_c-30_data_data,9852,2000,69.24379014968872
1757,Betweenness,0.024142980575561523,vsp_c-30_data_data,9852,2000,69.24379014968872
1757,Betweenness,0.023827075958251953,vsp_c-30_data_data,9852,2000,69.24379014968872
1758,Betweenness,0.024090290069580078,vsp_c-30_data_data,9852,2000,69.24379014968872
1892,Katz Centrality,0.031435251235961914,vsp_c-30_data_data,9852,2000,69.24379014968872
1892,Katz Centrality,0.028435707092285156,vsp_c-30_data_data,9852,2000,69.24379014968872
1757,Katz Centrality,0.03225231170654297,vsp_c-30_data_data,9852,2000,69.24379014968872
1892,Katz Centrality,0.032842159271240234,vsp_c-30_data_data,9852,2000,69.24379014968872
1892,Katz Centrality,0.03637099266052246,vsp_c-30_data_data,9852,2000,69.24379014968872
1892,Katz Centrality,0.029044628143310547,vsp_c-30_data_data,9852,2000,69.24379014968872
1892,Katz Centrality,0.040663719177246094,vsp_c-30_data_data,9852,2000,69.24379014968872
1757,Katz Centrality,0.026963472366333008,vsp_c-30_data_data,9852,2000,69.24379014968872
1757,Katz Centrality,0.048772335052490234,vsp_c-30_data_data,9852,2000,69.24379014968872
1619,Katz Centrality,0.04239296913146973,vsp_c-30_data_data,9852,2000,69.24379014968872
1757,Katz Centrality,0.024216651916503906,vsp_c-30_data_data,9852,2000,69.24379014968872
1892,Katz Centrality,0.03766989707946777,vsp_c-30_data_data,9852,2000,69.24379014968872
1892,Katz Centrality,0.02749466896057129,vsp_c-30_data_data,9852,2000,69.24379014968872
1891,Katz Centrality,0.029521703720092773,vsp_c-30_data_data,9852,2000,69.24379014968872
1757,Katz Centrality,0.0367891788482666,vsp_c-30_data_data,9852,2000,69.24379014968872
1933,Betweenness,0.02851414680480957,vsp_c-30_data_data,9852,2000,69.24379014968872
1758,Betweenness,0.025794506072998047,vsp_c-30_data_data,9852,2000,69.24379014968872
1892,Betweenness,0.07288026809692383,vsp_c-30_data_data,9852,2000,69.24379014968872
1892,Betweenness,0.036934852600097656,vsp_c-30_data_data,9852,2000,69.24379014968872
1935,Betweenness,0.03291130065917969,vsp_c-30_data_data,9852,2000,69.24379014968872
1934,Betweenness,0.3102576732635498,vsp_c-30_data_data,9852,2000,69.24379014968872
1795,Betweenness,0.0333247184753418,vsp_c-30_data_data,9852,2000,69.24379014968872
1757,Betweenness,0.0480647087097168,vsp_c-30_data_data,9852,2000,69.24379014968872
1908,Betweenness,0.040008544921875,vsp_c-30_data_data,9852,2000,69.24379014968872
1894,Betweenness,0.0364840030670166,vsp_c-30_data_data,9852,2000,69.24379014968872
1757,Betweenness,0.024147510528564453,vsp_c-30_data_data,9852,2000,69.24379014968872
1765,Betweenness,0.0415349006652832,vsp_c-30_data_data,9852,2000,69.24379014968872
1895,Betweenness,0.04239630699157715,vsp_c-30_data_data,9852,2000,69.24379014968872
1906,Betweenness,0.05624794960021973,vsp_c-30_data_data,9852,2000,69.24379014968872
1892,Betweenness,0.05004262924194336,vsp_c-30_data_data,9852,2000,69.24379014968872
1892,Closeness,0.05136919021606445,vsp_c-30_data_data,9852,2000,69.24379014968872
1892,Closeness,0.32193613052368164,vsp_c-30_data_data,9852,2000,69.24379014968872
1757,Closeness,0.03972506523132324,vsp_c-30_data_data,9852,2000,69.24379014968872
1892,Closeness,0.04212832450866699,vsp_c-30_data_data,9852,2000,69.24379014968872
1892,Closeness,0.02791738510131836,vsp_c-30_data_data,9852,2000,69.24379014968872
1931,Closeness,0.024327754974365234,vsp_c-30_data_data,9852,2000,69.24379014968872
1892,Closeness,0.024763107299804688,vsp_c-30_data_data,9852,2000,69.24379014968872
1900,Closeness,0.03983759880065918,vsp_c-30_data_data,9852,2000,69.24379014968872
1892,Closeness,0.04692339897155762,vsp_c-30_data_data,9852,2000,69.24379014968872
1892,Closeness,0.044774532318115234,vsp_c-30_data_data,9852,2000,69.24379014968872
1889,Closeness,0.016163110733032227,vsp_c-30_data_data,9852,2000,69.24379014968872
1892,Closeness,0.034742116928100586,vsp_c-30_data_data,9852,2000,69.24379014968872
1892,Closeness,0.03482198715209961,vsp_c-30_data_data,9852,2000,69.24379014968872
1888,Closeness,0.03157997131347656,vsp_c-30_data_data,9852,2000,69.24379014968872
1892,Closeness,0.025276899337768555,vsp_c-30_data_data,9852,2000,69.24379014968872
1758,Eigenvector,0.04784893989562988,vsp_c-30_data_data,9852,2000,69.24379014968872
1251,Eigenvector,0.036676645278930664,vsp_c-30_data_data,9852,2000,69.24379014968872
1892,Eigenvector,0.4168078899383545,vsp_c-30_data_data,9852,2000,69.24379014968872
1934,Eigenvector,0.05419182777404785,vsp_c-30_data_data,9852,2000,69.24379014968872
1758,Eigenvector,0.048790693283081055,vsp_c-30_data_data,9852,2000,69.24379014968872
1892,Eigenvector,0.02379631996154785,vsp_c-30_data_data,9852,2000,69.24379014968872
1888,Eigenvector,0.03143453598022461,vsp_c-30_data_data,9852,2000,69.24379014968872
1758,Eigenvector,0.024944543838500977,vsp_c-30_data_data,9852,2000,69.24379014968872
1850,Eigenvector,0.015672683715820312,vsp_c-30_data_data,9852,2000,69.24379014968872
1764,Eigenvector,0.024255037307739258,vsp_c-30_data_data,9852,2000,69.24379014968872
1935,Eigenvector,0.024364233016967773,vsp_c-30_data_data,9852,2000,69.24379014968872
1893,Eigenvector,0.04114699363708496,vsp_c-30_data_data,9852,2000,69.24379014968872
1892,Eigenvector,0.03229236602783203,vsp_c-30_data_data,9852,2000,69.24379014968872
1252,Eigenvector,0.023514747619628906,vsp_c-30_data_data,9852,2000,69.24379014968872
1757,Eigenvector,0.0423276424407959,vsp_c-30_data_data,9852,2000,69.24379014968872
1252,Katz Centrality,0.05795025825500488,vsp_c-30_data_data,9852,2000,69.24379014968872
1892,Katz Centrality,0.032434940338134766,vsp_c-30_data_data,9852,2000,69.24379014968872
1892,Katz Centrality,0.03262662887573242,vsp_c-30_data_data,9852,2000,69.24379014968872
1892,Katz Centrality,0.027606964111328125,vsp_c-30_data_data,9852,2000,69.24379014968872
1758,Katz Centrality,0.39318108558654785,vsp_c-30_data_data,9852,2000,69.24379014968872
1892,Katz Centrality,0.05534195899963379,vsp_c-30_data_data,9852,2000,69.24379014968872
1757,Katz Centrality,0.04189944267272949,vsp_c-30_data_data,9852,2000,69.24379014968872
1859,Katz Centrality,0.032985687255859375,vsp_c-30_data_data,9852,2000,69.24379014968872
1892,Katz Centrality,0.03249955177307129,vsp_c-30_data_data,9852,2000,69.24379014968872
1757,Katz Centrality,0.0409693717956543,vsp_c-30_data_data,9852,2000,69.24379014968872
1892,Katz Centrality,0.026666641235351562,vsp_c-30_data_data,9852,2000,69.24379014968872
1892,Katz Centrality,0.031429290771484375,vsp_c-30_data_data,9852,2000,69.24379014968872
1758,Katz Centrality,0.0254061222076416,vsp_c-30_data_data,9852,2000,69.24379014968872
1758,Katz Centrality,0.035256147384643555,vsp_c-30_data_data,9852,2000,69.24379014968872
1892,Katz Centrality,0.02842092514038086,vsp_c-30_data_data,9852,2000,69.24379014968872
1892,Closeness,0.03773140907287598,vsp_c-30_data_data,9852,2000,69.24379014968872
1892,Closeness,0.030217647552490234,vsp_c-30_data_data,9852,2000,69.24379014968872
1763,Closeness,0.030396699905395508,vsp_c-30_data_data,9852,2000,69.24379014968872
1892,Closeness,0.03163313865661621,vsp_c-30_data_data,9852,2000,69.24379014968872
1757,Closeness,0.03007793426513672,vsp_c-30_data_data,9852,2000,69.24379014968872
1892,Closeness,0.016813993453979492,vsp_c-30_data_data,9852,2000,69.24379014968872
1758,Closeness,0.0295255184173584,vsp_c-30_data_data,9852,2000,69.24379014968872
1892,Closeness,0.04106950759887695,vsp_c-30_data_data,9852,2000,69.24379014968872
1892,Closeness,0.039716243743896484,vsp_c-30_data_data,9852,2000,69.24379014968872
1758,Closeness,0.024985790252685547,vsp_c-30_data_data,9852,2000,69.24379014968872
1892,Closeness,0.02415633201599121,vsp_c-30_data_data,9852,2000,69.24379014968872
1892,Closeness,0.01630091667175293,vsp_c-30_data_data,9852,2000,69.24379014968872
1758,Closeness,0.02456951141357422,vsp_c-30_data_data,9852,2000,69.24379014968872
1796,Closeness,0.05031085014343262,vsp_c-30_data_data,9852,2000,69.24379014968872
1757,Closeness,0.04658365249633789,vsp_c-30_data_data,9852,2000,69.24379014968872
1757,Degree,0.05921053886413574,vsp_c-30_data_data,9852,2000,69.24379014968872
1757,Degree,0.03333544731140137,vsp_c-30_data_data,9852,2000,69.24379014968872
1892,Degree,0.016623258590698242,vsp_c-30_data_data,9852,2000,69.24379014968872
1758,Degree,0.016735076904296875,vsp_c-30_data_data,9852,2000,69.24379014968872
1936,Degree,0.04062652587890625,vsp_c-30_data_data,9852,2000,69.24379014968872
1757,Degree,0.024086713790893555,vsp_c-30_data_data,9852,2000,69.24379014968872
1892,Degree,0.025124311447143555,vsp_c-30_data_data,9852,2000,69.24379014968872
1892,Degree,0.03418135643005371,vsp_c-30_data_data,9852,2000,69.24379014968872
1892,Degree,0.03919506072998047,vsp_c-30_data_data,9852,2000,69.24379014968872
1892,Degree,0.03201746940612793,vsp_c-30_data_data,9852,2000,69.24379014968872
1892,Degree,0.03152608871459961,vsp_c-30_data_data,9852,2000,69.24379014968872
1818,Degree,0.02837228775024414,vsp_c-30_data_data,9852,2000,69.24379014968872
1892,Degree,0.03343677520751953,vsp_c-30_data_data,9852,2000,69.24379014968872
1892,Degree,0.027924776077270508,vsp_c-30_data_data,9852,2000,69.24379014968872
1892,Degree,0.02386331558227539,vsp_c-30_data_data,9852,2000,69.24379014968872
1892,Katz Centrality,0.04171299934387207,vsp_c-30_data_data,9852,2000,69.24379014968872
1892,Katz Centrality,0.03262472152709961,vsp_c-30_data_data,9852,2000,69.24379014968872
1757,Katz Centrality,0.03282785415649414,vsp_c-30_data_data,9852,2000,69.24379014968872
1893,Katz Centrality,0.03597402572631836,vsp_c-30_data_data,9852,2000,69.24379014968872
1892,Katz Centrality,0.031080007553100586,vsp_c-30_data_data,9852,2000,69.24379014968872
1892,Katz Centrality,0.05072617530822754,vsp_c-30_data_data,9852,2000,69.24379014968872
1892,Katz Centrality,0.03367304801940918,vsp_c-30_data_data,9852,2000,69.24379014968872
1892,Katz Centrality,0.024010896682739258,vsp_c-30_data_data,9852,2000,69.24379014968872
1758,Katz Centrality,0.02428722381591797,vsp_c-30_data_data,9852,2000,69.24379014968872
1892,Katz Centrality,0.03634333610534668,vsp_c-30_data_data,9852,2000,69.24379014968872
1892,Katz Centrality,0.022947072982788086,vsp_c-30_data_data,9852,2000,69.24379014968872
1758,Katz Centrality,0.02476978302001953,vsp_c-30_data_data,9852,2000,69.24379014968872
1892,Katz Centrality,0.014676094055175781,vsp_c-30_data_data,9852,2000,69.24379014968872
1757,Katz Centrality,0.033313751220703125,vsp_c-30_data_data,9852,2000,69.24379014968872
1757,Katz Centrality,0.024310827255249023,vsp_c-30_data_data,9852,2000,69.24379014968872
1888,Harmonic Centrality,0.04106497764587402,vsp_c-30_data_data,9852,2000,69.24379014968872
1892,Harmonic Centrality,0.020587444305419922,vsp_c-30_data_data,9852,2000,69.24379014968872
1892,Harmonic Centrality,0.03489947319030762,vsp_c-30_data_data,9852,2000,69.24379014968872
1765,Harmonic Centrality,0.024308204650878906,vsp_c-30_data_data,9852,2000,69.24379014968872
1758,Harmonic Centrality,0.022436857223510742,vsp_c-30_data_data,9852,2000,69.24379014968872
1252,Harmonic Centrality,0.05438375473022461,vsp_c-30_data_data,9852,2000,69.24379014968872
1892,Harmonic Centrality,0.03285670280456543,vsp_c-30_data_data,9852,2000,69.24379014968872
1757,Harmonic Centrality,0.025149822235107422,vsp_c-30_data_data,9852,2000,69.24379014968872
1757,Harmonic Centrality,0.05944061279296875,vsp_c-30_data_data,9852,2000,69.24379014968872
1902,Harmonic Centrality,0.03572392463684082,vsp_c-30_data_data,9852,2000,69.24379014968872
1757,Harmonic Centrality,0.04213523864746094,vsp_c-30_data_data,9852,2000,69.24379014968872
1252,Harmonic Centrality,0.04830622673034668,vsp_c-30_data_data,9852,2000,69.24379014968872
1892,Harmonic Centrality,0.04109668731689453,vsp_c-30_data_data,9852,2000,69.24379014968872
1892,Harmonic Centrality,0.038101911544799805,vsp_c-30_data_data,9852,2000,69.24379014968872
1892,Harmonic Centrality,0.40936279296875,vsp_c-30_data_data,9852,2000,69.24379014968872
1945,Closeness,0.048750877380371094,vsp_c-30_data_data,9852,2000,69.24379014968872
1758,Closeness,0.03902626037597656,vsp_c-30_data_data,9852,2000,69.24379014968872
1892,Closeness,0.024086475372314453,vsp_c-30_data_data,9852,2000,69.24379014968872
1936,Closeness,0.02425384521484375,vsp_c-30_data_data,9852,2000,69.24379014968872
1892,Closeness,0.04484224319458008,vsp_c-30_data_data,9852,2000,69.24379014968872
1889,Closeness,0.03905177116394043,vsp_c-30_data_data,9852,2000,69.24379014968872
1757,Closeness,0.036865234375,vsp_c-30_data_data,9852,2000,69.24379014968872
1758,Closeness,0.04156780242919922,vsp_c-30_data_data,9852,2000,69.24379014968872
1892,Closeness,0.031945228576660156,vsp_c-30_data_data,9852,2000,69.24379014968872
1891,Closeness,0.048790693283081055,vsp_c-30_data_data,9852,2000,69.24379014968872
1892,Closeness,0.03830981254577637,vsp_c-30_data_data,9852,2000,69.24379014968872
1892,Closeness,0.03156280517578125,vsp_c-30_data_data,9852,2000,69.24379014968872
1757,Closeness,0.03295326232910156,vsp_c-30_data_data,9852,2000,69.24379014968872
1757,Closeness,0.017709970474243164,vsp_c-30_data_data,9852,2000,69.24379014968872
1892,Closeness,0.029810190200805664,vsp_c-30_data_data,9852,2000,69.24379014968872
1894,Closeness,0.03912234306335449,vsp_c-30_data_data,9852,2000,69.24379014968872
1892,Closeness,0.02039933204650879,vsp_c-30_data_data,9852,2000,69.24379014968872
1252,Closeness,0.032378196716308594,vsp_c-30_data_data,9852,2000,69.24379014968872
1758,Closeness,0.024454355239868164,vsp_c-30_data_data,9852,2000,69.24379014968872
1758,Closeness,0.041577816009521484,vsp_c-30_data_data,9852,2000,69.24379014968872
1895,Closeness,0.029305219650268555,vsp_c-30_data_data,9852,2000,69.24379014968872
1892,Closeness,0.03486227989196777,vsp_c-30_data_data,9852,2000,69.24379014968872
1758,Closeness,0.026784181594848633,vsp_c-30_data_data,9852,2000,69.24379014968872
1897,Closeness,0.04068470001220703,vsp_c-30_data_data,9852,2000,69.24379014968872
1252,Closeness,0.030225276947021484,vsp_c-30_data_data,9852,2000,69.24379014968872
1619,Closeness,0.04051375389099121,vsp_c-30_data_data,9852,2000,69.24379014968872
1887,Closeness,0.024252653121948242,vsp_c-30_data_data,9852,2000,69.24379014968872
1892,Closeness,0.04020285606384277,vsp_c-30_data_data,9852,2000,69.24379014968872
1895,Closeness,0.016560077667236328,vsp_c-30_data_data,9852,2000,69.24379014968872
1892,Closeness,0.02716994285583496,vsp_c-30_data_data,9852,2000,69.24379014968872
1892,Degree,0.024718523025512695,vsp_c-30_data_data,9852,2000,69.24379014968872
1757,Degree,0.0337679386138916,vsp_c-30_data_data,9852,2000,69.24379014968872
1758,Degree,0.03243446350097656,vsp_c-30_data_data,9852,2000,69.24379014968872
1892,Degree,0.019390344619750977,vsp_c-30_data_data,9852,2000,69.24379014968872
1757,Degree,0.01569390296936035,vsp_c-30_data_data,9852,2000,69.24379014968872
1757,Degree,0.022212982177734375,vsp_c-30_data_data,9852,2000,69.24379014968872
1892,Degree,0.024261474609375,vsp_c-30_data_data,9852,2000,69.24379014968872
1892,Degree,0.03421330451965332,vsp_c-30_data_data,9852,2000,69.24379014968872
1892,Degree,0.04703640937805176,vsp_c-30_data_data,9852,2000,69.24379014968872
1892,Degree,0.04046154022216797,vsp_c-30_data_data,9852,2000,69.24379014968872
1757,Degree,0.023857831954956055,vsp_c-30_data_data,9852,2000,69.24379014968872
1892,Degree,0.02375960350036621,vsp_c-30_data_data,9852,2000,69.24379014968872
1758,Degree,0.040895700454711914,vsp_c-30_data_data,9852,2000,69.24379014968872
1878,Degree,0.016144990921020508,vsp_c-30_data_data,9852,2000,69.24379014968872
1764,Degree,0.03747248649597168,vsp_c-30_data_data,9852,2000,69.24379014968872
1757,Eigenvector,0.04097580909729004,vsp_c-30_data_data,9852,2000,69.24379014968872
1892,Eigenvector,0.030906200408935547,vsp_c-30_data_data,9852,2000,69.24379014968872
1892,Eigenvector,0.02815389633178711,vsp_c-30_data_data,9852,2000,69.24379014968872
1801,Eigenvector,0.41611337661743164,vsp_c-30_data_data,9852,2000,69.24379014968872
1892,Eigenvector,0.039019107818603516,vsp_c-30_data_data,9852,2000,69.24379014968872
1757,Eigenvector,0.04162096977233887,vsp_c-30_data_data,9852,2000,69.24379014968872
1892,Eigenvector,0.03329038619995117,vsp_c-30_data_data,9852,2000,69.24379014968872
1892,Eigenvector,0.032569169998168945,vsp_c-30_data_data,9852,2000,69.24379014968872
1758,Eigenvector,0.028964519500732422,vsp_c-30_data_data,9852,2000,69.24379014968872
1892,Eigenvector,0.024147510528564453,vsp_c-30_data_data,9852,2000,69.24379014968872
1758,Eigenvector,0.023046255111694336,vsp_c-30_data_data,9852,2000,69.24379014968872
1758,Eigenvector,0.03288078308105469,vsp_c-30_data_data,9852,2000,69.24379014968872
1892,Eigenvector,0.02467513084411621,vsp_c-30_data_data,9852,2000,69.24379014968872
1756,Eigenvector,0.03877711296081543,vsp_c-30_data_data,9852,2000,69.24379014968872
1757,Eigenvector,0.027986764907836914,vsp_c-30_data_data,9852,2000,69.24379014968872
1807,Eigenvector,0.037027597427368164,vsp_c-30_data_data,9852,2000,69.24379014968872
1901,Eigenvector,0.032822370529174805,vsp_c-30_data_data,9852,2000,69.24379014968872
1892,Eigenvector,0.03838515281677246,vsp_c-30_data_data,9852,2000,69.24379014968872
1757,Eigenvector,0.010249137878417969,vsp_c-30_data_data,9852,2000,69.24379014968872
1759,Eigenvector,0.025035858154296875,vsp_c-30_data_data,9852,2000,69.24379014968872
1892,Eigenvector,0.025009870529174805,vsp_c-30_data_data,9852,2000,69.24379014968872
1757,Eigenvector,0.03325915336608887,vsp_c-30_data_data,9852,2000,69.24379014968872
1892,Eigenvector,0.03425312042236328,vsp_c-30_data_data,9852,2000,69.24379014968872
1758,Eigenvector,0.038398027420043945,vsp_c-30_data_data,9852,2000,69.24379014968872
1757,Eigenvector,0.04648542404174805,vsp_c-30_data_data,9852,2000,69.24379014968872
1886,Eigenvector,0.019714832305908203,vsp_c-30_data_data,9852,2000,69.24379014968872
1252,Eigenvector,0.040761709213256836,vsp_c-30_data_data,9852,2000,69.24379014968872
1802,Eigenvector,0.3333871364593506,vsp_c-30_data_data,9852,2000,69.24379014968872
1758,Eigenvector,0.024261951446533203,vsp_c-30_data_data,9852,2000,69.24379014968872
1757,Eigenvector,0.03221535682678223,vsp_c-30_data_data,9852,2000,69.24379014968872
1758,PageRank,0.06299519538879395,vsp_c-30_data_data,9852,2000,69.24379014968872
1892,PageRank,0.021190404891967773,vsp_c-30_data_data,9852,2000,69.24379014968872
1758,PageRank,0.022911548614501953,vsp_c-30_data_data,9852,2000,69.24379014968872
1757,PageRank,0.0167543888092041,vsp_c-30_data_data,9852,2000,69.24379014968872
1892,PageRank,0.04266548156738281,vsp_c-30_data_data,9852,2000,69.24379014968872
1892,PageRank,0.02984333038330078,vsp_c-30_data_data,9852,2000,69.24379014968872
1757,PageRank,0.03259110450744629,vsp_c-30_data_data,9852,2000,69.24379014968872
1892,PageRank,0.022172927856445312,vsp_c-30_data_data,9852,2000,69.24379014968872
1758,PageRank,0.01092529296875,vsp_c-30_data_data,9852,2000,69.24379014968872
1909,PageRank,0.02184891700744629,vsp_c-30_data_data,9852,2000,69.24379014968872
1757,PageRank,0.04027080535888672,vsp_c-30_data_data,9852,2000,69.24379014968872
1761,PageRank,0.009550094604492188,vsp_c-30_data_data,9852,2000,69.24379014968872
1757,PageRank,0.03324174880981445,vsp_c-30_data_data,9852,2000,69.24379014968872
1892,PageRank,0.06519722938537598,vsp_c-30_data_data,9852,2000,69.24379014968872
1936,PageRank,0.04091453552246094,vsp_c-30_data_data,9852,2000,69.24379014968872
1889,Katz Centrality,0.05152010917663574,vsp_c-30_data_data,9852,2000,69.24379014968872
1757,Katz Centrality,0.02997612953186035,vsp_c-30_data_data,9852,2000,69.24379014968872
1770,Katz Centrality,0.025449514389038086,vsp_c-30_data_data,9852,2000,69.24379014968872
1921,Katz Centrality,0.03076481819152832,vsp_c-30_data_data,9852,2000,69.24379014968872
1888,Katz Centrality,0.03594541549682617,vsp_c-30_data_data,9852,2000,69.24379014968872
1757,Katz Centrality,0.01575469970703125,vsp_c-30_data_data,9852,2000,69.24379014968872
1757,Katz Centrality,0.03202199935913086,vsp_c-30_data_data,9852,2000,69.24379014968872
1892,Katz Centrality,0.05357027053833008,vsp_c-30_data_data,9852,2000,69.24379014968872
1892,Katz Centrality,0.03601956367492676,vsp_c-30_data_data,9852,2000,69.24379014968872
1892,Katz Centrality,0.04055643081665039,vsp_c-30_data_data,9852,2000,69.24379014968872
1764,Katz Centrality,0.02662205696105957,vsp_c-30_data_data,9852,2000,69.24379014968872
1758,Katz Centrality,0.04897022247314453,vsp_c-30_data_data,9852,2000,69.24379014968872
1758,Katz Centrality,0.03750276565551758,vsp_c-30_data_data,9852,2000,69.24379014968872
1769,Katz Centrality,0.03971600532531738,vsp_c-30_data_data,9852,2000,69.24379014968872
1762,Katz Centrality,0.04576992988586426,vsp_c-30_data_data,9852,2000,69.24379014968872
1758,Closeness,0.04659843444824219,vsp_c-30_data_data,9852,2000,69.24379014968872
1892,Closeness,0.04394650459289551,vsp_c-30_data_data,9852,2000,69.24379014968872
1893,Closeness,0.03263378143310547,vsp_c-30_data_data,9852,2000,69.24379014968872
1250,Closeness,0.02586960792541504,vsp_c-30_data_data,9852,2000,69.24379014968872
1895,Closeness,0.03445601463317871,vsp_c-30_data_data,9852,2000,69.24379014968872
1889,Closeness,0.036711692810058594,vsp_c-30_data_data,9852,2000,69.24379014968872
1894,Closeness,0.0503847599029541,vsp_c-30_data_data,9852,2000,69.24379014968872
1252,Closeness,0.02841329574584961,vsp_c-30_data_data,9852,2000,69.24379014968872
1892,Closeness,0.030780792236328125,vsp_c-30_data_data,9852,2000,69.24379014968872
1892,Closeness,0.033293724060058594,vsp_c-30_data_data,9852,2000,69.24379014968872
1891,Closeness,0.024006128311157227,vsp_c-30_data_data,9852,2000,69.24379014968872
1757,Closeness,0.02632927894592285,vsp_c-30_data_data,9852,2000,69.24379014968872
1892,Closeness,0.04171156883239746,vsp_c-30_data_data,9852,2000,69.24379014968872
1757,Closeness,0.037230730056762695,vsp_c-30_data_data,9852,2000,69.24379014968872
1251,Closeness,0.040338993072509766,vsp_c-30_data_data,9852,2000,69.24379014968872
1757,Katz Centrality,0.043228864669799805,vsp_c-30_data_data,9852,2000,69.24379014968872
1892,Katz Centrality,0.4784533977508545,vsp_c-30_data_data,9852,2000,69.24379014968872
1757,Katz Centrality,0.057086944580078125,vsp_c-30_data_data,9852,2000,69.24379014968872
1758,Katz Centrality,0.04172635078430176,vsp_c-30_data_data,9852,2000,69.24379014968872
1892,Katz Centrality,0.048944711685180664,vsp_c-30_data_data,9852,2000,69.24379014968872
1251,Katz Centrality,0.03295445442199707,vsp_c-30_data_data,9852,2000,69.24379014968872
1892,Katz Centrality,0.03251504898071289,vsp_c-30_data_data,9852,2000,69.24379014968872
1892,Katz Centrality,0.02486443519592285,vsp_c-30_data_data,9852,2000,69.24379014968872
1252,Katz Centrality,0.04020547866821289,vsp_c-30_data_data,9852,2000,69.24379014968872
1757,Katz Centrality,0.027426958084106445,vsp_c-30_data_data,9852,2000,69.24379014968872
1767,Katz Centrality,0.04527878761291504,vsp_c-30_data_data,9852,2000,69.24379014968872
1895,Katz Centrality,0.04511570930480957,vsp_c-30_data_data,9852,2000,69.24379014968872
1892,Katz Centrality,0.03168892860412598,vsp_c-30_data_data,9852,2000,69.24379014968872
1892,Katz Centrality,0.030231714248657227,vsp_c-30_data_data,9852,2000,69.24379014968872
1892,Katz Centrality,0.04152798652648926,vsp_c-30_data_data,9852,2000,69.24379014968872
1757,PageRank,0.1129293441772461,vsp_c-30_data_data,9852,2000,69.24379014968872
1892,PageRank,0.03631401062011719,vsp_c-30_data_data,9852,2000,69.24379014968872
1757,PageRank,0.037042856216430664,vsp_c-30_data_data,9852,2000,69.24379014968872
1252,PageRank,0.029505491256713867,vsp_c-30_data_data,9852,2000,69.24379014968872
1757,PageRank,0.032227277755737305,vsp_c-30_data_data,9852,2000,69.24379014968872
1892,PageRank,0.016463518142700195,vsp_c-30_data_data,9852,2000,69.24379014968872
1892,PageRank,0.023937702178955078,vsp_c-30_data_data,9852,2000,69.24379014968872
1892,PageRank,0.035085201263427734,vsp_c-30_data_data,9852,2000,69.24379014968872
1892,PageRank,0.022531747817993164,vsp_c-30_data_data,9852,2000,69.24379014968872
1757,PageRank,0.03989982604980469,vsp_c-30_data_data,9852,2000,69.24379014968872
1892,PageRank,0.0228729248046875,vsp_c-30_data_data,9852,2000,69.24379014968872
1251,PageRank,0.04143691062927246,vsp_c-30_data_data,9852,2000,69.24379014968872
1758,PageRank,0.04070472717285156,vsp_c-30_data_data,9852,2000,69.24379014968872
1892,PageRank,0.024280071258544922,vsp_c-30_data_data,9852,2000,69.24379014968872
1757,PageRank,0.016517162322998047,vsp_c-30_data_data,9852,2000,69.24379014968872
1822,Betweenness,0.05008864402770996,vsp_c-30_data_data,9852,2000,69.24379014968872
1892,Betweenness,0.0396578311920166,vsp_c-30_data_data,9852,2000,69.24379014968872
1758,Betweenness,0.033237457275390625,vsp_c-30_data_data,9852,2000,69.24379014968872
1757,Betweenness,0.024003267288208008,vsp_c-30_data_data,9852,2000,69.24379014968872
1758,Betweenness,0.03742384910583496,vsp_c-30_data_data,9852,2000,69.24379014968872
1899,Betweenness,0.04577898979187012,vsp_c-30_data_data,9852,2000,69.24379014968872
1892,Betweenness,0.049576520919799805,vsp_c-30_data_data,9852,2000,69.24379014968872
1759,Betweenness,0.02563762664794922,vsp_c-30_data_data,9852,2000,69.24379014968872
1892,Betweenness,0.027590036392211914,vsp_c-30_data_data,9852,2000,69.24379014968872
1888,Betweenness,0.02799081802368164,vsp_c-30_data_data,9852,2000,69.24379014968872
1892,Betweenness,0.024754762649536133,vsp_c-30_data_data,9852,2000,69.24379014968872
1892,Betweenness,0.025346040725708008,vsp_c-30_data_data,9852,2000,69.24379014968872
1757,Betweenness,0.021695613861083984,vsp_c-30_data_data,9852,2000,69.24379014968872
1892,Betweenness,0.036795616149902344,vsp_c-30_data_data,9852,2000,69.24379014968872
1896,Betweenness,0.02747201919555664,vsp_c-30_data_data,9852,2000,69.24379014968872
1888,Closeness,0.05070090293884277,vsp_c-30_data_data,9852,2000,69.24379014968872
1758,Closeness,0.027259349822998047,vsp_c-30_data_data,9852,2000,69.24379014968872
1892,Closeness,0.024504899978637695,vsp_c-30_data_data,9852,2000,69.24379014968872
1892,Closeness,0.016406774520874023,vsp_c-30_data_data,9852,2000,69.24379014968872
1757,Closeness,0.04581856727600098,vsp_c-30_data_data,9852,2000,69.24379014968872
1758,Closeness,0.06502151489257812,vsp_c-30_data_data,9852,2000,69.24379014968872
1758,Closeness,0.03993964195251465,vsp_c-30_data_data,9852,2000,69.24379014968872
1757,Closeness,0.03314805030822754,vsp_c-30_data_data,9852,2000,69.24379014968872
1892,Closeness,0.01569056510925293,vsp_c-30_data_data,9852,2000,69.24379014968872
1893,Closeness,0.024294614791870117,vsp_c-30_data_data,9852,2000,69.24379014968872
1892,Closeness,0.03220105171203613,vsp_c-30_data_data,9852,2000,69.24379014968872
1888,Closeness,0.018045663833618164,vsp_c-30_data_data,9852,2000,69.24379014968872
1892,Closeness,0.030759572982788086,vsp_c-30_data_data,9852,2000,69.24379014968872
1757,Closeness,0.03293943405151367,vsp_c-30_data_data,9852,2000,69.24379014968872
1892,Closeness,0.03368425369262695,vsp_c-30_data_data,9852,2000,69.24379014968872
1892,Katz Centrality,0.05261397361755371,vsp_c-30_data_data,9852,2000,69.24379014968872
1892,Katz Centrality,0.033069610595703125,vsp_c-30_data_data,9852,2000,69.24379014968872
1892,Katz Centrality,0.0240631103515625,vsp_c-30_data_data,9852,2000,69.24379014968872
1759,Katz Centrality,0.03290581703186035,vsp_c-30_data_data,9852,2000,69.24379014968872
1758,Katz Centrality,0.023612260818481445,vsp_c-30_data_data,9852,2000,69.24379014968872
1892,Katz Centrality,0.035506486892700195,vsp_c-30_data_data,9852,2000,69.24379014968872
1892,Katz Centrality,0.024406909942626953,vsp_c-30_data_data,9852,2000,69.24379014968872
1892,Katz Centrality,0.024037837982177734,vsp_c-30_data_data,9852,2000,69.24379014968872
1757,Katz Centrality,0.016480684280395508,vsp_c-30_data_data,9852,2000,69.24379014968872
1892,Katz Centrality,0.03993797302246094,vsp_c-30_data_data,9852,2000,69.24379014968872
1892,Katz Centrality,0.03224301338195801,vsp_c-30_data_data,9852,2000,69.24379014968872
1892,Katz Centrality,0.0407254695892334,vsp_c-30_data_data,9852,2000,69.24379014968872
1758,Katz Centrality,0.03395366668701172,vsp_c-30_data_data,9852,2000,69.24379014968872
1892,Katz Centrality,0.029854297637939453,vsp_c-30_data_data,9852,2000,69.24379014968872
1757,Katz Centrality,0.03671622276306152,vsp_c-30_data_data,9852,2000,69.24379014968872
1892,Degree,0.040328264236450195,vsp_c-30_data_data,9852,2000,69.24379014968872
1758,Degree,0.01951456069946289,vsp_c-30_data_data,9852,2000,69.24379014968872
1936,Degree,0.04240083694458008,vsp_c-30_data_data,9852,2000,69.24379014968872
1935,Degree,0.039354562759399414,vsp_c-30_data_data,9852,2000,69.24379014968872
1892,Degree,0.057170867919921875,vsp_c-30_data_data,9852,2000,69.24379014968872
1936,Degree,0.04392409324645996,vsp_c-30_data_data,9852,2000,69.24379014968872
1892,Degree,0.05043482780456543,vsp_c-30_data_data,9852,2000,69.24379014968872
1894,Degree,0.03234457969665527,vsp_c-30_data_data,9852,2000,69.24379014968872
1902,Degree,0.024399518966674805,vsp_c-30_data_data,9852,2000,69.24379014968872
1892,Degree,0.039906978607177734,vsp_c-30_data_data,9852,2000,69.24379014968872
1892,Degree,0.02949213981628418,vsp_c-30_data_data,9852,2000,69.24379014968872
1892,Degree,0.03224658966064453,vsp_c-30_data_data,9852,2000,69.24379014968872
1252,Degree,0.02164292335510254,vsp_c-30_data_data,9852,2000,69.24379014968872
1757,Degree,0.03172659873962402,vsp_c-30_data_data,9852,2000,69.24379014968872
1888,Degree,0.07232666015625,vsp_c-30_data_data,9852,2000,69.24379014968872
1892,Degree,0.06875467300415039,vsp_c-30_data_data,9852,2000,69.24379014968872
1757,Degree,0.021225452423095703,vsp_c-30_data_data,9852,2000,69.24379014968872
1892,Degree,0.04456043243408203,vsp_c-30_data_data,9852,2000,69.24379014968872
1892,Degree,0.03820228576660156,vsp_c-30_data_data,9852,2000,69.24379014968872
1758,Degree,0.04234886169433594,vsp_c-30_data_data,9852,2000,69.24379014968872
1758,Degree,0.04291844367980957,vsp_c-30_data_data,9852,2000,69.24379014968872
1893,Degree,0.03386354446411133,vsp_c-30_data_data,9852,2000,69.24379014968872
1250,Degree,0.025844812393188477,vsp_c-30_data_data,9852,2000,69.24379014968872
1892,Degree,0.036768198013305664,vsp_c-30_data_data,9852,2000,69.24379014968872
1888,Degree,0.028505325317382812,vsp_c-30_data_data,9852,2000,69.24379014968872
1892,Degree,0.04066967964172363,vsp_c-30_data_data,9852,2000,69.24379014968872
1892,Degree,0.03259682655334473,vsp_c-30_data_data,9852,2000,69.24379014968872
1252,Degree,0.02966165542602539,vsp_c-30_data_data,9852,2000,69.24379014968872
1758,Degree,0.03349423408508301,vsp_c-30_data_data,9852,2000,69.24379014968872
1904,Degree,0.03272247314453125,vsp_c-30_data_data,9852,2000,69.24379014968872
1759,Katz Centrality,0.04933285713195801,vsp_c-30_data_data,9852,2000,69.24379014968872
1888,Katz Centrality,0.030408620834350586,vsp_c-30_data_data,9852,2000,69.24379014968872
1760,Katz Centrality,0.024220943450927734,vsp_c-30_data_data,9852,2000,69.24379014968872
1757,Katz Centrality,0.03207230567932129,vsp_c-30_data_data,9852,2000,69.24379014968872
1892,Katz Centrality,0.0418548583984375,vsp_c-30_data_data,9852,2000,69.24379014968872
1892,Katz Centrality,0.04971480369567871,vsp_c-30_data_data,9852,2000,69.24379014968872
1893,Katz Centrality,0.03946828842163086,vsp_c-30_data_data,9852,2000,69.24379014968872
1892,Katz Centrality,0.04850506782531738,vsp_c-30_data_data,9852,2000,69.24379014968872
1755,Katz Centrality,0.04579305648803711,vsp_c-30_data_data,9852,2000,69.24379014968872
1893,Katz Centrality,0.03599810600280762,vsp_c-30_data_data,9852,2000,69.24379014968872
1757,Katz Centrality,0.05990147590637207,vsp_c-30_data_data,9852,2000,69.24379014968872
1893,Katz Centrality,0.031183719635009766,vsp_c-30_data_data,9852,2000,69.24379014968872
1867,Katz Centrality,0.03551459312438965,vsp_c-30_data_data,9852,2000,69.24379014968872
1892,Katz Centrality,0.027509450912475586,vsp_c-30_data_data,9852,2000,69.24379014968872
1758,Katz Centrality,0.023579835891723633,vsp_c-30_data_data,9852,2000,69.24379014968872
1620,Harmonic Centrality,0.05995917320251465,vsp_data_and_seymourl,9690,2000,93.52234625816345
1844,Harmonic Centrality,0.03094172477722168,vsp_data_and_seymourl,9690,2000,93.52234625816345
1742,Harmonic Centrality,0.04097270965576172,vsp_data_and_seymourl,9690,2000,93.52234625816345
1648,Harmonic Centrality,0.029288768768310547,vsp_data_and_seymourl,9690,2000,93.52234625816345
1628,Harmonic Centrality,0.03201627731323242,vsp_data_and_seymourl,9690,2000,93.52234625816345
1781,Harmonic Centrality,0.03694772720336914,vsp_data_and_seymourl,9690,2000,93.52234625816345
1738,Harmonic Centrality,0.03214073181152344,vsp_data_and_seymourl,9690,2000,93.52234625816345
1676,Harmonic Centrality,0.02335667610168457,vsp_data_and_seymourl,9690,2000,93.52234625816345
1806,Harmonic Centrality,0.01654362678527832,vsp_data_and_seymourl,9690,2000,93.52234625816345
1758,Harmonic Centrality,0.024539947509765625,vsp_data_and_seymourl,9690,2000,93.52234625816345
1794,Harmonic Centrality,0.03281116485595703,vsp_data_and_seymourl,9690,2000,93.52234625816345
1784,Harmonic Centrality,0.032538414001464844,vsp_data_and_seymourl,9690,2000,93.52234625816345
1716,Harmonic Centrality,0.0229799747467041,vsp_data_and_seymourl,9690,2000,93.52234625816345
1784,Harmonic Centrality,0.022664308547973633,vsp_data_and_seymourl,9690,2000,93.52234625816345
1734,Harmonic Centrality,0.010762214660644531,vsp_data_and_seymourl,9690,2000,93.52234625816345
1670,Betweenness,0.021228551864624023,vsp_data_and_seymourl,9690,2000,93.52234625816345
1718,Betweenness,0.043431997299194336,vsp_data_and_seymourl,9690,2000,93.52234625816345
1884,Betweenness,0.028314590454101562,vsp_data_and_seymourl,9690,2000,93.52234625816345
1716,Betweenness,0.03825831413269043,vsp_data_and_seymourl,9690,2000,93.52234625816345
1813,Betweenness,0.015789270401000977,vsp_data_and_seymourl,9690,2000,93.52234625816345
1828,Betweenness,0.03224945068359375,vsp_data_and_seymourl,9690,2000,93.52234625816345
1693,Betweenness,0.024216651916503906,vsp_data_and_seymourl,9690,2000,93.52234625816345
1814,Betweenness,0.04054379463195801,vsp_data_and_seymourl,9690,2000,93.52234625816345
1786,Betweenness,0.04566192626953125,vsp_data_and_seymourl,9690,2000,93.52234625816345
1764,Betweenness,0.041800737380981445,vsp_data_and_seymourl,9690,2000,93.52234625816345
1782,Betweenness,0.04065108299255371,vsp_data_and_seymourl,9690,2000,93.52234625816345
1651,Betweenness,0.03186821937561035,vsp_data_and_seymourl,9690,2000,93.52234625816345
1820,Betweenness,0.04990100860595703,vsp_data_and_seymourl,9690,2000,93.52234625816345
1764,Betweenness,0.03286290168762207,vsp_data_and_seymourl,9690,2000,93.52234625816345
1729,Betweenness,0.023853778839111328,vsp_data_and_seymourl,9690,2000,93.52234625816345
1764,Degree,0.0439450740814209,vsp_data_and_seymourl,9690,2000,93.52234625816345
1586,Degree,0.03557014465332031,vsp_data_and_seymourl,9690,2000,93.52234625816345
1717,Degree,0.4192969799041748,vsp_data_and_seymourl,9690,2000,93.52234625816345
1899,Degree,0.03572821617126465,vsp_data_and_seymourl,9690,2000,93.52234625816345
1762,Degree,0.01967787742614746,vsp_data_and_seymourl,9690,2000,93.52234625816345
1752,Degree,0.033397674560546875,vsp_data_and_seymourl,9690,2000,93.52234625816345
1821,Degree,0.032318115234375,vsp_data_and_seymourl,9690,2000,93.52234625816345
1779,Degree,0.025640487670898438,vsp_data_and_seymourl,9690,2000,93.52234625816345
1742,Degree,0.04130268096923828,vsp_data_and_seymourl,9690,2000,93.52234625816345
1704,Degree,0.048133134841918945,vsp_data_and_seymourl,9690,2000,93.52234625816345
1612,Degree,0.0236356258392334,vsp_data_and_seymourl,9690,2000,93.52234625816345
1693,Degree,0.0408322811126709,vsp_data_and_seymourl,9690,2000,93.52234625816345
1652,Degree,0.03835797309875488,vsp_data_and_seymourl,9690,2000,93.52234625816345
1863,Degree,0.04346179962158203,vsp_data_and_seymourl,9690,2000,93.52234625816345
1697,Degree,0.030883073806762695,vsp_data_and_seymourl,9690,2000,93.52234625816345
1678,Betweenness,0.024446487426757812,vsp_data_and_seymourl,9690,2000,93.52234625816345
1756,Betweenness,0.031000614166259766,vsp_data_and_seymourl,9690,2000,93.52234625816345
1744,Betweenness,0.05047249794006348,vsp_data_and_seymourl,9690,2000,93.52234625816345
1833,Betweenness,0.040535688400268555,vsp_data_and_seymourl,9690,2000,93.52234625816345
1612,Betweenness,0.025469303131103516,vsp_data_and_seymourl,9690,2000,93.52234625816345
1832,Betweenness,0.0367741584777832,vsp_data_and_seymourl,9690,2000,93.52234625816345
1745,Betweenness,0.03548407554626465,vsp_data_and_seymourl,9690,2000,93.52234625816345
1773,Betweenness,0.04129767417907715,vsp_data_and_seymourl,9690,2000,93.52234625816345
1822,Betweenness,0.05003547668457031,vsp_data_and_seymourl,9690,2000,93.52234625816345
1837,Betweenness,0.038789987564086914,vsp_data_and_seymourl,9690,2000,93.52234625816345
1780,Betweenness,0.04908633232116699,vsp_data_and_seymourl,9690,2000,93.52234625816345
1765,Betweenness,0.05444002151489258,vsp_data_and_seymourl,9690,2000,93.52234625816345
1593,Betweenness,0.024530887603759766,vsp_data_and_seymourl,9690,2000,93.52234625816345
1804,Betweenness,0.03254580497741699,vsp_data_and_seymourl,9690,2000,93.52234625816345
1718,Betweenness,0.04635739326477051,vsp_data_and_seymourl,9690,2000,93.52234625816345
1673,Harmonic Centrality,0.06410384178161621,vsp_data_and_seymourl,9690,2000,93.52234625816345
1766,Harmonic Centrality,0.044902801513671875,vsp_data_and_seymourl,9690,2000,93.52234625816345
1665,Harmonic Centrality,0.04088640213012695,vsp_data_and_seymourl,9690,2000,93.52234625816345
1761,Harmonic Centrality,0.04103350639343262,vsp_data_and_seymourl,9690,2000,93.52234625816345
1729,Harmonic Centrality,0.03269839286804199,vsp_data_and_seymourl,9690,2000,93.52234625816345
1750,Harmonic Centrality,0.0485684871673584,vsp_data_and_seymourl,9690,2000,93.52234625816345
1705,Harmonic Centrality,0.03225874900817871,vsp_data_and_seymourl,9690,2000,93.52234625816345
1673,Harmonic Centrality,0.03259539604187012,vsp_data_and_seymourl,9690,2000,93.52234625816345
1606,Harmonic Centrality,0.024206161499023438,vsp_data_and_seymourl,9690,2000,93.52234625816345
1610,Harmonic Centrality,0.033539772033691406,vsp_data_and_seymourl,9690,2000,93.52234625816345
1737,Harmonic Centrality,0.02433609962463379,vsp_data_and_seymourl,9690,2000,93.52234625816345
1654,Harmonic Centrality,0.021038293838500977,vsp_data_and_seymourl,9690,2000,93.52234625816345
1710,Harmonic Centrality,0.028569936752319336,vsp_data_and_seymourl,9690,2000,93.52234625816345
1812,Harmonic Centrality,0.04147744178771973,vsp_data_and_seymourl,9690,2000,93.52234625816345
1831,Harmonic Centrality,0.047838449478149414,vsp_data_and_seymourl,9690,2000,93.52234625816345
1811,Katz Centrality,0.06303858757019043,vsp_data_and_seymourl,9690,2000,93.52234625816345
1821,Katz Centrality,0.04286336898803711,vsp_data_and_seymourl,9690,2000,93.52234625816345
1740,Katz Centrality,0.029282331466674805,vsp_data_and_seymourl,9690,2000,93.52234625816345
1754,Katz Centrality,0.03200650215148926,vsp_data_and_seymourl,9690,2000,93.52234625816345
1641,Katz Centrality,0.034792184829711914,vsp_data_and_seymourl,9690,2000,93.52234625816345
1836,Katz Centrality,0.03297924995422363,vsp_data_and_seymourl,9690,2000,93.52234625816345
1670,Katz Centrality,0.023480892181396484,vsp_data_and_seymourl,9690,2000,93.52234625816345
1727,Katz Centrality,0.014657258987426758,vsp_data_and_seymourl,9690,2000,93.52234625816345
1703,Katz Centrality,0.03536105155944824,vsp_data_and_seymourl,9690,2000,93.52234625816345
1782,Katz Centrality,0.013063907623291016,vsp_data_and_seymourl,9690,2000,93.52234625816345
1756,Katz Centrality,0.02543354034423828,vsp_data_and_seymourl,9690,2000,93.52234625816345
1663,Katz Centrality,0.053237199783325195,vsp_data_and_seymourl,9690,2000,93.52234625816345
1843,Katz Centrality,0.03569197654724121,vsp_data_and_seymourl,9690,2000,93.52234625816345
1766,Katz Centrality,0.04074239730834961,vsp_data_and_seymourl,9690,2000,93.52234625816345
1773,Katz Centrality,0.04399609565734863,vsp_data_and_seymourl,9690,2000,93.52234625816345
1774,PageRank,0.07260370254516602,vsp_data_and_seymourl,9690,2000,93.52234625816345
1685,PageRank,0.03314709663391113,vsp_data_and_seymourl,9690,2000,93.52234625816345
1693,PageRank,0.06395697593688965,vsp_data_and_seymourl,9690,2000,93.52234625816345
1634,PageRank,0.02676987648010254,vsp_data_and_seymourl,9690,2000,93.52234625816345
1749,PageRank,0.04400157928466797,vsp_data_and_seymourl,9690,2000,93.52234625816345
1745,PageRank,0.03944802284240723,vsp_data_and_seymourl,9690,2000,93.52234625816345
1789,PageRank,0.03336596488952637,vsp_data_and_seymourl,9690,2000,93.52234625816345
1749,PageRank,0.04684853553771973,vsp_data_and_seymourl,9690,2000,93.52234625816345
1778,PageRank,0.025908231735229492,vsp_data_and_seymourl,9690,2000,93.52234625816345
1778,PageRank,0.024288177490234375,vsp_data_and_seymourl,9690,2000,93.52234625816345
1690,PageRank,0.046508073806762695,vsp_data_and_seymourl,9690,2000,93.52234625816345
1791,PageRank,0.02377629280090332,vsp_data_and_seymourl,9690,2000,93.52234625816345
1780,PageRank,0.023797035217285156,vsp_data_and_seymourl,9690,2000,93.52234625816345
1818,PageRank,0.04217982292175293,vsp_data_and_seymourl,9690,2000,93.52234625816345
1785,PageRank,0.529855489730835,vsp_data_and_seymourl,9690,2000,93.52234625816345
1785,Harmonic Centrality,0.05582690238952637,vsp_data_and_seymourl,9690,2000,93.52234625816345
1815,Harmonic Centrality,0.032412052154541016,vsp_data_and_seymourl,9690,2000,93.52234625816345
1656,Harmonic Centrality,0.02519512176513672,vsp_data_and_seymourl,9690,2000,93.52234625816345
1729,Harmonic Centrality,0.016674280166625977,vsp_data_and_seymourl,9690,2000,93.52234625816345
1759,Harmonic Centrality,0.049596309661865234,vsp_data_and_seymourl,9690,2000,93.52234625816345
1746,Harmonic Centrality,0.05587029457092285,vsp_data_and_seymourl,9690,2000,93.52234625816345
1802,Harmonic Centrality,0.05334734916687012,vsp_data_and_seymourl,9690,2000,93.52234625816345
1677,Harmonic Centrality,0.03501319885253906,vsp_data_and_seymourl,9690,2000,93.52234625816345
1773,Harmonic Centrality,0.04788613319396973,vsp_data_and_seymourl,9690,2000,93.52234625816345
1722,Harmonic Centrality,0.03129124641418457,vsp_data_and_seymourl,9690,2000,93.52234625816345
1781,Harmonic Centrality,0.038228750228881836,vsp_data_and_seymourl,9690,2000,93.52234625816345
1793,Harmonic Centrality,0.025829315185546875,vsp_data_and_seymourl,9690,2000,93.52234625816345
1881,Harmonic Centrality,0.024213552474975586,vsp_data_and_seymourl,9690,2000,93.52234625816345
1698,Harmonic Centrality,0.034264326095581055,vsp_data_and_seymourl,9690,2000,93.52234625816345
1619,Harmonic Centrality,0.03181934356689453,vsp_data_and_seymourl,9690,2000,93.52234625816345
1734,Degree,0.06645822525024414,vsp_data_and_seymourl,9690,2000,93.52234625816345
1716,Degree,0.05251288414001465,vsp_data_and_seymourl,9690,2000,93.52234625816345
1682,Degree,0.03876757621765137,vsp_data_and_seymourl,9690,2000,93.52234625816345
1701,Degree,0.035512447357177734,vsp_data_and_seymourl,9690,2000,93.52234625816345
1631,Degree,0.02425861358642578,vsp_data_and_seymourl,9690,2000,93.52234625816345
1801,Degree,0.037308692932128906,vsp_data_and_seymourl,9690,2000,93.52234625816345
1778,Degree,0.027180194854736328,vsp_data_and_seymourl,9690,2000,93.52234625816345
1640,Degree,0.024230241775512695,vsp_data_and_seymourl,9690,2000,93.52234625816345
1755,Degree,0.015915632247924805,vsp_data_and_seymourl,9690,2000,93.52234625816345
1805,Degree,0.03229546546936035,vsp_data_and_seymourl,9690,2000,93.52234625816345
1758,Degree,0.03305315971374512,vsp_data_and_seymourl,9690,2000,93.52234625816345
1673,Degree,0.022615909576416016,vsp_data_and_seymourl,9690,2000,93.52234625816345
1841,Degree,0.05366921424865723,vsp_data_and_seymourl,9690,2000,93.52234625816345
1809,Degree,0.046640872955322266,vsp_data_and_seymourl,9690,2000,93.52234625816345
1832,Degree,0.024141788482666016,vsp_data_and_seymourl,9690,2000,93.52234625816345
1623,Closeness,0.06489682197570801,vsp_data_and_seymourl,9690,2000,93.52234625816345
1781,Closeness,0.041312217712402344,vsp_data_and_seymourl,9690,2000,93.52234625816345
1875,Closeness,0.046590328216552734,vsp_data_and_seymourl,9690,2000,93.52234625816345
1781,Closeness,0.040709733963012695,vsp_data_and_seymourl,9690,2000,93.52234625816345
1799,Closeness,0.04100990295410156,vsp_data_and_seymourl,9690,2000,93.52234625816345
1890,Closeness,0.024095773696899414,vsp_data_and_seymourl,9690,2000,93.52234625816345
1674,Closeness,0.04122471809387207,vsp_data_and_seymourl,9690,2000,93.52234625816345
1790,Closeness,0.04120373725891113,vsp_data_and_seymourl,9690,2000,93.52234625816345
1776,Closeness,0.04224729537963867,vsp_data_and_seymourl,9690,2000,93.52234625816345
1720,Closeness,0.03294515609741211,vsp_data_and_seymourl,9690,2000,93.52234625816345
1723,Closeness,0.03571605682373047,vsp_data_and_seymourl,9690,2000,93.52234625816345
1772,Closeness,0.03372335433959961,vsp_data_and_seymourl,9690,2000,93.52234625816345
1744,Closeness,0.03660893440246582,vsp_data_and_seymourl,9690,2000,93.52234625816345
1858,Closeness,0.03185415267944336,vsp_data_and_seymourl,9690,2000,93.52234625816345
1761,Closeness,0.03273129463195801,vsp_data_and_seymourl,9690,2000,93.52234625816345
1625,Katz Centrality,0.05231165885925293,vsp_data_and_seymourl,9690,2000,93.52234625816345
1774,Katz Centrality,0.04944300651550293,vsp_data_and_seymourl,9690,2000,93.52234625816345
1721,Katz Centrality,0.03063201904296875,vsp_data_and_seymourl,9690,2000,93.52234625816345
1799,Katz Centrality,0.03771615028381348,vsp_data_and_seymourl,9690,2000,93.52234625816345
1835,Katz Centrality,0.03798532485961914,vsp_data_and_seymourl,9690,2000,93.52234625816345
1684,Katz Centrality,0.05729174613952637,vsp_data_and_seymourl,9690,2000,93.52234625816345
1769,Katz Centrality,0.03605771064758301,vsp_data_and_seymourl,9690,2000,93.52234625816345
1709,Katz Centrality,0.06503534317016602,vsp_data_and_seymourl,9690,2000,93.52234625816345
1713,Katz Centrality,0.08938860893249512,vsp_data_and_seymourl,9690,2000,93.52234625816345
1729,Katz Centrality,0.059091806411743164,vsp_data_and_seymourl,9690,2000,93.52234625816345
1792,Katz Centrality,0.05239081382751465,vsp_data_and_seymourl,9690,2000,93.52234625816345
1692,Katz Centrality,0.036560773849487305,vsp_data_and_seymourl,9690,2000,93.52234625816345
1826,Katz Centrality,0.024538040161132812,vsp_data_and_seymourl,9690,2000,93.52234625816345
1767,Katz Centrality,0.0254061222076416,vsp_data_and_seymourl,9690,2000,93.52234625816345
1805,Katz Centrality,0.031427860260009766,vsp_data_and_seymourl,9690,2000,93.52234625816345
1743,Harmonic Centrality,0.06304025650024414,vsp_data_and_seymourl,9690,2000,93.52234625816345
1640,Harmonic Centrality,0.032996416091918945,vsp_data_and_seymourl,9690,2000,93.52234625816345
1815,Harmonic Centrality,0.041338205337524414,vsp_data_and_seymourl,9690,2000,93.52234625816345
1740,Harmonic Centrality,0.03251314163208008,vsp_data_and_seymourl,9690,2000,93.52234625816345
1823,Harmonic Centrality,0.031785011291503906,vsp_data_and_seymourl,9690,2000,93.52234625816345
1670,Harmonic Centrality,0.044397830963134766,vsp_data_and_seymourl,9690,2000,93.52234625816345
1762,Harmonic Centrality,0.03560590744018555,vsp_data_and_seymourl,9690,2000,93.52234625816345
1815,Harmonic Centrality,0.056050777435302734,vsp_data_and_seymourl,9690,2000,93.52234625816345
1826,Harmonic Centrality,0.046846866607666016,vsp_data_and_seymourl,9690,2000,93.52234625816345
1656,Harmonic Centrality,0.04141521453857422,vsp_data_and_seymourl,9690,2000,93.52234625816345
1705,Harmonic Centrality,0.048459529876708984,vsp_data_and_seymourl,9690,2000,93.52234625816345
1797,Harmonic Centrality,0.04476046562194824,vsp_data_and_seymourl,9690,2000,93.52234625816345
1802,Harmonic Centrality,0.04326033592224121,vsp_data_and_seymourl,9690,2000,93.52234625816345
1751,Harmonic Centrality,0.043465375900268555,vsp_data_and_seymourl,9690,2000,93.52234625816345
1756,Harmonic Centrality,0.02927708625793457,vsp_data_and_seymourl,9690,2000,93.52234625816345
1709,Betweenness,0.046399593353271484,vsp_data_and_seymourl,9690,2000,93.52234625816345
1832,Betweenness,0.045874595642089844,vsp_data_and_seymourl,9690,2000,93.52234625816345
1588,Betweenness,0.04067206382751465,vsp_data_and_seymourl,9690,2000,93.52234625816345
1834,Betweenness,0.03330516815185547,vsp_data_and_seymourl,9690,2000,93.52234625816345
1822,Betweenness,0.03822684288024902,vsp_data_and_seymourl,9690,2000,93.52234625816345
1779,Betweenness,0.03740978240966797,vsp_data_and_seymourl,9690,2000,93.52234625816345
1793,Betweenness,0.031946659088134766,vsp_data_and_seymourl,9690,2000,93.52234625816345
1861,Betweenness,0.021466732025146484,vsp_data_and_seymourl,9690,2000,93.52234625816345
1708,Betweenness,0.04325366020202637,vsp_data_and_seymourl,9690,2000,93.52234625816345
1795,Betweenness,0.01669597625732422,vsp_data_and_seymourl,9690,2000,93.52234625816345
1613,Betweenness,0.031890153884887695,vsp_data_and_seymourl,9690,2000,93.52234625816345
1825,Betweenness,0.024191617965698242,vsp_data_and_seymourl,9690,2000,93.52234625816345
1786,Betweenness,0.024224519729614258,vsp_data_and_seymourl,9690,2000,93.52234625816345
1813,Betweenness,0.038100481033325195,vsp_data_and_seymourl,9690,2000,93.52234625816345
1795,Betweenness,0.05053830146789551,vsp_data_and_seymourl,9690,2000,93.52234625816345
1719,Harmonic Centrality,0.04912829399108887,vsp_data_and_seymourl,9690,2000,93.52234625816345
1668,Harmonic Centrality,0.01668834686279297,vsp_data_and_seymourl,9690,2000,93.52234625816345
1796,Harmonic Centrality,0.05127835273742676,vsp_data_and_seymourl,9690,2000,93.52234625816345
1685,Harmonic Centrality,0.05463409423828125,vsp_data_and_seymourl,9690,2000,93.52234625816345
1831,Harmonic Centrality,0.04371905326843262,vsp_data_and_seymourl,9690,2000,93.52234625816345
1710,Harmonic Centrality,0.04060649871826172,vsp_data_and_seymourl,9690,2000,93.52234625816345
1770,Harmonic Centrality,0.04994511604309082,vsp_data_and_seymourl,9690,2000,93.52234625816345
1713,Harmonic Centrality,0.03906750679016113,vsp_data_and_seymourl,9690,2000,93.52234625816345
1729,Harmonic Centrality,0.029469966888427734,vsp_data_and_seymourl,9690,2000,93.52234625816345
1708,Harmonic Centrality,0.03188586235046387,vsp_data_and_seymourl,9690,2000,93.52234625816345
1728,Harmonic Centrality,0.024103403091430664,vsp_data_and_seymourl,9690,2000,93.52234625816345
1746,Harmonic Centrality,0.03237605094909668,vsp_data_and_seymourl,9690,2000,93.52234625816345
1869,Harmonic Centrality,0.025669097900390625,vsp_data_and_seymourl,9690,2000,93.52234625816345
1640,Harmonic Centrality,0.030353784561157227,vsp_data_and_seymourl,9690,2000,93.52234625816345
1656,Harmonic Centrality,0.02499222755432129,vsp_data_and_seymourl,9690,2000,93.52234625816345
1751,Degree,0.034690141677856445,vsp_data_and_seymourl,9690,2000,93.52234625816345
1816,Degree,0.032320499420166016,vsp_data_and_seymourl,9690,2000,93.52234625816345
1807,Degree,0.03272843360900879,vsp_data_and_seymourl,9690,2000,93.52234625816345
1807,Degree,0.03687024116516113,vsp_data_and_seymourl,9690,2000,93.52234625816345
1811,Degree,0.025186777114868164,vsp_data_and_seymourl,9690,2000,93.52234625816345
1758,Degree,0.03077220916748047,vsp_data_and_seymourl,9690,2000,93.52234625816345
1662,Degree,0.05958414077758789,vsp_data_and_seymourl,9690,2000,93.52234625816345
1724,Degree,0.029412269592285156,vsp_data_and_seymourl,9690,2000,93.52234625816345
1790,Degree,0.032807350158691406,vsp_data_and_seymourl,9690,2000,93.52234625816345
1773,Degree,0.03238344192504883,vsp_data_and_seymourl,9690,2000,93.52234625816345
1744,Degree,0.020521163940429688,vsp_data_and_seymourl,9690,2000,93.52234625816345
1777,Degree,0.041075706481933594,vsp_data_and_seymourl,9690,2000,93.52234625816345
1773,Degree,0.04258251190185547,vsp_data_and_seymourl,9690,2000,93.52234625816345
1756,Degree,0.03283047676086426,vsp_data_and_seymourl,9690,2000,93.52234625816345
1753,Degree,0.04086160659790039,vsp_data_and_seymourl,9690,2000,93.52234625816345
1653,Katz Centrality,0.05184125900268555,vsp_data_and_seymourl,9690,2000,93.52234625816345
1826,Katz Centrality,0.04948830604553223,vsp_data_and_seymourl,9690,2000,93.52234625816345
1824,Katz Centrality,0.04794883728027344,vsp_data_and_seymourl,9690,2000,93.52234625816345
1817,Katz Centrality,0.03903651237487793,vsp_data_and_seymourl,9690,2000,93.52234625816345
1734,Katz Centrality,0.04019045829772949,vsp_data_and_seymourl,9690,2000,93.52234625816345
1865,Katz Centrality,0.02424907684326172,vsp_data_and_seymourl,9690,2000,93.52234625816345
1652,Katz Centrality,0.024532556533813477,vsp_data_and_seymourl,9690,2000,93.52234625816345
1788,Katz Centrality,0.03294849395751953,vsp_data_and_seymourl,9690,2000,93.52234625816345
1813,Katz Centrality,0.03253293037414551,vsp_data_and_seymourl,9690,2000,93.52234625816345
1699,Katz Centrality,0.032311201095581055,vsp_data_and_seymourl,9690,2000,93.52234625816345
1793,Katz Centrality,0.02991652488708496,vsp_data_and_seymourl,9690,2000,93.52234625816345
1825,Katz Centrality,0.024266958236694336,vsp_data_and_seymourl,9690,2000,93.52234625816345
1817,Katz Centrality,0.024246931076049805,vsp_data_and_seymourl,9690,2000,93.52234625816345
1790,Katz Centrality,0.040899038314819336,vsp_data_and_seymourl,9690,2000,93.52234625816345
1771,Katz Centrality,0.015712261199951172,vsp_data_and_seymourl,9690,2000,93.52234625816345
1780,Closeness,0.03741264343261719,vsp_data_and_seymourl,9690,2000,93.52234625816345
1686,Closeness,0.08373308181762695,vsp_data_and_seymourl,9690,2000,93.52234625816345
1737,Closeness,0.04419732093811035,vsp_data_and_seymourl,9690,2000,93.52234625816345
1809,Closeness,0.05079841613769531,vsp_data_and_seymourl,9690,2000,93.52234625816345
1858,Closeness,0.06190824508666992,vsp_data_and_seymourl,9690,2000,93.52234625816345
1777,Closeness,0.04583430290222168,vsp_data_and_seymourl,9690,2000,93.52234625816345
1862,Closeness,0.04993391036987305,vsp_data_and_seymourl,9690,2000,93.52234625816345
1849,Closeness,0.032302141189575195,vsp_data_and_seymourl,9690,2000,93.52234625816345
1709,Closeness,0.03271603584289551,vsp_data_and_seymourl,9690,2000,93.52234625816345
1752,Closeness,0.03233981132507324,vsp_data_and_seymourl,9690,2000,93.52234625816345
1787,Closeness,0.06334304809570312,vsp_data_and_seymourl,9690,2000,93.52234625816345
1766,Closeness,0.0532987117767334,vsp_data_and_seymourl,9690,2000,93.52234625816345
1682,Closeness,0.04243659973144531,vsp_data_and_seymourl,9690,2000,93.52234625816345
1734,Closeness,0.03997635841369629,vsp_data_and_seymourl,9690,2000,93.52234625816345
1599,Closeness,0.04020500183105469,vsp_data_and_seymourl,9690,2000,93.52234625816345
1728,Betweenness,0.04651045799255371,vsp_data_and_seymourl,9690,2000,93.52234625816345
1723,Betweenness,0.038482666015625,vsp_data_and_seymourl,9690,2000,93.52234625816345
1842,Betweenness,0.028111934661865234,vsp_data_and_seymourl,9690,2000,93.52234625816345
1696,Betweenness,0.03241586685180664,vsp_data_and_seymourl,9690,2000,93.52234625816345
1727,Betweenness,0.03182482719421387,vsp_data_and_seymourl,9690,2000,93.52234625816345
1752,Betweenness,0.02704763412475586,vsp_data_and_seymourl,9690,2000,93.52234625816345
1748,Betweenness,0.01668572425842285,vsp_data_and_seymourl,9690,2000,93.52234625816345
1848,Betweenness,0.03214573860168457,vsp_data_and_seymourl,9690,2000,93.52234625816345
1674,Betweenness,0.04024791717529297,vsp_data_and_seymourl,9690,2000,93.52234625816345
1777,Betweenness,0.05667686462402344,vsp_data_and_seymourl,9690,2000,93.52234625816345
1639,Betweenness,0.04136371612548828,vsp_data_and_seymourl,9690,2000,93.52234625816345
1704,Betweenness,0.0481112003326416,vsp_data_and_seymourl,9690,2000,93.52234625816345
1800,Betweenness,0.038808584213256836,vsp_data_and_seymourl,9690,2000,93.52234625816345
1694,Betweenness,0.03968048095703125,vsp_data_and_seymourl,9690,2000,93.52234625816345
1623,Betweenness,0.036261558532714844,vsp_data_and_seymourl,9690,2000,93.52234625816345
1727,Harmonic Centrality,0.036794424057006836,vsp_data_and_seymourl,9690,2000,93.52234625816345
1676,Harmonic Centrality,0.033016204833984375,vsp_data_and_seymourl,9690,2000,93.52234625816345
1803,Harmonic Centrality,0.023537874221801758,vsp_data_and_seymourl,9690,2000,93.52234625816345
1777,Harmonic Centrality,0.024167537689208984,vsp_data_and_seymourl,9690,2000,93.52234625816345
1742,Harmonic Centrality,0.03273129463195801,vsp_data_and_seymourl,9690,2000,93.52234625816345
1783,Harmonic Centrality,0.0252838134765625,vsp_data_and_seymourl,9690,2000,93.52234625816345
1884,Harmonic Centrality,0.03083181381225586,vsp_data_and_seymourl,9690,2000,93.52234625816345
1762,Harmonic Centrality,0.038928985595703125,vsp_data_and_seymourl,9690,2000,93.52234625816345
1837,Harmonic Centrality,0.04788327217102051,vsp_data_and_seymourl,9690,2000,93.52234625816345
1781,Harmonic Centrality,0.03700995445251465,vsp_data_and_seymourl,9690,2000,93.52234625816345
1664,Harmonic Centrality,0.05461859703063965,vsp_data_and_seymourl,9690,2000,93.52234625816345
1752,Harmonic Centrality,0.04686284065246582,vsp_data_and_seymourl,9690,2000,93.52234625816345
1760,Harmonic Centrality,0.0413210391998291,vsp_data_and_seymourl,9690,2000,93.52234625816345
1814,Harmonic Centrality,0.03740954399108887,vsp_data_and_seymourl,9690,2000,93.52234625816345
1690,Harmonic Centrality,0.05005073547363281,vsp_data_and_seymourl,9690,2000,93.52234625816345
1832,PageRank,0.06077909469604492,vsp_data_and_seymourl,9690,2000,93.52234625816345
1841,PageRank,0.02720499038696289,vsp_data_and_seymourl,9690,2000,93.52234625816345
1736,PageRank,0.02507615089416504,vsp_data_and_seymourl,9690,2000,93.52234625816345
1623,PageRank,0.04996347427368164,vsp_data_and_seymourl,9690,2000,93.52234625816345
1737,PageRank,0.033704280853271484,vsp_data_and_seymourl,9690,2000,93.52234625816345
1815,PageRank,0.05876469612121582,vsp_data_and_seymourl,9690,2000,93.52234625816345
1815,PageRank,0.045977115631103516,vsp_data_and_seymourl,9690,2000,93.52234625816345
1738,PageRank,0.0414276123046875,vsp_data_and_seymourl,9690,2000,93.52234625816345
1885,PageRank,0.03156900405883789,vsp_data_and_seymourl,9690,2000,93.52234625816345
1621,PageRank,0.02173614501953125,vsp_data_and_seymourl,9690,2000,93.52234625816345
1775,PageRank,0.015857696533203125,vsp_data_and_seymourl,9690,2000,93.52234625816345
1714,PageRank,0.0405125617980957,vsp_data_and_seymourl,9690,2000,93.52234625816345
1787,PageRank,0.02608013153076172,vsp_data_and_seymourl,9690,2000,93.52234625816345
1837,PageRank,0.03024578094482422,vsp_data_and_seymourl,9690,2000,93.52234625816345
1698,PageRank,0.01918935775756836,vsp_data_and_seymourl,9690,2000,93.52234625816345
1689,PageRank,0.06536602973937988,vsp_data_and_seymourl,9690,2000,93.52234625816345
1782,PageRank,0.05996346473693848,vsp_data_and_seymourl,9690,2000,93.52234625816345
1744,PageRank,0.03379011154174805,vsp_data_and_seymourl,9690,2000,93.52234625816345
1751,PageRank,0.03596162796020508,vsp_data_and_seymourl,9690,2000,93.52234625816345
1689,PageRank,0.03329300880432129,vsp_data_and_seymourl,9690,2000,93.52234625816345
1831,PageRank,0.040610313415527344,vsp_data_and_seymourl,9690,2000,93.52234625816345
1731,PageRank,0.024031400680541992,vsp_data_and_seymourl,9690,2000,93.52234625816345
1711,PageRank,0.027801036834716797,vsp_data_and_seymourl,9690,2000,93.52234625816345
1661,PageRank,0.019258975982666016,vsp_data_and_seymourl,9690,2000,93.52234625816345
1790,PageRank,0.06465506553649902,vsp_data_and_seymourl,9690,2000,93.52234625816345
1778,PageRank,0.03883552551269531,vsp_data_and_seymourl,9690,2000,93.52234625816345
1727,PageRank,0.048635244369506836,vsp_data_and_seymourl,9690,2000,93.52234625816345
1631,PageRank,0.035733938217163086,vsp_data_and_seymourl,9690,2000,93.52234625816345
1666,PageRank,0.05853629112243652,vsp_data_and_seymourl,9690,2000,93.52234625816345
1795,PageRank,0.0628199577331543,vsp_data_and_seymourl,9690,2000,93.52234625816345
1832,Closeness,0.05993485450744629,vsp_data_and_seymourl,9690,2000,93.52234625816345
1696,Closeness,0.048108816146850586,vsp_data_and_seymourl,9690,2000,93.52234625816345
1810,Closeness,0.041072845458984375,vsp_data_and_seymourl,9690,2000,93.52234625816345
1828,Closeness,0.0568232536315918,vsp_data_and_seymourl,9690,2000,93.52234625816345
1772,Closeness,0.06818127632141113,vsp_data_and_seymourl,9690,2000,93.52234625816345
1765,Closeness,0.06256484985351562,vsp_data_and_seymourl,9690,2000,93.52234625816345
1853,Closeness,0.037299156188964844,vsp_data_and_seymourl,9690,2000,93.52234625816345
1804,Closeness,0.0603940486907959,vsp_data_and_seymourl,9690,2000,93.52234625816345
1741,Closeness,0.043198347091674805,vsp_data_and_seymourl,9690,2000,93.52234625816345
1872,Closeness,0.07558488845825195,vsp_data_and_seymourl,9690,2000,93.52234625816345
1671,Closeness,0.05755305290222168,vsp_data_and_seymourl,9690,2000,93.52234625816345
1768,Closeness,0.04908347129821777,vsp_data_and_seymourl,9690,2000,93.52234625816345
1672,Closeness,0.048841238021850586,vsp_data_and_seymourl,9690,2000,93.52234625816345
1625,Closeness,0.05785250663757324,vsp_data_and_seymourl,9690,2000,93.52234625816345
1627,Closeness,0.07574844360351562,vsp_data_and_seymourl,9690,2000,93.52234625816345
1730,Eigenvector,0.07091045379638672,vsp_data_and_seymourl,9690,2000,93.52234625816345
1734,Eigenvector,0.07374334335327148,vsp_data_and_seymourl,9690,2000,93.52234625816345
1822,Eigenvector,0.06018543243408203,vsp_data_and_seymourl,9690,2000,93.52234625816345
1726,Eigenvector,0.049576759338378906,vsp_data_and_seymourl,9690,2000,93.52234625816345
1730,Eigenvector,0.06084728240966797,vsp_data_and_seymourl,9690,2000,93.52234625816345
1584,Eigenvector,0.34220290184020996,vsp_data_and_seymourl,9690,2000,93.52234625816345
1781,Eigenvector,0.06951308250427246,vsp_data_and_seymourl,9690,2000,93.52234625816345
1688,Eigenvector,0.0723567008972168,vsp_data_and_seymourl,9690,2000,93.52234625816345
1788,Eigenvector,0.07395792007446289,vsp_data_and_seymourl,9690,2000,93.52234625816345
1709,Eigenvector,0.06305241584777832,vsp_data_and_seymourl,9690,2000,93.52234625816345
1726,Eigenvector,0.040978193283081055,vsp_data_and_seymourl,9690,2000,93.52234625816345
1753,Eigenvector,0.05673336982727051,vsp_data_and_seymourl,9690,2000,93.52234625816345
1739,Eigenvector,0.057166337966918945,vsp_data_and_seymourl,9690,2000,93.52234625816345
1744,Eigenvector,0.03195476531982422,vsp_data_and_seymourl,9690,2000,93.52234625816345
1739,Eigenvector,0.04850459098815918,vsp_data_and_seymourl,9690,2000,93.52234625816345
1797,Degree,0.059972524642944336,vsp_data_and_seymourl,9690,2000,93.52234625816345
1755,Degree,0.05877041816711426,vsp_data_and_seymourl,9690,2000,93.52234625816345
1641,Degree,0.07203483581542969,vsp_data_and_seymourl,9690,2000,93.52234625816345
1770,Degree,0.04866838455200195,vsp_data_and_seymourl,9690,2000,93.52234625816345
1772,Degree,0.06571078300476074,vsp_data_and_seymourl,9690,2000,93.52234625816345
1830,Degree,0.07853531837463379,vsp_data_and_seymourl,9690,2000,93.52234625816345
1858,Degree,0.06837153434753418,vsp_data_and_seymourl,9690,2000,93.52234625816345
1804,Degree,0.0481264591217041,vsp_data_and_seymourl,9690,2000,93.52234625816345
1787,Degree,0.038665771484375,vsp_data_and_seymourl,9690,2000,93.52234625816345
1715,Degree,0.06533432006835938,vsp_data_and_seymourl,9690,2000,93.52234625816345
1724,Degree,0.07098507881164551,vsp_data_and_seymourl,9690,2000,93.52234625816345
1702,Degree,0.05665111541748047,vsp_data_and_seymourl,9690,2000,93.52234625816345
1793,Degree,0.061347246170043945,vsp_data_and_seymourl,9690,2000,93.52234625816345
1711,Degree,0.0441288948059082,vsp_data_and_seymourl,9690,2000,93.52234625816345
1747,Degree,0.04689788818359375,vsp_data_and_seymourl,9690,2000,93.52234625816345
1764,Harmonic Centrality,0.06323027610778809,vsp_data_and_seymourl,9690,2000,93.52234625816345
1693,Harmonic Centrality,0.05153989791870117,vsp_data_and_seymourl,9690,2000,93.52234625816345
1672,Harmonic Centrality,0.07113432884216309,vsp_data_and_seymourl,9690,2000,93.52234625816345
1870,Harmonic Centrality,0.06752920150756836,vsp_data_and_seymourl,9690,2000,93.52234625816345
1682,Harmonic Centrality,0.07145547866821289,vsp_data_and_seymourl,9690,2000,93.52234625816345
1849,Harmonic Centrality,0.4752840995788574,vsp_data_and_seymourl,9690,2000,93.52234625816345
1621,Harmonic Centrality,0.05234932899475098,vsp_data_and_seymourl,9690,2000,93.52234625816345
1755,Harmonic Centrality,0.04068732261657715,vsp_data_and_seymourl,9690,2000,93.52234625816345
1842,Harmonic Centrality,0.06297874450683594,vsp_data_and_seymourl,9690,2000,93.52234625816345
1856,Harmonic Centrality,0.03919196128845215,vsp_data_and_seymourl,9690,2000,93.52234625816345
1778,Harmonic Centrality,0.07184052467346191,vsp_data_and_seymourl,9690,2000,93.52234625816345
1728,Harmonic Centrality,0.0565187931060791,vsp_data_and_seymourl,9690,2000,93.52234625816345
1840,Harmonic Centrality,0.07679963111877441,vsp_data_and_seymourl,9690,2000,93.52234625816345
1657,Harmonic Centrality,0.05690455436706543,vsp_data_and_seymourl,9690,2000,93.52234625816345
1778,Harmonic Centrality,0.04873514175415039,vsp_data_and_seymourl,9690,2000,93.52234625816345
1791,Eigenvector,0.06673455238342285,vsp_data_and_seymourl,9690,2000,93.52234625816345
1650,Eigenvector,0.04035162925720215,vsp_data_and_seymourl,9690,2000,93.52234625816345
1630,Eigenvector,0.059884071350097656,vsp_data_and_seymourl,9690,2000,93.52234625816345
1862,Eigenvector,0.04817032814025879,vsp_data_and_seymourl,9690,2000,93.52234625816345
1753,Eigenvector,0.057883262634277344,vsp_data_and_seymourl,9690,2000,93.52234625816345
1784,Eigenvector,0.04360198974609375,vsp_data_and_seymourl,9690,2000,93.52234625816345
1757,Eigenvector,0.039646148681640625,vsp_data_and_seymourl,9690,2000,93.52234625816345
1674,Eigenvector,0.07174372673034668,vsp_data_and_seymourl,9690,2000,93.52234625816345
1633,Eigenvector,0.040793657302856445,vsp_data_and_seymourl,9690,2000,93.52234625816345
1777,Eigenvector,0.06486725807189941,vsp_data_and_seymourl,9690,2000,93.52234625816345
1660,Eigenvector,0.058232784271240234,vsp_data_and_seymourl,9690,2000,93.52234625816345
1789,Eigenvector,0.05011940002441406,vsp_data_and_seymourl,9690,2000,93.52234625816345
1689,Eigenvector,0.040561676025390625,vsp_data_and_seymourl,9690,2000,93.52234625816345
1758,Eigenvector,0.0447239875793457,vsp_data_and_seymourl,9690,2000,93.52234625816345
1743,Eigenvector,0.04113173484802246,vsp_data_and_seymourl,9690,2000,93.52234625816345
1788,Degree,0.07367086410522461,vsp_data_and_seymourl,9690,2000,93.52234625816345
1758,Degree,0.0494687557220459,vsp_data_and_seymourl,9690,2000,93.52234625816345
1650,Degree,0.04122471809387207,vsp_data_and_seymourl,9690,2000,93.52234625816345
1785,Degree,0.06305241584777832,vsp_data_and_seymourl,9690,2000,93.52234625816345
1694,Degree,0.06317639350891113,vsp_data_and_seymourl,9690,2000,93.52234625816345
1841,Degree,0.07274842262268066,vsp_data_and_seymourl,9690,2000,93.52234625816345
1705,Degree,0.04556751251220703,vsp_data_and_seymourl,9690,2000,93.52234625816345
1804,Degree,0.06758880615234375,vsp_data_and_seymourl,9690,2000,93.52234625816345
1704,Degree,0.0779726505279541,vsp_data_and_seymourl,9690,2000,93.52234625816345
1682,Degree,0.06498265266418457,vsp_data_and_seymourl,9690,2000,93.52234625816345
1713,Degree,0.060202836990356445,vsp_data_and_seymourl,9690,2000,93.52234625816345
1801,Degree,0.06513571739196777,vsp_data_and_seymourl,9690,2000,93.52234625816345
1595,Degree,0.0584409236907959,vsp_data_and_seymourl,9690,2000,93.52234625816345
1738,Degree,0.05669975280761719,vsp_data_and_seymourl,9690,2000,93.52234625816345
1688,Degree,0.06013083457946777,vsp_data_and_seymourl,9690,2000,93.52234625816345
1785,Eigenvector,0.06643509864807129,vsp_data_and_seymourl,9690,2000,93.52234625816345
1723,Eigenvector,0.059987545013427734,vsp_data_and_seymourl,9690,2000,93.52234625816345
1736,Eigenvector,0.0769200325012207,vsp_data_and_seymourl,9690,2000,93.52234625816345
1783,Eigenvector,0.04974651336669922,vsp_data_and_seymourl,9690,2000,93.52234625816345
1813,Eigenvector,0.06577229499816895,vsp_data_and_seymourl,9690,2000,93.52234625816345
1802,Eigenvector,0.05083823204040527,vsp_data_and_seymourl,9690,2000,93.52234625816345
1913,Eigenvector,0.07897520065307617,vsp_data_and_seymourl,9690,2000,93.52234625816345
1800,Eigenvector,0.06665658950805664,vsp_data_and_seymourl,9690,2000,93.52234625816345
1626,Eigenvector,0.06531715393066406,vsp_data_and_seymourl,9690,2000,93.52234625816345
1822,Eigenvector,0.04848980903625488,vsp_data_and_seymourl,9690,2000,93.52234625816345
1807,Eigenvector,0.0482792854309082,vsp_data_and_seymourl,9690,2000,93.52234625816345
1824,Eigenvector,0.04921531677246094,vsp_data_and_seymourl,9690,2000,93.52234625816345
1812,Eigenvector,0.03334498405456543,vsp_data_and_seymourl,9690,2000,93.52234625816345
1731,Eigenvector,0.06647586822509766,vsp_data_and_seymourl,9690,2000,93.52234625816345
1858,Eigenvector,0.04963397979736328,vsp_data_and_seymourl,9690,2000,93.52234625816345
1781,Closeness,0.055034637451171875,vsp_data_and_seymourl,9690,2000,93.52234625816345
1818,Closeness,0.5666756629943848,vsp_data_and_seymourl,9690,2000,93.52234625816345
1712,Closeness,0.06456518173217773,vsp_data_and_seymourl,9690,2000,93.52234625816345
1780,Closeness,0.07133722305297852,vsp_data_and_seymourl,9690,2000,93.52234625816345
1780,Closeness,0.06423711776733398,vsp_data_and_seymourl,9690,2000,93.52234625816345
1825,Closeness,0.0488126277923584,vsp_data_and_seymourl,9690,2000,93.52234625816345
1805,Closeness,0.05764889717102051,vsp_data_and_seymourl,9690,2000,93.52234625816345
1831,Closeness,0.07914590835571289,vsp_data_and_seymourl,9690,2000,93.52234625816345
1746,Closeness,0.0763094425201416,vsp_data_and_seymourl,9690,2000,93.52234625816345
1798,Closeness,0.07343220710754395,vsp_data_and_seymourl,9690,2000,93.52234625816345
1811,Closeness,0.05249309539794922,vsp_data_and_seymourl,9690,2000,93.52234625816345
1740,Closeness,0.03733682632446289,vsp_data_and_seymourl,9690,2000,93.52234625816345
1707,Closeness,0.04924654960632324,vsp_data_and_seymourl,9690,2000,93.52234625816345
1782,Closeness,0.052636146545410156,vsp_data_and_seymourl,9690,2000,93.52234625816345
1618,Closeness,0.06407666206359863,vsp_data_and_seymourl,9690,2000,93.52234625816345
1811,Harmonic Centrality,0.07640719413757324,vsp_data_and_seymourl,9690,2000,93.52234625816345
1663,Harmonic Centrality,0.06504511833190918,vsp_data_and_seymourl,9690,2000,93.52234625816345
1811,Harmonic Centrality,0.06273865699768066,vsp_data_and_seymourl,9690,2000,93.52234625816345
1761,Harmonic Centrality,0.04879641532897949,vsp_data_and_seymourl,9690,2000,93.52234625816345
1783,Harmonic Centrality,0.06960892677307129,vsp_data_and_seymourl,9690,2000,93.52234625816345
1801,Harmonic Centrality,0.07463598251342773,vsp_data_and_seymourl,9690,2000,93.52234625816345
1613,Harmonic Centrality,0.03995347023010254,vsp_data_and_seymourl,9690,2000,93.52234625816345
1746,Harmonic Centrality,0.06862401962280273,vsp_data_and_seymourl,9690,2000,93.52234625816345
1763,Harmonic Centrality,0.06673431396484375,vsp_data_and_seymourl,9690,2000,93.52234625816345
1684,Harmonic Centrality,0.06666374206542969,vsp_data_and_seymourl,9690,2000,93.52234625816345
1646,Harmonic Centrality,0.05003666877746582,vsp_data_and_seymourl,9690,2000,93.52234625816345
1746,Harmonic Centrality,0.07330727577209473,vsp_data_and_seymourl,9690,2000,93.52234625816345
1679,Harmonic Centrality,0.07329201698303223,vsp_data_and_seymourl,9690,2000,93.52234625816345
1682,Harmonic Centrality,0.06574845314025879,vsp_data_and_seymourl,9690,2000,93.52234625816345
1787,Harmonic Centrality,0.07293033599853516,vsp_data_and_seymourl,9690,2000,93.52234625816345
1470,Betweenness,0.0333709716796875,vsp_finan512_scagr7-2c_rlfddd,3432,2000,50.67831563949585
1188,Betweenness,0.0684819221496582,vsp_finan512_scagr7-2c_rlfddd,3432,2000,50.67831563949585
1245,Betweenness,0.03654122352600098,vsp_finan512_scagr7-2c_rlfddd,3432,2000,50.67831563949585
1165,Betweenness,0.027798175811767578,vsp_finan512_scagr7-2c_rlfddd,3432,2000,50.67831563949585
1125,Betweenness,0.03925466537475586,vsp_finan512_scagr7-2c_rlfddd,3432,2000,50.67831563949585
1334,Betweenness,0.037021636962890625,vsp_finan512_scagr7-2c_rlfddd,3432,2000,50.67831563949585
1336,Betweenness,0.04033303260803223,vsp_finan512_scagr7-2c_rlfddd,3432,2000,50.67831563949585
1787,Betweenness,0.5537409782409668,vsp_finan512_scagr7-2c_rlfddd,3432,2000,50.67831563949585
1300,Betweenness,0.023535490036010742,vsp_finan512_scagr7-2c_rlfddd,3432,2000,50.67831563949585
1330,Betweenness,0.03133106231689453,vsp_finan512_scagr7-2c_rlfddd,3432,2000,50.67831563949585
1305,Betweenness,0.04163980484008789,vsp_finan512_scagr7-2c_rlfddd,3432,2000,50.67831563949585
1272,Betweenness,0.023480892181396484,vsp_finan512_scagr7-2c_rlfddd,3432,2000,50.67831563949585
1455,Betweenness,0.029337406158447266,vsp_finan512_scagr7-2c_rlfddd,3432,2000,50.67831563949585
1202,Betweenness,0.04187369346618652,vsp_finan512_scagr7-2c_rlfddd,3432,2000,50.67831563949585
1427,Betweenness,0.0197601318359375,vsp_finan512_scagr7-2c_rlfddd,3432,2000,50.67831563949585
1332,Closeness,0.04128003120422363,vsp_finan512_scagr7-2c_rlfddd,3432,2000,50.67831563949585
1372,Closeness,0.04087567329406738,vsp_finan512_scagr7-2c_rlfddd,3432,2000,50.67831563949585
1601,Closeness,0.024312734603881836,vsp_finan512_scagr7-2c_rlfddd,3432,2000,50.67831563949585
1476,Closeness,0.04011678695678711,vsp_finan512_scagr7-2c_rlfddd,3432,2000,50.67831563949585
1275,Closeness,0.016635894775390625,vsp_finan512_scagr7-2c_rlfddd,3432,2000,50.67831563949585
1544,Closeness,0.02404499053955078,vsp_finan512_scagr7-2c_rlfddd,3432,2000,50.67831563949585
1178,Closeness,0.018097400665283203,vsp_finan512_scagr7-2c_rlfddd,3432,2000,50.67831563949585
1266,Closeness,0.03266453742980957,vsp_finan512_scagr7-2c_rlfddd,3432,2000,50.67831563949585
1229,Closeness,0.0428469181060791,vsp_finan512_scagr7-2c_rlfddd,3432,2000,50.67831563949585
1315,Closeness,0.026494979858398438,vsp_finan512_scagr7-2c_rlfddd,3432,2000,50.67831563949585
1443,Closeness,0.03726506233215332,vsp_finan512_scagr7-2c_rlfddd,3432,2000,50.67831563949585
1555,Closeness,0.029284000396728516,vsp_finan512_scagr7-2c_rlfddd,3432,2000,50.67831563949585
1319,Closeness,0.028115034103393555,vsp_finan512_scagr7-2c_rlfddd,3432,2000,50.67831563949585
1456,Closeness,0.46456027030944824,vsp_finan512_scagr7-2c_rlfddd,3432,2000,50.67831563949585
1305,Closeness,0.030558347702026367,vsp_finan512_scagr7-2c_rlfddd,3432,2000,50.67831563949585
1268,PageRank,0.03717637062072754,vsp_finan512_scagr7-2c_rlfddd,3432,2000,50.67831563949585
1584,PageRank,0.024996280670166016,vsp_finan512_scagr7-2c_rlfddd,3432,2000,50.67831563949585
1380,PageRank,0.02635645866394043,vsp_finan512_scagr7-2c_rlfddd,3432,2000,50.67831563949585
1239,PageRank,0.019049406051635742,vsp_finan512_scagr7-2c_rlfddd,3432,2000,50.67831563949585
1462,PageRank,0.039974212646484375,vsp_finan512_scagr7-2c_rlfddd,3432,2000,50.67831563949585
1925,PageRank,0.034758806228637695,vsp_finan512_scagr7-2c_rlfddd,3432,2000,50.67831563949585
1323,PageRank,0.031000614166259766,vsp_finan512_scagr7-2c_rlfddd,3432,2000,50.67831563949585
1229,PageRank,0.025907039642333984,vsp_finan512_scagr7-2c_rlfddd,3432,2000,50.67831563949585
1549,PageRank,0.016710281372070312,vsp_finan512_scagr7-2c_rlfddd,3432,2000,50.67831563949585
1187,PageRank,0.01666402816772461,vsp_finan512_scagr7-2c_rlfddd,3432,2000,50.67831563949585
1292,PageRank,0.015749216079711914,vsp_finan512_scagr7-2c_rlfddd,3432,2000,50.67831563949585
1188,PageRank,0.023842573165893555,vsp_finan512_scagr7-2c_rlfddd,3432,2000,50.67831563949585
1437,PageRank,0.016704559326171875,vsp_finan512_scagr7-2c_rlfddd,3432,2000,50.67831563949585
1195,PageRank,0.01665210723876953,vsp_finan512_scagr7-2c_rlfddd,3432,2000,50.67831563949585
1496,PageRank,0.03800344467163086,vsp_finan512_scagr7-2c_rlfddd,3432,2000,50.67831563949585
1609,Closeness,0.0381624698638916,vsp_finan512_scagr7-2c_rlfddd,3432,2000,50.67831563949585
1518,Closeness,0.030231475830078125,vsp_finan512_scagr7-2c_rlfddd,3432,2000,50.67831563949585
1190,Closeness,0.036180734634399414,vsp_finan512_scagr7-2c_rlfddd,3432,2000,50.67831563949585
1284,Closeness,0.027673959732055664,vsp_finan512_scagr7-2c_rlfddd,3432,2000,50.67831563949585
1300,Closeness,0.04156041145324707,vsp_finan512_scagr7-2c_rlfddd,3432,2000,50.67831563949585
1317,Closeness,0.031406402587890625,vsp_finan512_scagr7-2c_rlfddd,3432,2000,50.67831563949585
1328,Closeness,0.5028316974639893,vsp_finan512_scagr7-2c_rlfddd,3432,2000,50.67831563949585
1256,Closeness,0.016738176345825195,vsp_finan512_scagr7-2c_rlfddd,3432,2000,50.67831563949585
1160,Closeness,0.025394678115844727,vsp_finan512_scagr7-2c_rlfddd,3432,2000,50.67831563949585
1224,Closeness,0.027144908905029297,vsp_finan512_scagr7-2c_rlfddd,3432,2000,50.67831563949585
1689,Closeness,0.029900312423706055,vsp_finan512_scagr7-2c_rlfddd,3432,2000,50.67831563949585
1348,Closeness,0.024143457412719727,vsp_finan512_scagr7-2c_rlfddd,3432,2000,50.67831563949585
1513,Closeness,0.03261518478393555,vsp_finan512_scagr7-2c_rlfddd,3432,2000,50.67831563949585
1262,Closeness,0.035367727279663086,vsp_finan512_scagr7-2c_rlfddd,3432,2000,50.67831563949585
1276,Closeness,0.04129171371459961,vsp_finan512_scagr7-2c_rlfddd,3432,2000,50.67831563949585
1638,Degree,0.026640892028808594,vsp_finan512_scagr7-2c_rlfddd,3432,2000,50.67831563949585
1622,Degree,0.02792048454284668,vsp_finan512_scagr7-2c_rlfddd,3432,2000,50.67831563949585
1196,Degree,0.023761510848999023,vsp_finan512_scagr7-2c_rlfddd,3432,2000,50.67831563949585
1573,Degree,0.016538143157958984,vsp_finan512_scagr7-2c_rlfddd,3432,2000,50.67831563949585
1231,Degree,0.03261899948120117,vsp_finan512_scagr7-2c_rlfddd,3432,2000,50.67831563949585
1318,Degree,0.03250241279602051,vsp_finan512_scagr7-2c_rlfddd,3432,2000,50.67831563949585
1386,Degree,0.04110836982727051,vsp_finan512_scagr7-2c_rlfddd,3432,2000,50.67831563949585
1517,Degree,0.024244070053100586,vsp_finan512_scagr7-2c_rlfddd,3432,2000,50.67831563949585
1345,Degree,0.04116964340209961,vsp_finan512_scagr7-2c_rlfddd,3432,2000,50.67831563949585
1867,Degree,0.033316612243652344,vsp_finan512_scagr7-2c_rlfddd,3432,2000,50.67831563949585
1648,Degree,0.03539919853210449,vsp_finan512_scagr7-2c_rlfddd,3432,2000,50.67831563949585
1378,Degree,0.024052143096923828,vsp_finan512_scagr7-2c_rlfddd,3432,2000,50.67831563949585
1169,Degree,0.03262448310852051,vsp_finan512_scagr7-2c_rlfddd,3432,2000,50.67831563949585
1292,Degree,0.027890443801879883,vsp_finan512_scagr7-2c_rlfddd,3432,2000,50.67831563949585
1188,Degree,0.022090911865234375,vsp_finan512_scagr7-2c_rlfddd,3432,2000,50.67831563949585
1254,PageRank,0.029137134552001953,vsp_finan512_scagr7-2c_rlfddd,3432,2000,50.67831563949585
1435,PageRank,0.02095794677734375,vsp_finan512_scagr7-2c_rlfddd,3432,2000,50.67831563949585
1253,PageRank,0.015087604522705078,vsp_finan512_scagr7-2c_rlfddd,3432,2000,50.67831563949585
1179,PageRank,0.01659560203552246,vsp_finan512_scagr7-2c_rlfddd,3432,2000,50.67831563949585
1456,PageRank,0.02444601058959961,vsp_finan512_scagr7-2c_rlfddd,3432,2000,50.67831563949585
1275,PageRank,0.02433943748474121,vsp_finan512_scagr7-2c_rlfddd,3432,2000,50.67831563949585
1353,PageRank,0.01599264144897461,vsp_finan512_scagr7-2c_rlfddd,3432,2000,50.67831563949585
1298,PageRank,0.015755891799926758,vsp_finan512_scagr7-2c_rlfddd,3432,2000,50.67831563949585
1240,PageRank,0.040891170501708984,vsp_finan512_scagr7-2c_rlfddd,3432,2000,50.67831563949585
1258,PageRank,0.030421018600463867,vsp_finan512_scagr7-2c_rlfddd,3432,2000,50.67831563949585
1113,PageRank,0.02545928955078125,vsp_finan512_scagr7-2c_rlfddd,3432,2000,50.67831563949585
1215,PageRank,0.023571014404296875,vsp_finan512_scagr7-2c_rlfddd,3432,2000,50.67831563949585
1222,PageRank,0.026029348373413086,vsp_finan512_scagr7-2c_rlfddd,3432,2000,50.67831563949585
1198,PageRank,0.03300118446350098,vsp_finan512_scagr7-2c_rlfddd,3432,2000,50.67831563949585
1252,PageRank,0.05261945724487305,vsp_finan512_scagr7-2c_rlfddd,3432,2000,50.67831563949585
1247,Degree,0.031395673751831055,vsp_finan512_scagr7-2c_rlfddd,3432,2000,50.67831563949585
1587,Degree,0.03354024887084961,vsp_finan512_scagr7-2c_rlfddd,3432,2000,50.67831563949585
1296,Degree,0.014565229415893555,vsp_finan512_scagr7-2c_rlfddd,3432,2000,50.67831563949585
1466,Degree,0.026132822036743164,vsp_finan512_scagr7-2c_rlfddd,3432,2000,50.67831563949585
1484,Degree,0.033342838287353516,vsp_finan512_scagr7-2c_rlfddd,3432,2000,50.67831563949585
1323,Degree,0.016685009002685547,vsp_finan512_scagr7-2c_rlfddd,3432,2000,50.67831563949585
1302,Degree,0.024915218353271484,vsp_finan512_scagr7-2c_rlfddd,3432,2000,50.67831563949585
1472,Degree,0.039038658142089844,vsp_finan512_scagr7-2c_rlfddd,3432,2000,50.67831563949585
1483,Degree,0.03272819519042969,vsp_finan512_scagr7-2c_rlfddd,3432,2000,50.67831563949585
1343,Degree,0.017046689987182617,vsp_finan512_scagr7-2c_rlfddd,3432,2000,50.67831563949585
1522,Degree,0.03249955177307129,vsp_finan512_scagr7-2c_rlfddd,3432,2000,50.67831563949585
1320,Degree,0.04028820991516113,vsp_finan512_scagr7-2c_rlfddd,3432,2000,50.67831563949585
1320,Degree,0.03495621681213379,vsp_finan512_scagr7-2c_rlfddd,3432,2000,50.67831563949585
1533,Degree,0.032242774963378906,vsp_finan512_scagr7-2c_rlfddd,3432,2000,50.67831563949585
1160,Degree,0.016509056091308594,vsp_finan512_scagr7-2c_rlfddd,3432,2000,50.67831563949585
1275,Closeness,0.03807997703552246,vsp_finan512_scagr7-2c_rlfddd,3432,2000,50.67831563949585
1248,Closeness,0.03394031524658203,vsp_finan512_scagr7-2c_rlfddd,3432,2000,50.67831563949585
1185,Closeness,0.03794455528259277,vsp_finan512_scagr7-2c_rlfddd,3432,2000,50.67831563949585
1320,Closeness,0.03576087951660156,vsp_finan512_scagr7-2c_rlfddd,3432,2000,50.67831563949585
1278,Closeness,0.03432011604309082,vsp_finan512_scagr7-2c_rlfddd,3432,2000,50.67831563949585
1609,Closeness,0.0406346321105957,vsp_finan512_scagr7-2c_rlfddd,3432,2000,50.67831563949585
1136,Closeness,0.01858830451965332,vsp_finan512_scagr7-2c_rlfddd,3432,2000,50.67831563949585
1318,Closeness,0.027927637100219727,vsp_finan512_scagr7-2c_rlfddd,3432,2000,50.67831563949585
1248,Closeness,0.03737831115722656,vsp_finan512_scagr7-2c_rlfddd,3432,2000,50.67831563949585
1271,Closeness,0.04005932807922363,vsp_finan512_scagr7-2c_rlfddd,3432,2000,50.67831563949585
1590,Closeness,0.02551102638244629,vsp_finan512_scagr7-2c_rlfddd,3432,2000,50.67831563949585
1182,Closeness,0.01657581329345703,vsp_finan512_scagr7-2c_rlfddd,3432,2000,50.67831563949585
1132,Closeness,0.01703619956970215,vsp_finan512_scagr7-2c_rlfddd,3432,2000,50.67831563949585
1312,Closeness,0.02259540557861328,vsp_finan512_scagr7-2c_rlfddd,3432,2000,50.67831563949585
1580,Closeness,0.02407360076904297,vsp_finan512_scagr7-2c_rlfddd,3432,2000,50.67831563949585
1568,PageRank,0.029129981994628906,vsp_finan512_scagr7-2c_rlfddd,3432,2000,50.67831563949585
1234,PageRank,0.034401893615722656,vsp_finan512_scagr7-2c_rlfddd,3432,2000,50.67831563949585
1301,PageRank,0.03069448471069336,vsp_finan512_scagr7-2c_rlfddd,3432,2000,50.67831563949585
1308,PageRank,0.018392562866210938,vsp_finan512_scagr7-2c_rlfddd,3432,2000,50.67831563949585
1625,PageRank,0.5363335609436035,vsp_finan512_scagr7-2c_rlfddd,3432,2000,50.67831563949585
1256,PageRank,0.04073905944824219,vsp_finan512_scagr7-2c_rlfddd,3432,2000,50.67831563949585
1511,PageRank,0.030492544174194336,vsp_finan512_scagr7-2c_rlfddd,3432,2000,50.67831563949585
1346,PageRank,0.04476761817932129,vsp_finan512_scagr7-2c_rlfddd,3432,2000,50.67831563949585
1320,PageRank,0.03358101844787598,vsp_finan512_scagr7-2c_rlfddd,3432,2000,50.67831563949585
1356,PageRank,0.02628326416015625,vsp_finan512_scagr7-2c_rlfddd,3432,2000,50.67831563949585
1491,PageRank,0.01572895050048828,vsp_finan512_scagr7-2c_rlfddd,3432,2000,50.67831563949585
1514,PageRank,0.04121279716491699,vsp_finan512_scagr7-2c_rlfddd,3432,2000,50.67831563949585
1450,PageRank,0.03277754783630371,vsp_finan512_scagr7-2c_rlfddd,3432,2000,50.67831563949585
1579,PageRank,0.023625612258911133,vsp_finan512_scagr7-2c_rlfddd,3432,2000,50.67831563949585
1537,PageRank,0.04010653495788574,vsp_finan512_scagr7-2c_rlfddd,3432,2000,50.67831563949585
1373,Closeness,0.0384211540222168,vsp_finan512_scagr7-2c_rlfddd,3432,2000,50.67831563949585
1462,Closeness,0.02757406234741211,vsp_finan512_scagr7-2c_rlfddd,3432,2000,50.67831563949585
1213,Closeness,0.03393244743347168,vsp_finan512_scagr7-2c_rlfddd,3432,2000,50.67831563949585
1624,Closeness,0.02425551414489746,vsp_finan512_scagr7-2c_rlfddd,3432,2000,50.67831563949585
1300,Closeness,0.032796382904052734,vsp_finan512_scagr7-2c_rlfddd,3432,2000,50.67831563949585
1472,Closeness,0.012764453887939453,vsp_finan512_scagr7-2c_rlfddd,3432,2000,50.67831563949585
1243,Closeness,0.048198699951171875,vsp_finan512_scagr7-2c_rlfddd,3432,2000,50.67831563949585
1438,Closeness,0.022703170776367188,vsp_finan512_scagr7-2c_rlfddd,3432,2000,50.67831563949585
1500,Closeness,0.026487350463867188,vsp_finan512_scagr7-2c_rlfddd,3432,2000,50.67831563949585
1256,Closeness,0.024591684341430664,vsp_finan512_scagr7-2c_rlfddd,3432,2000,50.67831563949585
1543,Closeness,0.03429222106933594,vsp_finan512_scagr7-2c_rlfddd,3432,2000,50.67831563949585
1400,Closeness,0.0478973388671875,vsp_finan512_scagr7-2c_rlfddd,3432,2000,50.67831563949585
1260,Closeness,0.07508134841918945,vsp_finan512_scagr7-2c_rlfddd,3432,2000,50.67831563949585
1232,Closeness,0.04598426818847656,vsp_finan512_scagr7-2c_rlfddd,3432,2000,50.67831563949585
1285,Closeness,0.02504730224609375,vsp_finan512_scagr7-2c_rlfddd,3432,2000,50.67831563949585
1289,Closeness,0.03944277763366699,vsp_finan512_scagr7-2c_rlfddd,3432,2000,50.67831563949585
1072,Closeness,0.027798175811767578,vsp_finan512_scagr7-2c_rlfddd,3432,2000,50.67831563949585
1244,Closeness,0.030429601669311523,vsp_finan512_scagr7-2c_rlfddd,3432,2000,50.67831563949585
1043,Closeness,0.023952007293701172,vsp_finan512_scagr7-2c_rlfddd,3432,2000,50.67831563949585
1083,Closeness,0.04033327102661133,vsp_finan512_scagr7-2c_rlfddd,3432,2000,50.67831563949585
1475,Closeness,0.04044985771179199,vsp_finan512_scagr7-2c_rlfddd,3432,2000,50.67831563949585
1251,Closeness,0.033287763595581055,vsp_finan512_scagr7-2c_rlfddd,3432,2000,50.67831563949585
1302,Closeness,0.02396249771118164,vsp_finan512_scagr7-2c_rlfddd,3432,2000,50.67831563949585
1482,Closeness,0.01593780517578125,vsp_finan512_scagr7-2c_rlfddd,3432,2000,50.67831563949585
1291,Closeness,0.03877067565917969,vsp_finan512_scagr7-2c_rlfddd,3432,2000,50.67831563949585
1181,Closeness,0.0223691463470459,vsp_finan512_scagr7-2c_rlfddd,3432,2000,50.67831563949585
1121,Closeness,0.03226113319396973,vsp_finan512_scagr7-2c_rlfddd,3432,2000,50.67831563949585
1208,Closeness,0.021289348602294922,vsp_finan512_scagr7-2c_rlfddd,3432,2000,50.67831563949585
1171,Closeness,0.02154254913330078,vsp_finan512_scagr7-2c_rlfddd,3432,2000,50.67831563949585
1682,Closeness,0.03733992576599121,vsp_finan512_scagr7-2c_rlfddd,3432,2000,50.67831563949585
1145,Eigenvector,0.020648717880249023,vsp_finan512_scagr7-2c_rlfddd,3432,2000,50.67831563949585
1298,Eigenvector,0.033447980880737305,vsp_finan512_scagr7-2c_rlfddd,3432,2000,50.67831563949585
1209,Eigenvector,0.028811931610107422,vsp_finan512_scagr7-2c_rlfddd,3432,2000,50.67831563949585
1140,Eigenvector,0.01570725440979004,vsp_finan512_scagr7-2c_rlfddd,3432,2000,50.67831563949585
1309,Eigenvector,0.024175405502319336,vsp_finan512_scagr7-2c_rlfddd,3432,2000,50.67831563949585
1481,Eigenvector,0.02359795570373535,vsp_finan512_scagr7-2c_rlfddd,3432,2000,50.67831563949585
1608,Eigenvector,0.033699750900268555,vsp_finan512_scagr7-2c_rlfddd,3432,2000,50.67831563949585
1620,Eigenvector,0.03817272186279297,vsp_finan512_scagr7-2c_rlfddd,3432,2000,50.67831563949585
1738,Eigenvector,0.03267836570739746,vsp_finan512_scagr7-2c_rlfddd,3432,2000,50.67831563949585
1518,Eigenvector,0.04141116142272949,vsp_finan512_scagr7-2c_rlfddd,3432,2000,50.67831563949585
1537,Eigenvector,0.024740219116210938,vsp_finan512_scagr7-2c_rlfddd,3432,2000,50.67831563949585
1277,Eigenvector,0.02376842498779297,vsp_finan512_scagr7-2c_rlfddd,3432,2000,50.67831563949585
1297,Eigenvector,0.41648197174072266,vsp_finan512_scagr7-2c_rlfddd,3432,2000,50.67831563949585
1288,Eigenvector,0.023540258407592773,vsp_finan512_scagr7-2c_rlfddd,3432,2000,50.67831563949585
1286,Eigenvector,0.031032800674438477,vsp_finan512_scagr7-2c_rlfddd,3432,2000,50.67831563949585
1289,Eigenvector,0.0397493839263916,vsp_finan512_scagr7-2c_rlfddd,3432,2000,50.67831563949585
1273,Eigenvector,0.02338695526123047,vsp_finan512_scagr7-2c_rlfddd,3432,2000,50.67831563949585
1289,Eigenvector,0.025726795196533203,vsp_finan512_scagr7-2c_rlfddd,3432,2000,50.67831563949585
1190,Eigenvector,0.022925853729248047,vsp_finan512_scagr7-2c_rlfddd,3432,2000,50.67831563949585
1200,Eigenvector,0.49417543411254883,vsp_finan512_scagr7-2c_rlfddd,3432,2000,50.67831563949585
1449,Eigenvector,0.03891468048095703,vsp_finan512_scagr7-2c_rlfddd,3432,2000,50.67831563949585
1615,Eigenvector,0.04484844207763672,vsp_finan512_scagr7-2c_rlfddd,3432,2000,50.67831563949585
1872,Eigenvector,0.022154808044433594,vsp_finan512_scagr7-2c_rlfddd,3432,2000,50.67831563949585
1287,Eigenvector,0.01832103729248047,vsp_finan512_scagr7-2c_rlfddd,3432,2000,50.67831563949585
1224,Eigenvector,0.0363154411315918,vsp_finan512_scagr7-2c_rlfddd,3432,2000,50.67831563949585
1242,Eigenvector,0.031028270721435547,vsp_finan512_scagr7-2c_rlfddd,3432,2000,50.67831563949585
1283,Eigenvector,0.033347368240356445,vsp_finan512_scagr7-2c_rlfddd,3432,2000,50.67831563949585
1241,Eigenvector,0.025068998336791992,vsp_finan512_scagr7-2c_rlfddd,3432,2000,50.67831563949585
1040,Eigenvector,0.03796982765197754,vsp_finan512_scagr7-2c_rlfddd,3432,2000,50.67831563949585
1251,Eigenvector,0.009735345840454102,vsp_finan512_scagr7-2c_rlfddd,3432,2000,50.67831563949585
1198,Betweenness,0.02723550796508789,vsp_finan512_scagr7-2c_rlfddd,3432,2000,50.67831563949585
1310,Betweenness,0.028822660446166992,vsp_finan512_scagr7-2c_rlfddd,3432,2000,50.67831563949585
1081,Betweenness,0.03428220748901367,vsp_finan512_scagr7-2c_rlfddd,3432,2000,50.67831563949585
1333,Betweenness,0.03244280815124512,vsp_finan512_scagr7-2c_rlfddd,3432,2000,50.67831563949585
1117,Betweenness,0.03397989273071289,vsp_finan512_scagr7-2c_rlfddd,3432,2000,50.67831563949585
1084,Betweenness,0.03701949119567871,vsp_finan512_scagr7-2c_rlfddd,3432,2000,50.67831563949585
1195,Betweenness,0.03431415557861328,vsp_finan512_scagr7-2c_rlfddd,3432,2000,50.67831563949585
1263,Betweenness,0.04006695747375488,vsp_finan512_scagr7-2c_rlfddd,3432,2000,50.67831563949585
1677,Betweenness,0.0329744815826416,vsp_finan512_scagr7-2c_rlfddd,3432,2000,50.67831563949585
1241,Betweenness,0.03374481201171875,vsp_finan512_scagr7-2c_rlfddd,3432,2000,50.67831563949585
1228,Betweenness,0.024988651275634766,vsp_finan512_scagr7-2c_rlfddd,3432,2000,50.67831563949585
1263,Betweenness,0.03339958190917969,vsp_finan512_scagr7-2c_rlfddd,3432,2000,50.67831563949585
1975,Betweenness,0.02995610237121582,vsp_finan512_scagr7-2c_rlfddd,3432,2000,50.67831563949585
1195,Betweenness,0.03821086883544922,vsp_finan512_scagr7-2c_rlfddd,3432,2000,50.67831563949585
1634,Betweenness,0.03345012664794922,vsp_finan512_scagr7-2c_rlfddd,3432,2000,50.67831563949585
1206,Betweenness,0.04203510284423828,vsp_finan512_scagr7-2c_rlfddd,3432,2000,50.67831563949585
1480,Betweenness,0.03619074821472168,vsp_finan512_scagr7-2c_rlfddd,3432,2000,50.67831563949585
1197,Betweenness,0.036902666091918945,vsp_finan512_scagr7-2c_rlfddd,3432,2000,50.67831563949585
1241,Betweenness,0.03308248519897461,vsp_finan512_scagr7-2c_rlfddd,3432,2000,50.67831563949585
1203,Betweenness,0.015525102615356445,vsp_finan512_scagr7-2c_rlfddd,3432,2000,50.67831563949585
1277,Betweenness,0.02477860450744629,vsp_finan512_scagr7-2c_rlfddd,3432,2000,50.67831563949585
1229,Betweenness,0.025146484375,vsp_finan512_scagr7-2c_rlfddd,3432,2000,50.67831563949585
1051,Betweenness,0.02559375762939453,vsp_finan512_scagr7-2c_rlfddd,3432,2000,50.67831563949585
1165,Betweenness,0.039134979248046875,vsp_finan512_scagr7-2c_rlfddd,3432,2000,50.67831563949585
1113,Betweenness,0.03999590873718262,vsp_finan512_scagr7-2c_rlfddd,3432,2000,50.67831563949585
1659,Betweenness,0.017887115478515625,vsp_finan512_scagr7-2c_rlfddd,3432,2000,50.67831563949585
1244,Betweenness,0.02332329750061035,vsp_finan512_scagr7-2c_rlfddd,3432,2000,50.67831563949585
1247,Betweenness,0.02659440040588379,vsp_finan512_scagr7-2c_rlfddd,3432,2000,50.67831563949585
1334,Betweenness,0.0331273078918457,vsp_finan512_scagr7-2c_rlfddd,3432,2000,50.67831563949585
1319,Betweenness,0.46231651306152344,vsp_finan512_scagr7-2c_rlfddd,3432,2000,50.67831563949585
1208,Betweenness,0.04580211639404297,vsp_finan512_scagr7-2c_rlfddd,3432,2000,50.67831563949585
1209,Betweenness,0.03734564781188965,vsp_finan512_scagr7-2c_rlfddd,3432,2000,50.67831563949585
1195,Betweenness,0.03379178047180176,vsp_finan512_scagr7-2c_rlfddd,3432,2000,50.67831563949585
1155,Betweenness,0.019180774688720703,vsp_finan512_scagr7-2c_rlfddd,3432,2000,50.67831563949585
1276,Betweenness,0.022843122482299805,vsp_finan512_scagr7-2c_rlfddd,3432,2000,50.67831563949585
1227,Betweenness,0.04369664192199707,vsp_finan512_scagr7-2c_rlfddd,3432,2000,50.67831563949585
1200,Betweenness,0.052846431732177734,vsp_finan512_scagr7-2c_rlfddd,3432,2000,50.67831563949585
1235,Betweenness,0.03282308578491211,vsp_finan512_scagr7-2c_rlfddd,3432,2000,50.67831563949585
1291,Betweenness,0.024455785751342773,vsp_finan512_scagr7-2c_rlfddd,3432,2000,50.67831563949585
1245,Betweenness,0.024257898330688477,vsp_finan512_scagr7-2c_rlfddd,3432,2000,50.67831563949585
1177,Betweenness,0.0230257511138916,vsp_finan512_scagr7-2c_rlfddd,3432,2000,50.67831563949585
1228,Betweenness,0.0330960750579834,vsp_finan512_scagr7-2c_rlfddd,3432,2000,50.67831563949585
1302,Betweenness,0.0432279109954834,vsp_finan512_scagr7-2c_rlfddd,3432,2000,50.67831563949585
1620,Betweenness,0.029236555099487305,vsp_finan512_scagr7-2c_rlfddd,3432,2000,50.67831563949585
1221,Betweenness,0.033609867095947266,vsp_finan512_scagr7-2c_rlfddd,3432,2000,50.67831563949585
1291,Closeness,0.04015946388244629,vsp_finan512_scagr7-2c_rlfddd,3432,2000,50.67831563949585
1256,Closeness,0.03632974624633789,vsp_finan512_scagr7-2c_rlfddd,3432,2000,50.67831563949585
1272,Closeness,0.027402877807617188,vsp_finan512_scagr7-2c_rlfddd,3432,2000,50.67831563949585
1226,Closeness,0.030989408493041992,vsp_finan512_scagr7-2c_rlfddd,3432,2000,50.67831563949585
1267,Closeness,0.024863004684448242,vsp_finan512_scagr7-2c_rlfddd,3432,2000,50.67831563949585
1566,Closeness,0.02481365203857422,vsp_finan512_scagr7-2c_rlfddd,3432,2000,50.67831563949585
1532,Closeness,0.01291799545288086,vsp_finan512_scagr7-2c_rlfddd,3432,2000,50.67831563949585
1542,Closeness,0.03290748596191406,vsp_finan512_scagr7-2c_rlfddd,3432,2000,50.67831563949585
1649,Closeness,0.4948585033416748,vsp_finan512_scagr7-2c_rlfddd,3432,2000,50.67831563949585
1268,Closeness,0.01600813865661621,vsp_finan512_scagr7-2c_rlfddd,3432,2000,50.67831563949585
1318,Closeness,0.0291287899017334,vsp_finan512_scagr7-2c_rlfddd,3432,2000,50.67831563949585
1888,Closeness,0.023712635040283203,vsp_finan512_scagr7-2c_rlfddd,3432,2000,50.67831563949585
1229,Closeness,0.01714158058166504,vsp_finan512_scagr7-2c_rlfddd,3432,2000,50.67831563949585
1461,Closeness,0.026145219802856445,vsp_finan512_scagr7-2c_rlfddd,3432,2000,50.67831563949585
1334,Closeness,0.02185821533203125,vsp_finan512_scagr7-2c_rlfddd,3432,2000,50.67831563949585
1649,Betweenness,0.024095773696899414,vsp_finan512_scagr7-2c_rlfddd,3432,2000,50.67831563949585
1336,Betweenness,0.025941133499145508,vsp_finan512_scagr7-2c_rlfddd,3432,2000,50.67831563949585
1233,Betweenness,0.025759458541870117,vsp_finan512_scagr7-2c_rlfddd,3432,2000,50.67831563949585
1180,Betweenness,0.03676271438598633,vsp_finan512_scagr7-2c_rlfddd,3432,2000,50.67831563949585
1310,Betweenness,0.47710347175598145,vsp_finan512_scagr7-2c_rlfddd,3432,2000,50.67831563949585
1260,Betweenness,0.024814844131469727,vsp_finan512_scagr7-2c_rlfddd,3432,2000,50.67831563949585
1218,Betweenness,0.03324389457702637,vsp_finan512_scagr7-2c_rlfddd,3432,2000,50.67831563949585
1182,Betweenness,0.04485273361206055,vsp_finan512_scagr7-2c_rlfddd,3432,2000,50.67831563949585
1297,Betweenness,0.03900265693664551,vsp_finan512_scagr7-2c_rlfddd,3432,2000,50.67831563949585
1978,Betweenness,0.039394378662109375,vsp_finan512_scagr7-2c_rlfddd,3432,2000,50.67831563949585
1252,Betweenness,0.024854183197021484,vsp_finan512_scagr7-2c_rlfddd,3432,2000,50.67831563949585
1432,Betweenness,0.03285384178161621,vsp_finan512_scagr7-2c_rlfddd,3432,2000,50.67831563949585
1187,Betweenness,0.0240323543548584,vsp_finan512_scagr7-2c_rlfddd,3432,2000,50.67831563949585
1315,Betweenness,0.031804800033569336,vsp_finan512_scagr7-2c_rlfddd,3432,2000,50.67831563949585
1066,Betweenness,0.017913103103637695,vsp_finan512_scagr7-2c_rlfddd,3432,2000,50.67831563949585
1622,Betweenness,0.5310111045837402,vsp_finan512_scagr7-2c_rlfddd,3432,2000,50.67831563949585
1185,Betweenness,0.03966069221496582,vsp_finan512_scagr7-2c_rlfddd,3432,2000,50.67831563949585
1168,Betweenness,0.030670642852783203,vsp_finan512_scagr7-2c_rlfddd,3432,2000,50.67831563949585
1203,Betweenness,0.016996383666992188,vsp_finan512_scagr7-2c_rlfddd,3432,2000,50.67831563949585
1380,Betweenness,0.027141571044921875,vsp_finan512_scagr7-2c_rlfddd,3432,2000,50.67831563949585
1991,Betweenness,0.03751707077026367,vsp_finan512_scagr7-2c_rlfddd,3432,2000,50.67831563949585
1331,Betweenness,0.04167008399963379,vsp_finan512_scagr7-2c_rlfddd,3432,2000,50.67831563949585
1988,Betweenness,0.03243756294250488,vsp_finan512_scagr7-2c_rlfddd,3432,2000,50.67831563949585
1189,Betweenness,0.024544477462768555,vsp_finan512_scagr7-2c_rlfddd,3432,2000,50.67831563949585
1368,Betweenness,0.01582789421081543,vsp_finan512_scagr7-2c_rlfddd,3432,2000,50.67831563949585
1295,Betweenness,0.03751993179321289,vsp_finan512_scagr7-2c_rlfddd,3432,2000,50.67831563949585
1258,Betweenness,0.02520608901977539,vsp_finan512_scagr7-2c_rlfddd,3432,2000,50.67831563949585
1318,Betweenness,0.02070450782775879,vsp_finan512_scagr7-2c_rlfddd,3432,2000,50.67831563949585
1231,Betweenness,0.05481863021850586,vsp_finan512_scagr7-2c_rlfddd,3432,2000,50.67831563949585
1193,Betweenness,0.042925119400024414,vsp_finan512_scagr7-2c_rlfddd,3432,2000,50.67831563949585
1566,Degree,0.6008455753326416,vsp_finan512_scagr7-2c_rlfddd,3432,2000,50.67831563949585
1228,Degree,0.025092124938964844,vsp_finan512_scagr7-2c_rlfddd,3432,2000,50.67831563949585
1559,Degree,0.0430445671081543,vsp_finan512_scagr7-2c_rlfddd,3432,2000,50.67831563949585
1224,Degree,0.04072093963623047,vsp_finan512_scagr7-2c_rlfddd,3432,2000,50.67831563949585
1150,Degree,0.03364896774291992,vsp_finan512_scagr7-2c_rlfddd,3432,2000,50.67831563949585
1626,Degree,0.017160892486572266,vsp_finan512_scagr7-2c_rlfddd,3432,2000,50.67831563949585
1235,Degree,0.016259431838989258,vsp_finan512_scagr7-2c_rlfddd,3432,2000,50.67831563949585
1657,Degree,0.036041259765625,vsp_finan512_scagr7-2c_rlfddd,3432,2000,50.67831563949585
1285,Degree,0.04108786582946777,vsp_finan512_scagr7-2c_rlfddd,3432,2000,50.67831563949585
1283,Degree,0.03345012664794922,vsp_finan512_scagr7-2c_rlfddd,3432,2000,50.67831563949585
1233,Degree,0.04122734069824219,vsp_finan512_scagr7-2c_rlfddd,3432,2000,50.67831563949585
1396,Degree,0.03161978721618652,vsp_finan512_scagr7-2c_rlfddd,3432,2000,50.67831563949585
1192,Degree,0.03430819511413574,vsp_finan512_scagr7-2c_rlfddd,3432,2000,50.67831563949585
1296,Degree,0.03289914131164551,vsp_finan512_scagr7-2c_rlfddd,3432,2000,50.67831563949585
1875,Degree,0.0366206169128418,vsp_finan512_scagr7-2c_rlfddd,3432,2000,50.67831563949585
1227,Katz Centrality,0.03700971603393555,vsp_finan512_scagr7-2c_rlfddd,3432,2000,50.67831563949585
1452,Katz Centrality,0.03148531913757324,vsp_finan512_scagr7-2c_rlfddd,3432,2000,50.67831563949585
1338,Katz Centrality,0.031250715255737305,vsp_finan512_scagr7-2c_rlfddd,3432,2000,50.67831563949585
1253,Katz Centrality,0.03691267967224121,vsp_finan512_scagr7-2c_rlfddd,3432,2000,50.67831563949585
1773,Katz Centrality,0.04273343086242676,vsp_finan512_scagr7-2c_rlfddd,3432,2000,50.67831563949585
1388,Katz Centrality,0.01419830322265625,vsp_finan512_scagr7-2c_rlfddd,3432,2000,50.67831563949585
1875,Katz Centrality,0.03350472450256348,vsp_finan512_scagr7-2c_rlfddd,3432,2000,50.67831563949585
1259,Katz Centrality,0.024463891983032227,vsp_finan512_scagr7-2c_rlfddd,3432,2000,50.67831563949585
1861,Katz Centrality,0.02419877052307129,vsp_finan512_scagr7-2c_rlfddd,3432,2000,50.67831563949585
1438,Katz Centrality,0.023874521255493164,vsp_finan512_scagr7-2c_rlfddd,3432,2000,50.67831563949585
1537,Katz Centrality,0.039031267166137695,vsp_finan512_scagr7-2c_rlfddd,3432,2000,50.67831563949585
1196,Katz Centrality,0.0167696475982666,vsp_finan512_scagr7-2c_rlfddd,3432,2000,50.67831563949585
1243,Katz Centrality,0.030272722244262695,vsp_finan512_scagr7-2c_rlfddd,3432,2000,50.67831563949585
1362,Katz Centrality,0.023810863494873047,vsp_finan512_scagr7-2c_rlfddd,3432,2000,50.67831563949585
1507,Katz Centrality,0.020458698272705078,vsp_finan512_scagr7-2c_rlfddd,3432,2000,50.67831563949585
1317,Harmonic Centrality,0.02951812744140625,vsp_finan512_scagr7-2c_rlfddd,3432,2000,50.67831563949585
1615,Harmonic Centrality,0.027030229568481445,vsp_finan512_scagr7-2c_rlfddd,3432,2000,50.67831563949585
1464,Harmonic Centrality,0.034587860107421875,vsp_finan512_scagr7-2c_rlfddd,3432,2000,50.67831563949585
1372,Harmonic Centrality,0.016021728515625,vsp_finan512_scagr7-2c_rlfddd,3432,2000,50.67831563949585
1316,Harmonic Centrality,0.026970863342285156,vsp_finan512_scagr7-2c_rlfddd,3432,2000,50.67831563949585
1214,Harmonic Centrality,0.016263723373413086,vsp_finan512_scagr7-2c_rlfddd,3432,2000,50.67831563949585
1198,Harmonic Centrality,0.03630709648132324,vsp_finan512_scagr7-2c_rlfddd,3432,2000,50.67831563949585
1554,Harmonic Centrality,0.023633241653442383,vsp_finan512_scagr7-2c_rlfddd,3432,2000,50.67831563949585
1887,Harmonic Centrality,0.04030323028564453,vsp_finan512_scagr7-2c_rlfddd,3432,2000,50.67831563949585
1348,Harmonic Centrality,0.03598928451538086,vsp_finan512_scagr7-2c_rlfddd,3432,2000,50.67831563949585
1230,Harmonic Centrality,0.03152322769165039,vsp_finan512_scagr7-2c_rlfddd,3432,2000,50.67831563949585
1173,Harmonic Centrality,0.04172968864440918,vsp_finan512_scagr7-2c_rlfddd,3432,2000,50.67831563949585
1306,Harmonic Centrality,0.5436289310455322,vsp_finan512_scagr7-2c_rlfddd,3432,2000,50.67831563949585
1107,Harmonic Centrality,0.0207672119140625,vsp_finan512_scagr7-2c_rlfddd,3432,2000,50.67831563949585
1293,Harmonic Centrality,0.029247045516967773,vsp_finan512_scagr7-2c_rlfddd,3432,2000,50.67831563949585
1535,Harmonic Centrality,0.04820966720581055,vsp_finan512_scagr7-2c_rlfddd,3432,2000,50.67831563949585
1267,Harmonic Centrality,0.036763906478881836,vsp_finan512_scagr7-2c_rlfddd,3432,2000,50.67831563949585
1252,Harmonic Centrality,0.034327030181884766,vsp_finan512_scagr7-2c_rlfddd,3432,2000,50.67831563949585
1282,Harmonic Centrality,0.022598743438720703,vsp_finan512_scagr7-2c_rlfddd,3432,2000,50.67831563949585
1316,Harmonic Centrality,0.02361321449279785,vsp_finan512_scagr7-2c_rlfddd,3432,2000,50.67831563949585
1444,Harmonic Centrality,0.04801511764526367,vsp_finan512_scagr7-2c_rlfddd,3432,2000,50.67831563949585
1172,Harmonic Centrality,0.025281429290771484,vsp_finan512_scagr7-2c_rlfddd,3432,2000,50.67831563949585
1300,Harmonic Centrality,0.024143218994140625,vsp_finan512_scagr7-2c_rlfddd,3432,2000,50.67831563949585
1312,Harmonic Centrality,0.024445295333862305,vsp_finan512_scagr7-2c_rlfddd,3432,2000,50.67831563949585
1303,Harmonic Centrality,0.017161130905151367,vsp_finan512_scagr7-2c_rlfddd,3432,2000,50.67831563949585
1144,Harmonic Centrality,0.02035212516784668,vsp_finan512_scagr7-2c_rlfddd,3432,2000,50.67831563949585
1180,Harmonic Centrality,0.026659250259399414,vsp_finan512_scagr7-2c_rlfddd,3432,2000,50.67831563949585
1307,Harmonic Centrality,0.030670881271362305,vsp_finan512_scagr7-2c_rlfddd,3432,2000,50.67831563949585
1618,Harmonic Centrality,0.04168295860290527,vsp_finan512_scagr7-2c_rlfddd,3432,2000,50.67831563949585
1349,Harmonic Centrality,0.03064584732055664,vsp_finan512_scagr7-2c_rlfddd,3432,2000,50.67831563949585
1195,Katz Centrality,0.04000997543334961,vsp_finan512_scagr7-2c_rlfddd,3432,2000,50.67831563949585
1274,Katz Centrality,0.03679800033569336,vsp_finan512_scagr7-2c_rlfddd,3432,2000,50.67831563949585
1320,Katz Centrality,0.031217336654663086,vsp_finan512_scagr7-2c_rlfddd,3432,2000,50.67831563949585
1534,Katz Centrality,0.02791309356689453,vsp_finan512_scagr7-2c_rlfddd,3432,2000,50.67831563949585
1485,Katz Centrality,0.03230166435241699,vsp_finan512_scagr7-2c_rlfddd,3432,2000,50.67831563949585
1169,Katz Centrality,0.0193784236907959,vsp_finan512_scagr7-2c_rlfddd,3432,2000,50.67831563949585
1565,Katz Centrality,0.04122281074523926,vsp_finan512_scagr7-2c_rlfddd,3432,2000,50.67831563949585
1306,Katz Centrality,0.03542757034301758,vsp_finan512_scagr7-2c_rlfddd,3432,2000,50.67831563949585
1398,Katz Centrality,0.017492294311523438,vsp_finan512_scagr7-2c_rlfddd,3432,2000,50.67831563949585
1491,Katz Centrality,0.023865699768066406,vsp_finan512_scagr7-2c_rlfddd,3432,2000,50.67831563949585
1177,Katz Centrality,0.03360462188720703,vsp_finan512_scagr7-2c_rlfddd,3432,2000,50.67831563949585
1431,Katz Centrality,0.022675514221191406,vsp_finan512_scagr7-2c_rlfddd,3432,2000,50.67831563949585
1193,Katz Centrality,0.024385690689086914,vsp_finan512_scagr7-2c_rlfddd,3432,2000,50.67831563949585
1570,Katz Centrality,0.024110078811645508,vsp_finan512_scagr7-2c_rlfddd,3432,2000,50.67831563949585
1314,Katz Centrality,0.023810148239135742,vsp_finan512_scagr7-2c_rlfddd,3432,2000,50.67831563949585
1319,Eigenvector,0.03358030319213867,vsp_finan512_scagr7-2c_rlfddd,3432,2000,50.67831563949585
1242,Eigenvector,0.06768178939819336,vsp_finan512_scagr7-2c_rlfddd,3432,2000,50.67831563949585
1492,Eigenvector,0.12552928924560547,vsp_finan512_scagr7-2c_rlfddd,3432,2000,50.67831563949585
1184,Eigenvector,0.06815886497497559,vsp_finan512_scagr7-2c_rlfddd,3432,2000,50.67831563949585
1250,Eigenvector,0.023020267486572266,vsp_finan512_scagr7-2c_rlfddd,3432,2000,50.67831563949585
1269,Eigenvector,0.04465961456298828,vsp_finan512_scagr7-2c_rlfddd,3432,2000,50.67831563949585
1409,Eigenvector,0.03740525245666504,vsp_finan512_scagr7-2c_rlfddd,3432,2000,50.67831563949585
1584,Eigenvector,0.04825448989868164,vsp_finan512_scagr7-2c_rlfddd,3432,2000,50.67831563949585
1196,Eigenvector,0.0597538948059082,vsp_finan512_scagr7-2c_rlfddd,3432,2000,50.67831563949585
1456,Eigenvector,0.03157758712768555,vsp_finan512_scagr7-2c_rlfddd,3432,2000,50.67831563949585
1153,Eigenvector,0.0329740047454834,vsp_finan512_scagr7-2c_rlfddd,3432,2000,50.67831563949585
1311,Eigenvector,0.024324417114257812,vsp_finan512_scagr7-2c_rlfddd,3432,2000,50.67831563949585
1250,Eigenvector,0.025791406631469727,vsp_finan512_scagr7-2c_rlfddd,3432,2000,50.67831563949585
1498,Eigenvector,0.017217159271240234,vsp_finan512_scagr7-2c_rlfddd,3432,2000,50.67831563949585
1481,Eigenvector,0.026637554168701172,vsp_finan512_scagr7-2c_rlfddd,3432,2000,50.67831563949585
1077,Degree,0.03452563285827637,vsp_finan512_scagr7-2c_rlfddd,3432,2000,50.67831563949585
1278,Degree,0.04079937934875488,vsp_finan512_scagr7-2c_rlfddd,3432,2000,50.67831563949585
1843,Degree,0.03278994560241699,vsp_finan512_scagr7-2c_rlfddd,3432,2000,50.67831563949585
1281,Degree,0.031424522399902344,vsp_finan512_scagr7-2c_rlfddd,3432,2000,50.67831563949585
1290,Degree,0.027813434600830078,vsp_finan512_scagr7-2c_rlfddd,3432,2000,50.67831563949585
1259,Degree,0.029247522354125977,vsp_finan512_scagr7-2c_rlfddd,3432,2000,50.67831563949585
1212,Degree,0.03267407417297363,vsp_finan512_scagr7-2c_rlfddd,3432,2000,50.67831563949585
1221,Degree,0.037761688232421875,vsp_finan512_scagr7-2c_rlfddd,3432,2000,50.67831563949585
1260,Degree,0.03423166275024414,vsp_finan512_scagr7-2c_rlfddd,3432,2000,50.67831563949585
1221,Degree,0.028130531311035156,vsp_finan512_scagr7-2c_rlfddd,3432,2000,50.67831563949585
1307,Degree,0.026683330535888672,vsp_finan512_scagr7-2c_rlfddd,3432,2000,50.67831563949585
1265,Degree,0.03161978721618652,vsp_finan512_scagr7-2c_rlfddd,3432,2000,50.67831563949585
1472,Degree,0.032636404037475586,vsp_finan512_scagr7-2c_rlfddd,3432,2000,50.67831563949585
1199,Degree,0.024446487426757812,vsp_finan512_scagr7-2c_rlfddd,3432,2000,50.67831563949585
1364,Degree,0.031835317611694336,vsp_finan512_scagr7-2c_rlfddd,3432,2000,50.67831563949585
1199,Degree,0.0356142520904541,vsp_finan512_scagr7-2c_rlfddd,3432,2000,50.67831563949585
1211,Degree,0.02990269660949707,vsp_finan512_scagr7-2c_rlfddd,3432,2000,50.67831563949585
1575,Degree,0.033865928649902344,vsp_finan512_scagr7-2c_rlfddd,3432,2000,50.67831563949585
1113,Degree,0.03200697898864746,vsp_finan512_scagr7-2c_rlfddd,3432,2000,50.67831563949585
1409,Degree,0.0124664306640625,vsp_finan512_scagr7-2c_rlfddd,3432,2000,50.67831563949585
1499,Degree,0.5070395469665527,vsp_finan512_scagr7-2c_rlfddd,3432,2000,50.67831563949585
1306,Degree,0.026222705841064453,vsp_finan512_scagr7-2c_rlfddd,3432,2000,50.67831563949585
1435,Degree,0.04495644569396973,vsp_finan512_scagr7-2c_rlfddd,3432,2000,50.67831563949585
1228,Degree,0.05026364326477051,vsp_finan512_scagr7-2c_rlfddd,3432,2000,50.67831563949585
1244,Degree,0.017068147659301758,vsp_finan512_scagr7-2c_rlfddd,3432,2000,50.67831563949585
1980,Degree,0.016253232955932617,vsp_finan512_scagr7-2c_rlfddd,3432,2000,50.67831563949585
1167,Degree,0.016575098037719727,vsp_finan512_scagr7-2c_rlfddd,3432,2000,50.67831563949585
1282,Degree,0.026548147201538086,vsp_finan512_scagr7-2c_rlfddd,3432,2000,50.67831563949585
1124,Degree,0.03370928764343262,vsp_finan512_scagr7-2c_rlfddd,3432,2000,50.67831563949585
1361,Degree,0.46480560302734375,vsp_finan512_scagr7-2c_rlfddd,3432,2000,50.67831563949585
1109,Betweenness,0.03910684585571289,vsp_finan512_scagr7-2c_rlfddd,3432,2000,50.67831563949585
1198,Betweenness,0.03711962699890137,vsp_finan512_scagr7-2c_rlfddd,3432,2000,50.67831563949585
1231,Betweenness,0.03513669967651367,vsp_finan512_scagr7-2c_rlfddd,3432,2000,50.67831563949585
1157,Betweenness,0.030749082565307617,vsp_finan512_scagr7-2c_rlfddd,3432,2000,50.67831563949585
1593,Betweenness,0.03277397155761719,vsp_finan512_scagr7-2c_rlfddd,3432,2000,50.67831563949585
1143,Betweenness,0.023279905319213867,vsp_finan512_scagr7-2c_rlfddd,3432,2000,50.67831563949585
1251,Betweenness,0.01592731475830078,vsp_finan512_scagr7-2c_rlfddd,3432,2000,50.67831563949585
1330,Betweenness,0.03751420974731445,vsp_finan512_scagr7-2c_rlfddd,3432,2000,50.67831563949585
1076,Betweenness,0.043672800064086914,vsp_finan512_scagr7-2c_rlfddd,3432,2000,50.67831563949585
1301,Betweenness,0.015239715576171875,vsp_finan512_scagr7-2c_rlfddd,3432,2000,50.67831563949585
1238,Betweenness,0.0333857536315918,vsp_finan512_scagr7-2c_rlfddd,3432,2000,50.67831563949585
1232,Betweenness,0.017034292221069336,vsp_finan512_scagr7-2c_rlfddd,3432,2000,50.67831563949585
1216,Betweenness,0.0394434928894043,vsp_finan512_scagr7-2c_rlfddd,3432,2000,50.67831563949585
1557,Betweenness,0.0362544059753418,vsp_finan512_scagr7-2c_rlfddd,3432,2000,50.67831563949585
1232,Betweenness,0.03238630294799805,vsp_finan512_scagr7-2c_rlfddd,3432,2000,50.67831563949585
1306,Closeness,0.042992591857910156,vsp_finan512_scagr7-2c_rlfddd,3432,2000,50.67831563949585
1512,Closeness,0.02311110496520996,vsp_finan512_scagr7-2c_rlfddd,3432,2000,50.67831563949585
1223,Closeness,0.029562950134277344,vsp_finan512_scagr7-2c_rlfddd,3432,2000,50.67831563949585
1320,Closeness,0.024869441986083984,vsp_finan512_scagr7-2c_rlfddd,3432,2000,50.67831563949585
1293,Closeness,0.023044824600219727,vsp_finan512_scagr7-2c_rlfddd,3432,2000,50.67831563949585
1903,Closeness,0.03226613998413086,vsp_finan512_scagr7-2c_rlfddd,3432,2000,50.67831563949585
1561,Closeness,0.0330653190612793,vsp_finan512_scagr7-2c_rlfddd,3432,2000,50.67831563949585
1507,Closeness,0.023446083068847656,vsp_finan512_scagr7-2c_rlfddd,3432,2000,50.67831563949585
1630,Closeness,0.031793832778930664,vsp_finan512_scagr7-2c_rlfddd,3432,2000,50.67831563949585
1130,Closeness,0.024245262145996094,vsp_finan512_scagr7-2c_rlfddd,3432,2000,50.67831563949585
1614,Closeness,0.03903961181640625,vsp_finan512_scagr7-2c_rlfddd,3432,2000,50.67831563949585
1586,Closeness,0.02413344383239746,vsp_finan512_scagr7-2c_rlfddd,3432,2000,50.67831563949585
1677,Closeness,0.03254055976867676,vsp_finan512_scagr7-2c_rlfddd,3432,2000,50.67831563949585
1253,Closeness,0.04129433631896973,vsp_finan512_scagr7-2c_rlfddd,3432,2000,50.67831563949585
1610,Closeness,0.026686906814575195,vsp_finan512_scagr7-2c_rlfddd,3432,2000,50.67831563949585
1304,Degree,0.040117740631103516,vsp_finan512_scagr7-2c_rlfddd,3432,2000,50.67831563949585
1241,Degree,0.033097028732299805,vsp_finan512_scagr7-2c_rlfddd,3432,2000,50.67831563949585
1274,Degree,0.04194045066833496,vsp_finan512_scagr7-2c_rlfddd,3432,2000,50.67831563949585
1605,Degree,0.016727447509765625,vsp_finan512_scagr7-2c_rlfddd,3432,2000,50.67831563949585
1240,Degree,0.013194084167480469,vsp_finan512_scagr7-2c_rlfddd,3432,2000,50.67831563949585
1328,Degree,0.01275491714477539,vsp_finan512_scagr7-2c_rlfddd,3432,2000,50.67831563949585
1237,Degree,0.03241705894470215,vsp_finan512_scagr7-2c_rlfddd,3432,2000,50.67831563949585
1272,Degree,0.026309967041015625,vsp_finan512_scagr7-2c_rlfddd,3432,2000,50.67831563949585
1328,Degree,0.030787944793701172,vsp_finan512_scagr7-2c_rlfddd,3432,2000,50.67831563949585
1225,Degree,0.00953984260559082,vsp_finan512_scagr7-2c_rlfddd,3432,2000,50.67831563949585
1097,Degree,0.03173542022705078,vsp_finan512_scagr7-2c_rlfddd,3432,2000,50.67831563949585
1244,Degree,0.024381399154663086,vsp_finan512_scagr7-2c_rlfddd,3432,2000,50.67831563949585
1326,Degree,0.01916956901550293,vsp_finan512_scagr7-2c_rlfddd,3432,2000,50.67831563949585
1300,Degree,0.04627227783203125,vsp_finan512_scagr7-2c_rlfddd,3432,2000,50.67831563949585
1596,Degree,0.05091428756713867,vsp_finan512_scagr7-2c_rlfddd,3432,2000,50.67831563949585
1903,Betweenness,0.0299072265625,vsp_model1_crew1_cr42_south31,2851,2000,38.880226850509644
1891,Betweenness,0.03256964683532715,vsp_model1_crew1_cr42_south31,2851,2000,38.880226850509644
1908,Betweenness,0.023860454559326172,vsp_model1_crew1_cr42_south31,2851,2000,38.880226850509644
1906,Betweenness,0.308056116104126,vsp_model1_crew1_cr42_south31,2851,2000,38.880226850509644
1915,Betweenness,0.01725459098815918,vsp_model1_crew1_cr42_south31,2851,2000,38.880226850509644
1894,Betweenness,0.029926300048828125,vsp_model1_crew1_cr42_south31,2851,2000,38.880226850509644
1927,Betweenness,0.023526906967163086,vsp_model1_crew1_cr42_south31,2851,2000,38.880226850509644
1928,Betweenness,0.031528472900390625,vsp_model1_crew1_cr42_south31,2851,2000,38.880226850509644
1899,Betweenness,0.03341841697692871,vsp_model1_crew1_cr42_south31,2851,2000,38.880226850509644
1886,Betweenness,0.032090187072753906,vsp_model1_crew1_cr42_south31,2851,2000,38.880226850509644
1929,Betweenness,0.0239260196685791,vsp_model1_crew1_cr42_south31,2851,2000,38.880226850509644
1907,Betweenness,0.03276968002319336,vsp_model1_crew1_cr42_south31,2851,2000,38.880226850509644
1876,Betweenness,0.020929574966430664,vsp_model1_crew1_cr42_south31,2851,2000,38.880226850509644
1874,Betweenness,0.0394742488861084,vsp_model1_crew1_cr42_south31,2851,2000,38.880226850509644
1930,Betweenness,0.01650547981262207,vsp_model1_crew1_cr42_south31,2851,2000,38.880226850509644
1997,Degree,0.027796268463134766,vsp_model1_crew1_cr42_south31,2851,2000,38.880226850509644
1981,Degree,0.03345346450805664,vsp_model1_crew1_cr42_south31,2851,2000,38.880226850509644
1985,Degree,0.03239560127258301,vsp_model1_crew1_cr42_south31,2851,2000,38.880226850509644
1981,Degree,0.016460418701171875,vsp_model1_crew1_cr42_south31,2851,2000,38.880226850509644
1981,Degree,0.03700542449951172,vsp_model1_crew1_cr42_south31,2851,2000,38.880226850509644
1982,Degree,0.02456831932067871,vsp_model1_crew1_cr42_south31,2851,2000,38.880226850509644
1981,Degree,0.016188859939575195,vsp_model1_crew1_cr42_south31,2851,2000,38.880226850509644
1981,Degree,0.01674652099609375,vsp_model1_crew1_cr42_south31,2851,2000,38.880226850509644
1982,Degree,0.40819811820983887,vsp_model1_crew1_cr42_south31,2851,2000,38.880226850509644
1981,Degree,0.02502751350402832,vsp_model1_crew1_cr42_south31,2851,2000,38.880226850509644
1997,Degree,0.016615867614746094,vsp_model1_crew1_cr42_south31,2851,2000,38.880226850509644
1995,Degree,0.031139373779296875,vsp_model1_crew1_cr42_south31,2851,2000,38.880226850509644
1996,Degree,0.0319058895111084,vsp_model1_crew1_cr42_south31,2851,2000,38.880226850509644
1997,Degree,0.020202159881591797,vsp_model1_crew1_cr42_south31,2851,2000,38.880226850509644
1984,Degree,0.020099639892578125,vsp_model1_crew1_cr42_south31,2851,2000,38.880226850509644
1997,Betweenness,0.029648303985595703,vsp_model1_crew1_cr42_south31,2851,2000,38.880226850509644
1997,Betweenness,0.025502443313598633,vsp_model1_crew1_cr42_south31,2851,2000,38.880226850509644
1997,Betweenness,0.02445673942565918,vsp_model1_crew1_cr42_south31,2851,2000,38.880226850509644
1878,Betweenness,0.03376483917236328,vsp_model1_crew1_cr42_south31,2851,2000,38.880226850509644
1996,Betweenness,0.033226728439331055,vsp_model1_crew1_cr42_south31,2851,2000,38.880226850509644
1996,Betweenness,0.031021833419799805,vsp_model1_crew1_cr42_south31,2851,2000,38.880226850509644
1996,Betweenness,0.020948410034179688,vsp_model1_crew1_cr42_south31,2851,2000,38.880226850509644
1996,Betweenness,0.03266477584838867,vsp_model1_crew1_cr42_south31,2851,2000,38.880226850509644
1995,Betweenness,0.0279538631439209,vsp_model1_crew1_cr42_south31,2851,2000,38.880226850509644
1997,Betweenness,0.03362226486206055,vsp_model1_crew1_cr42_south31,2851,2000,38.880226850509644
1996,Betweenness,0.014729499816894531,vsp_model1_crew1_cr42_south31,2851,2000,38.880226850509644
1996,Betweenness,0.0338292121887207,vsp_model1_crew1_cr42_south31,2851,2000,38.880226850509644
1996,Betweenness,0.027195215225219727,vsp_model1_crew1_cr42_south31,2851,2000,38.880226850509644
1997,Betweenness,0.022359132766723633,vsp_model1_crew1_cr42_south31,2851,2000,38.880226850509644
1995,Betweenness,0.03285956382751465,vsp_model1_crew1_cr42_south31,2851,2000,38.880226850509644
1995,Eigenvector,0.04112577438354492,vsp_model1_crew1_cr42_south31,2851,2000,38.880226850509644
1996,Eigenvector,0.01840829849243164,vsp_model1_crew1_cr42_south31,2851,2000,38.880226850509644
1981,Eigenvector,0.03192472457885742,vsp_model1_crew1_cr42_south31,2851,2000,38.880226850509644
1997,Eigenvector,0.025264739990234375,vsp_model1_crew1_cr42_south31,2851,2000,38.880226850509644
1980,Eigenvector,0.0410466194152832,vsp_model1_crew1_cr42_south31,2851,2000,38.880226850509644
1981,Eigenvector,0.024635791778564453,vsp_model1_crew1_cr42_south31,2851,2000,38.880226850509644
1983,Eigenvector,0.024750471115112305,vsp_model1_crew1_cr42_south31,2851,2000,38.880226850509644
1980,Eigenvector,0.03344559669494629,vsp_model1_crew1_cr42_south31,2851,2000,38.880226850509644
1981,Eigenvector,0.03266119956970215,vsp_model1_crew1_cr42_south31,2851,2000,38.880226850509644
1984,Eigenvector,0.02294778823852539,vsp_model1_crew1_cr42_south31,2851,2000,38.880226850509644
1981,Eigenvector,0.025076866149902344,vsp_model1_crew1_cr42_south31,2851,2000,38.880226850509644
1981,Eigenvector,0.020761489868164062,vsp_model1_crew1_cr42_south31,2851,2000,38.880226850509644
1984,Eigenvector,0.019634723663330078,vsp_model1_crew1_cr42_south31,2851,2000,38.880226850509644
1983,Eigenvector,0.03496384620666504,vsp_model1_crew1_cr42_south31,2851,2000,38.880226850509644
1997,Eigenvector,0.03303933143615723,vsp_model1_crew1_cr42_south31,2851,2000,38.880226850509644
1981,Katz Centrality,0.024230003356933594,vsp_model1_crew1_cr42_south31,2851,2000,38.880226850509644
1981,Katz Centrality,0.032791852951049805,vsp_model1_crew1_cr42_south31,2851,2000,38.880226850509644
1985,Katz Centrality,0.0241851806640625,vsp_model1_crew1_cr42_south31,2851,2000,38.880226850509644
1981,Katz Centrality,0.02412867546081543,vsp_model1_crew1_cr42_south31,2851,2000,38.880226850509644
1982,Katz Centrality,0.026860475540161133,vsp_model1_crew1_cr42_south31,2851,2000,38.880226850509644
1981,Katz Centrality,0.030727148056030273,vsp_model1_crew1_cr42_south31,2851,2000,38.880226850509644
1981,Katz Centrality,0.034159183502197266,vsp_model1_crew1_cr42_south31,2851,2000,38.880226850509644
1981,Katz Centrality,0.04783797264099121,vsp_model1_crew1_cr42_south31,2851,2000,38.880226850509644
1981,Katz Centrality,0.03292393684387207,vsp_model1_crew1_cr42_south31,2851,2000,38.880226850509644
1981,Katz Centrality,0.035855770111083984,vsp_model1_crew1_cr42_south31,2851,2000,38.880226850509644
1981,Katz Centrality,0.0318148136138916,vsp_model1_crew1_cr42_south31,2851,2000,38.880226850509644
1985,Katz Centrality,0.035368919372558594,vsp_model1_crew1_cr42_south31,2851,2000,38.880226850509644
1981,Katz Centrality,0.024292945861816406,vsp_model1_crew1_cr42_south31,2851,2000,38.880226850509644
1981,Katz Centrality,0.014810562133789062,vsp_model1_crew1_cr42_south31,2851,2000,38.880226850509644
1981,Katz Centrality,0.041547536849975586,vsp_model1_crew1_cr42_south31,2851,2000,38.880226850509644
1995,PageRank,0.03134727478027344,vsp_model1_crew1_cr42_south31,2851,2000,38.880226850509644
1982,PageRank,0.034899234771728516,vsp_model1_crew1_cr42_south31,2851,2000,38.880226850509644
1981,PageRank,0.3532600402832031,vsp_model1_crew1_cr42_south31,2851,2000,38.880226850509644
1986,PageRank,0.031934499740600586,vsp_model1_crew1_cr42_south31,2851,2000,38.880226850509644
1928,PageRank,0.032714128494262695,vsp_model1_crew1_cr42_south31,2851,2000,38.880226850509644
1996,PageRank,0.030288219451904297,vsp_model1_crew1_cr42_south31,2851,2000,38.880226850509644
1985,PageRank,0.039131879806518555,vsp_model1_crew1_cr42_south31,2851,2000,38.880226850509644
1997,PageRank,0.03168201446533203,vsp_model1_crew1_cr42_south31,2851,2000,38.880226850509644
1982,PageRank,0.03950953483581543,vsp_model1_crew1_cr42_south31,2851,2000,38.880226850509644
1982,PageRank,0.02420210838317871,vsp_model1_crew1_cr42_south31,2851,2000,38.880226850509644
1996,PageRank,0.03280282020568848,vsp_model1_crew1_cr42_south31,2851,2000,38.880226850509644
1983,PageRank,0.039830684661865234,vsp_model1_crew1_cr42_south31,2851,2000,38.880226850509644
1981,PageRank,0.028033018112182617,vsp_model1_crew1_cr42_south31,2851,2000,38.880226850509644
1996,PageRank,0.041597843170166016,vsp_model1_crew1_cr42_south31,2851,2000,38.880226850509644
1981,PageRank,0.04312539100646973,vsp_model1_crew1_cr42_south31,2851,2000,38.880226850509644
1981,Eigenvector,0.03580021858215332,vsp_model1_crew1_cr42_south31,2851,2000,38.880226850509644
1980,Eigenvector,0.04764294624328613,vsp_model1_crew1_cr42_south31,2851,2000,38.880226850509644
1982,Eigenvector,0.03343057632446289,vsp_model1_crew1_cr42_south31,2851,2000,38.880226850509644
1980,Eigenvector,0.034047842025756836,vsp_model1_crew1_cr42_south31,2851,2000,38.880226850509644
1997,Eigenvector,0.015318632125854492,vsp_model1_crew1_cr42_south31,2851,2000,38.880226850509644
1997,Eigenvector,0.032106876373291016,vsp_model1_crew1_cr42_south31,2851,2000,38.880226850509644
1995,Eigenvector,0.016583919525146484,vsp_model1_crew1_cr42_south31,2851,2000,38.880226850509644
1980,Eigenvector,0.031614065170288086,vsp_model1_crew1_cr42_south31,2851,2000,38.880226850509644
1997,Eigenvector,0.0365140438079834,vsp_model1_crew1_cr42_south31,2851,2000,38.880226850509644
1982,Eigenvector,0.03642749786376953,vsp_model1_crew1_cr42_south31,2851,2000,38.880226850509644
1995,Eigenvector,0.021523475646972656,vsp_model1_crew1_cr42_south31,2851,2000,38.880226850509644
1997,Eigenvector,0.032392263412475586,vsp_model1_crew1_cr42_south31,2851,2000,38.880226850509644
1981,Eigenvector,0.0343623161315918,vsp_model1_crew1_cr42_south31,2851,2000,38.880226850509644
1983,Eigenvector,0.03295540809631348,vsp_model1_crew1_cr42_south31,2851,2000,38.880226850509644
1997,Eigenvector,0.03212881088256836,vsp_model1_crew1_cr42_south31,2851,2000,38.880226850509644
1980,Harmonic Centrality,0.03944897651672363,vsp_model1_crew1_cr42_south31,2851,2000,38.880226850509644
1985,Harmonic Centrality,0.028731822967529297,vsp_model1_crew1_cr42_south31,2851,2000,38.880226850509644
1981,Harmonic Centrality,0.022449254989624023,vsp_model1_crew1_cr42_south31,2851,2000,38.880226850509644
1983,Harmonic Centrality,0.022416353225708008,vsp_model1_crew1_cr42_south31,2851,2000,38.880226850509644
1997,Harmonic Centrality,0.018938779830932617,vsp_model1_crew1_cr42_south31,2851,2000,38.880226850509644
1981,Harmonic Centrality,0.015621423721313477,vsp_model1_crew1_cr42_south31,2851,2000,38.880226850509644
1991,Harmonic Centrality,0.023741960525512695,vsp_model1_crew1_cr42_south31,2851,2000,38.880226850509644
1983,Harmonic Centrality,0.026227951049804688,vsp_model1_crew1_cr42_south31,2851,2000,38.880226850509644
1981,Harmonic Centrality,0.038038015365600586,vsp_model1_crew1_cr42_south31,2851,2000,38.880226850509644
1981,Harmonic Centrality,0.023656129837036133,vsp_model1_crew1_cr42_south31,2851,2000,38.880226850509644
1981,Harmonic Centrality,0.04678010940551758,vsp_model1_crew1_cr42_south31,2851,2000,38.880226850509644
1983,Harmonic Centrality,0.037282705307006836,vsp_model1_crew1_cr42_south31,2851,2000,38.880226850509644
1984,Harmonic Centrality,0.03954505920410156,vsp_model1_crew1_cr42_south31,2851,2000,38.880226850509644
1981,Harmonic Centrality,0.023257970809936523,vsp_model1_crew1_cr42_south31,2851,2000,38.880226850509644
1981,Harmonic Centrality,0.016614437103271484,vsp_model1_crew1_cr42_south31,2851,2000,38.880226850509644
1981,Katz Centrality,0.03492450714111328,vsp_model1_crew1_cr42_south31,2851,2000,38.880226850509644
1981,Katz Centrality,0.03616023063659668,vsp_model1_crew1_cr42_south31,2851,2000,38.880226850509644
1995,Katz Centrality,0.027398347854614258,vsp_model1_crew1_cr42_south31,2851,2000,38.880226850509644
1981,Katz Centrality,0.02381730079650879,vsp_model1_crew1_cr42_south31,2851,2000,38.880226850509644
1981,Katz Centrality,0.017308473587036133,vsp_model1_crew1_cr42_south31,2851,2000,38.880226850509644
1984,Katz Centrality,0.03259992599487305,vsp_model1_crew1_cr42_south31,2851,2000,38.880226850509644
1981,Katz Centrality,0.024325847625732422,vsp_model1_crew1_cr42_south31,2851,2000,38.880226850509644
1980,Katz Centrality,0.03264260292053223,vsp_model1_crew1_cr42_south31,2851,2000,38.880226850509644
1981,Katz Centrality,0.039672136306762695,vsp_model1_crew1_cr42_south31,2851,2000,38.880226850509644
1981,Katz Centrality,0.03291964530944824,vsp_model1_crew1_cr42_south31,2851,2000,38.880226850509644
1981,Katz Centrality,0.027176380157470703,vsp_model1_crew1_cr42_south31,2851,2000,38.880226850509644
1984,Katz Centrality,0.3311481475830078,vsp_model1_crew1_cr42_south31,2851,2000,38.880226850509644
1996,Katz Centrality,0.03141045570373535,vsp_model1_crew1_cr42_south31,2851,2000,38.880226850509644
1982,Katz Centrality,0.024222373962402344,vsp_model1_crew1_cr42_south31,2851,2000,38.880226850509644
1985,Katz Centrality,0.012688875198364258,vsp_model1_crew1_cr42_south31,2851,2000,38.880226850509644
1986,Closeness,0.035363197326660156,vsp_model1_crew1_cr42_south31,2851,2000,38.880226850509644
1982,Closeness,0.03422355651855469,vsp_model1_crew1_cr42_south31,2851,2000,38.880226850509644
1981,Closeness,0.02536463737487793,vsp_model1_crew1_cr42_south31,2851,2000,38.880226850509644
1981,Closeness,0.03243756294250488,vsp_model1_crew1_cr42_south31,2851,2000,38.880226850509644
1981,Closeness,0.03464102745056152,vsp_model1_crew1_cr42_south31,2851,2000,38.880226850509644
1981,Closeness,0.04395794868469238,vsp_model1_crew1_cr42_south31,2851,2000,38.880226850509644
1982,Closeness,0.03286480903625488,vsp_model1_crew1_cr42_south31,2851,2000,38.880226850509644
1983,Closeness,0.03809022903442383,vsp_model1_crew1_cr42_south31,2851,2000,38.880226850509644
1981,Closeness,0.025577306747436523,vsp_model1_crew1_cr42_south31,2851,2000,38.880226850509644
1981,Closeness,0.02035236358642578,vsp_model1_crew1_cr42_south31,2851,2000,38.880226850509644
1982,Closeness,0.01586151123046875,vsp_model1_crew1_cr42_south31,2851,2000,38.880226850509644
1981,Closeness,0.0414121150970459,vsp_model1_crew1_cr42_south31,2851,2000,38.880226850509644
1981,Closeness,0.02423882484436035,vsp_model1_crew1_cr42_south31,2851,2000,38.880226850509644
1981,Closeness,0.03300786018371582,vsp_model1_crew1_cr42_south31,2851,2000,38.880226850509644
1981,Closeness,0.016710519790649414,vsp_model1_crew1_cr42_south31,2851,2000,38.880226850509644
1997,Betweenness,0.04051637649536133,vsp_model1_crew1_cr42_south31,2851,2000,38.880226850509644
1996,Betweenness,0.031076908111572266,vsp_model1_crew1_cr42_south31,2851,2000,38.880226850509644
1997,Betweenness,0.016040563583374023,vsp_model1_crew1_cr42_south31,2851,2000,38.880226850509644
1997,Betweenness,0.02465510368347168,vsp_model1_crew1_cr42_south31,2851,2000,38.880226850509644
1996,Betweenness,0.04340815544128418,vsp_model1_crew1_cr42_south31,2851,2000,38.880226850509644
1996,Betweenness,0.016289710998535156,vsp_model1_crew1_cr42_south31,2851,2000,38.880226850509644
1995,Betweenness,0.01674938201904297,vsp_model1_crew1_cr42_south31,2851,2000,38.880226850509644
1996,Betweenness,0.017772436141967773,vsp_model1_crew1_cr42_south31,2851,2000,38.880226850509644
1997,Betweenness,0.027701854705810547,vsp_model1_crew1_cr42_south31,2851,2000,38.880226850509644
1995,Betweenness,0.03784680366516113,vsp_model1_crew1_cr42_south31,2851,2000,38.880226850509644
1997,Betweenness,0.04214811325073242,vsp_model1_crew1_cr42_south31,2851,2000,38.880226850509644
1996,Betweenness,0.02333545684814453,vsp_model1_crew1_cr42_south31,2851,2000,38.880226850509644
1997,Betweenness,0.03994560241699219,vsp_model1_crew1_cr42_south31,2851,2000,38.880226850509644
1981,Betweenness,0.03393721580505371,vsp_model1_crew1_cr42_south31,2851,2000,38.880226850509644
1996,Betweenness,0.030442476272583008,vsp_model1_crew1_cr42_south31,2851,2000,38.880226850509644
1997,Degree,0.032723188400268555,vsp_model1_crew1_cr42_south31,2851,2000,38.880226850509644
1995,Degree,0.031052827835083008,vsp_model1_crew1_cr42_south31,2851,2000,38.880226850509644
1981,Degree,0.02586054801940918,vsp_model1_crew1_cr42_south31,2851,2000,38.880226850509644
1981,Degree,0.024080514907836914,vsp_model1_crew1_cr42_south31,2851,2000,38.880226850509644
1982,Degree,0.040041446685791016,vsp_model1_crew1_cr42_south31,2851,2000,38.880226850509644
1995,Degree,0.031867027282714844,vsp_model1_crew1_cr42_south31,2851,2000,38.880226850509644
1996,Degree,0.027248859405517578,vsp_model1_crew1_cr42_south31,2851,2000,38.880226850509644
1995,Degree,0.025038957595825195,vsp_model1_crew1_cr42_south31,2851,2000,38.880226850509644
1981,Degree,0.038489580154418945,vsp_model1_crew1_cr42_south31,2851,2000,38.880226850509644
1982,Degree,0.03230428695678711,vsp_model1_crew1_cr42_south31,2851,2000,38.880226850509644
1981,Degree,0.03179478645324707,vsp_model1_crew1_cr42_south31,2851,2000,38.880226850509644
1996,Degree,0.02616715431213379,vsp_model1_crew1_cr42_south31,2851,2000,38.880226850509644
1997,Degree,0.03482794761657715,vsp_model1_crew1_cr42_south31,2851,2000,38.880226850509644
1981,Degree,0.03296208381652832,vsp_model1_crew1_cr42_south31,2851,2000,38.880226850509644
1981,Degree,0.025637388229370117,vsp_model1_crew1_cr42_south31,2851,2000,38.880226850509644
1997,Betweenness,0.036524295806884766,vsp_model1_crew1_cr42_south31,2851,2000,38.880226850509644
1996,Betweenness,0.03242969512939453,vsp_model1_crew1_cr42_south31,2851,2000,38.880226850509644
1997,Betweenness,0.03594350814819336,vsp_model1_crew1_cr42_south31,2851,2000,38.880226850509644
1997,Betweenness,0.02501082420349121,vsp_model1_crew1_cr42_south31,2851,2000,38.880226850509644
1982,Betweenness,0.02427959442138672,vsp_model1_crew1_cr42_south31,2851,2000,38.880226850509644
1995,Betweenness,0.02525043487548828,vsp_model1_crew1_cr42_south31,2851,2000,38.880226850509644
1996,Betweenness,0.02442479133605957,vsp_model1_crew1_cr42_south31,2851,2000,38.880226850509644
1995,Betweenness,0.020009994506835938,vsp_model1_crew1_cr42_south31,2851,2000,38.880226850509644
1996,Betweenness,0.03394007682800293,vsp_model1_crew1_cr42_south31,2851,2000,38.880226850509644
1996,Betweenness,0.023900508880615234,vsp_model1_crew1_cr42_south31,2851,2000,38.880226850509644
1996,Betweenness,0.02299332618713379,vsp_model1_crew1_cr42_south31,2851,2000,38.880226850509644
1995,Betweenness,0.032111406326293945,vsp_model1_crew1_cr42_south31,2851,2000,38.880226850509644
1997,Betweenness,0.03479957580566406,vsp_model1_crew1_cr42_south31,2851,2000,38.880226850509644
1997,Betweenness,0.016275405883789062,vsp_model1_crew1_cr42_south31,2851,2000,38.880226850509644
1996,Betweenness,0.02474212646484375,vsp_model1_crew1_cr42_south31,2851,2000,38.880226850509644
1981,Eigenvector,0.03780198097229004,vsp_model1_crew1_cr42_south31,2851,2000,38.880226850509644
1983,Eigenvector,0.014531135559082031,vsp_model1_crew1_cr42_south31,2851,2000,38.880226850509644
1982,Eigenvector,0.34407877922058105,vsp_model1_crew1_cr42_south31,2851,2000,38.880226850509644
1981,Eigenvector,0.016446590423583984,vsp_model1_crew1_cr42_south31,2851,2000,38.880226850509644
1984,Eigenvector,0.0201723575592041,vsp_model1_crew1_cr42_south31,2851,2000,38.880226850509644
1981,Eigenvector,0.02841806411743164,vsp_model1_crew1_cr42_south31,2851,2000,38.880226850509644
1981,Eigenvector,0.01780414581298828,vsp_model1_crew1_cr42_south31,2851,2000,38.880226850509644
1981,Eigenvector,0.023314476013183594,vsp_model1_crew1_cr42_south31,2851,2000,38.880226850509644
1996,Eigenvector,0.009469032287597656,vsp_model1_crew1_cr42_south31,2851,2000,38.880226850509644
1981,Eigenvector,0.031557321548461914,vsp_model1_crew1_cr42_south31,2851,2000,38.880226850509644
1981,Eigenvector,0.024100065231323242,vsp_model1_crew1_cr42_south31,2851,2000,38.880226850509644
1981,Eigenvector,0.03324270248413086,vsp_model1_crew1_cr42_south31,2851,2000,38.880226850509644
1996,Eigenvector,0.032624006271362305,vsp_model1_crew1_cr42_south31,2851,2000,38.880226850509644
1996,Eigenvector,0.0243072509765625,vsp_model1_crew1_cr42_south31,2851,2000,38.880226850509644
1981,Eigenvector,0.025348424911499023,vsp_model1_crew1_cr42_south31,2851,2000,38.880226850509644
1981,Harmonic Centrality,0.03502821922302246,vsp_model1_crew1_cr42_south31,2851,2000,38.880226850509644
1989,Harmonic Centrality,0.033399343490600586,vsp_model1_crew1_cr42_south31,2851,2000,38.880226850509644
1981,Harmonic Centrality,0.016735076904296875,vsp_model1_crew1_cr42_south31,2851,2000,38.880226850509644
1984,Harmonic Centrality,0.009356260299682617,vsp_model1_crew1_cr42_south31,2851,2000,38.880226850509644
1981,Harmonic Centrality,0.031873226165771484,vsp_model1_crew1_cr42_south31,2851,2000,38.880226850509644
1981,Harmonic Centrality,0.024994850158691406,vsp_model1_crew1_cr42_south31,2851,2000,38.880226850509644
1980,Harmonic Centrality,0.03291130065917969,vsp_model1_crew1_cr42_south31,2851,2000,38.880226850509644
1982,Harmonic Centrality,0.03659772872924805,vsp_model1_crew1_cr42_south31,2851,2000,38.880226850509644
1983,Harmonic Centrality,0.028025388717651367,vsp_model1_crew1_cr42_south31,2851,2000,38.880226850509644
1984,Harmonic Centrality,0.021434307098388672,vsp_model1_crew1_cr42_south31,2851,2000,38.880226850509644
1981,Harmonic Centrality,0.03305387496948242,vsp_model1_crew1_cr42_south31,2851,2000,38.880226850509644
1981,Harmonic Centrality,0.024064064025878906,vsp_model1_crew1_cr42_south31,2851,2000,38.880226850509644
1981,Harmonic Centrality,0.028766155242919922,vsp_model1_crew1_cr42_south31,2851,2000,38.880226850509644
1981,Harmonic Centrality,0.02075362205505371,vsp_model1_crew1_cr42_south31,2851,2000,38.880226850509644
1983,Harmonic Centrality,0.02929210662841797,vsp_model1_crew1_cr42_south31,2851,2000,38.880226850509644
1983,Degree,0.03538680076599121,vsp_model1_crew1_cr42_south31,2851,2000,38.880226850509644
1997,Degree,0.023825883865356445,vsp_model1_crew1_cr42_south31,2851,2000,38.880226850509644
1997,Degree,0.024415016174316406,vsp_model1_crew1_cr42_south31,2851,2000,38.880226850509644
1996,Degree,0.024174928665161133,vsp_model1_crew1_cr42_south31,2851,2000,38.880226850509644
1982,Degree,0.013509988784790039,vsp_model1_crew1_cr42_south31,2851,2000,38.880226850509644
1981,Degree,0.018841028213500977,vsp_model1_crew1_cr42_south31,2851,2000,38.880226850509644
1982,Degree,0.016791343688964844,vsp_model1_crew1_cr42_south31,2851,2000,38.880226850509644
1996,Degree,0.0639030933380127,vsp_model1_crew1_cr42_south31,2851,2000,38.880226850509644
1980,Degree,0.03609204292297363,vsp_model1_crew1_cr42_south31,2851,2000,38.880226850509644
1981,Degree,0.030072450637817383,vsp_model1_crew1_cr42_south31,2851,2000,38.880226850509644
1982,Degree,0.041414499282836914,vsp_model1_crew1_cr42_south31,2851,2000,38.880226850509644
1981,Degree,0.030486345291137695,vsp_model1_crew1_cr42_south31,2851,2000,38.880226850509644
1982,Degree,0.03198814392089844,vsp_model1_crew1_cr42_south31,2851,2000,38.880226850509644
1996,Degree,0.028948307037353516,vsp_model1_crew1_cr42_south31,2851,2000,38.880226850509644
1996,Degree,0.023470401763916016,vsp_model1_crew1_cr42_south31,2851,2000,38.880226850509644
1995,Eigenvector,0.02787327766418457,vsp_model1_crew1_cr42_south31,2851,2000,38.880226850509644
1981,Eigenvector,0.03626203536987305,vsp_model1_crew1_cr42_south31,2851,2000,38.880226850509644
1983,Eigenvector,0.03003859519958496,vsp_model1_crew1_cr42_south31,2851,2000,38.880226850509644
1997,Eigenvector,0.37682080268859863,vsp_model1_crew1_cr42_south31,2851,2000,38.880226850509644
1981,Eigenvector,0.035063743591308594,vsp_model1_crew1_cr42_south31,2851,2000,38.880226850509644
1983,Eigenvector,0.03344082832336426,vsp_model1_crew1_cr42_south31,2851,2000,38.880226850509644
1981,Eigenvector,0.03501462936401367,vsp_model1_crew1_cr42_south31,2851,2000,38.880226850509644
1996,Eigenvector,0.039315223693847656,vsp_model1_crew1_cr42_south31,2851,2000,38.880226850509644
1981,Eigenvector,0.03279757499694824,vsp_model1_crew1_cr42_south31,2851,2000,38.880226850509644
1981,Eigenvector,0.03833150863647461,vsp_model1_crew1_cr42_south31,2851,2000,38.880226850509644
1982,Eigenvector,0.018355607986450195,vsp_model1_crew1_cr42_south31,2851,2000,38.880226850509644
1980,Eigenvector,0.04999947547912598,vsp_model1_crew1_cr42_south31,2851,2000,38.880226850509644
1981,Eigenvector,0.320650577545166,vsp_model1_crew1_cr42_south31,2851,2000,38.880226850509644
1981,Eigenvector,0.016750574111938477,vsp_model1_crew1_cr42_south31,2851,2000,38.880226850509644
1996,Eigenvector,0.020243406295776367,vsp_model1_crew1_cr42_south31,2851,2000,38.880226850509644
1995,Eigenvector,0.03671598434448242,vsp_model1_crew1_cr42_south31,2851,2000,38.880226850509644
1981,Eigenvector,0.03392195701599121,vsp_model1_crew1_cr42_south31,2851,2000,38.880226850509644
1981,Eigenvector,0.030377864837646484,vsp_model1_crew1_cr42_south31,2851,2000,38.880226850509644
1981,Eigenvector,0.04105520248413086,vsp_model1_crew1_cr42_south31,2851,2000,38.880226850509644
1981,Eigenvector,0.024927377700805664,vsp_model1_crew1_cr42_south31,2851,2000,38.880226850509644
1996,Eigenvector,0.03351569175720215,vsp_model1_crew1_cr42_south31,2851,2000,38.880226850509644
1981,Eigenvector,0.031229734420776367,vsp_model1_crew1_cr42_south31,2851,2000,38.880226850509644
1981,Eigenvector,0.006514549255371094,vsp_model1_crew1_cr42_south31,2851,2000,38.880226850509644
1995,Eigenvector,0.41375184059143066,vsp_model1_crew1_cr42_south31,2851,2000,38.880226850509644
1980,Eigenvector,0.03419184684753418,vsp_model1_crew1_cr42_south31,2851,2000,38.880226850509644
1997,Eigenvector,0.02134871482849121,vsp_model1_crew1_cr42_south31,2851,2000,38.880226850509644
1995,Eigenvector,0.04204916954040527,vsp_model1_crew1_cr42_south31,2851,2000,38.880226850509644
1981,Eigenvector,0.0250852108001709,vsp_model1_crew1_cr42_south31,2851,2000,38.880226850509644
1981,Eigenvector,0.016797304153442383,vsp_model1_crew1_cr42_south31,2851,2000,38.880226850509644
1980,Eigenvector,0.04585456848144531,vsp_model1_crew1_cr42_south31,2851,2000,38.880226850509644
1997,Degree,0.03619098663330078,vsp_model1_crew1_cr42_south31,2851,2000,38.880226850509644
1981,Degree,0.035601139068603516,vsp_model1_crew1_cr42_south31,2851,2000,38.880226850509644
1995,Degree,0.03229355812072754,vsp_model1_crew1_cr42_south31,2851,2000,38.880226850509644
1995,Degree,0.032865285873413086,vsp_model1_crew1_cr42_south31,2851,2000,38.880226850509644
1981,Degree,0.03184938430786133,vsp_model1_crew1_cr42_south31,2851,2000,38.880226850509644
1981,Degree,0.029344797134399414,vsp_model1_crew1_cr42_south31,2851,2000,38.880226850509644
1981,Degree,0.04057931900024414,vsp_model1_crew1_cr42_south31,2851,2000,38.880226850509644
1981,Degree,0.0261538028717041,vsp_model1_crew1_cr42_south31,2851,2000,38.880226850509644
1981,Degree,0.029303312301635742,vsp_model1_crew1_cr42_south31,2851,2000,38.880226850509644
1981,Degree,0.028104782104492188,vsp_model1_crew1_cr42_south31,2851,2000,38.880226850509644
1997,Degree,0.04831242561340332,vsp_model1_crew1_cr42_south31,2851,2000,38.880226850509644
1981,Degree,0.03438973426818848,vsp_model1_crew1_cr42_south31,2851,2000,38.880226850509644
1997,Degree,0.024053573608398438,vsp_model1_crew1_cr42_south31,2851,2000,38.880226850509644
1997,Degree,0.017065048217773438,vsp_model1_crew1_cr42_south31,2851,2000,38.880226850509644
1981,Degree,0.021282196044921875,vsp_model1_crew1_cr42_south31,2851,2000,38.880226850509644
1985,Katz Centrality,0.03197813034057617,vsp_model1_crew1_cr42_south31,2851,2000,38.880226850509644
1981,Katz Centrality,0.018874406814575195,vsp_model1_crew1_cr42_south31,2851,2000,38.880226850509644
1981,Katz Centrality,0.04060983657836914,vsp_model1_crew1_cr42_south31,2851,2000,38.880226850509644
1981,Katz Centrality,0.022485017776489258,vsp_model1_crew1_cr42_south31,2851,2000,38.880226850509644
1981,Katz Centrality,0.03334999084472656,vsp_model1_crew1_cr42_south31,2851,2000,38.880226850509644
1983,Katz Centrality,0.024396181106567383,vsp_model1_crew1_cr42_south31,2851,2000,38.880226850509644
1988,Katz Centrality,0.014101266860961914,vsp_model1_crew1_cr42_south31,2851,2000,38.880226850509644
1981,Katz Centrality,0.03628659248352051,vsp_model1_crew1_cr42_south31,2851,2000,38.880226850509644
1981,Katz Centrality,0.024126052856445312,vsp_model1_crew1_cr42_south31,2851,2000,38.880226850509644
1981,Katz Centrality,0.033960580825805664,vsp_model1_crew1_cr42_south31,2851,2000,38.880226850509644
1983,Katz Centrality,0.03019428253173828,vsp_model1_crew1_cr42_south31,2851,2000,38.880226850509644
1982,Katz Centrality,0.03183698654174805,vsp_model1_crew1_cr42_south31,2851,2000,38.880226850509644
1981,Katz Centrality,0.03482842445373535,vsp_model1_crew1_cr42_south31,2851,2000,38.880226850509644
1981,Katz Centrality,0.03947639465332031,vsp_model1_crew1_cr42_south31,2851,2000,38.880226850509644
1981,Katz Centrality,0.027271509170532227,vsp_model1_crew1_cr42_south31,2851,2000,38.880226850509644
1983,Closeness,0.03268790245056152,vsp_model1_crew1_cr42_south31,2851,2000,38.880226850509644
1980,Closeness,0.052429914474487305,vsp_model1_crew1_cr42_south31,2851,2000,38.880226850509644
1981,Closeness,0.044248342514038086,vsp_model1_crew1_cr42_south31,2851,2000,38.880226850509644
1981,Closeness,0.060781240463256836,vsp_model1_crew1_cr42_south31,2851,2000,38.880226850509644
1982,Closeness,0.022929906845092773,vsp_model1_crew1_cr42_south31,2851,2000,38.880226850509644
1981,Closeness,0.03498029708862305,vsp_model1_crew1_cr42_south31,2851,2000,38.880226850509644
1981,Closeness,0.03362631797790527,vsp_model1_crew1_cr42_south31,2851,2000,38.880226850509644
1983,Closeness,0.023620128631591797,vsp_model1_crew1_cr42_south31,2851,2000,38.880226850509644
1983,Closeness,0.009259700775146484,vsp_model1_crew1_cr42_south31,2851,2000,38.880226850509644
1982,Closeness,0.033771514892578125,vsp_model1_crew1_cr42_south31,2851,2000,38.880226850509644
1996,Closeness,0.03284025192260742,vsp_model1_crew1_cr42_south31,2851,2000,38.880226850509644
1982,Closeness,0.0334019660949707,vsp_model1_crew1_cr42_south31,2851,2000,38.880226850509644
1982,Closeness,0.0169985294342041,vsp_model1_crew1_cr42_south31,2851,2000,38.880226850509644
1981,Closeness,0.04013466835021973,vsp_model1_crew1_cr42_south31,2851,2000,38.880226850509644
1981,Closeness,0.023824691772460938,vsp_model1_crew1_cr42_south31,2851,2000,38.880226850509644
1984,Degree,0.03561902046203613,vsp_model1_crew1_cr42_south31,2851,2000,38.880226850509644
1984,Degree,0.039843082427978516,vsp_model1_crew1_cr42_south31,2851,2000,38.880226850509644
1982,Degree,0.0465545654296875,vsp_model1_crew1_cr42_south31,2851,2000,38.880226850509644
1981,Degree,0.04298830032348633,vsp_model1_crew1_cr42_south31,2851,2000,38.880226850509644
1981,Degree,0.02806401252746582,vsp_model1_crew1_cr42_south31,2851,2000,38.880226850509644
1996,Degree,0.031540870666503906,vsp_model1_crew1_cr42_south31,2851,2000,38.880226850509644
1981,Degree,0.027805089950561523,vsp_model1_crew1_cr42_south31,2851,2000,38.880226850509644
1995,Degree,0.02876424789428711,vsp_model1_crew1_cr42_south31,2851,2000,38.880226850509644
1996,Degree,0.0320432186126709,vsp_model1_crew1_cr42_south31,2851,2000,38.880226850509644
1981,Degree,0.033458709716796875,vsp_model1_crew1_cr42_south31,2851,2000,38.880226850509644
1981,Degree,0.04092836380004883,vsp_model1_crew1_cr42_south31,2851,2000,38.880226850509644
1997,Degree,0.032625436782836914,vsp_model1_crew1_cr42_south31,2851,2000,38.880226850509644
1981,Degree,0.03626084327697754,vsp_model1_crew1_cr42_south31,2851,2000,38.880226850509644
1981,Degree,0.01613640785217285,vsp_model1_crew1_cr42_south31,2851,2000,38.880226850509644
1997,Degree,0.025949716567993164,vsp_model1_crew1_cr42_south31,2851,2000,38.880226850509644
1981,Degree,0.03680992126464844,vsp_model1_crew1_cr42_south31,2851,2000,38.880226850509644
1996,Degree,0.03539323806762695,vsp_model1_crew1_cr42_south31,2851,2000,38.880226850509644
1984,Degree,0.02689981460571289,vsp_model1_crew1_cr42_south31,2851,2000,38.880226850509644
1984,Degree,0.026366233825683594,vsp_model1_crew1_cr42_south31,2851,2000,38.880226850509644
1985,Degree,0.02438497543334961,vsp_model1_crew1_cr42_south31,2851,2000,38.880226850509644
1996,Degree,0.024109601974487305,vsp_model1_crew1_cr42_south31,2851,2000,38.880226850509644
1985,Degree,0.016037940979003906,vsp_model1_crew1_cr42_south31,2851,2000,38.880226850509644
1981,Degree,0.04125094413757324,vsp_model1_crew1_cr42_south31,2851,2000,38.880226850509644
1995,Degree,0.02441120147705078,vsp_model1_crew1_cr42_south31,2851,2000,38.880226850509644
1981,Degree,0.016281843185424805,vsp_model1_crew1_cr42_south31,2851,2000,38.880226850509644
1997,Degree,0.04018235206604004,vsp_model1_crew1_cr42_south31,2851,2000,38.880226850509644
1996,Degree,0.020219802856445312,vsp_model1_crew1_cr42_south31,2851,2000,38.880226850509644
1981,Degree,0.016670703887939453,vsp_model1_crew1_cr42_south31,2851,2000,38.880226850509644
1981,Degree,0.015715837478637695,vsp_model1_crew1_cr42_south31,2851,2000,38.880226850509644
1997,Degree,0.024574995040893555,vsp_model1_crew1_cr42_south31,2851,2000,38.880226850509644
1981,Closeness,0.02628183364868164,vsp_model1_crew1_cr42_south31,2851,2000,38.880226850509644
1997,Closeness,0.02699589729309082,vsp_model1_crew1_cr42_south31,2851,2000,38.880226850509644
1981,Closeness,0.031114578247070312,vsp_model1_crew1_cr42_south31,2851,2000,38.880226850509644
1981,Closeness,0.016045808792114258,vsp_model1_crew1_cr42_south31,2851,2000,38.880226850509644
1981,Closeness,0.03926682472229004,vsp_model1_crew1_cr42_south31,2851,2000,38.880226850509644
1983,Closeness,0.028993844985961914,vsp_model1_crew1_cr42_south31,2851,2000,38.880226850509644
1981,Closeness,0.023812055587768555,vsp_model1_crew1_cr42_south31,2851,2000,38.880226850509644
1981,Closeness,0.018673181533813477,vsp_model1_crew1_cr42_south31,2851,2000,38.880226850509644
1981,Closeness,0.01656961441040039,vsp_model1_crew1_cr42_south31,2851,2000,38.880226850509644
1981,Closeness,0.02578592300415039,vsp_model1_crew1_cr42_south31,2851,2000,38.880226850509644
1984,Closeness,0.024078369140625,vsp_model1_crew1_cr42_south31,2851,2000,38.880226850509644
1981,Closeness,0.04064679145812988,vsp_model1_crew1_cr42_south31,2851,2000,38.880226850509644
1981,Closeness,0.021013498306274414,vsp_model1_crew1_cr42_south31,2851,2000,38.880226850509644
1982,Closeness,0.030396699905395508,vsp_model1_crew1_cr42_south31,2851,2000,38.880226850509644
1985,Closeness,0.03276634216308594,vsp_model1_crew1_cr42_south31,2851,2000,38.880226850509644
1996,PageRank,0.03058910369873047,vsp_model1_crew1_cr42_south31,2851,2000,38.880226850509644
1995,PageRank,0.03677845001220703,vsp_model1_crew1_cr42_south31,2851,2000,38.880226850509644
1985,PageRank,0.03570055961608887,vsp_model1_crew1_cr42_south31,2851,2000,38.880226850509644
1997,PageRank,0.033417463302612305,vsp_model1_crew1_cr42_south31,2851,2000,38.880226850509644
1981,PageRank,0.020073652267456055,vsp_model1_crew1_cr42_south31,2851,2000,38.880226850509644
1996,PageRank,0.025469303131103516,vsp_model1_crew1_cr42_south31,2851,2000,38.880226850509644
1997,PageRank,0.02359914779663086,vsp_model1_crew1_cr42_south31,2851,2000,38.880226850509644
1981,PageRank,0.033434391021728516,vsp_model1_crew1_cr42_south31,2851,2000,38.880226850509644
1980,PageRank,0.03603482246398926,vsp_model1_crew1_cr42_south31,2851,2000,38.880226850509644
1983,PageRank,0.04301786422729492,vsp_model1_crew1_cr42_south31,2851,2000,38.880226850509644
1981,PageRank,0.016741037368774414,vsp_model1_crew1_cr42_south31,2851,2000,38.880226850509644
1982,PageRank,0.027673006057739258,vsp_model1_crew1_cr42_south31,2851,2000,38.880226850509644
1981,PageRank,0.03588604927062988,vsp_model1_crew1_cr42_south31,2851,2000,38.880226850509644
1985,PageRank,0.02517104148864746,vsp_model1_crew1_cr42_south31,2851,2000,38.880226850509644
1996,PageRank,0.023524761199951172,vsp_model1_crew1_cr42_south31,2851,2000,38.880226850509644
1996,Degree,0.02617645263671875,vsp_model1_crew1_cr42_south31,2851,2000,38.880226850509644
1981,Degree,0.022054433822631836,vsp_model1_crew1_cr42_south31,2851,2000,38.880226850509644
1981,Degree,0.03205084800720215,vsp_model1_crew1_cr42_south31,2851,2000,38.880226850509644
1983,Degree,0.008038759231567383,vsp_model1_crew1_cr42_south31,2851,2000,38.880226850509644
1981,Degree,0.021336793899536133,vsp_model1_crew1_cr42_south31,2851,2000,38.880226850509644
1997,Degree,0.015765666961669922,vsp_model1_crew1_cr42_south31,2851,2000,38.880226850509644
1984,Degree,0.02443838119506836,vsp_model1_crew1_cr42_south31,2851,2000,38.880226850509644
1982,Degree,0.0234220027923584,vsp_model1_crew1_cr42_south31,2851,2000,38.880226850509644
1997,Degree,0.031215190887451172,vsp_model1_crew1_cr42_south31,2851,2000,38.880226850509644
1996,Degree,0.03427743911743164,vsp_model1_crew1_cr42_south31,2851,2000,38.880226850509644
1996,Degree,0.045873403549194336,vsp_model1_crew1_cr42_south31,2851,2000,38.880226850509644
1983,Degree,0.037131309509277344,vsp_model1_crew1_cr42_south31,2851,2000,38.880226850509644
1986,Degree,0.01898956298828125,vsp_model1_crew1_cr42_south31,2851,2000,38.880226850509644
1981,Degree,0.018384218215942383,vsp_model1_crew1_cr42_south31,2851,2000,38.880226850509644
1997,Degree,0.032595157623291016,vsp_model1_crew1_cr42_south31,2851,2000,38.880226850509644
1982,Harmonic Centrality,0.02886056900024414,vsp_model1_crew1_cr42_south31,2851,2000,38.880226850509644
1982,Harmonic Centrality,0.025968313217163086,vsp_model1_crew1_cr42_south31,2851,2000,38.880226850509644
1983,Harmonic Centrality,0.028292417526245117,vsp_model1_crew1_cr42_south31,2851,2000,38.880226850509644
1985,Harmonic Centrality,0.027220964431762695,vsp_model1_crew1_cr42_south31,2851,2000,38.880226850509644
1981,Harmonic Centrality,0.015132904052734375,vsp_model1_crew1_cr42_south31,2851,2000,38.880226850509644
1982,Harmonic Centrality,0.024252891540527344,vsp_model1_crew1_cr42_south31,2851,2000,38.880226850509644
1993,Harmonic Centrality,0.024283409118652344,vsp_model1_crew1_cr42_south31,2851,2000,38.880226850509644
1983,Harmonic Centrality,0.01709914207458496,vsp_model1_crew1_cr42_south31,2851,2000,38.880226850509644
1982,Harmonic Centrality,0.03295016288757324,vsp_model1_crew1_cr42_south31,2851,2000,38.880226850509644
1982,Harmonic Centrality,0.01694631576538086,vsp_model1_crew1_cr42_south31,2851,2000,38.880226850509644
1981,Harmonic Centrality,0.028106689453125,vsp_model1_crew1_cr42_south31,2851,2000,38.880226850509644
1982,Harmonic Centrality,0.024453401565551758,vsp_model1_crew1_cr42_south31,2851,2000,38.880226850509644
1997,Harmonic Centrality,0.02097797393798828,vsp_model1_crew1_cr42_south31,2851,2000,38.880226850509644
1981,Harmonic Centrality,0.02065563201904297,vsp_model1_crew1_cr42_south31,2851,2000,38.880226850509644
1981,Harmonic Centrality,0.014778852462768555,vsp_model1_crew1_cr42_south31,2851,2000,38.880226850509644
1995,Betweenness,0.03131985664367676,vsp_model1_crew1_cr42_south31,2851,2000,38.880226850509644
1996,Betweenness,0.036424875259399414,vsp_model1_crew1_cr42_south31,2851,2000,38.880226850509644
1996,Betweenness,0.02492523193359375,vsp_model1_crew1_cr42_south31,2851,2000,38.880226850509644
1997,Betweenness,0.023654699325561523,vsp_model1_crew1_cr42_south31,2851,2000,38.880226850509644
1981,Betweenness,0.03246665000915527,vsp_model1_crew1_cr42_south31,2851,2000,38.880226850509644
1996,Betweenness,0.024927616119384766,vsp_model1_crew1_cr42_south31,2851,2000,38.880226850509644
1995,Betweenness,0.03171825408935547,vsp_model1_crew1_cr42_south31,2851,2000,38.880226850509644
1981,Betweenness,0.01253962516784668,vsp_model1_crew1_cr42_south31,2851,2000,38.880226850509644
1995,Betweenness,0.026688814163208008,vsp_model1_crew1_cr42_south31,2851,2000,38.880226850509644
1997,Betweenness,0.03289151191711426,vsp_model1_crew1_cr42_south31,2851,2000,38.880226850509644
1996,Betweenness,0.016096115112304688,vsp_model1_crew1_cr42_south31,2851,2000,38.880226850509644
1996,Betweenness,0.017027616500854492,vsp_model1_crew1_cr42_south31,2851,2000,38.880226850509644
1995,Betweenness,0.02309727668762207,vsp_model1_crew1_cr42_south31,2851,2000,38.880226850509644
1996,Betweenness,0.017575740814208984,vsp_model1_crew1_cr42_south31,2851,2000,38.880226850509644
1997,Betweenness,0.02352428436279297,vsp_model1_crew1_cr42_south31,2851,2000,38.880226850509644
1983,Eigenvector,0.036715030670166016,vsp_model1_crew1_cr42_south31,2851,2000,38.880226850509644
1981,Eigenvector,0.0352022647857666,vsp_model1_crew1_cr42_south31,2851,2000,38.880226850509644
1996,Eigenvector,0.03510737419128418,vsp_model1_crew1_cr42_south31,2851,2000,38.880226850509644
1997,Eigenvector,0.03260540962219238,vsp_model1_crew1_cr42_south31,2851,2000,38.880226850509644
1997,Eigenvector,0.027541637420654297,vsp_model1_crew1_cr42_south31,2851,2000,38.880226850509644
1981,Eigenvector,0.03193235397338867,vsp_model1_crew1_cr42_south31,2851,2000,38.880226850509644
1981,Eigenvector,0.03320503234863281,vsp_model1_crew1_cr42_south31,2851,2000,38.880226850509644
1980,Eigenvector,0.02219843864440918,vsp_model1_crew1_cr42_south31,2851,2000,38.880226850509644
1984,Eigenvector,0.02884531021118164,vsp_model1_crew1_cr42_south31,2851,2000,38.880226850509644
1981,Eigenvector,0.01634502410888672,vsp_model1_crew1_cr42_south31,2851,2000,38.880226850509644
1983,Eigenvector,0.016469717025756836,vsp_model1_crew1_cr42_south31,2851,2000,38.880226850509644
1997,Eigenvector,0.022715091705322266,vsp_model1_crew1_cr42_south31,2851,2000,38.880226850509644
1982,Eigenvector,0.018248319625854492,vsp_model1_crew1_cr42_south31,2851,2000,38.880226850509644
1981,Eigenvector,0.017991304397583008,vsp_model1_crew1_cr42_south31,2851,2000,38.880226850509644
1981,Eigenvector,0.3391749858856201,vsp_model1_crew1_cr42_south31,2851,2000,38.880226850509644
1996,PageRank,0.03989124298095703,vsp_model1_crew1_cr42_south31,2851,2000,38.880226850509644
1981,PageRank,0.03735184669494629,vsp_model1_crew1_cr42_south31,2851,2000,38.880226850509644
1985,PageRank,0.033040523529052734,vsp_model1_crew1_cr42_south31,2851,2000,38.880226850509644
1983,PageRank,0.02404642105102539,vsp_model1_crew1_cr42_south31,2851,2000,38.880226850509644
1982,PageRank,0.030395030975341797,vsp_model1_crew1_cr42_south31,2851,2000,38.880226850509644
1997,PageRank,0.02753281593322754,vsp_model1_crew1_cr42_south31,2851,2000,38.880226850509644
1996,PageRank,0.02571702003479004,vsp_model1_crew1_cr42_south31,2851,2000,38.880226850509644
1997,PageRank,0.008429288864135742,vsp_model1_crew1_cr42_south31,2851,2000,38.880226850509644
1995,PageRank,0.0339503288269043,vsp_model1_crew1_cr42_south31,2851,2000,38.880226850509644
1997,PageRank,0.031207561492919922,vsp_model1_crew1_cr42_south31,2851,2000,38.880226850509644
1982,PageRank,0.032592058181762695,vsp_model1_crew1_cr42_south31,2851,2000,38.880226850509644
1997,PageRank,0.05939841270446777,vsp_model1_crew1_cr42_south31,2851,2000,38.880226850509644
1995,PageRank,0.05507159233093262,vsp_model1_crew1_cr42_south31,2851,2000,38.880226850509644
1983,PageRank,0.04053783416748047,vsp_model1_crew1_cr42_south31,2851,2000,38.880226850509644
1984,PageRank,0.04174017906188965,vsp_model1_crew1_cr42_south31,2851,2000,38.880226850509644
1252,Closeness,0.385225772857666,vsp_msc10848_300sep_100in_1Kout,98269,2000,894.9237871170044
1235,Closeness,0.49579882621765137,vsp_msc10848_300sep_100in_1Kout,98269,2000,894.9237871170044
1187,Closeness,0.38179993629455566,vsp_msc10848_300sep_100in_1Kout,98269,2000,894.9237871170044
1337,Closeness,0.5040507316589355,vsp_msc10848_300sep_100in_1Kout,98269,2000,894.9237871170044
1157,Closeness,0.3014533519744873,vsp_msc10848_300sep_100in_1Kout,98269,2000,894.9237871170044
1215,Closeness,0.3323855400085449,vsp_msc10848_300sep_100in_1Kout,98269,2000,894.9237871170044
1179,Closeness,0.42754149436950684,vsp_msc10848_300sep_100in_1Kout,98269,2000,894.9237871170044
1395,Closeness,0.31931519508361816,vsp_msc10848_300sep_100in_1Kout,98269,2000,894.9237871170044
1273,Closeness,0.4418909549713135,vsp_msc10848_300sep_100in_1Kout,98269,2000,894.9237871170044
1276,Closeness,0.40806078910827637,vsp_msc10848_300sep_100in_1Kout,98269,2000,894.9237871170044
1709,Closeness,0.3882734775543213,vsp_msc10848_300sep_100in_1Kout,98269,2000,894.9237871170044
1443,Closeness,0.46921563148498535,vsp_msc10848_300sep_100in_1Kout,98269,2000,894.9237871170044
1259,Closeness,0.411607027053833,vsp_msc10848_300sep_100in_1Kout,98269,2000,894.9237871170044
1322,Closeness,0.32360243797302246,vsp_msc10848_300sep_100in_1Kout,98269,2000,894.9237871170044
1602,Closeness,0.41028809547424316,vsp_msc10848_300sep_100in_1Kout,98269,2000,894.9237871170044
1267,Harmonic Centrality,0.3769066333770752,vsp_msc10848_300sep_100in_1Kout,98269,2000,894.9237871170044
1682,Harmonic Centrality,0.396822452545166,vsp_msc10848_300sep_100in_1Kout,98269,2000,894.9237871170044
1417,Harmonic Centrality,0.3654942512512207,vsp_msc10848_300sep_100in_1Kout,98269,2000,894.9237871170044
1170,Harmonic Centrality,0.38277125358581543,vsp_msc10848_300sep_100in_1Kout,98269,2000,894.9237871170044
1583,Harmonic Centrality,0.3666496276855469,vsp_msc10848_300sep_100in_1Kout,98269,2000,894.9237871170044
1269,Harmonic Centrality,0.31644177436828613,vsp_msc10848_300sep_100in_1Kout,98269,2000,894.9237871170044
1411,Harmonic Centrality,0.41663026809692383,vsp_msc10848_300sep_100in_1Kout,98269,2000,894.9237871170044
1230,Harmonic Centrality,0.3802363872528076,vsp_msc10848_300sep_100in_1Kout,98269,2000,894.9237871170044
1184,Harmonic Centrality,0.3889460563659668,vsp_msc10848_300sep_100in_1Kout,98269,2000,894.9237871170044
1241,Harmonic Centrality,0.40746521949768066,vsp_msc10848_300sep_100in_1Kout,98269,2000,894.9237871170044
1174,Harmonic Centrality,0.40187549591064453,vsp_msc10848_300sep_100in_1Kout,98269,2000,894.9237871170044
1276,Harmonic Centrality,0.4201686382293701,vsp_msc10848_300sep_100in_1Kout,98269,2000,894.9237871170044
1240,Harmonic Centrality,0.41727590560913086,vsp_msc10848_300sep_100in_1Kout,98269,2000,894.9237871170044
1309,Harmonic Centrality,0.4449920654296875,vsp_msc10848_300sep_100in_1Kout,98269,2000,894.9237871170044
1605,Harmonic Centrality,0.32924413681030273,vsp_msc10848_300sep_100in_1Kout,98269,2000,894.9237871170044
1261,Harmonic Centrality,0.3803422451019287,vsp_msc10848_300sep_100in_1Kout,98269,2000,894.9237871170044
1389,Harmonic Centrality,0.3499894142150879,vsp_msc10848_300sep_100in_1Kout,98269,2000,894.9237871170044
1426,Harmonic Centrality,0.3226594924926758,vsp_msc10848_300sep_100in_1Kout,98269,2000,894.9237871170044
1309,Harmonic Centrality,0.3824591636657715,vsp_msc10848_300sep_100in_1Kout,98269,2000,894.9237871170044
1263,Harmonic Centrality,0.38536548614501953,vsp_msc10848_300sep_100in_1Kout,98269,2000,894.9237871170044
1283,Harmonic Centrality,0.3314647674560547,vsp_msc10848_300sep_100in_1Kout,98269,2000,894.9237871170044
1322,Harmonic Centrality,0.3179316520690918,vsp_msc10848_300sep_100in_1Kout,98269,2000,894.9237871170044
1378,Harmonic Centrality,0.3263075351715088,vsp_msc10848_300sep_100in_1Kout,98269,2000,894.9237871170044
1587,Harmonic Centrality,0.32422876358032227,vsp_msc10848_300sep_100in_1Kout,98269,2000,894.9237871170044
1637,Harmonic Centrality,0.3390822410583496,vsp_msc10848_300sep_100in_1Kout,98269,2000,894.9237871170044
1555,Harmonic Centrality,0.4917144775390625,vsp_msc10848_300sep_100in_1Kout,98269,2000,894.9237871170044
1271,Harmonic Centrality,0.3799154758453369,vsp_msc10848_300sep_100in_1Kout,98269,2000,894.9237871170044
1220,Harmonic Centrality,0.4210703372955322,vsp_msc10848_300sep_100in_1Kout,98269,2000,894.9237871170044
1680,Harmonic Centrality,0.384937047958374,vsp_msc10848_300sep_100in_1Kout,98269,2000,894.9237871170044
1297,Harmonic Centrality,0.4243910312652588,vsp_msc10848_300sep_100in_1Kout,98269,2000,894.9237871170044
1273,Degree,0.3926835060119629,vsp_msc10848_300sep_100in_1Kout,98269,2000,894.9237871170044
1380,Degree,0.3889627456665039,vsp_msc10848_300sep_100in_1Kout,98269,2000,894.9237871170044
1512,Degree,1.627171516418457,vsp_msc10848_300sep_100in_1Kout,98269,2000,894.9237871170044
1262,Degree,0.3413670063018799,vsp_msc10848_300sep_100in_1Kout,98269,2000,894.9237871170044
1351,Degree,0.4458179473876953,vsp_msc10848_300sep_100in_1Kout,98269,2000,894.9237871170044
1468,Degree,0.357224702835083,vsp_msc10848_300sep_100in_1Kout,98269,2000,894.9237871170044
1359,Degree,0.3649876117706299,vsp_msc10848_300sep_100in_1Kout,98269,2000,894.9237871170044
1385,Degree,0.35593366622924805,vsp_msc10848_300sep_100in_1Kout,98269,2000,894.9237871170044
1347,Degree,0.40509462356567383,vsp_msc10848_300sep_100in_1Kout,98269,2000,894.9237871170044
1633,Degree,0.3172135353088379,vsp_msc10848_300sep_100in_1Kout,98269,2000,894.9237871170044
1550,Degree,0.3532750606536865,vsp_msc10848_300sep_100in_1Kout,98269,2000,894.9237871170044
1363,Degree,0.4224281311035156,vsp_msc10848_300sep_100in_1Kout,98269,2000,894.9237871170044
1367,Degree,0.30918264389038086,vsp_msc10848_300sep_100in_1Kout,98269,2000,894.9237871170044
1346,Degree,0.2963132858276367,vsp_msc10848_300sep_100in_1Kout,98269,2000,894.9237871170044
1410,Degree,0.3267343044281006,vsp_msc10848_300sep_100in_1Kout,98269,2000,894.9237871170044
1450,Katz Centrality,0.43285155296325684,vsp_msc10848_300sep_100in_1Kout,98269,2000,894.9237871170044
1293,Katz Centrality,0.3182828426361084,vsp_msc10848_300sep_100in_1Kout,98269,2000,894.9237871170044
1331,Katz Centrality,0.3096446990966797,vsp_msc10848_300sep_100in_1Kout,98269,2000,894.9237871170044
1285,Katz Centrality,0.31957387924194336,vsp_msc10848_300sep_100in_1Kout,98269,2000,894.9237871170044
1345,Katz Centrality,0.33571910858154297,vsp_msc10848_300sep_100in_1Kout,98269,2000,894.9237871170044
1517,Katz Centrality,0.38008713722229004,vsp_msc10848_300sep_100in_1Kout,98269,2000,894.9237871170044
1348,Katz Centrality,0.3581223487854004,vsp_msc10848_300sep_100in_1Kout,98269,2000,894.9237871170044
1247,Katz Centrality,0.33409667015075684,vsp_msc10848_300sep_100in_1Kout,98269,2000,894.9237871170044
1711,Katz Centrality,0.3598918914794922,vsp_msc10848_300sep_100in_1Kout,98269,2000,894.9237871170044
1395,Katz Centrality,0.36504268646240234,vsp_msc10848_300sep_100in_1Kout,98269,2000,894.9237871170044
1502,Katz Centrality,0.36377382278442383,vsp_msc10848_300sep_100in_1Kout,98269,2000,894.9237871170044
1714,Katz Centrality,0.2999153137207031,vsp_msc10848_300sep_100in_1Kout,98269,2000,894.9237871170044
1446,Katz Centrality,0.3740048408508301,vsp_msc10848_300sep_100in_1Kout,98269,2000,894.9237871170044
1267,Katz Centrality,0.4010918140411377,vsp_msc10848_300sep_100in_1Kout,98269,2000,894.9237871170044
1419,Katz Centrality,0.4014286994934082,vsp_msc10848_300sep_100in_1Kout,98269,2000,894.9237871170044
1207,Closeness,0.39579105377197266,vsp_msc10848_300sep_100in_1Kout,98269,2000,894.9237871170044
1312,Closeness,0.40898776054382324,vsp_msc10848_300sep_100in_1Kout,98269,2000,894.9237871170044
1663,Closeness,0.4350259304046631,vsp_msc10848_300sep_100in_1Kout,98269,2000,894.9237871170044
1260,Closeness,0.5140326023101807,vsp_msc10848_300sep_100in_1Kout,98269,2000,894.9237871170044
1316,Closeness,0.3110239505767822,vsp_msc10848_300sep_100in_1Kout,98269,2000,894.9237871170044
1150,Closeness,0.3167383670806885,vsp_msc10848_300sep_100in_1Kout,98269,2000,894.9237871170044
1404,Closeness,0.3505055904388428,vsp_msc10848_300sep_100in_1Kout,98269,2000,894.9237871170044
1621,Closeness,0.39022135734558105,vsp_msc10848_300sep_100in_1Kout,98269,2000,894.9237871170044
1287,Closeness,0.3457982540130615,vsp_msc10848_300sep_100in_1Kout,98269,2000,894.9237871170044
1265,Closeness,0.3390953540802002,vsp_msc10848_300sep_100in_1Kout,98269,2000,894.9237871170044
1199,Closeness,0.38666343688964844,vsp_msc10848_300sep_100in_1Kout,98269,2000,894.9237871170044
1274,Closeness,0.34305548667907715,vsp_msc10848_300sep_100in_1Kout,98269,2000,894.9237871170044
1282,Closeness,0.3880321979522705,vsp_msc10848_300sep_100in_1Kout,98269,2000,894.9237871170044
1316,Closeness,0.4211297035217285,vsp_msc10848_300sep_100in_1Kout,98269,2000,894.9237871170044
1254,Closeness,0.3333134651184082,vsp_msc10848_300sep_100in_1Kout,98269,2000,894.9237871170044
1391,Katz Centrality,0.35956549644470215,vsp_msc10848_300sep_100in_1Kout,98269,2000,894.9237871170044
1450,Katz Centrality,0.3812098503112793,vsp_msc10848_300sep_100in_1Kout,98269,2000,894.9237871170044
1309,Katz Centrality,0.3500955104827881,vsp_msc10848_300sep_100in_1Kout,98269,2000,894.9237871170044
1345,Katz Centrality,0.35630226135253906,vsp_msc10848_300sep_100in_1Kout,98269,2000,894.9237871170044
1309,Katz Centrality,0.30788111686706543,vsp_msc10848_300sep_100in_1Kout,98269,2000,894.9237871170044
1156,Katz Centrality,0.3340613842010498,vsp_msc10848_300sep_100in_1Kout,98269,2000,894.9237871170044
1166,Katz Centrality,0.40422987937927246,vsp_msc10848_300sep_100in_1Kout,98269,2000,894.9237871170044
1274,Katz Centrality,0.46619462966918945,vsp_msc10848_300sep_100in_1Kout,98269,2000,894.9237871170044
1529,Katz Centrality,0.3659331798553467,vsp_msc10848_300sep_100in_1Kout,98269,2000,894.9237871170044
1377,Katz Centrality,0.37221455574035645,vsp_msc10848_300sep_100in_1Kout,98269,2000,894.9237871170044
1241,Katz Centrality,0.37819409370422363,vsp_msc10848_300sep_100in_1Kout,98269,2000,894.9237871170044
1319,Katz Centrality,0.3110179901123047,vsp_msc10848_300sep_100in_1Kout,98269,2000,894.9237871170044
1303,Katz Centrality,0.3105630874633789,vsp_msc10848_300sep_100in_1Kout,98269,2000,894.9237871170044
1425,Katz Centrality,0.25478053092956543,vsp_msc10848_300sep_100in_1Kout,98269,2000,894.9237871170044
1186,Katz Centrality,0.24398517608642578,vsp_msc10848_300sep_100in_1Kout,98269,2000,894.9237871170044
1208,Betweenness,0.33536195755004883,vsp_msc10848_300sep_100in_1Kout,98269,2000,894.9237871170044
1288,Betweenness,0.20427536964416504,vsp_msc10848_300sep_100in_1Kout,98269,2000,894.9237871170044
1259,Betweenness,0.20609450340270996,vsp_msc10848_300sep_100in_1Kout,98269,2000,894.9237871170044
1242,Betweenness,0.21038269996643066,vsp_msc10848_300sep_100in_1Kout,98269,2000,894.9237871170044
1243,Betweenness,0.21643924713134766,vsp_msc10848_300sep_100in_1Kout,98269,2000,894.9237871170044
1433,Betweenness,0.17388200759887695,vsp_msc10848_300sep_100in_1Kout,98269,2000,894.9237871170044
1153,Betweenness,0.16065049171447754,vsp_msc10848_300sep_100in_1Kout,98269,2000,894.9237871170044
1423,Betweenness,0.15578866004943848,vsp_msc10848_300sep_100in_1Kout,98269,2000,894.9237871170044
1449,Betweenness,0.15467572212219238,vsp_msc10848_300sep_100in_1Kout,98269,2000,894.9237871170044
1347,Betweenness,0.1555955410003662,vsp_msc10848_300sep_100in_1Kout,98269,2000,894.9237871170044
1322,Betweenness,0.17848801612854004,vsp_msc10848_300sep_100in_1Kout,98269,2000,894.9237871170044
1386,Betweenness,0.1786818504333496,vsp_msc10848_300sep_100in_1Kout,98269,2000,894.9237871170044
1372,Betweenness,0.17027926445007324,vsp_msc10848_300sep_100in_1Kout,98269,2000,894.9237871170044
1266,Betweenness,0.25783801078796387,vsp_msc10848_300sep_100in_1Kout,98269,2000,894.9237871170044
1273,Betweenness,0.21521234512329102,vsp_msc10848_300sep_100in_1Kout,98269,2000,894.9237871170044
1284,Harmonic Centrality,0.31284451484680176,vsp_msc10848_300sep_100in_1Kout,98269,2000,894.9237871170044
1600,Harmonic Centrality,0.21490049362182617,vsp_msc10848_300sep_100in_1Kout,98269,2000,894.9237871170044
1183,Harmonic Centrality,0.24863457679748535,vsp_msc10848_300sep_100in_1Kout,98269,2000,894.9237871170044
1367,Harmonic Centrality,0.23216724395751953,vsp_msc10848_300sep_100in_1Kout,98269,2000,894.9237871170044
1323,Harmonic Centrality,0.20790505409240723,vsp_msc10848_300sep_100in_1Kout,98269,2000,894.9237871170044
1459,Harmonic Centrality,0.2813990116119385,vsp_msc10848_300sep_100in_1Kout,98269,2000,894.9237871170044
1345,Harmonic Centrality,0.2753617763519287,vsp_msc10848_300sep_100in_1Kout,98269,2000,894.9237871170044
1274,Harmonic Centrality,0.34769749641418457,vsp_msc10848_300sep_100in_1Kout,98269,2000,894.9237871170044
1396,Harmonic Centrality,0.21488475799560547,vsp_msc10848_300sep_100in_1Kout,98269,2000,894.9237871170044
1214,Harmonic Centrality,0.18185663223266602,vsp_msc10848_300sep_100in_1Kout,98269,2000,894.9237871170044
1488,Harmonic Centrality,0.1817033290863037,vsp_msc10848_300sep_100in_1Kout,98269,2000,894.9237871170044
1344,Harmonic Centrality,0.1881861686706543,vsp_msc10848_300sep_100in_1Kout,98269,2000,894.9237871170044
1161,Harmonic Centrality,0.17510604858398438,vsp_msc10848_300sep_100in_1Kout,98269,2000,894.9237871170044
1346,Harmonic Centrality,0.14557218551635742,vsp_msc10848_300sep_100in_1Kout,98269,2000,894.9237871170044
1460,Harmonic Centrality,0.24834990501403809,vsp_msc10848_300sep_100in_1Kout,98269,2000,894.9237871170044
1522,PageRank,0.26604437828063965,vsp_msc10848_300sep_100in_1Kout,98269,2000,894.9237871170044
1296,PageRank,0.2189624309539795,vsp_msc10848_300sep_100in_1Kout,98269,2000,894.9237871170044
1367,PageRank,0.2535412311553955,vsp_msc10848_300sep_100in_1Kout,98269,2000,894.9237871170044
1261,PageRank,0.207291841506958,vsp_msc10848_300sep_100in_1Kout,98269,2000,894.9237871170044
1274,PageRank,0.15599846839904785,vsp_msc10848_300sep_100in_1Kout,98269,2000,894.9237871170044
1320,PageRank,0.14205384254455566,vsp_msc10848_300sep_100in_1Kout,98269,2000,894.9237871170044
1346,PageRank,0.2100687026977539,vsp_msc10848_300sep_100in_1Kout,98269,2000,894.9237871170044
1212,PageRank,0.19797062873840332,vsp_msc10848_300sep_100in_1Kout,98269,2000,894.9237871170044
1424,PageRank,0.22771048545837402,vsp_msc10848_300sep_100in_1Kout,98269,2000,894.9237871170044
1328,PageRank,0.17320609092712402,vsp_msc10848_300sep_100in_1Kout,98269,2000,894.9237871170044
1571,PageRank,0.1916065216064453,vsp_msc10848_300sep_100in_1Kout,98269,2000,894.9237871170044
1292,PageRank,0.19158530235290527,vsp_msc10848_300sep_100in_1Kout,98269,2000,894.9237871170044
1228,PageRank,0.23489713668823242,vsp_msc10848_300sep_100in_1Kout,98269,2000,894.9237871170044
1298,PageRank,0.24356484413146973,vsp_msc10848_300sep_100in_1Kout,98269,2000,894.9237871170044
1297,PageRank,0.24068236351013184,vsp_msc10848_300sep_100in_1Kout,98269,2000,894.9237871170044
1382,Betweenness,0.2853691577911377,vsp_msc10848_300sep_100in_1Kout,98269,2000,894.9237871170044
1202,Betweenness,0.2692418098449707,vsp_msc10848_300sep_100in_1Kout,98269,2000,894.9237871170044
1253,Betweenness,0.17155838012695312,vsp_msc10848_300sep_100in_1Kout,98269,2000,894.9237871170044
1358,Betweenness,0.17513108253479004,vsp_msc10848_300sep_100in_1Kout,98269,2000,894.9237871170044
1467,Betweenness,0.18912100791931152,vsp_msc10848_300sep_100in_1Kout,98269,2000,894.9237871170044
1285,Betweenness,0.17873001098632812,vsp_msc10848_300sep_100in_1Kout,98269,2000,894.9237871170044
1221,Betweenness,0.19541716575622559,vsp_msc10848_300sep_100in_1Kout,98269,2000,894.9237871170044
1161,Betweenness,0.21174049377441406,vsp_msc10848_300sep_100in_1Kout,98269,2000,894.9237871170044
1551,Betweenness,0.19124293327331543,vsp_msc10848_300sep_100in_1Kout,98269,2000,894.9237871170044
1086,Betweenness,0.1748800277709961,vsp_msc10848_300sep_100in_1Kout,98269,2000,894.9237871170044
1582,Betweenness,0.19408369064331055,vsp_msc10848_300sep_100in_1Kout,98269,2000,894.9237871170044
1215,Betweenness,0.17492294311523438,vsp_msc10848_300sep_100in_1Kout,98269,2000,894.9237871170044
1246,Betweenness,0.17472600936889648,vsp_msc10848_300sep_100in_1Kout,98269,2000,894.9237871170044
1278,Betweenness,0.38154125213623047,vsp_msc10848_300sep_100in_1Kout,98269,2000,894.9237871170044
1457,Betweenness,0.3747556209564209,vsp_msc10848_300sep_100in_1Kout,98269,2000,894.9237871170044
1300,Katz Centrality,0.24422287940979004,vsp_msc10848_300sep_100in_1Kout,98269,2000,894.9237871170044
1399,Katz Centrality,0.18953895568847656,vsp_msc10848_300sep_100in_1Kout,98269,2000,894.9237871170044
1287,Katz Centrality,0.2322847843170166,vsp_msc10848_300sep_100in_1Kout,98269,2000,894.9237871170044
1450,Katz Centrality,0.22386741638183594,vsp_msc10848_300sep_100in_1Kout,98269,2000,894.9237871170044
1309,Katz Centrality,0.20056533813476562,vsp_msc10848_300sep_100in_1Kout,98269,2000,894.9237871170044
1555,Katz Centrality,0.21499276161193848,vsp_msc10848_300sep_100in_1Kout,98269,2000,894.9237871170044
1206,Katz Centrality,0.21161746978759766,vsp_msc10848_300sep_100in_1Kout,98269,2000,894.9237871170044
1336,Katz Centrality,0.22216224670410156,vsp_msc10848_300sep_100in_1Kout,98269,2000,894.9237871170044
1382,Katz Centrality,0.2302107810974121,vsp_msc10848_300sep_100in_1Kout,98269,2000,894.9237871170044
1530,Katz Centrality,0.23782014846801758,vsp_msc10848_300sep_100in_1Kout,98269,2000,894.9237871170044
1393,Katz Centrality,0.23499131202697754,vsp_msc10848_300sep_100in_1Kout,98269,2000,894.9237871170044
1598,Katz Centrality,0.22805356979370117,vsp_msc10848_300sep_100in_1Kout,98269,2000,894.9237871170044
1284,Katz Centrality,0.19514250755310059,vsp_msc10848_300sep_100in_1Kout,98269,2000,894.9237871170044
1138,Katz Centrality,0.2416367530822754,vsp_msc10848_300sep_100in_1Kout,98269,2000,894.9237871170044
1157,Katz Centrality,0.20922541618347168,vsp_msc10848_300sep_100in_1Kout,98269,2000,894.9237871170044
1401,Harmonic Centrality,0.2857043743133545,vsp_msc10848_300sep_100in_1Kout,98269,2000,894.9237871170044
1422,Harmonic Centrality,0.20429205894470215,vsp_msc10848_300sep_100in_1Kout,98269,2000,894.9237871170044
1272,Harmonic Centrality,0.1985769271850586,vsp_msc10848_300sep_100in_1Kout,98269,2000,894.9237871170044
1298,Harmonic Centrality,0.19539976119995117,vsp_msc10848_300sep_100in_1Kout,98269,2000,894.9237871170044
1602,Harmonic Centrality,0.22276711463928223,vsp_msc10848_300sep_100in_1Kout,98269,2000,894.9237871170044
1344,Harmonic Centrality,0.20526933670043945,vsp_msc10848_300sep_100in_1Kout,98269,2000,894.9237871170044
1358,Harmonic Centrality,0.19943690299987793,vsp_msc10848_300sep_100in_1Kout,98269,2000,894.9237871170044
1280,Harmonic Centrality,0.18620061874389648,vsp_msc10848_300sep_100in_1Kout,98269,2000,894.9237871170044
1349,Harmonic Centrality,0.211012601852417,vsp_msc10848_300sep_100in_1Kout,98269,2000,894.9237871170044
1613,Harmonic Centrality,0.2427663803100586,vsp_msc10848_300sep_100in_1Kout,98269,2000,894.9237871170044
1356,Harmonic Centrality,0.20801067352294922,vsp_msc10848_300sep_100in_1Kout,98269,2000,894.9237871170044
1272,Harmonic Centrality,0.2409076690673828,vsp_msc10848_300sep_100in_1Kout,98269,2000,894.9237871170044
1279,Harmonic Centrality,0.21868109703063965,vsp_msc10848_300sep_100in_1Kout,98269,2000,894.9237871170044
1251,Harmonic Centrality,0.21988248825073242,vsp_msc10848_300sep_100in_1Kout,98269,2000,894.9237871170044
1274,Harmonic Centrality,0.20069646835327148,vsp_msc10848_300sep_100in_1Kout,98269,2000,894.9237871170044
1328,Harmonic Centrality,0.26852869987487793,vsp_msc10848_300sep_100in_1Kout,98269,2000,894.9237871170044
1260,Harmonic Centrality,0.22171640396118164,vsp_msc10848_300sep_100in_1Kout,98269,2000,894.9237871170044
1243,Harmonic Centrality,0.19599032402038574,vsp_msc10848_300sep_100in_1Kout,98269,2000,894.9237871170044
1574,Harmonic Centrality,0.23848176002502441,vsp_msc10848_300sep_100in_1Kout,98269,2000,894.9237871170044
1258,Harmonic Centrality,0.20461463928222656,vsp_msc10848_300sep_100in_1Kout,98269,2000,894.9237871170044
1301,Harmonic Centrality,0.1775352954864502,vsp_msc10848_300sep_100in_1Kout,98269,2000,894.9237871170044
1262,Harmonic Centrality,0.199432373046875,vsp_msc10848_300sep_100in_1Kout,98269,2000,894.9237871170044
1144,Harmonic Centrality,0.21560192108154297,vsp_msc10848_300sep_100in_1Kout,98269,2000,894.9237871170044
1268,Harmonic Centrality,0.16327309608459473,vsp_msc10848_300sep_100in_1Kout,98269,2000,894.9237871170044
1292,Harmonic Centrality,0.18709349632263184,vsp_msc10848_300sep_100in_1Kout,98269,2000,894.9237871170044
1260,Harmonic Centrality,0.16051340103149414,vsp_msc10848_300sep_100in_1Kout,98269,2000,894.9237871170044
1154,Harmonic Centrality,0.175828218460083,vsp_msc10848_300sep_100in_1Kout,98269,2000,894.9237871170044
1223,Harmonic Centrality,0.3774731159210205,vsp_msc10848_300sep_100in_1Kout,98269,2000,894.9237871170044
1215,Harmonic Centrality,0.40867185592651367,vsp_msc10848_300sep_100in_1Kout,98269,2000,894.9237871170044
1203,Harmonic Centrality,0.31914234161376953,vsp_msc10848_300sep_100in_1Kout,98269,2000,894.9237871170044
1386,Eigenvector,0.2333815097808838,vsp_msc10848_300sep_100in_1Kout,98269,2000,894.9237871170044
1401,Eigenvector,0.2832663059234619,vsp_msc10848_300sep_100in_1Kout,98269,2000,894.9237871170044
1294,Eigenvector,0.272904634475708,vsp_msc10848_300sep_100in_1Kout,98269,2000,894.9237871170044
1323,Eigenvector,0.2046809196472168,vsp_msc10848_300sep_100in_1Kout,98269,2000,894.9237871170044
1384,Eigenvector,0.18205571174621582,vsp_msc10848_300sep_100in_1Kout,98269,2000,894.9237871170044
1189,Eigenvector,0.19919729232788086,vsp_msc10848_300sep_100in_1Kout,98269,2000,894.9237871170044
1407,Eigenvector,0.19275808334350586,vsp_msc10848_300sep_100in_1Kout,98269,2000,894.9237871170044
1218,Eigenvector,0.280242919921875,vsp_msc10848_300sep_100in_1Kout,98269,2000,894.9237871170044
1348,Eigenvector,0.27033162117004395,vsp_msc10848_300sep_100in_1Kout,98269,2000,894.9237871170044
1288,Eigenvector,0.48075175285339355,vsp_msc10848_300sep_100in_1Kout,98269,2000,894.9237871170044
1289,Eigenvector,0.2040085792541504,vsp_msc10848_300sep_100in_1Kout,98269,2000,894.9237871170044
1072,Eigenvector,0.18834948539733887,vsp_msc10848_300sep_100in_1Kout,98269,2000,894.9237871170044
1255,Eigenvector,0.2562873363494873,vsp_msc10848_300sep_100in_1Kout,98269,2000,894.9237871170044
1207,Eigenvector,0.22545170783996582,vsp_msc10848_300sep_100in_1Kout,98269,2000,894.9237871170044
1466,Eigenvector,0.33593225479125977,vsp_msc10848_300sep_100in_1Kout,98269,2000,894.9237871170044
1391,Katz Centrality,0.39244866371154785,vsp_msc10848_300sep_100in_1Kout,98269,2000,894.9237871170044
1323,Katz Centrality,0.23781681060791016,vsp_msc10848_300sep_100in_1Kout,98269,2000,894.9237871170044
1371,Katz Centrality,0.21640849113464355,vsp_msc10848_300sep_100in_1Kout,98269,2000,894.9237871170044
1370,Katz Centrality,0.21015381813049316,vsp_msc10848_300sep_100in_1Kout,98269,2000,894.9237871170044
1214,Katz Centrality,0.21203994750976562,vsp_msc10848_300sep_100in_1Kout,98269,2000,894.9237871170044
1328,Katz Centrality,0.24342703819274902,vsp_msc10848_300sep_100in_1Kout,98269,2000,894.9237871170044
1319,Katz Centrality,0.22237300872802734,vsp_msc10848_300sep_100in_1Kout,98269,2000,894.9237871170044
1379,Katz Centrality,0.24068379402160645,vsp_msc10848_300sep_100in_1Kout,98269,2000,894.9237871170044
1275,Katz Centrality,0.2529006004333496,vsp_msc10848_300sep_100in_1Kout,98269,2000,894.9237871170044
1371,Katz Centrality,0.2668931484222412,vsp_msc10848_300sep_100in_1Kout,98269,2000,894.9237871170044
1224,Katz Centrality,0.22193527221679688,vsp_msc10848_300sep_100in_1Kout,98269,2000,894.9237871170044
1187,Katz Centrality,0.19429683685302734,vsp_msc10848_300sep_100in_1Kout,98269,2000,894.9237871170044
1247,Katz Centrality,0.17099618911743164,vsp_msc10848_300sep_100in_1Kout,98269,2000,894.9237871170044
1274,Katz Centrality,0.17000794410705566,vsp_msc10848_300sep_100in_1Kout,98269,2000,894.9237871170044
1276,Katz Centrality,0.16417837142944336,vsp_msc10848_300sep_100in_1Kout,98269,2000,894.9237871170044
1316,Katz Centrality,0.23850488662719727,vsp_msc10848_300sep_100in_1Kout,98269,2000,894.9237871170044
1332,Katz Centrality,0.1478893756866455,vsp_msc10848_300sep_100in_1Kout,98269,2000,894.9237871170044
1373,Katz Centrality,0.16663742065429688,vsp_msc10848_300sep_100in_1Kout,98269,2000,894.9237871170044
1302,Katz Centrality,0.1789557933807373,vsp_msc10848_300sep_100in_1Kout,98269,2000,894.9237871170044
1385,Katz Centrality,0.19375371932983398,vsp_msc10848_300sep_100in_1Kout,98269,2000,894.9237871170044
1250,Katz Centrality,0.18102145195007324,vsp_msc10848_300sep_100in_1Kout,98269,2000,894.9237871170044
1380,Katz Centrality,0.18379974365234375,vsp_msc10848_300sep_100in_1Kout,98269,2000,894.9237871170044
1262,Katz Centrality,0.14809632301330566,vsp_msc10848_300sep_100in_1Kout,98269,2000,894.9237871170044
1301,Katz Centrality,0.19975876808166504,vsp_msc10848_300sep_100in_1Kout,98269,2000,894.9237871170044
1331,Katz Centrality,0.17801403999328613,vsp_msc10848_300sep_100in_1Kout,98269,2000,894.9237871170044
1464,Katz Centrality,0.15105128288269043,vsp_msc10848_300sep_100in_1Kout,98269,2000,894.9237871170044
1220,Katz Centrality,0.1832575798034668,vsp_msc10848_300sep_100in_1Kout,98269,2000,894.9237871170044
1203,Katz Centrality,0.17540836334228516,vsp_msc10848_300sep_100in_1Kout,98269,2000,894.9237871170044
1246,Katz Centrality,0.17320752143859863,vsp_msc10848_300sep_100in_1Kout,98269,2000,894.9237871170044
1287,Katz Centrality,0.2727489471435547,vsp_msc10848_300sep_100in_1Kout,98269,2000,894.9237871170044
1355,Eigenvector,0.24576902389526367,vsp_msc10848_300sep_100in_1Kout,98269,2000,894.9237871170044
1436,Eigenvector,0.17200303077697754,vsp_msc10848_300sep_100in_1Kout,98269,2000,894.9237871170044
1318,Eigenvector,0.21999454498291016,vsp_msc10848_300sep_100in_1Kout,98269,2000,894.9237871170044
1395,Eigenvector,0.1579594612121582,vsp_msc10848_300sep_100in_1Kout,98269,2000,894.9237871170044
1245,Eigenvector,0.16372084617614746,vsp_msc10848_300sep_100in_1Kout,98269,2000,894.9237871170044
1777,Eigenvector,0.1656172275543213,vsp_msc10848_300sep_100in_1Kout,98269,2000,894.9237871170044
1309,Eigenvector,0.1781158447265625,vsp_msc10848_300sep_100in_1Kout,98269,2000,894.9237871170044
1447,Eigenvector,0.18564081192016602,vsp_msc10848_300sep_100in_1Kout,98269,2000,894.9237871170044
1237,Eigenvector,0.1773686408996582,vsp_msc10848_300sep_100in_1Kout,98269,2000,894.9237871170044
1335,Eigenvector,0.1672203540802002,vsp_msc10848_300sep_100in_1Kout,98269,2000,894.9237871170044
1487,Eigenvector,0.16304683685302734,vsp_msc10848_300sep_100in_1Kout,98269,2000,894.9237871170044
1261,Eigenvector,0.17948055267333984,vsp_msc10848_300sep_100in_1Kout,98269,2000,894.9237871170044
1262,Eigenvector,0.18045878410339355,vsp_msc10848_300sep_100in_1Kout,98269,2000,894.9237871170044
1275,Eigenvector,0.1750333309173584,vsp_msc10848_300sep_100in_1Kout,98269,2000,894.9237871170044
1297,Eigenvector,0.18210983276367188,vsp_msc10848_300sep_100in_1Kout,98269,2000,894.9237871170044
1223,Degree,0.23671913146972656,vsp_msc10848_300sep_100in_1Kout,98269,2000,894.9237871170044
1482,Degree,0.17059969902038574,vsp_msc10848_300sep_100in_1Kout,98269,2000,894.9237871170044
1458,Degree,0.16151976585388184,vsp_msc10848_300sep_100in_1Kout,98269,2000,894.9237871170044
1450,Degree,0.20639657974243164,vsp_msc10848_300sep_100in_1Kout,98269,2000,894.9237871170044
1149,Degree,0.1941206455230713,vsp_msc10848_300sep_100in_1Kout,98269,2000,894.9237871170044
1212,Degree,0.19327688217163086,vsp_msc10848_300sep_100in_1Kout,98269,2000,894.9237871170044
1482,Degree,0.1738753318786621,vsp_msc10848_300sep_100in_1Kout,98269,2000,894.9237871170044
1305,Degree,0.20984387397766113,vsp_msc10848_300sep_100in_1Kout,98269,2000,894.9237871170044
1369,Degree,0.17739295959472656,vsp_msc10848_300sep_100in_1Kout,98269,2000,894.9237871170044
1291,Degree,0.1793994903564453,vsp_msc10848_300sep_100in_1Kout,98269,2000,894.9237871170044
1259,Degree,0.224989652633667,vsp_msc10848_300sep_100in_1Kout,98269,2000,894.9237871170044
1637,Degree,0.16811156272888184,vsp_msc10848_300sep_100in_1Kout,98269,2000,894.9237871170044
1217,Degree,0.1970052719116211,vsp_msc10848_300sep_100in_1Kout,98269,2000,894.9237871170044
1398,Degree,0.18002533912658691,vsp_msc10848_300sep_100in_1Kout,98269,2000,894.9237871170044
1334,Degree,0.2276144027709961,vsp_msc10848_300sep_100in_1Kout,98269,2000,894.9237871170044
1206,Eigenvector,0.3273186683654785,vsp_msc10848_300sep_100in_1Kout,98269,2000,894.9237871170044
1321,Eigenvector,0.1741499900817871,vsp_msc10848_300sep_100in_1Kout,98269,2000,894.9237871170044
1192,Eigenvector,0.16920995712280273,vsp_msc10848_300sep_100in_1Kout,98269,2000,894.9237871170044
1424,Eigenvector,0.20073986053466797,vsp_msc10848_300sep_100in_1Kout,98269,2000,894.9237871170044
1240,Eigenvector,0.18747568130493164,vsp_msc10848_300sep_100in_1Kout,98269,2000,894.9237871170044
1325,Eigenvector,0.18265295028686523,vsp_msc10848_300sep_100in_1Kout,98269,2000,894.9237871170044
1256,Eigenvector,0.17097139358520508,vsp_msc10848_300sep_100in_1Kout,98269,2000,894.9237871170044
1240,Eigenvector,0.16776156425476074,vsp_msc10848_300sep_100in_1Kout,98269,2000,894.9237871170044
1567,Eigenvector,0.15798521041870117,vsp_msc10848_300sep_100in_1Kout,98269,2000,894.9237871170044
1332,Eigenvector,0.1552746295928955,vsp_msc10848_300sep_100in_1Kout,98269,2000,894.9237871170044
1263,Eigenvector,0.17809200286865234,vsp_msc10848_300sep_100in_1Kout,98269,2000,894.9237871170044
1417,Eigenvector,0.1613917350769043,vsp_msc10848_300sep_100in_1Kout,98269,2000,894.9237871170044
1242,Eigenvector,0.22077012062072754,vsp_msc10848_300sep_100in_1Kout,98269,2000,894.9237871170044
1390,Eigenvector,0.16938042640686035,vsp_msc10848_300sep_100in_1Kout,98269,2000,894.9237871170044
1219,Eigenvector,0.18622446060180664,vsp_msc10848_300sep_100in_1Kout,98269,2000,894.9237871170044
1269,PageRank,0.23198628425598145,vsp_msc10848_300sep_100in_1Kout,98269,2000,894.9237871170044
1209,PageRank,0.2289884090423584,vsp_msc10848_300sep_100in_1Kout,98269,2000,894.9237871170044
1320,PageRank,0.1873307228088379,vsp_msc10848_300sep_100in_1Kout,98269,2000,894.9237871170044
1473,PageRank,0.18541789054870605,vsp_msc10848_300sep_100in_1Kout,98269,2000,894.9237871170044
1242,PageRank,0.17835116386413574,vsp_msc10848_300sep_100in_1Kout,98269,2000,894.9237871170044
1554,PageRank,0.22800731658935547,vsp_msc10848_300sep_100in_1Kout,98269,2000,894.9237871170044
1241,PageRank,0.23089289665222168,vsp_msc10848_300sep_100in_1Kout,98269,2000,894.9237871170044
1204,PageRank,0.1874072551727295,vsp_msc10848_300sep_100in_1Kout,98269,2000,894.9237871170044
1254,PageRank,0.1999666690826416,vsp_msc10848_300sep_100in_1Kout,98269,2000,894.9237871170044
1354,PageRank,0.1801753044128418,vsp_msc10848_300sep_100in_1Kout,98269,2000,894.9237871170044
1469,PageRank,0.16768360137939453,vsp_msc10848_300sep_100in_1Kout,98269,2000,894.9237871170044
1474,PageRank,0.17718720436096191,vsp_msc10848_300sep_100in_1Kout,98269,2000,894.9237871170044
1320,PageRank,0.17463350296020508,vsp_msc10848_300sep_100in_1Kout,98269,2000,894.9237871170044
1261,PageRank,0.19257283210754395,vsp_msc10848_300sep_100in_1Kout,98269,2000,894.9237871170044
1290,PageRank,0.17080998420715332,vsp_msc10848_300sep_100in_1Kout,98269,2000,894.9237871170044
1346,PageRank,0.24742364883422852,vsp_msc10848_300sep_100in_1Kout,98269,2000,894.9237871170044
1577,PageRank,0.21560096740722656,vsp_msc10848_300sep_100in_1Kout,98269,2000,894.9237871170044
1333,PageRank,0.17115068435668945,vsp_msc10848_300sep_100in_1Kout,98269,2000,894.9237871170044
1404,PageRank,0.16928720474243164,vsp_msc10848_300sep_100in_1Kout,98269,2000,894.9237871170044
1379,PageRank,0.27501988410949707,vsp_msc10848_300sep_100in_1Kout,98269,2000,894.9237871170044
1425,PageRank,0.1982276439666748,vsp_msc10848_300sep_100in_1Kout,98269,2000,894.9237871170044
1390,PageRank,0.17896008491516113,vsp_msc10848_300sep_100in_1Kout,98269,2000,894.9237871170044
1519,PageRank,0.2123854160308838,vsp_msc10848_300sep_100in_1Kout,98269,2000,894.9237871170044
1344,PageRank,0.22193074226379395,vsp_msc10848_300sep_100in_1Kout,98269,2000,894.9237871170044
1427,PageRank,0.18574261665344238,vsp_msc10848_300sep_100in_1Kout,98269,2000,894.9237871170044
1667,PageRank,0.17584514617919922,vsp_msc10848_300sep_100in_1Kout,98269,2000,894.9237871170044
1515,PageRank,0.17511606216430664,vsp_msc10848_300sep_100in_1Kout,98269,2000,894.9237871170044
1188,PageRank,0.16865134239196777,vsp_msc10848_300sep_100in_1Kout,98269,2000,894.9237871170044
1293,PageRank,0.1872861385345459,vsp_msc10848_300sep_100in_1Kout,98269,2000,894.9237871170044
1285,PageRank,0.1815185546875,vsp_msc10848_300sep_100in_1Kout,98269,2000,894.9237871170044
1317,Closeness,0.24254369735717773,vsp_msc10848_300sep_100in_1Kout,98269,2000,894.9237871170044
1257,Closeness,0.2005751132965088,vsp_msc10848_300sep_100in_1Kout,98269,2000,894.9237871170044
1299,Closeness,0.1712794303894043,vsp_msc10848_300sep_100in_1Kout,98269,2000,894.9237871170044
1523,Closeness,0.17484521865844727,vsp_msc10848_300sep_100in_1Kout,98269,2000,894.9237871170044
1257,Closeness,0.1981513500213623,vsp_msc10848_300sep_100in_1Kout,98269,2000,894.9237871170044
1326,Closeness,0.1951594352722168,vsp_msc10848_300sep_100in_1Kout,98269,2000,894.9237871170044
1302,Closeness,0.1810305118560791,vsp_msc10848_300sep_100in_1Kout,98269,2000,894.9237871170044
1358,Closeness,0.18668699264526367,vsp_msc10848_300sep_100in_1Kout,98269,2000,894.9237871170044
1318,Closeness,0.19134235382080078,vsp_msc10848_300sep_100in_1Kout,98269,2000,894.9237871170044
1493,Closeness,0.22344660758972168,vsp_msc10848_300sep_100in_1Kout,98269,2000,894.9237871170044
1309,Closeness,0.15204167366027832,vsp_msc10848_300sep_100in_1Kout,98269,2000,894.9237871170044
1344,Closeness,0.1922926902770996,vsp_msc10848_300sep_100in_1Kout,98269,2000,894.9237871170044
1208,Closeness,0.1882474422454834,vsp_msc10848_300sep_100in_1Kout,98269,2000,894.9237871170044
1601,Closeness,0.1581099033355713,vsp_msc10848_300sep_100in_1Kout,98269,2000,894.9237871170044
1321,Closeness,0.1696629524230957,vsp_msc10848_300sep_100in_1Kout,98269,2000,894.9237871170044
1506,PageRank,0.2535412311553955,vsp_msc10848_300sep_100in_1Kout,98269,2000,894.9237871170044
1306,PageRank,0.1931004524230957,vsp_msc10848_300sep_100in_1Kout,98269,2000,894.9237871170044
1349,PageRank,0.17590737342834473,vsp_msc10848_300sep_100in_1Kout,98269,2000,894.9237871170044
1271,PageRank,0.18921232223510742,vsp_msc10848_300sep_100in_1Kout,98269,2000,894.9237871170044
1636,PageRank,0.19134140014648438,vsp_msc10848_300sep_100in_1Kout,98269,2000,894.9237871170044
1580,PageRank,0.2116684913635254,vsp_msc10848_300sep_100in_1Kout,98269,2000,894.9237871170044
1309,PageRank,0.1912853717803955,vsp_msc10848_300sep_100in_1Kout,98269,2000,894.9237871170044
1250,PageRank,0.18652939796447754,vsp_msc10848_300sep_100in_1Kout,98269,2000,894.9237871170044
1349,PageRank,0.1910843849182129,vsp_msc10848_300sep_100in_1Kout,98269,2000,894.9237871170044
1312,PageRank,0.17719721794128418,vsp_msc10848_300sep_100in_1Kout,98269,2000,894.9237871170044
1227,PageRank,0.20392179489135742,vsp_msc10848_300sep_100in_1Kout,98269,2000,894.9237871170044
1551,PageRank,0.1903221607208252,vsp_msc10848_300sep_100in_1Kout,98269,2000,894.9237871170044
1179,PageRank,0.18550777435302734,vsp_msc10848_300sep_100in_1Kout,98269,2000,894.9237871170044
1281,PageRank,0.1946561336517334,vsp_msc10848_300sep_100in_1Kout,98269,2000,894.9237871170044
1334,PageRank,0.2198476791381836,vsp_msc10848_300sep_100in_1Kout,98269,2000,894.9237871170044
1289,Betweenness,0.24939703941345215,vsp_msc10848_300sep_100in_1Kout,98269,2000,894.9237871170044
1351,Betweenness,0.19064545631408691,vsp_msc10848_300sep_100in_1Kout,98269,2000,894.9237871170044
1250,Betweenness,0.1934680938720703,vsp_msc10848_300sep_100in_1Kout,98269,2000,894.9237871170044
1172,Betweenness,0.18652987480163574,vsp_msc10848_300sep_100in_1Kout,98269,2000,894.9237871170044
1274,Betweenness,0.1999199390411377,vsp_msc10848_300sep_100in_1Kout,98269,2000,894.9237871170044
1627,Betweenness,0.22434067726135254,vsp_msc10848_300sep_100in_1Kout,98269,2000,894.9237871170044
1289,Betweenness,0.18538570404052734,vsp_msc10848_300sep_100in_1Kout,98269,2000,894.9237871170044
1237,Betweenness,0.16862273216247559,vsp_msc10848_300sep_100in_1Kout,98269,2000,894.9237871170044
1297,Betweenness,0.18225765228271484,vsp_msc10848_300sep_100in_1Kout,98269,2000,894.9237871170044
1385,Betweenness,0.18803000450134277,vsp_msc10848_300sep_100in_1Kout,98269,2000,894.9237871170044
1285,Betweenness,0.19142508506774902,vsp_msc10848_300sep_100in_1Kout,98269,2000,894.9237871170044
1388,Betweenness,0.21150612831115723,vsp_msc10848_300sep_100in_1Kout,98269,2000,894.9237871170044
1250,Betweenness,0.19525814056396484,vsp_msc10848_300sep_100in_1Kout,98269,2000,894.9237871170044
1177,Betweenness,0.1764988899230957,vsp_msc10848_300sep_100in_1Kout,98269,2000,894.9237871170044
1450,Betweenness,0.25481081008911133,vsp_msc10848_300sep_100in_1Kout,98269,2000,894.9237871170044
1238,Eigenvector,0.321286678314209,vsp_msc10848_300sep_100in_1Kout,98269,2000,894.9237871170044
1251,Eigenvector,0.1768801212310791,vsp_msc10848_300sep_100in_1Kout,98269,2000,894.9237871170044
1358,Eigenvector,0.183441162109375,vsp_msc10848_300sep_100in_1Kout,98269,2000,894.9237871170044
1193,Eigenvector,0.19452929496765137,vsp_msc10848_300sep_100in_1Kout,98269,2000,894.9237871170044
1251,Eigenvector,0.20548081398010254,vsp_msc10848_300sep_100in_1Kout,98269,2000,894.9237871170044
1150,Eigenvector,0.20800423622131348,vsp_msc10848_300sep_100in_1Kout,98269,2000,894.9237871170044
1247,Eigenvector,0.20180845260620117,vsp_msc10848_300sep_100in_1Kout,98269,2000,894.9237871170044
1253,Eigenvector,1.3854994773864746,vsp_msc10848_300sep_100in_1Kout,98269,2000,894.9237871170044
1594,Eigenvector,0.1377546787261963,vsp_msc10848_300sep_100in_1Kout,98269,2000,894.9237871170044
1295,Eigenvector,0.16785764694213867,vsp_msc10848_300sep_100in_1Kout,98269,2000,894.9237871170044
1631,Eigenvector,0.21904659271240234,vsp_msc10848_300sep_100in_1Kout,98269,2000,894.9237871170044
1438,Eigenvector,0.2287607192993164,vsp_msc10848_300sep_100in_1Kout,98269,2000,894.9237871170044
1330,Eigenvector,0.25379157066345215,vsp_msc10848_300sep_100in_1Kout,98269,2000,894.9237871170044
1250,Eigenvector,0.18832802772521973,vsp_msc10848_300sep_100in_1Kout,98269,2000,894.9237871170044
1460,Eigenvector,0.18890619277954102,vsp_msc10848_300sep_100in_1Kout,98269,2000,894.9237871170044
1333,PageRank,0.2894468307495117,vsp_msc10848_300sep_100in_1Kout,98269,2000,894.9237871170044
1491,PageRank,0.20498085021972656,vsp_msc10848_300sep_100in_1Kout,98269,2000,894.9237871170044
1301,PageRank,0.20304417610168457,vsp_msc10848_300sep_100in_1Kout,98269,2000,894.9237871170044
1231,PageRank,0.19152355194091797,vsp_msc10848_300sep_100in_1Kout,98269,2000,894.9237871170044
1426,PageRank,0.17330169677734375,vsp_msc10848_300sep_100in_1Kout,98269,2000,894.9237871170044
1306,PageRank,0.13550138473510742,vsp_msc10848_300sep_100in_1Kout,98269,2000,894.9237871170044
1248,PageRank,0.17668557167053223,vsp_msc10848_300sep_100in_1Kout,98269,2000,894.9237871170044
1378,PageRank,0.21943378448486328,vsp_msc10848_300sep_100in_1Kout,98269,2000,894.9237871170044
1397,PageRank,0.19111227989196777,vsp_msc10848_300sep_100in_1Kout,98269,2000,894.9237871170044
1244,PageRank,0.2008376121520996,vsp_msc10848_300sep_100in_1Kout,98269,2000,894.9237871170044
1275,PageRank,0.1710524559020996,vsp_msc10848_300sep_100in_1Kout,98269,2000,894.9237871170044
1219,PageRank,0.16455531120300293,vsp_msc10848_300sep_100in_1Kout,98269,2000,894.9237871170044
1482,PageRank,0.1613903045654297,vsp_msc10848_300sep_100in_1Kout,98269,2000,894.9237871170044
1487,PageRank,0.28234004974365234,vsp_msc10848_300sep_100in_1Kout,98269,2000,894.9237871170044
1383,PageRank,0.22797107696533203,vsp_msc10848_300sep_100in_1Kout,98269,2000,894.9237871170044
1301,Degree,0.24016118049621582,vsp_msc10848_300sep_100in_1Kout,98269,2000,894.9237871170044
1441,Degree,0.16129779815673828,vsp_msc10848_300sep_100in_1Kout,98269,2000,894.9237871170044
1327,Degree,0.156172513961792,vsp_msc10848_300sep_100in_1Kout,98269,2000,894.9237871170044
1176,Degree,0.1417248249053955,vsp_msc10848_300sep_100in_1Kout,98269,2000,894.9237871170044
1444,Degree,0.15073943138122559,vsp_msc10848_300sep_100in_1Kout,98269,2000,894.9237871170044
1220,Degree,0.16556239128112793,vsp_msc10848_300sep_100in_1Kout,98269,2000,894.9237871170044
1437,Degree,0.15607976913452148,vsp_msc10848_300sep_100in_1Kout,98269,2000,894.9237871170044
1422,Degree,0.16375136375427246,vsp_msc10848_300sep_100in_1Kout,98269,2000,894.9237871170044
1596,Degree,0.16379356384277344,vsp_msc10848_300sep_100in_1Kout,98269,2000,894.9237871170044
1335,Degree,0.1843554973602295,vsp_msc10848_300sep_100in_1Kout,98269,2000,894.9237871170044
1293,Degree,0.16236472129821777,vsp_msc10848_300sep_100in_1Kout,98269,2000,894.9237871170044
1280,Degree,0.15645289421081543,vsp_msc10848_300sep_100in_1Kout,98269,2000,894.9237871170044
1337,Degree,0.17345595359802246,vsp_msc10848_300sep_100in_1Kout,98269,2000,894.9237871170044
1238,Degree,0.1563725471496582,vsp_msc10848_300sep_100in_1Kout,98269,2000,894.9237871170044
1307,Degree,0.19342708587646484,vsp_msc10848_300sep_100in_1Kout,98269,2000,894.9237871170044
1343,Katz Centrality,0.2020430564880371,vsp_msc10848_300sep_100in_1Kout,98269,2000,894.9237871170044
1310,Katz Centrality,0.15031003952026367,vsp_msc10848_300sep_100in_1Kout,98269,2000,894.9237871170044
1318,Katz Centrality,0.162811279296875,vsp_msc10848_300sep_100in_1Kout,98269,2000,894.9237871170044
1225,Katz Centrality,0.18442106246948242,vsp_msc10848_300sep_100in_1Kout,98269,2000,894.9237871170044
1248,Katz Centrality,0.14898300170898438,vsp_msc10848_300sep_100in_1Kout,98269,2000,894.9237871170044
1223,Katz Centrality,0.15686821937561035,vsp_msc10848_300sep_100in_1Kout,98269,2000,894.9237871170044
1568,Katz Centrality,0.1748964786529541,vsp_msc10848_300sep_100in_1Kout,98269,2000,894.9237871170044
1339,Katz Centrality,0.2263777256011963,vsp_msc10848_300sep_100in_1Kout,98269,2000,894.9237871170044
1253,Katz Centrality,0.16628599166870117,vsp_msc10848_300sep_100in_1Kout,98269,2000,894.9237871170044
1293,Katz Centrality,0.20602941513061523,vsp_msc10848_300sep_100in_1Kout,98269,2000,894.9237871170044
1289,Katz Centrality,0.16693758964538574,vsp_msc10848_300sep_100in_1Kout,98269,2000,894.9237871170044
1432,Katz Centrality,0.17560124397277832,vsp_msc10848_300sep_100in_1Kout,98269,2000,894.9237871170044
1295,Katz Centrality,0.18250632286071777,vsp_msc10848_300sep_100in_1Kout,98269,2000,894.9237871170044
1443,Katz Centrality,0.18256187438964844,vsp_msc10848_300sep_100in_1Kout,98269,2000,894.9237871170044
1242,Katz Centrality,0.17937231063842773,vsp_msc10848_300sep_100in_1Kout,98269,2000,894.9237871170044
1338,Betweenness,0.24190425872802734,vsp_msc10848_300sep_100in_1Kout,98269,2000,894.9237871170044
1219,Betweenness,0.201934814453125,vsp_msc10848_300sep_100in_1Kout,98269,2000,894.9237871170044
1379,Betweenness,0.17639946937561035,vsp_msc10848_300sep_100in_1Kout,98269,2000,894.9237871170044
1369,Betweenness,0.15856194496154785,vsp_msc10848_300sep_100in_1Kout,98269,2000,894.9237871170044
1265,Betweenness,0.14738082885742188,vsp_msc10848_300sep_100in_1Kout,98269,2000,894.9237871170044
1173,Betweenness,0.16236186027526855,vsp_msc10848_300sep_100in_1Kout,98269,2000,894.9237871170044
1318,Betweenness,0.16680049896240234,vsp_msc10848_300sep_100in_1Kout,98269,2000,894.9237871170044
1265,Betweenness,0.17186236381530762,vsp_msc10848_300sep_100in_1Kout,98269,2000,894.9237871170044
1258,Betweenness,0.1552562713623047,vsp_msc10848_300sep_100in_1Kout,98269,2000,894.9237871170044
1277,Betweenness,0.17944622039794922,vsp_msc10848_300sep_100in_1Kout,98269,2000,894.9237871170044
1307,Betweenness,0.1625370979309082,vsp_msc10848_300sep_100in_1Kout,98269,2000,894.9237871170044
1330,Betweenness,0.1596696376800537,vsp_msc10848_300sep_100in_1Kout,98269,2000,894.9237871170044
1501,Betweenness,0.15692615509033203,vsp_msc10848_300sep_100in_1Kout,98269,2000,894.9237871170044
1347,Betweenness,0.16568756103515625,vsp_msc10848_300sep_100in_1Kout,98269,2000,894.9237871170044
1381,Betweenness,0.24811172485351562,vsp_msc10848_300sep_100in_1Kout,98269,2000,894.9237871170044
1732,PageRank,0.041109323501586914,vsp_p0291_seymourl_iiasa,9358,2000,60.437360763549805
1853,PageRank,0.028653621673583984,vsp_p0291_seymourl_iiasa,9358,2000,60.437360763549805
1653,PageRank,0.022249460220336914,vsp_p0291_seymourl_iiasa,9358,2000,60.437360763549805
1560,PageRank,0.025408267974853516,vsp_p0291_seymourl_iiasa,9358,2000,60.437360763549805
1821,PageRank,0.03671741485595703,vsp_p0291_seymourl_iiasa,9358,2000,60.437360763549805
1814,PageRank,0.0340876579284668,vsp_p0291_seymourl_iiasa,9358,2000,60.437360763549805
1843,PageRank,0.023992300033569336,vsp_p0291_seymourl_iiasa,9358,2000,60.437360763549805
1874,PageRank,0.016315460205078125,vsp_p0291_seymourl_iiasa,9358,2000,60.437360763549805
1722,PageRank,0.029796361923217773,vsp_p0291_seymourl_iiasa,9358,2000,60.437360763549805
1772,PageRank,0.02246999740600586,vsp_p0291_seymourl_iiasa,9358,2000,60.437360763549805
1772,PageRank,0.025624990463256836,vsp_p0291_seymourl_iiasa,9358,2000,60.437360763549805
1689,PageRank,0.024346590042114258,vsp_p0291_seymourl_iiasa,9358,2000,60.437360763549805
1739,PageRank,2.979645252227783,vsp_p0291_seymourl_iiasa,9358,2000,60.437360763549805
1715,PageRank,0.02716374397277832,vsp_p0291_seymourl_iiasa,9358,2000,60.437360763549805
1893,PageRank,0.024220943450927734,vsp_p0291_seymourl_iiasa,9358,2000,60.437360763549805
1735,Katz Centrality,0.03239083290100098,vsp_p0291_seymourl_iiasa,9358,2000,60.437360763549805
1638,Katz Centrality,0.029659509658813477,vsp_p0291_seymourl_iiasa,9358,2000,60.437360763549805
1836,Katz Centrality,0.038324594497680664,vsp_p0291_seymourl_iiasa,9358,2000,60.437360763549805
1687,Katz Centrality,0.032746315002441406,vsp_p0291_seymourl_iiasa,9358,2000,60.437360763549805
1834,Katz Centrality,0.031459808349609375,vsp_p0291_seymourl_iiasa,9358,2000,60.437360763549805
1838,Katz Centrality,0.03260159492492676,vsp_p0291_seymourl_iiasa,9358,2000,60.437360763549805
1740,Katz Centrality,0.0200192928314209,vsp_p0291_seymourl_iiasa,9358,2000,60.437360763549805
1667,Katz Centrality,0.03200125694274902,vsp_p0291_seymourl_iiasa,9358,2000,60.437360763549805
1847,Katz Centrality,0.015155315399169922,vsp_p0291_seymourl_iiasa,9358,2000,60.437360763549805
1896,Katz Centrality,0.0269167423248291,vsp_p0291_seymourl_iiasa,9358,2000,60.437360763549805
1739,Katz Centrality,0.023040771484375,vsp_p0291_seymourl_iiasa,9358,2000,60.437360763549805
1763,Katz Centrality,0.03231191635131836,vsp_p0291_seymourl_iiasa,9358,2000,60.437360763549805
1787,Katz Centrality,0.029712677001953125,vsp_p0291_seymourl_iiasa,9358,2000,60.437360763549805
1840,Katz Centrality,0.028995990753173828,vsp_p0291_seymourl_iiasa,9358,2000,60.437360763549805
1780,Katz Centrality,0.03246760368347168,vsp_p0291_seymourl_iiasa,9358,2000,60.437360763549805
1745,Closeness,0.039281606674194336,vsp_p0291_seymourl_iiasa,9358,2000,60.437360763549805
1719,Closeness,0.03665494918823242,vsp_p0291_seymourl_iiasa,9358,2000,60.437360763549805
1743,Closeness,0.0333867073059082,vsp_p0291_seymourl_iiasa,9358,2000,60.437360763549805
1717,Closeness,0.026584625244140625,vsp_p0291_seymourl_iiasa,9358,2000,60.437360763549805
1749,Closeness,0.030762672424316406,vsp_p0291_seymourl_iiasa,9358,2000,60.437360763549805
1713,Closeness,0.02878117561340332,vsp_p0291_seymourl_iiasa,9358,2000,60.437360763549805
1727,Closeness,0.02737879753112793,vsp_p0291_seymourl_iiasa,9358,2000,60.437360763549805
1651,Closeness,0.3353705406188965,vsp_p0291_seymourl_iiasa,9358,2000,60.437360763549805
1799,Closeness,0.031184673309326172,vsp_p0291_seymourl_iiasa,9358,2000,60.437360763549805
1712,Closeness,0.038948774337768555,vsp_p0291_seymourl_iiasa,9358,2000,60.437360763549805
1739,Closeness,0.037706613540649414,vsp_p0291_seymourl_iiasa,9358,2000,60.437360763549805
1788,Closeness,0.028835058212280273,vsp_p0291_seymourl_iiasa,9358,2000,60.437360763549805
1712,Closeness,0.026198148727416992,vsp_p0291_seymourl_iiasa,9358,2000,60.437360763549805
1608,Closeness,0.02539849281311035,vsp_p0291_seymourl_iiasa,9358,2000,60.437360763549805
1757,Closeness,0.012505531311035156,vsp_p0291_seymourl_iiasa,9358,2000,60.437360763549805
1792,Harmonic Centrality,0.032755136489868164,vsp_p0291_seymourl_iiasa,9358,2000,60.437360763549805
1818,Harmonic Centrality,0.013605356216430664,vsp_p0291_seymourl_iiasa,9358,2000,60.437360763549805
1824,Harmonic Centrality,0.03540658950805664,vsp_p0291_seymourl_iiasa,9358,2000,60.437360763549805
1801,Harmonic Centrality,0.014654874801635742,vsp_p0291_seymourl_iiasa,9358,2000,60.437360763549805
1891,Harmonic Centrality,0.032265424728393555,vsp_p0291_seymourl_iiasa,9358,2000,60.437360763549805
1657,Harmonic Centrality,0.024709701538085938,vsp_p0291_seymourl_iiasa,9358,2000,60.437360763549805
1685,Harmonic Centrality,0.027806997299194336,vsp_p0291_seymourl_iiasa,9358,2000,60.437360763549805
1774,Harmonic Centrality,0.03589034080505371,vsp_p0291_seymourl_iiasa,9358,2000,60.437360763549805
1621,Harmonic Centrality,0.01959705352783203,vsp_p0291_seymourl_iiasa,9358,2000,60.437360763549805
1714,Harmonic Centrality,0.02724456787109375,vsp_p0291_seymourl_iiasa,9358,2000,60.437360763549805
1762,Harmonic Centrality,0.024849653244018555,vsp_p0291_seymourl_iiasa,9358,2000,60.437360763549805
1693,Harmonic Centrality,0.02318716049194336,vsp_p0291_seymourl_iiasa,9358,2000,60.437360763549805
1695,Harmonic Centrality,0.022815465927124023,vsp_p0291_seymourl_iiasa,9358,2000,60.437360763549805
1794,Harmonic Centrality,0.2825467586517334,vsp_p0291_seymourl_iiasa,9358,2000,60.437360763549805
1707,Harmonic Centrality,0.02176189422607422,vsp_p0291_seymourl_iiasa,9358,2000,60.437360763549805
1797,Katz Centrality,0.07620096206665039,vsp_p0291_seymourl_iiasa,9358,2000,60.437360763549805
1840,Katz Centrality,0.032243967056274414,vsp_p0291_seymourl_iiasa,9358,2000,60.437360763549805
1854,Katz Centrality,0.02140188217163086,vsp_p0291_seymourl_iiasa,9358,2000,60.437360763549805
1795,Katz Centrality,0.02576923370361328,vsp_p0291_seymourl_iiasa,9358,2000,60.437360763549805
1800,Katz Centrality,0.025464773178100586,vsp_p0291_seymourl_iiasa,9358,2000,60.437360763549805
1784,Katz Centrality,0.024427413940429688,vsp_p0291_seymourl_iiasa,9358,2000,60.437360763549805
1799,Katz Centrality,0.02527642250061035,vsp_p0291_seymourl_iiasa,9358,2000,60.437360763549805
1655,Katz Centrality,0.025940895080566406,vsp_p0291_seymourl_iiasa,9358,2000,60.437360763549805
1641,Katz Centrality,0.015642642974853516,vsp_p0291_seymourl_iiasa,9358,2000,60.437360763549805
1734,Katz Centrality,0.011637210845947266,vsp_p0291_seymourl_iiasa,9358,2000,60.437360763549805
1736,Katz Centrality,0.02019190788269043,vsp_p0291_seymourl_iiasa,9358,2000,60.437360763549805
1673,Katz Centrality,0.02000594139099121,vsp_p0291_seymourl_iiasa,9358,2000,60.437360763549805
1798,Katz Centrality,0.024083852767944336,vsp_p0291_seymourl_iiasa,9358,2000,60.437360763549805
1819,Katz Centrality,0.04074907302856445,vsp_p0291_seymourl_iiasa,9358,2000,60.437360763549805
1773,Katz Centrality,0.02825164794921875,vsp_p0291_seymourl_iiasa,9358,2000,60.437360763549805
1840,Degree,0.04267477989196777,vsp_p0291_seymourl_iiasa,9358,2000,60.437360763549805
1820,Degree,0.02543330192565918,vsp_p0291_seymourl_iiasa,9358,2000,60.437360763549805
1760,Degree,0.036367177963256836,vsp_p0291_seymourl_iiasa,9358,2000,60.437360763549805
1646,Degree,0.00910639762878418,vsp_p0291_seymourl_iiasa,9358,2000,60.437360763549805
1754,Degree,0.0244140625,vsp_p0291_seymourl_iiasa,9358,2000,60.437360763549805
1757,Degree,0.014367103576660156,vsp_p0291_seymourl_iiasa,9358,2000,60.437360763549805
1665,Degree,0.014527082443237305,vsp_p0291_seymourl_iiasa,9358,2000,60.437360763549805
1770,Degree,0.030515670776367188,vsp_p0291_seymourl_iiasa,9358,2000,60.437360763549805
1726,Degree,0.0329282283782959,vsp_p0291_seymourl_iiasa,9358,2000,60.437360763549805
1820,Degree,0.02828359603881836,vsp_p0291_seymourl_iiasa,9358,2000,60.437360763549805
1758,Degree,0.021295785903930664,vsp_p0291_seymourl_iiasa,9358,2000,60.437360763549805
1827,Degree,0.013108491897583008,vsp_p0291_seymourl_iiasa,9358,2000,60.437360763549805
1662,Degree,0.030007600784301758,vsp_p0291_seymourl_iiasa,9358,2000,60.437360763549805
1687,Degree,0.026665687561035156,vsp_p0291_seymourl_iiasa,9358,2000,60.437360763549805
1859,Degree,0.02184438705444336,vsp_p0291_seymourl_iiasa,9358,2000,60.437360763549805
1759,Closeness,0.03471255302429199,vsp_p0291_seymourl_iiasa,9358,2000,60.437360763549805
1737,Closeness,0.03840947151184082,vsp_p0291_seymourl_iiasa,9358,2000,60.437360763549805
1758,Closeness,0.020879030227661133,vsp_p0291_seymourl_iiasa,9358,2000,60.437360763549805
1747,Closeness,0.021860122680664062,vsp_p0291_seymourl_iiasa,9358,2000,60.437360763549805
1698,Closeness,0.021955490112304688,vsp_p0291_seymourl_iiasa,9358,2000,60.437360763549805
1864,Closeness,0.027216434478759766,vsp_p0291_seymourl_iiasa,9358,2000,60.437360763549805
1750,Closeness,0.023008346557617188,vsp_p0291_seymourl_iiasa,9358,2000,60.437360763549805
1803,Closeness,0.03204679489135742,vsp_p0291_seymourl_iiasa,9358,2000,60.437360763549805
1670,Closeness,0.0273897647857666,vsp_p0291_seymourl_iiasa,9358,2000,60.437360763549805
1702,Closeness,0.03528881072998047,vsp_p0291_seymourl_iiasa,9358,2000,60.437360763549805
1764,Closeness,0.009601593017578125,vsp_p0291_seymourl_iiasa,9358,2000,60.437360763549805
1887,Closeness,0.0361478328704834,vsp_p0291_seymourl_iiasa,9358,2000,60.437360763549805
1779,Closeness,0.0162811279296875,vsp_p0291_seymourl_iiasa,9358,2000,60.437360763549805
1754,Closeness,0.028082847595214844,vsp_p0291_seymourl_iiasa,9358,2000,60.437360763549805
1751,Closeness,0.012719869613647461,vsp_p0291_seymourl_iiasa,9358,2000,60.437360763549805
1816,Degree,0.03617668151855469,vsp_p0291_seymourl_iiasa,9358,2000,60.437360763549805
1772,Degree,0.022667407989501953,vsp_p0291_seymourl_iiasa,9358,2000,60.437360763549805
1685,Degree,0.024291515350341797,vsp_p0291_seymourl_iiasa,9358,2000,60.437360763549805
1618,Degree,0.02002239227294922,vsp_p0291_seymourl_iiasa,9358,2000,60.437360763549805
1760,Degree,0.025423526763916016,vsp_p0291_seymourl_iiasa,9358,2000,60.437360763549805
1866,Degree,0.02299976348876953,vsp_p0291_seymourl_iiasa,9358,2000,60.437360763549805
1779,Degree,0.01770305633544922,vsp_p0291_seymourl_iiasa,9358,2000,60.437360763549805
1722,Degree,0.021229267120361328,vsp_p0291_seymourl_iiasa,9358,2000,60.437360763549805
1887,Degree,0.030333757400512695,vsp_p0291_seymourl_iiasa,9358,2000,60.437360763549805
1733,Degree,0.028378725051879883,vsp_p0291_seymourl_iiasa,9358,2000,60.437360763549805
1761,Degree,0.022089242935180664,vsp_p0291_seymourl_iiasa,9358,2000,60.437360763549805
1737,Degree,0.019948720932006836,vsp_p0291_seymourl_iiasa,9358,2000,60.437360763549805
1777,Degree,0.017784833908081055,vsp_p0291_seymourl_iiasa,9358,2000,60.437360763549805
1715,Degree,0.02440953254699707,vsp_p0291_seymourl_iiasa,9358,2000,60.437360763549805
1827,Degree,0.02609872817993164,vsp_p0291_seymourl_iiasa,9358,2000,60.437360763549805
1756,Closeness,0.02948451042175293,vsp_p0291_seymourl_iiasa,9358,2000,60.437360763549805
1698,Closeness,0.014567375183105469,vsp_p0291_seymourl_iiasa,9358,2000,60.437360763549805
1768,Closeness,0.015087127685546875,vsp_p0291_seymourl_iiasa,9358,2000,60.437360763549805
1666,Closeness,0.045747995376586914,vsp_p0291_seymourl_iiasa,9358,2000,60.437360763549805
1827,Closeness,0.02576756477355957,vsp_p0291_seymourl_iiasa,9358,2000,60.437360763549805
1720,Closeness,0.0263826847076416,vsp_p0291_seymourl_iiasa,9358,2000,60.437360763549805
1777,Closeness,0.023655176162719727,vsp_p0291_seymourl_iiasa,9358,2000,60.437360763549805
1628,Closeness,0.024995088577270508,vsp_p0291_seymourl_iiasa,9358,2000,60.437360763549805
1800,Closeness,0.0289456844329834,vsp_p0291_seymourl_iiasa,9358,2000,60.437360763549805
1696,Closeness,0.029587745666503906,vsp_p0291_seymourl_iiasa,9358,2000,60.437360763549805
1777,Closeness,0.026915311813354492,vsp_p0291_seymourl_iiasa,9358,2000,60.437360763549805
1628,Closeness,0.02485346794128418,vsp_p0291_seymourl_iiasa,9358,2000,60.437360763549805
1824,Closeness,0.02713322639465332,vsp_p0291_seymourl_iiasa,9358,2000,60.437360763549805
1762,Closeness,0.024312734603881836,vsp_p0291_seymourl_iiasa,9358,2000,60.437360763549805
1701,Closeness,0.030452489852905273,vsp_p0291_seymourl_iiasa,9358,2000,60.437360763549805
1711,Harmonic Centrality,0.035463809967041016,vsp_p0291_seymourl_iiasa,9358,2000,60.437360763549805
1659,Harmonic Centrality,0.022712230682373047,vsp_p0291_seymourl_iiasa,9358,2000,60.437360763549805
1828,Harmonic Centrality,0.023237228393554688,vsp_p0291_seymourl_iiasa,9358,2000,60.437360763549805
1766,Harmonic Centrality,0.025339365005493164,vsp_p0291_seymourl_iiasa,9358,2000,60.437360763549805
1825,Harmonic Centrality,0.02299976348876953,vsp_p0291_seymourl_iiasa,9358,2000,60.437360763549805
1694,Harmonic Centrality,0.022719144821166992,vsp_p0291_seymourl_iiasa,9358,2000,60.437360763549805
1686,Harmonic Centrality,0.017226219177246094,vsp_p0291_seymourl_iiasa,9358,2000,60.437360763549805
1787,Harmonic Centrality,0.023888349533081055,vsp_p0291_seymourl_iiasa,9358,2000,60.437360763549805
1708,Harmonic Centrality,0.024014711380004883,vsp_p0291_seymourl_iiasa,9358,2000,60.437360763549805
1662,Harmonic Centrality,0.025434494018554688,vsp_p0291_seymourl_iiasa,9358,2000,60.437360763549805
1790,Harmonic Centrality,0.07109713554382324,vsp_p0291_seymourl_iiasa,9358,2000,60.437360763549805
1802,Harmonic Centrality,0.031771183013916016,vsp_p0291_seymourl_iiasa,9358,2000,60.437360763549805
1719,Harmonic Centrality,0.021734237670898438,vsp_p0291_seymourl_iiasa,9358,2000,60.437360763549805
1731,Harmonic Centrality,0.026253223419189453,vsp_p0291_seymourl_iiasa,9358,2000,60.437360763549805
1768,Harmonic Centrality,0.025423049926757812,vsp_p0291_seymourl_iiasa,9358,2000,60.437360763549805
1714,Closeness,0.03404879570007324,vsp_p0291_seymourl_iiasa,9358,2000,60.437360763549805
1771,Closeness,0.041786909103393555,vsp_p0291_seymourl_iiasa,9358,2000,60.437360763549805
1709,Closeness,0.02948927879333496,vsp_p0291_seymourl_iiasa,9358,2000,60.437360763549805
1588,Closeness,0.028791189193725586,vsp_p0291_seymourl_iiasa,9358,2000,60.437360763549805
1817,Closeness,0.03639101982116699,vsp_p0291_seymourl_iiasa,9358,2000,60.437360763549805
1585,Closeness,0.03336739540100098,vsp_p0291_seymourl_iiasa,9358,2000,60.437360763549805
1834,Closeness,0.023003339767456055,vsp_p0291_seymourl_iiasa,9358,2000,60.437360763549805
1780,Closeness,0.02280116081237793,vsp_p0291_seymourl_iiasa,9358,2000,60.437360763549805
1851,Closeness,0.02572798728942871,vsp_p0291_seymourl_iiasa,9358,2000,60.437360763549805
1755,Closeness,0.021034717559814453,vsp_p0291_seymourl_iiasa,9358,2000,60.437360763549805
1755,Closeness,0.02219986915588379,vsp_p0291_seymourl_iiasa,9358,2000,60.437360763549805
1875,Closeness,0.02028632164001465,vsp_p0291_seymourl_iiasa,9358,2000,60.437360763549805
1711,Closeness,0.02114105224609375,vsp_p0291_seymourl_iiasa,9358,2000,60.437360763549805
1748,Closeness,0.033421993255615234,vsp_p0291_seymourl_iiasa,9358,2000,60.437360763549805
1725,Closeness,0.021158218383789062,vsp_p0291_seymourl_iiasa,9358,2000,60.437360763549805
1717,Katz Centrality,0.029803991317749023,vsp_p0291_seymourl_iiasa,9358,2000,60.437360763549805
1717,Katz Centrality,0.022379398345947266,vsp_p0291_seymourl_iiasa,9358,2000,60.437360763549805
1798,Katz Centrality,0.021409273147583008,vsp_p0291_seymourl_iiasa,9358,2000,60.437360763549805
1766,Katz Centrality,0.023511171340942383,vsp_p0291_seymourl_iiasa,9358,2000,60.437360763549805
1716,Katz Centrality,0.02187347412109375,vsp_p0291_seymourl_iiasa,9358,2000,60.437360763549805
1727,Katz Centrality,0.30744481086730957,vsp_p0291_seymourl_iiasa,9358,2000,60.437360763549805
1801,Katz Centrality,0.028258562088012695,vsp_p0291_seymourl_iiasa,9358,2000,60.437360763549805
1838,Katz Centrality,0.016375303268432617,vsp_p0291_seymourl_iiasa,9358,2000,60.437360763549805
1858,Katz Centrality,0.029066801071166992,vsp_p0291_seymourl_iiasa,9358,2000,60.437360763549805
1748,Katz Centrality,0.021111249923706055,vsp_p0291_seymourl_iiasa,9358,2000,60.437360763549805
1808,Katz Centrality,0.030272722244262695,vsp_p0291_seymourl_iiasa,9358,2000,60.437360763549805
1757,Katz Centrality,0.004606962203979492,vsp_p0291_seymourl_iiasa,9358,2000,60.437360763549805
1801,Katz Centrality,0.019491195678710938,vsp_p0291_seymourl_iiasa,9358,2000,60.437360763549805
1778,Katz Centrality,0.022512197494506836,vsp_p0291_seymourl_iiasa,9358,2000,60.437360763549805
1783,Katz Centrality,0.016666412353515625,vsp_p0291_seymourl_iiasa,9358,2000,60.437360763549805
1801,Degree,0.03197050094604492,vsp_p0291_seymourl_iiasa,9358,2000,60.437360763549805
1820,Degree,0.03273153305053711,vsp_p0291_seymourl_iiasa,9358,2000,60.437360763549805
1780,Degree,0.009717702865600586,vsp_p0291_seymourl_iiasa,9358,2000,60.437360763549805
1715,Degree,0.03690671920776367,vsp_p0291_seymourl_iiasa,9358,2000,60.437360763549805
1758,Degree,0.0326383113861084,vsp_p0291_seymourl_iiasa,9358,2000,60.437360763549805
1779,Degree,0.027174711227416992,vsp_p0291_seymourl_iiasa,9358,2000,60.437360763549805
1773,Degree,0.022975683212280273,vsp_p0291_seymourl_iiasa,9358,2000,60.437360763549805
1821,Degree,0.036954641342163086,vsp_p0291_seymourl_iiasa,9358,2000,60.437360763549805
1668,Degree,0.023427724838256836,vsp_p0291_seymourl_iiasa,9358,2000,60.437360763549805
1745,Degree,0.030014753341674805,vsp_p0291_seymourl_iiasa,9358,2000,60.437360763549805
1758,Degree,0.023509502410888672,vsp_p0291_seymourl_iiasa,9358,2000,60.437360763549805
1748,Degree,0.027882099151611328,vsp_p0291_seymourl_iiasa,9358,2000,60.437360763549805
1760,Degree,0.022539615631103516,vsp_p0291_seymourl_iiasa,9358,2000,60.437360763549805
1714,Degree,0.020600557327270508,vsp_p0291_seymourl_iiasa,9358,2000,60.437360763549805
1688,Degree,0.021202564239501953,vsp_p0291_seymourl_iiasa,9358,2000,60.437360763549805
1759,Betweenness,0.025996923446655273,vsp_p0291_seymourl_iiasa,9358,2000,60.437360763549805
1572,Betweenness,0.3434741497039795,vsp_p0291_seymourl_iiasa,9358,2000,60.437360763549805
1772,Betweenness,0.020624876022338867,vsp_p0291_seymourl_iiasa,9358,2000,60.437360763549805
1794,Betweenness,0.021996736526489258,vsp_p0291_seymourl_iiasa,9358,2000,60.437360763549805
1738,Betweenness,0.022691011428833008,vsp_p0291_seymourl_iiasa,9358,2000,60.437360763549805
1855,Betweenness,0.025104761123657227,vsp_p0291_seymourl_iiasa,9358,2000,60.437360763549805
1737,Betweenness,0.021337270736694336,vsp_p0291_seymourl_iiasa,9358,2000,60.437360763549805
1749,Betweenness,0.02352309226989746,vsp_p0291_seymourl_iiasa,9358,2000,60.437360763549805
1777,Betweenness,0.029987812042236328,vsp_p0291_seymourl_iiasa,9358,2000,60.437360763549805
1662,Betweenness,0.028333187103271484,vsp_p0291_seymourl_iiasa,9358,2000,60.437360763549805
1673,Betweenness,0.022351980209350586,vsp_p0291_seymourl_iiasa,9358,2000,60.437360763549805
1822,Betweenness,0.019054412841796875,vsp_p0291_seymourl_iiasa,9358,2000,60.437360763549805
1778,Betweenness,0.00646519660949707,vsp_p0291_seymourl_iiasa,9358,2000,60.437360763549805
1758,Betweenness,0.015167474746704102,vsp_p0291_seymourl_iiasa,9358,2000,60.437360763549805
1758,Betweenness,0.013396978378295898,vsp_p0291_seymourl_iiasa,9358,2000,60.437360763549805
1670,Eigenvector,0.035401105880737305,vsp_p0291_seymourl_iiasa,9358,2000,60.437360763549805
1762,Eigenvector,0.02819967269897461,vsp_p0291_seymourl_iiasa,9358,2000,60.437360763549805
1594,Eigenvector,0.036948442459106445,vsp_p0291_seymourl_iiasa,9358,2000,60.437360763549805
1798,Eigenvector,0.028700828552246094,vsp_p0291_seymourl_iiasa,9358,2000,60.437360763549805
1712,Eigenvector,0.025730609893798828,vsp_p0291_seymourl_iiasa,9358,2000,60.437360763549805
1729,Eigenvector,0.029575347900390625,vsp_p0291_seymourl_iiasa,9358,2000,60.437360763549805
1773,Eigenvector,0.014843463897705078,vsp_p0291_seymourl_iiasa,9358,2000,60.437360763549805
1748,Eigenvector,0.02112889289855957,vsp_p0291_seymourl_iiasa,9358,2000,60.437360763549805
1749,Eigenvector,0.021385908126831055,vsp_p0291_seymourl_iiasa,9358,2000,60.437360763549805
1774,Eigenvector,0.027582168579101562,vsp_p0291_seymourl_iiasa,9358,2000,60.437360763549805
1569,Eigenvector,0.027120590209960938,vsp_p0291_seymourl_iiasa,9358,2000,60.437360763549805
1664,Eigenvector,0.020256519317626953,vsp_p0291_seymourl_iiasa,9358,2000,60.437360763549805
1772,Eigenvector,0.009685516357421875,vsp_p0291_seymourl_iiasa,9358,2000,60.437360763549805
1846,Eigenvector,0.020694971084594727,vsp_p0291_seymourl_iiasa,9358,2000,60.437360763549805
1737,Eigenvector,0.01300191879272461,vsp_p0291_seymourl_iiasa,9358,2000,60.437360763549805
1698,Harmonic Centrality,0.037099599838256836,vsp_p0291_seymourl_iiasa,9358,2000,60.437360763549805
1821,Harmonic Centrality,0.030756473541259766,vsp_p0291_seymourl_iiasa,9358,2000,60.437360763549805
1834,Harmonic Centrality,0.035236358642578125,vsp_p0291_seymourl_iiasa,9358,2000,60.437360763549805
1768,Harmonic Centrality,0.018770217895507812,vsp_p0291_seymourl_iiasa,9358,2000,60.437360763549805
1762,Harmonic Centrality,0.023113489151000977,vsp_p0291_seymourl_iiasa,9358,2000,60.437360763549805
1842,Harmonic Centrality,0.0215911865234375,vsp_p0291_seymourl_iiasa,9358,2000,60.437360763549805
1865,Harmonic Centrality,0.0220639705657959,vsp_p0291_seymourl_iiasa,9358,2000,60.437360763549805
1745,Harmonic Centrality,0.03666567802429199,vsp_p0291_seymourl_iiasa,9358,2000,60.437360763549805
1788,Harmonic Centrality,0.026514053344726562,vsp_p0291_seymourl_iiasa,9358,2000,60.437360763549805
1709,Harmonic Centrality,0.4048492908477783,vsp_p0291_seymourl_iiasa,9358,2000,60.437360763549805
1709,Harmonic Centrality,0.019929885864257812,vsp_p0291_seymourl_iiasa,9358,2000,60.437360763549805
1838,Harmonic Centrality,0.03717470169067383,vsp_p0291_seymourl_iiasa,9358,2000,60.437360763549805
1799,Harmonic Centrality,0.03278017044067383,vsp_p0291_seymourl_iiasa,9358,2000,60.437360763549805
1749,Harmonic Centrality,0.039090633392333984,vsp_p0291_seymourl_iiasa,9358,2000,60.437360763549805
1914,Harmonic Centrality,0.028700590133666992,vsp_p0291_seymourl_iiasa,9358,2000,60.437360763549805
1761,Eigenvector,0.029000520706176758,vsp_p0291_seymourl_iiasa,9358,2000,60.437360763549805
1641,Eigenvector,0.04683971405029297,vsp_p0291_seymourl_iiasa,9358,2000,60.437360763549805
1789,Eigenvector,0.023963212966918945,vsp_p0291_seymourl_iiasa,9358,2000,60.437360763549805
1686,Eigenvector,0.008381366729736328,vsp_p0291_seymourl_iiasa,9358,2000,60.437360763549805
1699,Eigenvector,0.022610187530517578,vsp_p0291_seymourl_iiasa,9358,2000,60.437360763549805
1850,Eigenvector,0.023351669311523438,vsp_p0291_seymourl_iiasa,9358,2000,60.437360763549805
1808,Eigenvector,0.02067255973815918,vsp_p0291_seymourl_iiasa,9358,2000,60.437360763549805
1852,Eigenvector,0.007505655288696289,vsp_p0291_seymourl_iiasa,9358,2000,60.437360763549805
1825,Eigenvector,0.03440284729003906,vsp_p0291_seymourl_iiasa,9358,2000,60.437360763549805
1504,Eigenvector,0.2862546443939209,vsp_p0291_seymourl_iiasa,9358,2000,60.437360763549805
1679,Eigenvector,0.022523880004882812,vsp_p0291_seymourl_iiasa,9358,2000,60.437360763549805
1751,Eigenvector,0.019000768661499023,vsp_p0291_seymourl_iiasa,9358,2000,60.437360763549805
1700,Eigenvector,0.023964405059814453,vsp_p0291_seymourl_iiasa,9358,2000,60.437360763549805
1724,Eigenvector,0.010608911514282227,vsp_p0291_seymourl_iiasa,9358,2000,60.437360763549805
1865,Eigenvector,0.033397674560546875,vsp_p0291_seymourl_iiasa,9358,2000,60.437360763549805
1820,Closeness,0.03903508186340332,vsp_p0291_seymourl_iiasa,9358,2000,60.437360763549805
1893,Closeness,0.03575730323791504,vsp_p0291_seymourl_iiasa,9358,2000,60.437360763549805
1765,Closeness,0.029783248901367188,vsp_p0291_seymourl_iiasa,9358,2000,60.437360763549805
1791,Closeness,0.02616143226623535,vsp_p0291_seymourl_iiasa,9358,2000,60.437360763549805
1810,Closeness,0.024334192276000977,vsp_p0291_seymourl_iiasa,9358,2000,60.437360763549805
1726,Closeness,0.02503204345703125,vsp_p0291_seymourl_iiasa,9358,2000,60.437360763549805
1839,Closeness,0.03307366371154785,vsp_p0291_seymourl_iiasa,9358,2000,60.437360763549805
1747,Closeness,0.027846574783325195,vsp_p0291_seymourl_iiasa,9358,2000,60.437360763549805
1674,Closeness,0.03907299041748047,vsp_p0291_seymourl_iiasa,9358,2000,60.437360763549805
1703,Closeness,0.016628742218017578,vsp_p0291_seymourl_iiasa,9358,2000,60.437360763549805
1852,Closeness,0.021940231323242188,vsp_p0291_seymourl_iiasa,9358,2000,60.437360763549805
1751,Closeness,0.016691923141479492,vsp_p0291_seymourl_iiasa,9358,2000,60.437360763549805
1873,Closeness,0.03140974044799805,vsp_p0291_seymourl_iiasa,9358,2000,60.437360763549805
1753,Closeness,0.02187347412109375,vsp_p0291_seymourl_iiasa,9358,2000,60.437360763549805
1751,Closeness,0.02567577362060547,vsp_p0291_seymourl_iiasa,9358,2000,60.437360763549805
1621,Eigenvector,0.04037952423095703,vsp_p0291_seymourl_iiasa,9358,2000,60.437360763549805
1728,Eigenvector,0.039675235748291016,vsp_p0291_seymourl_iiasa,9358,2000,60.437360763549805
1721,Eigenvector,0.028350830078125,vsp_p0291_seymourl_iiasa,9358,2000,60.437360763549805
1650,Eigenvector,0.02444934844970703,vsp_p0291_seymourl_iiasa,9358,2000,60.437360763549805
1815,Eigenvector,0.021741390228271484,vsp_p0291_seymourl_iiasa,9358,2000,60.437360763549805
1771,Eigenvector,0.026241302490234375,vsp_p0291_seymourl_iiasa,9358,2000,60.437360763549805
1749,Eigenvector,0.02310037612915039,vsp_p0291_seymourl_iiasa,9358,2000,60.437360763549805
1667,Eigenvector,0.024962186813354492,vsp_p0291_seymourl_iiasa,9358,2000,60.437360763549805
1857,Eigenvector,0.021442890167236328,vsp_p0291_seymourl_iiasa,9358,2000,60.437360763549805
1811,Eigenvector,0.01700282096862793,vsp_p0291_seymourl_iiasa,9358,2000,60.437360763549805
1720,Eigenvector,0.0211789608001709,vsp_p0291_seymourl_iiasa,9358,2000,60.437360763549805
1776,Eigenvector,0.02715897560119629,vsp_p0291_seymourl_iiasa,9358,2000,60.437360763549805
1726,Eigenvector,0.02355337142944336,vsp_p0291_seymourl_iiasa,9358,2000,60.437360763549805
1799,Eigenvector,0.0235440731048584,vsp_p0291_seymourl_iiasa,9358,2000,60.437360763549805
1806,Eigenvector,0.0209963321685791,vsp_p0291_seymourl_iiasa,9358,2000,60.437360763549805
1661,Katz Centrality,0.03199577331542969,vsp_p0291_seymourl_iiasa,9358,2000,60.437360763549805
1777,Katz Centrality,0.035573482513427734,vsp_p0291_seymourl_iiasa,9358,2000,60.437360763549805
1758,Katz Centrality,0.03657126426696777,vsp_p0291_seymourl_iiasa,9358,2000,60.437360763549805
1648,Katz Centrality,0.028968334197998047,vsp_p0291_seymourl_iiasa,9358,2000,60.437360763549805
1770,Katz Centrality,0.02396249771118164,vsp_p0291_seymourl_iiasa,9358,2000,60.437360763549805
1824,Katz Centrality,0.02564406394958496,vsp_p0291_seymourl_iiasa,9358,2000,60.437360763549805
1790,Katz Centrality,0.03252983093261719,vsp_p0291_seymourl_iiasa,9358,2000,60.437360763549805
1880,Katz Centrality,0.022367000579833984,vsp_p0291_seymourl_iiasa,9358,2000,60.437360763549805
1873,Katz Centrality,0.012915611267089844,vsp_p0291_seymourl_iiasa,9358,2000,60.437360763549805
1799,Katz Centrality,0.03625607490539551,vsp_p0291_seymourl_iiasa,9358,2000,60.437360763549805
1687,Katz Centrality,0.03589463233947754,vsp_p0291_seymourl_iiasa,9358,2000,60.437360763549805
1822,Katz Centrality,0.025863170623779297,vsp_p0291_seymourl_iiasa,9358,2000,60.437360763549805
1780,Katz Centrality,0.023001432418823242,vsp_p0291_seymourl_iiasa,9358,2000,60.437360763549805
1865,Katz Centrality,0.027548789978027344,vsp_p0291_seymourl_iiasa,9358,2000,60.437360763549805
1583,Katz Centrality,0.020544767379760742,vsp_p0291_seymourl_iiasa,9358,2000,60.437360763549805
1796,PageRank,0.03555464744567871,vsp_p0291_seymourl_iiasa,9358,2000,60.437360763549805
1831,PageRank,0.03548121452331543,vsp_p0291_seymourl_iiasa,9358,2000,60.437360763549805
1781,PageRank,0.03617048263549805,vsp_p0291_seymourl_iiasa,9358,2000,60.437360763549805
1754,PageRank,0.023254871368408203,vsp_p0291_seymourl_iiasa,9358,2000,60.437360763549805
1800,PageRank,0.015740394592285156,vsp_p0291_seymourl_iiasa,9358,2000,60.437360763549805
1672,PageRank,0.02605891227722168,vsp_p0291_seymourl_iiasa,9358,2000,60.437360763549805
1647,PageRank,0.02219414710998535,vsp_p0291_seymourl_iiasa,9358,2000,60.437360763549805
1726,PageRank,0.022128820419311523,vsp_p0291_seymourl_iiasa,9358,2000,60.437360763549805
1811,PageRank,0.023320913314819336,vsp_p0291_seymourl_iiasa,9358,2000,60.437360763549805
1833,PageRank,0.026027202606201172,vsp_p0291_seymourl_iiasa,9358,2000,60.437360763549805
1749,PageRank,0.018859386444091797,vsp_p0291_seymourl_iiasa,9358,2000,60.437360763549805
1807,PageRank,0.030181169509887695,vsp_p0291_seymourl_iiasa,9358,2000,60.437360763549805
1812,PageRank,0.024642467498779297,vsp_p0291_seymourl_iiasa,9358,2000,60.437360763549805
1744,PageRank,0.020665645599365234,vsp_p0291_seymourl_iiasa,9358,2000,60.437360763549805
1774,PageRank,0.02567887306213379,vsp_p0291_seymourl_iiasa,9358,2000,60.437360763549805
1905,Degree,0.037863969802856445,vsp_p0291_seymourl_iiasa,9358,2000,60.437360763549805
1729,Degree,0.055819034576416016,vsp_p0291_seymourl_iiasa,9358,2000,60.437360763549805
1909,Degree,0.035666465759277344,vsp_p0291_seymourl_iiasa,9358,2000,60.437360763549805
1820,Degree,0.03941845893859863,vsp_p0291_seymourl_iiasa,9358,2000,60.437360763549805
1784,Degree,0.023945093154907227,vsp_p0291_seymourl_iiasa,9358,2000,60.437360763549805
1674,Degree,0.039475440979003906,vsp_p0291_seymourl_iiasa,9358,2000,60.437360763549805
1713,Degree,0.30998873710632324,vsp_p0291_seymourl_iiasa,9358,2000,60.437360763549805
1799,Degree,0.026997804641723633,vsp_p0291_seymourl_iiasa,9358,2000,60.437360763549805
1637,Degree,0.029883384704589844,vsp_p0291_seymourl_iiasa,9358,2000,60.437360763549805
1804,Degree,0.020293474197387695,vsp_p0291_seymourl_iiasa,9358,2000,60.437360763549805
1863,Degree,0.01778554916381836,vsp_p0291_seymourl_iiasa,9358,2000,60.437360763549805
1781,Degree,0.014564275741577148,vsp_p0291_seymourl_iiasa,9358,2000,60.437360763549805
1784,Degree,0.022526979446411133,vsp_p0291_seymourl_iiasa,9358,2000,60.437360763549805
1742,Degree,0.015161752700805664,vsp_p0291_seymourl_iiasa,9358,2000,60.437360763549805
1676,Degree,0.015149831771850586,vsp_p0291_seymourl_iiasa,9358,2000,60.437360763549805
1848,Harmonic Centrality,0.03412461280822754,vsp_p0291_seymourl_iiasa,9358,2000,60.437360763549805
1738,Harmonic Centrality,0.035953521728515625,vsp_p0291_seymourl_iiasa,9358,2000,60.437360763549805
1697,Harmonic Centrality,0.027103185653686523,vsp_p0291_seymourl_iiasa,9358,2000,60.437360763549805
1849,Harmonic Centrality,0.01895427703857422,vsp_p0291_seymourl_iiasa,9358,2000,60.437360763549805
1732,Harmonic Centrality,0.02856612205505371,vsp_p0291_seymourl_iiasa,9358,2000,60.437360763549805
1797,Harmonic Centrality,0.014003276824951172,vsp_p0291_seymourl_iiasa,9358,2000,60.437360763549805
1722,Harmonic Centrality,0.03717851638793945,vsp_p0291_seymourl_iiasa,9358,2000,60.437360763549805
1697,Harmonic Centrality,0.02549290657043457,vsp_p0291_seymourl_iiasa,9358,2000,60.437360763549805
1778,Harmonic Centrality,0.015534400939941406,vsp_p0291_seymourl_iiasa,9358,2000,60.437360763549805
1835,Harmonic Centrality,0.03313899040222168,vsp_p0291_seymourl_iiasa,9358,2000,60.437360763549805
1761,Harmonic Centrality,0.02281951904296875,vsp_p0291_seymourl_iiasa,9358,2000,60.437360763549805
1828,Harmonic Centrality,0.03277444839477539,vsp_p0291_seymourl_iiasa,9358,2000,60.437360763549805
1739,Harmonic Centrality,0.032222747802734375,vsp_p0291_seymourl_iiasa,9358,2000,60.437360763549805
1753,Harmonic Centrality,0.018586397171020508,vsp_p0291_seymourl_iiasa,9358,2000,60.437360763549805
1764,Harmonic Centrality,0.01668071746826172,vsp_p0291_seymourl_iiasa,9358,2000,60.437360763549805
1820,Eigenvector,0.037165164947509766,vsp_p0291_seymourl_iiasa,9358,2000,60.437360763549805
1867,Eigenvector,0.04060697555541992,vsp_p0291_seymourl_iiasa,9358,2000,60.437360763549805
1813,Eigenvector,0.03211665153503418,vsp_p0291_seymourl_iiasa,9358,2000,60.437360763549805
1724,Eigenvector,0.022898435592651367,vsp_p0291_seymourl_iiasa,9358,2000,60.437360763549805
1722,Eigenvector,0.021497249603271484,vsp_p0291_seymourl_iiasa,9358,2000,60.437360763549805
1858,Eigenvector,0.02385091781616211,vsp_p0291_seymourl_iiasa,9358,2000,60.437360763549805
1707,Eigenvector,0.013567447662353516,vsp_p0291_seymourl_iiasa,9358,2000,60.437360763549805
1860,Eigenvector,0.01519465446472168,vsp_p0291_seymourl_iiasa,9358,2000,60.437360763549805
1736,Eigenvector,0.03606581687927246,vsp_p0291_seymourl_iiasa,9358,2000,60.437360763549805
1771,Eigenvector,0.014013051986694336,vsp_p0291_seymourl_iiasa,9358,2000,60.437360763549805
1800,Eigenvector,0.019965648651123047,vsp_p0291_seymourl_iiasa,9358,2000,60.437360763549805
1814,Eigenvector,0.03013753890991211,vsp_p0291_seymourl_iiasa,9358,2000,60.437360763549805
1801,Eigenvector,0.022453784942626953,vsp_p0291_seymourl_iiasa,9358,2000,60.437360763549805
1699,Eigenvector,0.021389484405517578,vsp_p0291_seymourl_iiasa,9358,2000,60.437360763549805
1800,Eigenvector,0.021500349044799805,vsp_p0291_seymourl_iiasa,9358,2000,60.437360763549805
1836,Closeness,0.034568071365356445,vsp_p0291_seymourl_iiasa,9358,2000,60.437360763549805
1870,Closeness,0.03469228744506836,vsp_p0291_seymourl_iiasa,9358,2000,60.437360763549805
1879,Closeness,0.036914825439453125,vsp_p0291_seymourl_iiasa,9358,2000,60.437360763549805
1733,Closeness,0.029720067977905273,vsp_p0291_seymourl_iiasa,9358,2000,60.437360763549805
1782,Closeness,0.028052568435668945,vsp_p0291_seymourl_iiasa,9358,2000,60.437360763549805
1644,Closeness,0.029125452041625977,vsp_p0291_seymourl_iiasa,9358,2000,60.437360763549805
1857,Closeness,0.02391982078552246,vsp_p0291_seymourl_iiasa,9358,2000,60.437360763549805
1880,Closeness,0.026513099670410156,vsp_p0291_seymourl_iiasa,9358,2000,60.437360763549805
1746,Closeness,0.024405956268310547,vsp_p0291_seymourl_iiasa,9358,2000,60.437360763549805
1741,Closeness,0.023125886917114258,vsp_p0291_seymourl_iiasa,9358,2000,60.437360763549805
1839,Closeness,0.03020930290222168,vsp_p0291_seymourl_iiasa,9358,2000,60.437360763549805
1866,Closeness,0.0236663818359375,vsp_p0291_seymourl_iiasa,9358,2000,60.437360763549805
1745,Closeness,0.024996280670166016,vsp_p0291_seymourl_iiasa,9358,2000,60.437360763549805
1857,Closeness,0.026868581771850586,vsp_p0291_seymourl_iiasa,9358,2000,60.437360763549805
1779,Closeness,0.024159908294677734,vsp_p0291_seymourl_iiasa,9358,2000,60.437360763549805
1697,Katz Centrality,0.03734254837036133,vsp_p0291_seymourl_iiasa,9358,2000,60.437360763549805
1789,Katz Centrality,0.0346066951751709,vsp_p0291_seymourl_iiasa,9358,2000,60.437360763549805
1732,Katz Centrality,0.02544856071472168,vsp_p0291_seymourl_iiasa,9358,2000,60.437360763549805
1854,Katz Centrality,0.02352595329284668,vsp_p0291_seymourl_iiasa,9358,2000,60.437360763549805
1625,Katz Centrality,0.03342628479003906,vsp_p0291_seymourl_iiasa,9358,2000,60.437360763549805
1861,Katz Centrality,0.03262591361999512,vsp_p0291_seymourl_iiasa,9358,2000,60.437360763549805
1672,Katz Centrality,0.03622317314147949,vsp_p0291_seymourl_iiasa,9358,2000,60.437360763549805
1710,Katz Centrality,0.02740645408630371,vsp_p0291_seymourl_iiasa,9358,2000,60.437360763549805
1807,Katz Centrality,0.03327465057373047,vsp_p0291_seymourl_iiasa,9358,2000,60.437360763549805
1754,Katz Centrality,0.03403973579406738,vsp_p0291_seymourl_iiasa,9358,2000,60.437360763549805
1794,Katz Centrality,0.009076595306396484,vsp_p0291_seymourl_iiasa,9358,2000,60.437360763549805
1702,Katz Centrality,0.0298917293548584,vsp_p0291_seymourl_iiasa,9358,2000,60.437360763549805
1709,Katz Centrality,0.026464223861694336,vsp_p0291_seymourl_iiasa,9358,2000,60.437360763549805
1765,Katz Centrality,0.014573097229003906,vsp_p0291_seymourl_iiasa,9358,2000,60.437360763549805
1762,Katz Centrality,0.03336524963378906,vsp_p0291_seymourl_iiasa,9358,2000,60.437360763549805
1806,Degree,0.026545286178588867,vsp_p0291_seymourl_iiasa,9358,2000,60.437360763549805
1891,Degree,0.0248873233795166,vsp_p0291_seymourl_iiasa,9358,2000,60.437360763549805
1647,Degree,0.03616786003112793,vsp_p0291_seymourl_iiasa,9358,2000,60.437360763549805
1852,Degree,0.03262734413146973,vsp_p0291_seymourl_iiasa,9358,2000,60.437360763549805
1745,Degree,0.00956106185913086,vsp_p0291_seymourl_iiasa,9358,2000,60.437360763549805
1608,Degree,0.02602529525756836,vsp_p0291_seymourl_iiasa,9358,2000,60.437360763549805
1853,Degree,0.036370038986206055,vsp_p0291_seymourl_iiasa,9358,2000,60.437360763549805
1890,Degree,0.03138017654418945,vsp_p0291_seymourl_iiasa,9358,2000,60.437360763549805
1792,Degree,0.03612041473388672,vsp_p0291_seymourl_iiasa,9358,2000,60.437360763549805
1677,Degree,0.031239986419677734,vsp_p0291_seymourl_iiasa,9358,2000,60.437360763549805
1783,Degree,0.026235103607177734,vsp_p0291_seymourl_iiasa,9358,2000,60.437360763549805
1633,Degree,0.03177309036254883,vsp_p0291_seymourl_iiasa,9358,2000,60.437360763549805
1789,Degree,0.014055490493774414,vsp_p0291_seymourl_iiasa,9358,2000,60.437360763549805
1695,Degree,0.025079965591430664,vsp_p0291_seymourl_iiasa,9358,2000,60.437360763549805
1838,Degree,0.03582024574279785,vsp_p0291_seymourl_iiasa,9358,2000,60.437360763549805
1656,Degree,0.030470848083496094,vsp_p0291_seymourl_iiasa,9358,2000,60.437360763549805
1771,Degree,0.03099846839904785,vsp_p0291_seymourl_iiasa,9358,2000,60.437360763549805
1812,Degree,0.025213003158569336,vsp_p0291_seymourl_iiasa,9358,2000,60.437360763549805
1735,Degree,0.02343130111694336,vsp_p0291_seymourl_iiasa,9358,2000,60.437360763549805
1757,Degree,0.030962228775024414,vsp_p0291_seymourl_iiasa,9358,2000,60.437360763549805
1656,Degree,0.023912668228149414,vsp_p0291_seymourl_iiasa,9358,2000,60.437360763549805
1621,Degree,0.02992844581604004,vsp_p0291_seymourl_iiasa,9358,2000,60.437360763549805
1765,Degree,0.043889760971069336,vsp_p0291_seymourl_iiasa,9358,2000,60.437360763549805
1723,Degree,0.026251554489135742,vsp_p0291_seymourl_iiasa,9358,2000,60.437360763549805
1705,Degree,0.03653860092163086,vsp_p0291_seymourl_iiasa,9358,2000,60.437360763549805
1829,Degree,0.020025014877319336,vsp_p0291_seymourl_iiasa,9358,2000,60.437360763549805
1631,Degree,0.025223493576049805,vsp_p0291_seymourl_iiasa,9358,2000,60.437360763549805
1818,Degree,0.019702911376953125,vsp_p0291_seymourl_iiasa,9358,2000,60.437360763549805
1745,Degree,0.020870208740234375,vsp_p0291_seymourl_iiasa,9358,2000,60.437360763549805
1608,Degree,0.0236208438873291,vsp_p0291_seymourl_iiasa,9358,2000,60.437360763549805
1693,Eigenvector,0.04298281669616699,vsp_p0291_seymourl_iiasa,9358,2000,60.437360763549805
1727,Eigenvector,0.03417038917541504,vsp_p0291_seymourl_iiasa,9358,2000,60.437360763549805
1706,Eigenvector,0.03743767738342285,vsp_p0291_seymourl_iiasa,9358,2000,60.437360763549805
1851,Eigenvector,0.030857563018798828,vsp_p0291_seymourl_iiasa,9358,2000,60.437360763549805
1763,Eigenvector,0.02475762367248535,vsp_p0291_seymourl_iiasa,9358,2000,60.437360763549805
1733,Eigenvector,0.029706239700317383,vsp_p0291_seymourl_iiasa,9358,2000,60.437360763549805
1755,Eigenvector,0.02315664291381836,vsp_p0291_seymourl_iiasa,9358,2000,60.437360763549805
1749,Eigenvector,0.03139543533325195,vsp_p0291_seymourl_iiasa,9358,2000,60.437360763549805
1656,Eigenvector,0.03211808204650879,vsp_p0291_seymourl_iiasa,9358,2000,60.437360763549805
1756,Eigenvector,0.021111488342285156,vsp_p0291_seymourl_iiasa,9358,2000,60.437360763549805
1796,Eigenvector,0.020255565643310547,vsp_p0291_seymourl_iiasa,9358,2000,60.437360763549805
1814,Eigenvector,0.00870823860168457,vsp_p0291_seymourl_iiasa,9358,2000,60.437360763549805
1812,Eigenvector,0.03036189079284668,vsp_p0291_seymourl_iiasa,9358,2000,60.437360763549805
1874,Eigenvector,0.021663188934326172,vsp_p0291_seymourl_iiasa,9358,2000,60.437360763549805
1878,Eigenvector,0.007662057876586914,vsp_p0291_seymourl_iiasa,9358,2000,60.437360763549805
1724,PageRank,0.026493549346923828,vsp_p0291_seymourl_iiasa,9358,2000,60.437360763549805
1838,PageRank,0.02253246307373047,vsp_p0291_seymourl_iiasa,9358,2000,60.437360763549805
1761,PageRank,0.025187253952026367,vsp_p0291_seymourl_iiasa,9358,2000,60.437360763549805
1837,PageRank,0.023340940475463867,vsp_p0291_seymourl_iiasa,9358,2000,60.437360763549805
1775,PageRank,0.19349074363708496,vsp_p0291_seymourl_iiasa,9358,2000,60.437360763549805
1607,PageRank,0.0260159969329834,vsp_p0291_seymourl_iiasa,9358,2000,60.437360763549805
1585,PageRank,0.026681184768676758,vsp_p0291_seymourl_iiasa,9358,2000,60.437360763549805
1756,PageRank,0.023052453994750977,vsp_p0291_seymourl_iiasa,9358,2000,60.437360763549805
1733,PageRank,0.025746822357177734,vsp_p0291_seymourl_iiasa,9358,2000,60.437360763549805
1766,PageRank,0.034535884857177734,vsp_p0291_seymourl_iiasa,9358,2000,60.437360763549805
1784,PageRank,0.028177738189697266,vsp_p0291_seymourl_iiasa,9358,2000,60.437360763549805
1641,PageRank,0.0409243106842041,vsp_p0291_seymourl_iiasa,9358,2000,60.437360763549805
1847,PageRank,0.024905681610107422,vsp_p0291_seymourl_iiasa,9358,2000,60.437360763549805
1638,PageRank,0.024072885513305664,vsp_p0291_seymourl_iiasa,9358,2000,60.437360763549805
1790,PageRank,0.010184288024902344,vsp_p0291_seymourl_iiasa,9358,2000,60.437360763549805
1986,Betweenness,0.017473936080932617,vsp_sctap1-2b_and_seymourl,2397,2000,20.18230628967285
1985,Betweenness,0.02301621437072754,vsp_sctap1-2b_and_seymourl,2397,2000,20.18230628967285
1986,Betweenness,0.010258913040161133,vsp_sctap1-2b_and_seymourl,2397,2000,20.18230628967285
1985,Betweenness,0.003002166748046875,vsp_sctap1-2b_and_seymourl,2397,2000,20.18230628967285
1713,Betweenness,0.009000778198242188,vsp_sctap1-2b_and_seymourl,2397,2000,20.18230628967285
1722,Betweenness,0.006698131561279297,vsp_sctap1-2b_and_seymourl,2397,2000,20.18230628967285
1985,Betweenness,0.015875577926635742,vsp_sctap1-2b_and_seymourl,2397,2000,20.18230628967285
1716,Betweenness,0.011468887329101562,vsp_sctap1-2b_and_seymourl,2397,2000,20.18230628967285
1985,Betweenness,0.009001731872558594,vsp_sctap1-2b_and_seymourl,2397,2000,20.18230628967285
1985,Betweenness,0.010926246643066406,vsp_sctap1-2b_and_seymourl,2397,2000,20.18230628967285
1718,Betweenness,0.009000062942504883,vsp_sctap1-2b_and_seymourl,2397,2000,20.18230628967285
1985,Betweenness,0.016051769256591797,vsp_sctap1-2b_and_seymourl,2397,2000,20.18230628967285
1986,Betweenness,0.010607004165649414,vsp_sctap1-2b_and_seymourl,2397,2000,20.18230628967285
1717,Betweenness,0.00900125503540039,vsp_sctap1-2b_and_seymourl,2397,2000,20.18230628967285
1987,Betweenness,0.008510828018188477,vsp_sctap1-2b_and_seymourl,2397,2000,20.18230628967285
1728,Betweenness,0.02150440216064453,vsp_sctap1-2b_and_seymourl,2397,2000,20.18230628967285
1735,Betweenness,0.018920421600341797,vsp_sctap1-2b_and_seymourl,2397,2000,20.18230628967285
1738,Betweenness,0.029004812240600586,vsp_sctap1-2b_and_seymourl,2397,2000,20.18230628967285
1985,Betweenness,0.019427776336669922,vsp_sctap1-2b_and_seymourl,2397,2000,20.18230628967285
1831,Betweenness,0.019905805587768555,vsp_sctap1-2b_and_seymourl,2397,2000,20.18230628967285
1740,Betweenness,0.011511087417602539,vsp_sctap1-2b_and_seymourl,2397,2000,20.18230628967285
1986,Betweenness,0.005659341812133789,vsp_sctap1-2b_and_seymourl,2397,2000,20.18230628967285
1729,Betweenness,0.010000944137573242,vsp_sctap1-2b_and_seymourl,2397,2000,20.18230628967285
1734,Betweenness,0.009613037109375,vsp_sctap1-2b_and_seymourl,2397,2000,20.18230628967285
1722,Betweenness,0.008999824523925781,vsp_sctap1-2b_and_seymourl,2397,2000,20.18230628967285
1728,Betweenness,0.009366750717163086,vsp_sctap1-2b_and_seymourl,2397,2000,20.18230628967285
1733,Betweenness,0.009132146835327148,vsp_sctap1-2b_and_seymourl,2397,2000,20.18230628967285
1719,Betweenness,0.008348703384399414,vsp_sctap1-2b_and_seymourl,2397,2000,20.18230628967285
1722,Betweenness,0.0027811527252197266,vsp_sctap1-2b_and_seymourl,2397,2000,20.18230628967285
1743,Betweenness,0.01648736000061035,vsp_sctap1-2b_and_seymourl,2397,2000,20.18230628967285
1730,Closeness,0.01511836051940918,vsp_sctap1-2b_and_seymourl,2397,2000,20.18230628967285
1735,Closeness,0.015178442001342773,vsp_sctap1-2b_and_seymourl,2397,2000,20.18230628967285
1733,Closeness,0.012865781784057617,vsp_sctap1-2b_and_seymourl,2397,2000,20.18230628967285
1901,Closeness,0.016001462936401367,vsp_sctap1-2b_and_seymourl,2397,2000,20.18230628967285
1726,Closeness,0.011183738708496094,vsp_sctap1-2b_and_seymourl,2397,2000,20.18230628967285
1986,Closeness,0.004647016525268555,vsp_sctap1-2b_and_seymourl,2397,2000,20.18230628967285
1740,Closeness,0.020382404327392578,vsp_sctap1-2b_and_seymourl,2397,2000,20.18230628967285
1735,Closeness,0.012742996215820312,vsp_sctap1-2b_and_seymourl,2397,2000,20.18230628967285
1739,Closeness,0.0,vsp_sctap1-2b_and_seymourl,2397,2000,20.18230628967285
1727,Closeness,0.023061752319335938,vsp_sctap1-2b_and_seymourl,2397,2000,20.18230628967285
1746,Closeness,0.011536598205566406,vsp_sctap1-2b_and_seymourl,2397,2000,20.18230628967285
1741,Closeness,0.0,vsp_sctap1-2b_and_seymourl,2397,2000,20.18230628967285
1736,Closeness,0.015143871307373047,vsp_sctap1-2b_and_seymourl,2397,2000,20.18230628967285
1986,Closeness,0.010223865509033203,vsp_sctap1-2b_and_seymourl,2397,2000,20.18230628967285
1726,Closeness,0.006003379821777344,vsp_sctap1-2b_and_seymourl,2397,2000,20.18230628967285
1403,Harmonic Centrality,0.020978450775146484,vsp_sctap1-2b_and_seymourl,2397,2000,20.18230628967285
1725,Harmonic Centrality,0.013006925582885742,vsp_sctap1-2b_and_seymourl,2397,2000,20.18230628967285
1416,Harmonic Centrality,0.01600027084350586,vsp_sctap1-2b_and_seymourl,2397,2000,20.18230628967285
1724,Harmonic Centrality,0.0049343109130859375,vsp_sctap1-2b_and_seymourl,2397,2000,20.18230628967285
1731,Harmonic Centrality,0.01305842399597168,vsp_sctap1-2b_and_seymourl,2397,2000,20.18230628967285
1397,Harmonic Centrality,0.013511419296264648,vsp_sctap1-2b_and_seymourl,2397,2000,20.18230628967285
1733,Harmonic Centrality,0.016318321228027344,vsp_sctap1-2b_and_seymourl,2397,2000,20.18230628967285
1743,Harmonic Centrality,0.013015031814575195,vsp_sctap1-2b_and_seymourl,2397,2000,20.18230628967285
1405,Harmonic Centrality,0.01053476333618164,vsp_sctap1-2b_and_seymourl,2397,2000,20.18230628967285
1736,Harmonic Centrality,0.011050224304199219,vsp_sctap1-2b_and_seymourl,2397,2000,20.18230628967285
1740,Harmonic Centrality,0.011925697326660156,vsp_sctap1-2b_and_seymourl,2397,2000,20.18230628967285
1985,Harmonic Centrality,0.011016845703125,vsp_sctap1-2b_and_seymourl,2397,2000,20.18230628967285
1986,Harmonic Centrality,0.010995864868164062,vsp_sctap1-2b_and_seymourl,2397,2000,20.18230628967285
1729,Harmonic Centrality,0.009998559951782227,vsp_sctap1-2b_and_seymourl,2397,2000,20.18230628967285
1404,Harmonic Centrality,0.011012077331542969,vsp_sctap1-2b_and_seymourl,2397,2000,20.18230628967285
1726,Closeness,0.006227970123291016,vsp_sctap1-2b_and_seymourl,2397,2000,20.18230628967285
1713,Closeness,0.01592421531677246,vsp_sctap1-2b_and_seymourl,2397,2000,20.18230628967285
1717,Closeness,0.009998798370361328,vsp_sctap1-2b_and_seymourl,2397,2000,20.18230628967285
1713,Closeness,0.012645244598388672,vsp_sctap1-2b_and_seymourl,2397,2000,20.18230628967285
1713,Closeness,0.010003089904785156,vsp_sctap1-2b_and_seymourl,2397,2000,20.18230628967285
1358,Closeness,0.011856794357299805,vsp_sctap1-2b_and_seymourl,2397,2000,20.18230628967285
1388,Closeness,0.009752035140991211,vsp_sctap1-2b_and_seymourl,2397,2000,20.18230628967285
1715,Closeness,0.004573345184326172,vsp_sctap1-2b_and_seymourl,2397,2000,20.18230628967285
1714,Closeness,0.0,vsp_sctap1-2b_and_seymourl,2397,2000,20.18230628967285
1718,Closeness,0.025180578231811523,vsp_sctap1-2b_and_seymourl,2397,2000,20.18230628967285
1715,Closeness,0.011424541473388672,vsp_sctap1-2b_and_seymourl,2397,2000,20.18230628967285
1986,Closeness,0.012652397155761719,vsp_sctap1-2b_and_seymourl,2397,2000,20.18230628967285
1726,Closeness,0.012924432754516602,vsp_sctap1-2b_and_seymourl,2397,2000,20.18230628967285
1720,Closeness,0.013748407363891602,vsp_sctap1-2b_and_seymourl,2397,2000,20.18230628967285
1712,Closeness,0.01200556755065918,vsp_sctap1-2b_and_seymourl,2397,2000,20.18230628967285
1719,PageRank,0.01299738883972168,vsp_sctap1-2b_and_seymourl,2397,2000,20.18230628967285
1739,PageRank,0.01000070571899414,vsp_sctap1-2b_and_seymourl,2397,2000,20.18230628967285
1744,PageRank,0.014535903930664062,vsp_sctap1-2b_and_seymourl,2397,2000,20.18230628967285
1723,PageRank,0.03680229187011719,vsp_sctap1-2b_and_seymourl,2397,2000,20.18230628967285
1719,PageRank,0.024829626083374023,vsp_sctap1-2b_and_seymourl,2397,2000,20.18230628967285
1724,PageRank,0.010967016220092773,vsp_sctap1-2b_and_seymourl,2397,2000,20.18230628967285
1729,PageRank,0.010389328002929688,vsp_sctap1-2b_and_seymourl,2397,2000,20.18230628967285
1735,PageRank,0.010056257247924805,vsp_sctap1-2b_and_seymourl,2397,2000,20.18230628967285
1985,PageRank,0.007655143737792969,vsp_sctap1-2b_and_seymourl,2397,2000,20.18230628967285
1723,PageRank,0.0,vsp_sctap1-2b_and_seymourl,2397,2000,20.18230628967285
1724,PageRank,0.010558366775512695,vsp_sctap1-2b_and_seymourl,2397,2000,20.18230628967285
1377,PageRank,0.010008096694946289,vsp_sctap1-2b_and_seymourl,2397,2000,20.18230628967285
1719,PageRank,0.22078895568847656,vsp_sctap1-2b_and_seymourl,2397,2000,20.18230628967285
1886,PageRank,0.010998249053955078,vsp_sctap1-2b_and_seymourl,2397,2000,20.18230628967285
1713,PageRank,0.006281852722167969,vsp_sctap1-2b_and_seymourl,2397,2000,20.18230628967285
1380,PageRank,0.017145156860351562,vsp_sctap1-2b_and_seymourl,2397,2000,20.18230628967285
1741,PageRank,0.010080575942993164,vsp_sctap1-2b_and_seymourl,2397,2000,20.18230628967285
1986,PageRank,0.01187586784362793,vsp_sctap1-2b_and_seymourl,2397,2000,20.18230628967285
1734,PageRank,0.013999223709106445,vsp_sctap1-2b_and_seymourl,2397,2000,20.18230628967285
1731,PageRank,0.011507511138916016,vsp_sctap1-2b_and_seymourl,2397,2000,20.18230628967285
1724,PageRank,0.013625383377075195,vsp_sctap1-2b_and_seymourl,2397,2000,20.18230628967285
1936,PageRank,0.015097379684448242,vsp_sctap1-2b_and_seymourl,2397,2000,20.18230628967285
1735,PageRank,0.011000394821166992,vsp_sctap1-2b_and_seymourl,2397,2000,20.18230628967285
1744,PageRank,0.011796951293945312,vsp_sctap1-2b_and_seymourl,2397,2000,20.18230628967285
1713,PageRank,0.009929895401000977,vsp_sctap1-2b_and_seymourl,2397,2000,20.18230628967285
1717,PageRank,0.009997129440307617,vsp_sctap1-2b_and_seymourl,2397,2000,20.18230628967285
1736,PageRank,0.008147954940795898,vsp_sctap1-2b_and_seymourl,2397,2000,20.18230628967285
1732,PageRank,0.0,vsp_sctap1-2b_and_seymourl,2397,2000,20.18230628967285
1739,PageRank,0.018687963485717773,vsp_sctap1-2b_and_seymourl,2397,2000,20.18230628967285
1718,PageRank,0.008998394012451172,vsp_sctap1-2b_and_seymourl,2397,2000,20.18230628967285
1732,Harmonic Centrality,0.011284351348876953,vsp_sctap1-2b_and_seymourl,2397,2000,20.18230628967285
1985,Harmonic Centrality,0.017145156860351562,vsp_sctap1-2b_and_seymourl,2397,2000,20.18230628967285
1726,Harmonic Centrality,0.01697516441345215,vsp_sctap1-2b_and_seymourl,2397,2000,20.18230628967285
1727,Harmonic Centrality,0.01516103744506836,vsp_sctap1-2b_and_seymourl,2397,2000,20.18230628967285
1734,Harmonic Centrality,0.010271787643432617,vsp_sctap1-2b_and_seymourl,2397,2000,20.18230628967285
1723,Harmonic Centrality,0.008626461029052734,vsp_sctap1-2b_and_seymourl,2397,2000,20.18230628967285
1729,Harmonic Centrality,0.0,vsp_sctap1-2b_and_seymourl,2397,2000,20.18230628967285
1985,Harmonic Centrality,0.013272762298583984,vsp_sctap1-2b_and_seymourl,2397,2000,20.18230628967285
1741,Harmonic Centrality,0.01100468635559082,vsp_sctap1-2b_and_seymourl,2397,2000,20.18230628967285
1739,Harmonic Centrality,0.010031700134277344,vsp_sctap1-2b_and_seymourl,2397,2000,20.18230628967285
1738,Harmonic Centrality,0.009998083114624023,vsp_sctap1-2b_and_seymourl,2397,2000,20.18230628967285
1732,Harmonic Centrality,0.010997533798217773,vsp_sctap1-2b_and_seymourl,2397,2000,20.18230628967285
1729,Harmonic Centrality,0.012454509735107422,vsp_sctap1-2b_and_seymourl,2397,2000,20.18230628967285
1735,Harmonic Centrality,0.01645350456237793,vsp_sctap1-2b_and_seymourl,2397,2000,20.18230628967285
1736,Harmonic Centrality,0.01775503158569336,vsp_sctap1-2b_and_seymourl,2397,2000,20.18230628967285
1858,Closeness,0.018360137939453125,vsp_sctap1-2b_and_seymourl,2397,2000,20.18230628967285
1741,Closeness,0.01900482177734375,vsp_sctap1-2b_and_seymourl,2397,2000,20.18230628967285
1726,Closeness,0.020122528076171875,vsp_sctap1-2b_and_seymourl,2397,2000,20.18230628967285
1726,Closeness,0.020847797393798828,vsp_sctap1-2b_and_seymourl,2397,2000,20.18230628967285
1731,Closeness,0.01783275604248047,vsp_sctap1-2b_and_seymourl,2397,2000,20.18230628967285
1719,Closeness,0.011636972427368164,vsp_sctap1-2b_and_seymourl,2397,2000,20.18230628967285
1719,Closeness,0.011008024215698242,vsp_sctap1-2b_and_seymourl,2397,2000,20.18230628967285
1986,Closeness,0.0277554988861084,vsp_sctap1-2b_and_seymourl,2397,2000,20.18230628967285
1727,Closeness,0.015783071517944336,vsp_sctap1-2b_and_seymourl,2397,2000,20.18230628967285
1738,Closeness,0.014829874038696289,vsp_sctap1-2b_and_seymourl,2397,2000,20.18230628967285
1743,Closeness,0.026987314224243164,vsp_sctap1-2b_and_seymourl,2397,2000,20.18230628967285
1738,Closeness,0.0077550411224365234,vsp_sctap1-2b_and_seymourl,2397,2000,20.18230628967285
1733,Closeness,0.015069723129272461,vsp_sctap1-2b_and_seymourl,2397,2000,20.18230628967285
1719,Closeness,0.010025739669799805,vsp_sctap1-2b_and_seymourl,2397,2000,20.18230628967285
1717,Closeness,0.012214183807373047,vsp_sctap1-2b_and_seymourl,2397,2000,20.18230628967285
1713,PageRank,0.01542210578918457,vsp_sctap1-2b_and_seymourl,2397,2000,20.18230628967285
1728,PageRank,0.009001970291137695,vsp_sctap1-2b_and_seymourl,2397,2000,20.18230628967285
1741,PageRank,0.009922266006469727,vsp_sctap1-2b_and_seymourl,2397,2000,20.18230628967285
1713,PageRank,0.011178731918334961,vsp_sctap1-2b_and_seymourl,2397,2000,20.18230628967285
1730,PageRank,0.014014005661010742,vsp_sctap1-2b_and_seymourl,2397,2000,20.18230628967285
1986,PageRank,0.005620479583740234,vsp_sctap1-2b_and_seymourl,2397,2000,20.18230628967285
1720,PageRank,0.021270751953125,vsp_sctap1-2b_and_seymourl,2397,2000,20.18230628967285
1985,PageRank,0.010004043579101562,vsp_sctap1-2b_and_seymourl,2397,2000,20.18230628967285
1985,PageRank,0.01039266586303711,vsp_sctap1-2b_and_seymourl,2397,2000,20.18230628967285
1721,PageRank,0.00899958610534668,vsp_sctap1-2b_and_seymourl,2397,2000,20.18230628967285
1724,PageRank,0.010889768600463867,vsp_sctap1-2b_and_seymourl,2397,2000,20.18230628967285
1737,PageRank,0.011766433715820312,vsp_sctap1-2b_and_seymourl,2397,2000,20.18230628967285
1725,PageRank,0.0,vsp_sctap1-2b_and_seymourl,2397,2000,20.18230628967285
1986,PageRank,0.020357847213745117,vsp_sctap1-2b_and_seymourl,2397,2000,20.18230628967285
1741,PageRank,0.00899958610534668,vsp_sctap1-2b_and_seymourl,2397,2000,20.18230628967285
1721,Betweenness,0.013332605361938477,vsp_sctap1-2b_and_seymourl,2397,2000,20.18230628967285
1738,Betweenness,0.017260313034057617,vsp_sctap1-2b_and_seymourl,2397,2000,20.18230628967285
1721,Betweenness,0.016257762908935547,vsp_sctap1-2b_and_seymourl,2397,2000,20.18230628967285
1734,Betweenness,0.01659679412841797,vsp_sctap1-2b_and_seymourl,2397,2000,20.18230628967285
1725,Betweenness,0.01692962646484375,vsp_sctap1-2b_and_seymourl,2397,2000,20.18230628967285
1729,Betweenness,0.018773555755615234,vsp_sctap1-2b_and_seymourl,2397,2000,20.18230628967285
1721,Betweenness,0.017723560333251953,vsp_sctap1-2b_and_seymourl,2397,2000,20.18230628967285
1736,Betweenness,0.0,vsp_sctap1-2b_and_seymourl,2397,2000,20.18230628967285
1736,Betweenness,0.024959802627563477,vsp_sctap1-2b_and_seymourl,2397,2000,20.18230628967285
1721,Betweenness,0.009444713592529297,vsp_sctap1-2b_and_seymourl,2397,2000,20.18230628967285
1721,Betweenness,0.021970033645629883,vsp_sctap1-2b_and_seymourl,2397,2000,20.18230628967285
1745,Betweenness,0.010523557662963867,vsp_sctap1-2b_and_seymourl,2397,2000,20.18230628967285
1724,Betweenness,0.009680747985839844,vsp_sctap1-2b_and_seymourl,2397,2000,20.18230628967285
1734,Betweenness,0.010545969009399414,vsp_sctap1-2b_and_seymourl,2397,2000,20.18230628967285
1740,Betweenness,0.0,vsp_sctap1-2b_and_seymourl,2397,2000,20.18230628967285
1741,Harmonic Centrality,0.01631307601928711,vsp_sctap1-2b_and_seymourl,2397,2000,20.18230628967285
1714,Harmonic Centrality,0.016457796096801758,vsp_sctap1-2b_and_seymourl,2397,2000,20.18230628967285
1733,Harmonic Centrality,0.010998964309692383,vsp_sctap1-2b_and_seymourl,2397,2000,20.18230628967285
1986,Harmonic Centrality,0.009208917617797852,vsp_sctap1-2b_and_seymourl,2397,2000,20.18230628967285
1722,Harmonic Centrality,0.014793157577514648,vsp_sctap1-2b_and_seymourl,2397,2000,20.18230628967285
1384,Harmonic Centrality,0.0,vsp_sctap1-2b_and_seymourl,2397,2000,20.18230628967285
1731,Harmonic Centrality,0.014991044998168945,vsp_sctap1-2b_and_seymourl,2397,2000,20.18230628967285
1721,Harmonic Centrality,0.01070547103881836,vsp_sctap1-2b_and_seymourl,2397,2000,20.18230628967285
1745,Harmonic Centrality,0.0015590190887451172,vsp_sctap1-2b_and_seymourl,2397,2000,20.18230628967285
1737,Harmonic Centrality,0.015133857727050781,vsp_sctap1-2b_and_seymourl,2397,2000,20.18230628967285
1722,Harmonic Centrality,0.015821218490600586,vsp_sctap1-2b_and_seymourl,2397,2000,20.18230628967285
1985,Harmonic Centrality,0.010520458221435547,vsp_sctap1-2b_and_seymourl,2397,2000,20.18230628967285
1714,Harmonic Centrality,0.004006385803222656,vsp_sctap1-2b_and_seymourl,2397,2000,20.18230628967285
1737,Harmonic Centrality,0.0,vsp_sctap1-2b_and_seymourl,2397,2000,20.18230628967285
1732,Harmonic Centrality,0.02172088623046875,vsp_sctap1-2b_and_seymourl,2397,2000,20.18230628967285
1736,Betweenness,0.016996145248413086,vsp_sctap1-2b_and_seymourl,2397,2000,20.18230628967285
1737,Betweenness,0.012224912643432617,vsp_sctap1-2b_and_seymourl,2397,2000,20.18230628967285
1738,Betweenness,0.012683868408203125,vsp_sctap1-2b_and_seymourl,2397,2000,20.18230628967285
1730,Betweenness,0.010667800903320312,vsp_sctap1-2b_and_seymourl,2397,2000,20.18230628967285
1986,Betweenness,0.016606569290161133,vsp_sctap1-2b_and_seymourl,2397,2000,20.18230628967285
1732,Betweenness,0.013904333114624023,vsp_sctap1-2b_and_seymourl,2397,2000,20.18230628967285
1730,Betweenness,0.014159917831420898,vsp_sctap1-2b_and_seymourl,2397,2000,20.18230628967285
1738,Betweenness,0.0016202926635742188,vsp_sctap1-2b_and_seymourl,2397,2000,20.18230628967285
1734,Betweenness,0.015228986740112305,vsp_sctap1-2b_and_seymourl,2397,2000,20.18230628967285
1732,Betweenness,0.015952110290527344,vsp_sctap1-2b_and_seymourl,2397,2000,20.18230628967285
1734,Betweenness,0.011516332626342773,vsp_sctap1-2b_and_seymourl,2397,2000,20.18230628967285
1733,Betweenness,0.012968778610229492,vsp_sctap1-2b_and_seymourl,2397,2000,20.18230628967285
1733,Betweenness,0.015863656997680664,vsp_sctap1-2b_and_seymourl,2397,2000,20.18230628967285
1728,Betweenness,0.014694452285766602,vsp_sctap1-2b_and_seymourl,2397,2000,20.18230628967285
1730,Betweenness,0.010958671569824219,vsp_sctap1-2b_and_seymourl,2397,2000,20.18230628967285
1739,Harmonic Centrality,0.21270370483398438,vsp_sctap1-2b_and_seymourl,2397,2000,20.18230628967285
1377,Harmonic Centrality,0.010169744491577148,vsp_sctap1-2b_and_seymourl,2397,2000,20.18230628967285
1736,Harmonic Centrality,0.015828609466552734,vsp_sctap1-2b_and_seymourl,2397,2000,20.18230628967285
1713,Harmonic Centrality,0.0,vsp_sctap1-2b_and_seymourl,2397,2000,20.18230628967285
1734,Harmonic Centrality,0.011338949203491211,vsp_sctap1-2b_and_seymourl,2397,2000,20.18230628967285
1739,Harmonic Centrality,0.01238393783569336,vsp_sctap1-2b_and_seymourl,2397,2000,20.18230628967285
1376,Harmonic Centrality,0.011387825012207031,vsp_sctap1-2b_and_seymourl,2397,2000,20.18230628967285
1731,Harmonic Centrality,0.011483430862426758,vsp_sctap1-2b_and_seymourl,2397,2000,20.18230628967285
1726,Harmonic Centrality,0.01223301887512207,vsp_sctap1-2b_and_seymourl,2397,2000,20.18230628967285
1733,Harmonic Centrality,0.01525425910949707,vsp_sctap1-2b_and_seymourl,2397,2000,20.18230628967285
1725,Harmonic Centrality,0.015215158462524414,vsp_sctap1-2b_and_seymourl,2397,2000,20.18230628967285
1718,Harmonic Centrality,0.010503530502319336,vsp_sctap1-2b_and_seymourl,2397,2000,20.18230628967285
1717,Harmonic Centrality,0.011003971099853516,vsp_sctap1-2b_and_seymourl,2397,2000,20.18230628967285
1713,Harmonic Centrality,0.020063161849975586,vsp_sctap1-2b_and_seymourl,2397,2000,20.18230628967285
1724,Harmonic Centrality,0.01100015640258789,vsp_sctap1-2b_and_seymourl,2397,2000,20.18230628967285
1727,Betweenness,0.010043621063232422,vsp_sctap1-2b_and_seymourl,2397,2000,20.18230628967285
1730,Betweenness,0.016756057739257812,vsp_sctap1-2b_and_seymourl,2397,2000,20.18230628967285
1730,Betweenness,0.01949763298034668,vsp_sctap1-2b_and_seymourl,2397,2000,20.18230628967285
1739,Betweenness,0.015513420104980469,vsp_sctap1-2b_and_seymourl,2397,2000,20.18230628967285
1734,Betweenness,0.017540693283081055,vsp_sctap1-2b_and_seymourl,2397,2000,20.18230628967285
1743,Betweenness,0.21611523628234863,vsp_sctap1-2b_and_seymourl,2397,2000,20.18230628967285
1725,Betweenness,0.01241755485534668,vsp_sctap1-2b_and_seymourl,2397,2000,20.18230628967285
1742,Betweenness,0.011027336120605469,vsp_sctap1-2b_and_seymourl,2397,2000,20.18230628967285
1725,Betweenness,0.009567975997924805,vsp_sctap1-2b_and_seymourl,2397,2000,20.18230628967285
1723,Betweenness,0.009581565856933594,vsp_sctap1-2b_and_seymourl,2397,2000,20.18230628967285
1737,Betweenness,0.009677410125732422,vsp_sctap1-2b_and_seymourl,2397,2000,20.18230628967285
1727,Betweenness,0.010096549987792969,vsp_sctap1-2b_and_seymourl,2397,2000,20.18230628967285
1741,Betweenness,0.008047342300415039,vsp_sctap1-2b_and_seymourl,2397,2000,20.18230628967285
1742,Betweenness,0.0,vsp_sctap1-2b_and_seymourl,2397,2000,20.18230628967285
1723,Betweenness,0.023302078247070312,vsp_sctap1-2b_and_seymourl,2397,2000,20.18230628967285
1713,Degree,0.022121191024780273,vsp_sctap1-2b_and_seymourl,2397,2000,20.18230628967285
1741,Degree,0.019122838973999023,vsp_sctap1-2b_and_seymourl,2397,2000,20.18230628967285
1732,Degree,0.021256446838378906,vsp_sctap1-2b_and_seymourl,2397,2000,20.18230628967285
1354,Degree,0.017703771591186523,vsp_sctap1-2b_and_seymourl,2397,2000,20.18230628967285
1722,Degree,0.015560626983642578,vsp_sctap1-2b_and_seymourl,2397,2000,20.18230628967285
1733,Degree,0.23747730255126953,vsp_sctap1-2b_and_seymourl,2397,2000,20.18230628967285
1351,Degree,0.020429611206054688,vsp_sctap1-2b_and_seymourl,2397,2000,20.18230628967285
1730,Degree,0.015094757080078125,vsp_sctap1-2b_and_seymourl,2397,2000,20.18230628967285
1986,Degree,0.012559890747070312,vsp_sctap1-2b_and_seymourl,2397,2000,20.18230628967285
1733,Degree,0.00689697265625,vsp_sctap1-2b_and_seymourl,2397,2000,20.18230628967285
1396,Degree,0.01392674446105957,vsp_sctap1-2b_and_seymourl,2397,2000,20.18230628967285
1735,Degree,0.012035369873046875,vsp_sctap1-2b_and_seymourl,2397,2000,20.18230628967285
1726,Degree,0.011017560958862305,vsp_sctap1-2b_and_seymourl,2397,2000,20.18230628967285
1739,Degree,0.011764287948608398,vsp_sctap1-2b_and_seymourl,2397,2000,20.18230628967285
1705,Degree,0.01000070571899414,vsp_sctap1-2b_and_seymourl,2397,2000,20.18230628967285
1377,Harmonic Centrality,0.010993480682373047,vsp_sctap1-2b_and_seymourl,2397,2000,20.18230628967285
1720,Harmonic Centrality,0.20406699180603027,vsp_sctap1-2b_and_seymourl,2397,2000,20.18230628967285
1348,Harmonic Centrality,0.010437965393066406,vsp_sctap1-2b_and_seymourl,2397,2000,20.18230628967285
1960,Harmonic Centrality,0.01087045669555664,vsp_sctap1-2b_and_seymourl,2397,2000,20.18230628967285
1720,Harmonic Centrality,0.0,vsp_sctap1-2b_and_seymourl,2397,2000,20.18230628967285
1720,Harmonic Centrality,0.01100468635559082,vsp_sctap1-2b_and_seymourl,2397,2000,20.18230628967285
1735,Harmonic Centrality,0.010999441146850586,vsp_sctap1-2b_and_seymourl,2397,2000,20.18230628967285
1721,Harmonic Centrality,0.012509346008300781,vsp_sctap1-2b_and_seymourl,2397,2000,20.18230628967285
1349,Harmonic Centrality,0.010220527648925781,vsp_sctap1-2b_and_seymourl,2397,2000,20.18230628967285
1985,Harmonic Centrality,0.0,vsp_sctap1-2b_and_seymourl,2397,2000,20.18230628967285
1715,Harmonic Centrality,0.010174989700317383,vsp_sctap1-2b_and_seymourl,2397,2000,20.18230628967285
1721,Harmonic Centrality,0.0,vsp_sctap1-2b_and_seymourl,2397,2000,20.18230628967285
1986,Harmonic Centrality,0.020482778549194336,vsp_sctap1-2b_and_seymourl,2397,2000,20.18230628967285
1348,Harmonic Centrality,0.0125274658203125,vsp_sctap1-2b_and_seymourl,2397,2000,20.18230628967285
1986,Harmonic Centrality,0.015633583068847656,vsp_sctap1-2b_and_seymourl,2397,2000,20.18230628967285
1404,Harmonic Centrality,0.013979196548461914,vsp_sctap1-2b_and_seymourl,2397,2000,20.18230628967285
1714,Harmonic Centrality,0.020212650299072266,vsp_sctap1-2b_and_seymourl,2397,2000,20.18230628967285
1726,Harmonic Centrality,0.014998674392700195,vsp_sctap1-2b_and_seymourl,2397,2000,20.18230628967285
1896,Harmonic Centrality,0.012009859085083008,vsp_sctap1-2b_and_seymourl,2397,2000,20.18230628967285
1413,Harmonic Centrality,0.015938282012939453,vsp_sctap1-2b_and_seymourl,2397,2000,20.18230628967285
1398,Harmonic Centrality,0.010009527206420898,vsp_sctap1-2b_and_seymourl,2397,2000,20.18230628967285
1713,Harmonic Centrality,0.010300159454345703,vsp_sctap1-2b_and_seymourl,2397,2000,20.18230628967285
1735,Harmonic Centrality,0.010657787322998047,vsp_sctap1-2b_and_seymourl,2397,2000,20.18230628967285
1743,Harmonic Centrality,0.007999897003173828,vsp_sctap1-2b_and_seymourl,2397,2000,20.18230628967285
1718,Harmonic Centrality,0.0016825199127197266,vsp_sctap1-2b_and_seymourl,2397,2000,20.18230628967285
1985,Harmonic Centrality,0.014344453811645508,vsp_sctap1-2b_and_seymourl,2397,2000,20.18230628967285
1724,Harmonic Centrality,0.009587287902832031,vsp_sctap1-2b_and_seymourl,2397,2000,20.18230628967285
1726,Harmonic Centrality,0.009526252746582031,vsp_sctap1-2b_and_seymourl,2397,2000,20.18230628967285
1724,Harmonic Centrality,0.011994600296020508,vsp_sctap1-2b_and_seymourl,2397,2000,20.18230628967285
1403,Harmonic Centrality,0.015009403228759766,vsp_sctap1-2b_and_seymourl,2397,2000,20.18230628967285
1734,Harmonic Centrality,0.021528005599975586,vsp_sctap1-2b_and_seymourl,2397,2000,20.18230628967285
1985,Harmonic Centrality,0.014286994934082031,vsp_sctap1-2b_and_seymourl,2397,2000,20.18230628967285
1935,Harmonic Centrality,0.019997835159301758,vsp_sctap1-2b_and_seymourl,2397,2000,20.18230628967285
1985,Harmonic Centrality,0.01499795913696289,vsp_sctap1-2b_and_seymourl,2397,2000,20.18230628967285
1742,Harmonic Centrality,0.020713090896606445,vsp_sctap1-2b_and_seymourl,2397,2000,20.18230628967285
1743,Harmonic Centrality,0.015990495681762695,vsp_sctap1-2b_and_seymourl,2397,2000,20.18230628967285
1986,Harmonic Centrality,0.022356510162353516,vsp_sctap1-2b_and_seymourl,2397,2000,20.18230628967285
1407,Harmonic Centrality,0.009246110916137695,vsp_sctap1-2b_and_seymourl,2397,2000,20.18230628967285
1736,Harmonic Centrality,0.0,vsp_sctap1-2b_and_seymourl,2397,2000,20.18230628967285
1410,Harmonic Centrality,0.02447342872619629,vsp_sctap1-2b_and_seymourl,2397,2000,20.18230628967285
1724,Harmonic Centrality,0.012249946594238281,vsp_sctap1-2b_and_seymourl,2397,2000,20.18230628967285
1732,Harmonic Centrality,0.0,vsp_sctap1-2b_and_seymourl,2397,2000,20.18230628967285
1404,Harmonic Centrality,0.011128664016723633,vsp_sctap1-2b_and_seymourl,2397,2000,20.18230628967285
1730,Harmonic Centrality,0.008999347686767578,vsp_sctap1-2b_and_seymourl,2397,2000,20.18230628967285
1986,Harmonic Centrality,0.012341737747192383,vsp_sctap1-2b_and_seymourl,2397,2000,20.18230628967285
1746,Katz Centrality,0.012309074401855469,vsp_sctap1-2b_and_seymourl,2397,2000,20.18230628967285
1992,Katz Centrality,0.018663644790649414,vsp_sctap1-2b_and_seymourl,2397,2000,20.18230628967285
1739,Katz Centrality,0.013678789138793945,vsp_sctap1-2b_and_seymourl,2397,2000,20.18230628967285
1398,Katz Centrality,0.01329803466796875,vsp_sctap1-2b_and_seymourl,2397,2000,20.18230628967285
1733,Katz Centrality,0.01000666618347168,vsp_sctap1-2b_and_seymourl,2397,2000,20.18230628967285
1732,Katz Centrality,0.012116193771362305,vsp_sctap1-2b_and_seymourl,2397,2000,20.18230628967285
1731,Katz Centrality,0.010607242584228516,vsp_sctap1-2b_and_seymourl,2397,2000,20.18230628967285
1985,Katz Centrality,0.015790939331054688,vsp_sctap1-2b_and_seymourl,2397,2000,20.18230628967285
1724,Katz Centrality,0.010027647018432617,vsp_sctap1-2b_and_seymourl,2397,2000,20.18230628967285
1986,Katz Centrality,0.012215614318847656,vsp_sctap1-2b_and_seymourl,2397,2000,20.18230628967285
1713,Katz Centrality,0.012909889221191406,vsp_sctap1-2b_and_seymourl,2397,2000,20.18230628967285
1399,Katz Centrality,0.016622543334960938,vsp_sctap1-2b_and_seymourl,2397,2000,20.18230628967285
1739,Katz Centrality,0.010393142700195312,vsp_sctap1-2b_and_seymourl,2397,2000,20.18230628967285
1713,Katz Centrality,0.010036706924438477,vsp_sctap1-2b_and_seymourl,2397,2000,20.18230628967285
1726,Katz Centrality,0.016434669494628906,vsp_sctap1-2b_and_seymourl,2397,2000,20.18230628967285
1743,Harmonic Centrality,0.013282060623168945,vsp_sctap1-2b_and_seymourl,2397,2000,20.18230628967285
1739,Harmonic Centrality,0.017229318618774414,vsp_sctap1-2b_and_seymourl,2397,2000,20.18230628967285
1732,Harmonic Centrality,0.018473386764526367,vsp_sctap1-2b_and_seymourl,2397,2000,20.18230628967285
1732,Harmonic Centrality,0.009996175765991211,vsp_sctap1-2b_and_seymourl,2397,2000,20.18230628967285
1724,Harmonic Centrality,0.01984572410583496,vsp_sctap1-2b_and_seymourl,2397,2000,20.18230628967285
1737,Harmonic Centrality,0.010162591934204102,vsp_sctap1-2b_and_seymourl,2397,2000,20.18230628967285
1725,Harmonic Centrality,0.008459329605102539,vsp_sctap1-2b_and_seymourl,2397,2000,20.18230628967285
1986,Harmonic Centrality,0.01126408576965332,vsp_sctap1-2b_and_seymourl,2397,2000,20.18230628967285
1413,Harmonic Centrality,0.011220455169677734,vsp_sctap1-2b_and_seymourl,2397,2000,20.18230628967285
1741,Harmonic Centrality,0.010563373565673828,vsp_sctap1-2b_and_seymourl,2397,2000,20.18230628967285
1730,Harmonic Centrality,0.009968280792236328,vsp_sctap1-2b_and_seymourl,2397,2000,20.18230628967285
1743,Harmonic Centrality,0.008255243301391602,vsp_sctap1-2b_and_seymourl,2397,2000,20.18230628967285
1986,Harmonic Centrality,0.009970664978027344,vsp_sctap1-2b_and_seymourl,2397,2000,20.18230628967285
1986,Harmonic Centrality,0.009208917617797852,vsp_sctap1-2b_and_seymourl,2397,2000,20.18230628967285
1986,Harmonic Centrality,0.008000373840332031,vsp_sctap1-2b_and_seymourl,2397,2000,20.18230628967285
1836,Degree,0.009000539779663086,vsp_sctap1-2b_and_seymourl,2397,2000,20.18230628967285
1722,Degree,0.016002655029296875,vsp_sctap1-2b_and_seymourl,2397,2000,20.18230628967285
1397,Degree,0.010055303573608398,vsp_sctap1-2b_and_seymourl,2397,2000,20.18230628967285
1408,Degree,0.015066862106323242,vsp_sctap1-2b_and_seymourl,2397,2000,20.18230628967285
1401,Degree,0.008999109268188477,vsp_sctap1-2b_and_seymourl,2397,2000,20.18230628967285
1985,Degree,0.2526743412017822,vsp_sctap1-2b_and_seymourl,2397,2000,20.18230628967285
1398,Degree,0.01567697525024414,vsp_sctap1-2b_and_seymourl,2397,2000,20.18230628967285
1985,Degree,0.011999130249023438,vsp_sctap1-2b_and_seymourl,2397,2000,20.18230628967285
1727,Degree,0.004763126373291016,vsp_sctap1-2b_and_seymourl,2397,2000,20.18230628967285
1985,Degree,0.01452493667602539,vsp_sctap1-2b_and_seymourl,2397,2000,20.18230628967285
1725,Degree,0.023696422576904297,vsp_sctap1-2b_and_seymourl,2397,2000,20.18230628967285
1410,Degree,0.0,vsp_sctap1-2b_and_seymourl,2397,2000,20.18230628967285
1828,Degree,0.015755414962768555,vsp_sctap1-2b_and_seymourl,2397,2000,20.18230628967285
1735,Degree,0.010612726211547852,vsp_sctap1-2b_and_seymourl,2397,2000,20.18230628967285
1986,Degree,0.0,vsp_sctap1-2b_and_seymourl,2397,2000,20.18230628967285
1414,Katz Centrality,0.015080451965332031,vsp_sctap1-2b_and_seymourl,2397,2000,20.18230628967285
1726,Katz Centrality,0.009290456771850586,vsp_sctap1-2b_and_seymourl,2397,2000,20.18230628967285
1736,Katz Centrality,0.010309457778930664,vsp_sctap1-2b_and_seymourl,2397,2000,20.18230628967285
1722,Katz Centrality,0.008541107177734375,vsp_sctap1-2b_and_seymourl,2397,2000,20.18230628967285
1723,Katz Centrality,0.02677130699157715,vsp_sctap1-2b_and_seymourl,2397,2000,20.18230628967285
1727,Katz Centrality,0.013259172439575195,vsp_sctap1-2b_and_seymourl,2397,2000,20.18230628967285
1726,Katz Centrality,0.00899815559387207,vsp_sctap1-2b_and_seymourl,2397,2000,20.18230628967285
1731,Katz Centrality,0.008778572082519531,vsp_sctap1-2b_and_seymourl,2397,2000,20.18230628967285
1734,Katz Centrality,0.009745359420776367,vsp_sctap1-2b_and_seymourl,2397,2000,20.18230628967285
1721,Katz Centrality,0.008718252182006836,vsp_sctap1-2b_and_seymourl,2397,2000,20.18230628967285
1415,Katz Centrality,0.0,vsp_sctap1-2b_and_seymourl,2397,2000,20.18230628967285
1984,Katz Centrality,0.016002893447875977,vsp_sctap1-2b_and_seymourl,2397,2000,20.18230628967285
1954,Katz Centrality,0.0,vsp_sctap1-2b_and_seymourl,2397,2000,20.18230628967285
1719,Katz Centrality,0.010059356689453125,vsp_sctap1-2b_and_seymourl,2397,2000,20.18230628967285
1733,Katz Centrality,0.009287118911743164,vsp_sctap1-2b_and_seymourl,2397,2000,20.18230628967285
1731,Degree,0.016390562057495117,vsp_sctap1-2b_and_seymourl,2397,2000,20.18230628967285
1985,Degree,0.017495155334472656,vsp_sctap1-2b_and_seymourl,2397,2000,20.18230628967285
1723,Degree,0.0045146942138671875,vsp_sctap1-2b_and_seymourl,2397,2000,20.18230628967285
1744,Degree,0.01741647720336914,vsp_sctap1-2b_and_seymourl,2397,2000,20.18230628967285
1732,Degree,0.015001296997070312,vsp_sctap1-2b_and_seymourl,2397,2000,20.18230628967285
1986,Degree,0.011012077331542969,vsp_sctap1-2b_and_seymourl,2397,2000,20.18230628967285
1734,Degree,0.008559942245483398,vsp_sctap1-2b_and_seymourl,2397,2000,20.18230628967285
1741,Degree,0.012999296188354492,vsp_sctap1-2b_and_seymourl,2397,2000,20.18230628967285
1399,Degree,0.013599872589111328,vsp_sctap1-2b_and_seymourl,2397,2000,20.18230628967285
1986,Degree,0.01565718650817871,vsp_sctap1-2b_and_seymourl,2397,2000,20.18230628967285
1986,Degree,0.009190797805786133,vsp_sctap1-2b_and_seymourl,2397,2000,20.18230628967285
1729,Degree,0.009445667266845703,vsp_sctap1-2b_and_seymourl,2397,2000,20.18230628967285
1743,Degree,0.0015101432800292969,vsp_sctap1-2b_and_seymourl,2397,2000,20.18230628967285
1724,Degree,0.0,vsp_sctap1-2b_and_seymourl,2397,2000,20.18230628967285
1744,Degree,0.007525444030761719,vsp_sctap1-2b_and_seymourl,2397,2000,20.18230628967285
1735,Closeness,0.010431766510009766,vsp_sctap1-2b_and_seymourl,2397,2000,20.18230628967285
1741,Closeness,0.008999824523925781,vsp_sctap1-2b_and_seymourl,2397,2000,20.18230628967285
1731,Closeness,0.014190435409545898,vsp_sctap1-2b_and_seymourl,2397,2000,20.18230628967285
1726,Closeness,0.009181976318359375,vsp_sctap1-2b_and_seymourl,2397,2000,20.18230628967285
1896,Closeness,0.015668630599975586,vsp_sctap1-2b_and_seymourl,2397,2000,20.18230628967285
1722,Closeness,0.01046133041381836,vsp_sctap1-2b_and_seymourl,2397,2000,20.18230628967285
1744,Closeness,0.008659839630126953,vsp_sctap1-2b_and_seymourl,2397,2000,20.18230628967285
1742,Closeness,0.009974002838134766,vsp_sctap1-2b_and_seymourl,2397,2000,20.18230628967285
1721,Closeness,0.0,vsp_sctap1-2b_and_seymourl,2397,2000,20.18230628967285
1415,Closeness,0.009772300720214844,vsp_sctap1-2b_and_seymourl,2397,2000,20.18230628967285
1743,Closeness,0.00905156135559082,vsp_sctap1-2b_and_seymourl,2397,2000,20.18230628967285
1737,Closeness,0.18616127967834473,vsp_sctap1-2b_and_seymourl,2397,2000,20.18230628967285
1733,Closeness,0.010821819305419922,vsp_sctap1-2b_and_seymourl,2397,2000,20.18230628967285
1985,Closeness,0.0,vsp_sctap1-2b_and_seymourl,2397,2000,20.18230628967285
1410,Closeness,0.020739316940307617,vsp_sctap1-2b_and_seymourl,2397,2000,20.18230628967285
1731,Eigenvector,0.015565633773803711,vsp_sctap1-2b_and_seymourl,2397,2000,20.18230628967285
1723,Eigenvector,0.018007278442382812,vsp_sctap1-2b_and_seymourl,2397,2000,20.18230628967285
1727,Eigenvector,0.013287782669067383,vsp_sctap1-2b_and_seymourl,2397,2000,20.18230628967285
1985,Eigenvector,0.009999990463256836,vsp_sctap1-2b_and_seymourl,2397,2000,20.18230628967285
1726,Eigenvector,0.01700615882873535,vsp_sctap1-2b_and_seymourl,2397,2000,20.18230628967285
1728,Eigenvector,0.018586158752441406,vsp_sctap1-2b_and_seymourl,2397,2000,20.18230628967285
1986,Eigenvector,0.017626047134399414,vsp_sctap1-2b_and_seymourl,2397,2000,20.18230628967285
1417,Eigenvector,0.009000062942504883,vsp_sctap1-2b_and_seymourl,2397,2000,20.18230628967285
1407,Eigenvector,0.0,vsp_sctap1-2b_and_seymourl,2397,2000,20.18230628967285
1986,Eigenvector,0.009000301361083984,vsp_sctap1-2b_and_seymourl,2397,2000,20.18230628967285
1728,Eigenvector,0.010995864868164062,vsp_sctap1-2b_and_seymourl,2397,2000,20.18230628967285
1410,Eigenvector,0.013017416000366211,vsp_sctap1-2b_and_seymourl,2397,2000,20.18230628967285
1399,Eigenvector,0.01636219024658203,vsp_sctap1-2b_and_seymourl,2397,2000,20.18230628967285
1744,Eigenvector,0.01100015640258789,vsp_sctap1-2b_and_seymourl,2397,2000,20.18230628967285
1405,Eigenvector,0.011995315551757812,vsp_sctap1-2b_and_seymourl,2397,2000,20.18230628967285
1736,Closeness,0.23057889938354492,vsp_sctap1-2b_and_seymourl,2397,2000,20.18230628967285
1724,Closeness,0.010028600692749023,vsp_sctap1-2b_and_seymourl,2397,2000,20.18230628967285
1742,Closeness,0.01375436782836914,vsp_sctap1-2b_and_seymourl,2397,2000,20.18230628967285
1740,Closeness,0.013002157211303711,vsp_sctap1-2b_and_seymourl,2397,2000,20.18230628967285
1732,Closeness,0.011159181594848633,vsp_sctap1-2b_and_seymourl,2397,2000,20.18230628967285
1727,Closeness,0.0071430206298828125,vsp_sctap1-2b_and_seymourl,2397,2000,20.18230628967285
1402,Closeness,0.0,vsp_sctap1-2b_and_seymourl,2397,2000,20.18230628967285
1728,Closeness,0.010589122772216797,vsp_sctap1-2b_and_seymourl,2397,2000,20.18230628967285
1735,Closeness,0.20414948463439941,vsp_sctap1-2b_and_seymourl,2397,2000,20.18230628967285
1731,Closeness,0.010315418243408203,vsp_sctap1-2b_and_seymourl,2397,2000,20.18230628967285
1985,Closeness,0.0029315948486328125,vsp_sctap1-2b_and_seymourl,2397,2000,20.18230628967285
1736,Closeness,0.020320653915405273,vsp_sctap1-2b_and_seymourl,2397,2000,20.18230628967285
1728,Closeness,0.01342630386352539,vsp_sctap1-2b_and_seymourl,2397,2000,20.18230628967285
1732,Closeness,0.0,vsp_sctap1-2b_and_seymourl,2397,2000,20.18230628967285
1985,Closeness,0.02429342269897461,vsp_sctap1-2b_and_seymourl,2397,2000,20.18230628967285
1734,Degree,0.01299905776977539,vsp_sctap1-2b_and_seymourl,2397,2000,20.18230628967285
1723,Degree,0.018281221389770508,vsp_sctap1-2b_and_seymourl,2397,2000,20.18230628967285
1953,Degree,0.01600790023803711,vsp_sctap1-2b_and_seymourl,2397,2000,20.18230628967285
1735,Degree,0.01910877227783203,vsp_sctap1-2b_and_seymourl,2397,2000,20.18230628967285
1986,Degree,0.013955116271972656,vsp_sctap1-2b_and_seymourl,2397,2000,20.18230628967285
1407,Degree,0.010033607482910156,vsp_sctap1-2b_and_seymourl,2397,2000,20.18230628967285
1986,Degree,0.011396646499633789,vsp_sctap1-2b_and_seymourl,2397,2000,20.18230628967285
1986,Degree,0.011022090911865234,vsp_sctap1-2b_and_seymourl,2397,2000,20.18230628967285
1738,Degree,0.010997772216796875,vsp_sctap1-2b_and_seymourl,2397,2000,20.18230628967285
1400,Degree,0.019379854202270508,vsp_sctap1-2b_and_seymourl,2397,2000,20.18230628967285
1416,Degree,0.008983373641967773,vsp_sctap1-2b_and_seymourl,2397,2000,20.18230628967285
1400,Degree,0.010704517364501953,vsp_sctap1-2b_and_seymourl,2397,2000,20.18230628967285
1722,Degree,0.009004592895507812,vsp_sctap1-2b_and_seymourl,2397,2000,20.18230628967285
1400,Degree,0.011001348495483398,vsp_sctap1-2b_and_seymourl,2397,2000,20.18230628967285
1723,Degree,0.010332107543945312,vsp_sctap1-2b_and_seymourl,2397,2000,20.18230628967285
1985,Harmonic Centrality,0.016025781631469727,vsp_sctap1-2b_and_seymourl,2397,2000,20.18230628967285
1727,Harmonic Centrality,0.0150299072265625,vsp_sctap1-2b_and_seymourl,2397,2000,20.18230628967285
1719,Harmonic Centrality,0.011960029602050781,vsp_sctap1-2b_and_seymourl,2397,2000,20.18230628967285
1993,Harmonic Centrality,0.0,vsp_sctap1-2b_and_seymourl,2397,2000,20.18230628967285
1729,Harmonic Centrality,0.010477304458618164,vsp_sctap1-2b_and_seymourl,2397,2000,20.18230628967285
1732,Harmonic Centrality,0.014023065567016602,vsp_sctap1-2b_and_seymourl,2397,2000,20.18230628967285
1724,Harmonic Centrality,0.0,vsp_sctap1-2b_and_seymourl,2397,2000,20.18230628967285
1985,Harmonic Centrality,0.008002042770385742,vsp_sctap1-2b_and_seymourl,2397,2000,20.18230628967285
1738,Harmonic Centrality,0.0,vsp_sctap1-2b_and_seymourl,2397,2000,20.18230628967285
1736,Harmonic Centrality,0.02541184425354004,vsp_sctap1-2b_and_seymourl,2397,2000,20.18230628967285
1735,Harmonic Centrality,0.01732802391052246,vsp_sctap1-2b_and_seymourl,2397,2000,20.18230628967285
1728,Harmonic Centrality,0.022053956985473633,vsp_sctap1-2b_and_seymourl,2397,2000,20.18230628967285
1986,Harmonic Centrality,0.011995792388916016,vsp_sctap1-2b_and_seymourl,2397,2000,20.18230628967285
1724,Harmonic Centrality,0.024929046630859375,vsp_sctap1-2b_and_seymourl,2397,2000,20.18230628967285
1414,Harmonic Centrality,0.009006738662719727,vsp_sctap1-2b_and_seymourl,2397,2000,20.18230628967285
1412,Eigenvector,0.019649505615234375,vsp_sctap1-2b_and_seymourl,2397,2000,20.18230628967285
1405,Eigenvector,0.014937162399291992,vsp_sctap1-2b_and_seymourl,2397,2000,20.18230628967285
1405,Eigenvector,0.01000213623046875,vsp_sctap1-2b_and_seymourl,2397,2000,20.18230628967285
1724,Eigenvector,0.012528181076049805,vsp_sctap1-2b_and_seymourl,2397,2000,20.18230628967285
1717,Eigenvector,0.20586276054382324,vsp_sctap1-2b_and_seymourl,2397,2000,20.18230628967285
1725,Eigenvector,0.0,vsp_sctap1-2b_and_seymourl,2397,2000,20.18230628967285
1742,Eigenvector,0.020966529846191406,vsp_sctap1-2b_and_seymourl,2397,2000,20.18230628967285
1414,Eigenvector,0.00800013542175293,vsp_sctap1-2b_and_seymourl,2397,2000,20.18230628967285
1410,Eigenvector,0.015155315399169922,vsp_sctap1-2b_and_seymourl,2397,2000,20.18230628967285
1986,Eigenvector,0.02373981475830078,vsp_sctap1-2b_and_seymourl,2397,2000,20.18230628967285
1404,Eigenvector,0.018090009689331055,vsp_sctap1-2b_and_seymourl,2397,2000,20.18230628967285
1400,Eigenvector,0.010038137435913086,vsp_sctap1-2b_and_seymourl,2397,2000,20.18230628967285
1985,Eigenvector,0.00899815559387207,vsp_sctap1-2b_and_seymourl,2397,2000,20.18230628967285
1898,Eigenvector,0.0,vsp_sctap1-2b_and_seymourl,2397,2000,20.18230628967285
1417,Eigenvector,0.009087324142456055,vsp_sctap1-2b_and_seymourl,2397,2000,20.18230628967285
1935,Closeness,0.008971691131591797,vsp_south31_slptsk,2677,2000,21.63517737388611
1935,Closeness,0.014023303985595703,vsp_south31_slptsk,2677,2000,21.63517737388611
1933,Closeness,0.009994745254516602,vsp_south31_slptsk,2677,2000,21.63517737388611
1933,Closeness,0.011052370071411133,vsp_south31_slptsk,2677,2000,21.63517737388611
1935,Closeness,0.01002812385559082,vsp_south31_slptsk,2677,2000,21.63517737388611
1931,Closeness,0.010228633880615234,vsp_south31_slptsk,2677,2000,21.63517737388611
1933,Closeness,0.005060911178588867,vsp_south31_slptsk,2677,2000,21.63517737388611
1934,Closeness,0.010532379150390625,vsp_south31_slptsk,2677,2000,21.63517737388611
1934,Closeness,0.009998083114624023,vsp_south31_slptsk,2677,2000,21.63517737388611
1933,Closeness,0.010160446166992188,vsp_south31_slptsk,2677,2000,21.63517737388611
1933,Closeness,0.0011267662048339844,vsp_south31_slptsk,2677,2000,21.63517737388611
1933,Closeness,0.018340349197387695,vsp_south31_slptsk,2677,2000,21.63517737388611
1938,Closeness,0.009046316146850586,vsp_south31_slptsk,2677,2000,21.63517737388611
1932,Closeness,0.009096145629882812,vsp_south31_slptsk,2677,2000,21.63517737388611
1932,Closeness,0.01009511947631836,vsp_south31_slptsk,2677,2000,21.63517737388611
1932,Eigenvector,0.22372198104858398,vsp_south31_slptsk,2677,2000,21.63517737388611
1945,Eigenvector,0.0,vsp_south31_slptsk,2677,2000,21.63517737388611
1931,Eigenvector,0.024504423141479492,vsp_south31_slptsk,2677,2000,21.63517737388611
1935,Eigenvector,0.01178431510925293,vsp_south31_slptsk,2677,2000,21.63517737388611
1930,Eigenvector,0.012050390243530273,vsp_south31_slptsk,2677,2000,21.63517737388611
1931,Eigenvector,0.013559341430664062,vsp_south31_slptsk,2677,2000,21.63517737388611
1932,Eigenvector,0.0,vsp_south31_slptsk,2677,2000,21.63517737388611
1940,Eigenvector,0.009976387023925781,vsp_south31_slptsk,2677,2000,21.63517737388611
1932,Eigenvector,0.008648157119750977,vsp_south31_slptsk,2677,2000,21.63517737388611
1932,Eigenvector,0.0,vsp_south31_slptsk,2677,2000,21.63517737388611
1939,Eigenvector,0.009475469589233398,vsp_south31_slptsk,2677,2000,21.63517737388611
1939,Eigenvector,0.009487152099609375,vsp_south31_slptsk,2677,2000,21.63517737388611
1933,Eigenvector,0.0,vsp_south31_slptsk,2677,2000,21.63517737388611
1934,Eigenvector,0.007663249969482422,vsp_south31_slptsk,2677,2000,21.63517737388611
1932,Eigenvector,0.0,vsp_south31_slptsk,2677,2000,21.63517737388611
1934,Eigenvector,0.019324302673339844,vsp_south31_slptsk,2677,2000,21.63517737388611
1932,Eigenvector,0.017751455307006836,vsp_south31_slptsk,2677,2000,21.63517737388611
1748,Eigenvector,0.0037000179290771484,vsp_south31_slptsk,2677,2000,21.63517737388611
1747,Eigenvector,0.010648727416992188,vsp_south31_slptsk,2677,2000,21.63517737388611
1931,Eigenvector,0.01790904998779297,vsp_south31_slptsk,2677,2000,21.63517737388611
1932,Eigenvector,0.01024174690246582,vsp_south31_slptsk,2677,2000,21.63517737388611
1748,Eigenvector,0.009507179260253906,vsp_south31_slptsk,2677,2000,21.63517737388611
1932,Eigenvector,0.010000944137573242,vsp_south31_slptsk,2677,2000,21.63517737388611
1932,Eigenvector,0.0025229454040527344,vsp_south31_slptsk,2677,2000,21.63517737388611
1932,Eigenvector,0.018964290618896484,vsp_south31_slptsk,2677,2000,21.63517737388611
1934,Eigenvector,0.009927511215209961,vsp_south31_slptsk,2677,2000,21.63517737388611
1932,Eigenvector,0.009740591049194336,vsp_south31_slptsk,2677,2000,21.63517737388611
1932,Eigenvector,0.009000778198242188,vsp_south31_slptsk,2677,2000,21.63517737388611
1935,Eigenvector,0.010469198226928711,vsp_south31_slptsk,2677,2000,21.63517737388611
1932,Eigenvector,0.010000228881835938,vsp_south31_slptsk,2677,2000,21.63517737388611
1936,Closeness,0.011997461318969727,vsp_south31_slptsk,2677,2000,21.63517737388611
1936,Closeness,0.007624626159667969,vsp_south31_slptsk,2677,2000,21.63517737388611
1939,Closeness,0.01928400993347168,vsp_south31_slptsk,2677,2000,21.63517737388611
1997,Closeness,0.012052536010742188,vsp_south31_slptsk,2677,2000,21.63517737388611
1933,Closeness,0.01322484016418457,vsp_south31_slptsk,2677,2000,21.63517737388611
1945,Closeness,0.014225244522094727,vsp_south31_slptsk,2677,2000,21.63517737388611
1939,Closeness,0.012802839279174805,vsp_south31_slptsk,2677,2000,21.63517737388611
1941,Closeness,0.013956069946289062,vsp_south31_slptsk,2677,2000,21.63517737388611
1938,Closeness,0.014318227767944336,vsp_south31_slptsk,2677,2000,21.63517737388611
1744,Closeness,0.011453628540039062,vsp_south31_slptsk,2677,2000,21.63517737388611
1943,Closeness,0.017961740493774414,vsp_south31_slptsk,2677,2000,21.63517737388611
1939,Closeness,0.011020660400390625,vsp_south31_slptsk,2677,2000,21.63517737388611
1752,Closeness,0.011437654495239258,vsp_south31_slptsk,2677,2000,21.63517737388611
1941,Closeness,0.015141010284423828,vsp_south31_slptsk,2677,2000,21.63517737388611
1931,Closeness,0.0,vsp_south31_slptsk,2677,2000,21.63517737388611
1932,Degree,0.003025531768798828,vsp_south31_slptsk,2677,2000,21.63517737388611
1943,Degree,0.01404571533203125,vsp_south31_slptsk,2677,2000,21.63517737388611
1975,Degree,0.018407583236694336,vsp_south31_slptsk,2677,2000,21.63517737388611
1951,Degree,0.014531373977661133,vsp_south31_slptsk,2677,2000,21.63517737388611
1961,Degree,0.01100301742553711,vsp_south31_slptsk,2677,2000,21.63517737388611
1723,Degree,0.0045452117919921875,vsp_south31_slptsk,2677,2000,21.63517737388611
1932,Degree,0.012349128723144531,vsp_south31_slptsk,2677,2000,21.63517737388611
1932,Degree,0.010815143585205078,vsp_south31_slptsk,2677,2000,21.63517737388611
1998,Degree,0.21155524253845215,vsp_south31_slptsk,2677,2000,21.63517737388611
1743,Degree,0.011997699737548828,vsp_south31_slptsk,2677,2000,21.63517737388611
1934,Degree,0.0039594173431396484,vsp_south31_slptsk,2677,2000,21.63517737388611
1998,Degree,0.01876521110534668,vsp_south31_slptsk,2677,2000,21.63517737388611
1932,Degree,0.010401487350463867,vsp_south31_slptsk,2677,2000,21.63517737388611
1998,Degree,0.010004281997680664,vsp_south31_slptsk,2677,2000,21.63517737388611
1945,Degree,0.011002779006958008,vsp_south31_slptsk,2677,2000,21.63517737388611
1934,Degree,0.015934228897094727,vsp_south31_slptsk,2677,2000,21.63517737388611
1941,Degree,0.01193380355834961,vsp_south31_slptsk,2677,2000,21.63517737388611
1997,Degree,0.011666297912597656,vsp_south31_slptsk,2677,2000,21.63517737388611
1933,Degree,0.011023998260498047,vsp_south31_slptsk,2677,2000,21.63517737388611
1942,Degree,0.015062093734741211,vsp_south31_slptsk,2677,2000,21.63517737388611
1931,Degree,0.012140512466430664,vsp_south31_slptsk,2677,2000,21.63517737388611
1936,Degree,0.008323907852172852,vsp_south31_slptsk,2677,2000,21.63517737388611
1940,Degree,0.011054039001464844,vsp_south31_slptsk,2677,2000,21.63517737388611
1945,Degree,0.011525630950927734,vsp_south31_slptsk,2677,2000,21.63517737388611
1942,Degree,0.009059667587280273,vsp_south31_slptsk,2677,2000,21.63517737388611
1936,Degree,0.010171175003051758,vsp_south31_slptsk,2677,2000,21.63517737388611
1745,Degree,0.010669231414794922,vsp_south31_slptsk,2677,2000,21.63517737388611
1941,Degree,0.010833740234375,vsp_south31_slptsk,2677,2000,21.63517737388611
1934,Degree,0.010699272155761719,vsp_south31_slptsk,2677,2000,21.63517737388611
1938,Degree,0.010291814804077148,vsp_south31_slptsk,2677,2000,21.63517737388611
1943,Harmonic Centrality,0.011503219604492188,vsp_south31_slptsk,2677,2000,21.63517737388611
1934,Harmonic Centrality,0.011400938034057617,vsp_south31_slptsk,2677,2000,21.63517737388611
1945,Harmonic Centrality,0.010010719299316406,vsp_south31_slptsk,2677,2000,21.63517737388611
1932,Harmonic Centrality,0.011603355407714844,vsp_south31_slptsk,2677,2000,21.63517737388611
1934,Harmonic Centrality,0.013048171997070312,vsp_south31_slptsk,2677,2000,21.63517737388611
1932,Harmonic Centrality,0.010420799255371094,vsp_south31_slptsk,2677,2000,21.63517737388611
1996,Harmonic Centrality,0.010149240493774414,vsp_south31_slptsk,2677,2000,21.63517737388611
1932,Harmonic Centrality,0.009459972381591797,vsp_south31_slptsk,2677,2000,21.63517737388611
1932,Harmonic Centrality,0.010687112808227539,vsp_south31_slptsk,2677,2000,21.63517737388611
1932,Harmonic Centrality,0.011020660400390625,vsp_south31_slptsk,2677,2000,21.63517737388611
1932,Harmonic Centrality,0.010001182556152344,vsp_south31_slptsk,2677,2000,21.63517737388611
1943,Harmonic Centrality,0.01157999038696289,vsp_south31_slptsk,2677,2000,21.63517737388611
1996,Harmonic Centrality,0.18392419815063477,vsp_south31_slptsk,2677,2000,21.63517737388611
1938,Harmonic Centrality,0.01825237274169922,vsp_south31_slptsk,2677,2000,21.63517737388611
1934,Harmonic Centrality,0.02341628074645996,vsp_south31_slptsk,2677,2000,21.63517737388611
1943,Betweenness,0.016948699951171875,vsp_south31_slptsk,2677,2000,21.63517737388611
1936,Betweenness,0.018350839614868164,vsp_south31_slptsk,2677,2000,21.63517737388611
1935,Betweenness,0.014466524124145508,vsp_south31_slptsk,2677,2000,21.63517737388611
1932,Betweenness,0.014545917510986328,vsp_south31_slptsk,2677,2000,21.63517737388611
1752,Betweenness,0.015597820281982422,vsp_south31_slptsk,2677,2000,21.63517737388611
1930,Betweenness,0.01402139663696289,vsp_south31_slptsk,2677,2000,21.63517737388611
1932,Betweenness,0.012001276016235352,vsp_south31_slptsk,2677,2000,21.63517737388611
1935,Betweenness,0.026682615280151367,vsp_south31_slptsk,2677,2000,21.63517737388611
1932,Betweenness,0.010881423950195312,vsp_south31_slptsk,2677,2000,21.63517737388611
1942,Betweenness,0.009523391723632812,vsp_south31_slptsk,2677,2000,21.63517737388611
1933,Betweenness,0.017189741134643555,vsp_south31_slptsk,2677,2000,21.63517737388611
1933,Betweenness,0.009970664978027344,vsp_south31_slptsk,2677,2000,21.63517737388611
1942,Betweenness,0.004145622253417969,vsp_south31_slptsk,2677,2000,21.63517737388611
1932,Betweenness,0.009551525115966797,vsp_south31_slptsk,2677,2000,21.63517737388611
1946,Betweenness,0.0055620670318603516,vsp_south31_slptsk,2677,2000,21.63517737388611
1933,Eigenvector,0.01732182502746582,vsp_south31_slptsk,2677,2000,21.63517737388611
1938,Eigenvector,0.019255399703979492,vsp_south31_slptsk,2677,2000,21.63517737388611
1939,Eigenvector,0.016074180603027344,vsp_south31_slptsk,2677,2000,21.63517737388611
1997,Eigenvector,0.016040802001953125,vsp_south31_slptsk,2677,2000,21.63517737388611
1932,Eigenvector,0.01500082015991211,vsp_south31_slptsk,2677,2000,21.63517737388611
1932,Eigenvector,0.01934075355529785,vsp_south31_slptsk,2677,2000,21.63517737388611
1938,Eigenvector,0.015094518661499023,vsp_south31_slptsk,2677,2000,21.63517737388611
1940,Eigenvector,0.02402663230895996,vsp_south31_slptsk,2677,2000,21.63517737388611
1945,Eigenvector,0.01060032844543457,vsp_south31_slptsk,2677,2000,21.63517737388611
1938,Eigenvector,0.0,vsp_south31_slptsk,2677,2000,21.63517737388611
1935,Eigenvector,0.016269683837890625,vsp_south31_slptsk,2677,2000,21.63517737388611
1957,Eigenvector,0.010846614837646484,vsp_south31_slptsk,2677,2000,21.63517737388611
1938,Eigenvector,0.0110015869140625,vsp_south31_slptsk,2677,2000,21.63517737388611
1932,Eigenvector,0.009846687316894531,vsp_south31_slptsk,2677,2000,21.63517737388611
1941,Eigenvector,0.009371757507324219,vsp_south31_slptsk,2677,2000,21.63517737388611
1997,Closeness,0.010027170181274414,vsp_south31_slptsk,2677,2000,21.63517737388611
1932,Closeness,0.012881994247436523,vsp_south31_slptsk,2677,2000,21.63517737388611
1940,Closeness,0.015304088592529297,vsp_south31_slptsk,2677,2000,21.63517737388611
1941,Closeness,0.01439046859741211,vsp_south31_slptsk,2677,2000,21.63517737388611
1932,Closeness,0.018360376358032227,vsp_south31_slptsk,2677,2000,21.63517737388611
1932,Closeness,0.009997844696044922,vsp_south31_slptsk,2677,2000,21.63517737388611
1722,Closeness,0.010301828384399414,vsp_south31_slptsk,2677,2000,21.63517737388611
1932,Closeness,0.010308027267456055,vsp_south31_slptsk,2677,2000,21.63517737388611
1944,Closeness,0.01100015640258789,vsp_south31_slptsk,2677,2000,21.63517737388611
1932,Closeness,0.006646871566772461,vsp_south31_slptsk,2677,2000,21.63517737388611
1942,Closeness,0.01855778694152832,vsp_south31_slptsk,2677,2000,21.63517737388611
1942,Closeness,0.009997844696044922,vsp_south31_slptsk,2677,2000,21.63517737388611
1996,Closeness,0.011003732681274414,vsp_south31_slptsk,2677,2000,21.63517737388611
1943,Closeness,0.009998083114624023,vsp_south31_slptsk,2677,2000,21.63517737388611
1937,Closeness,0.01010441780090332,vsp_south31_slptsk,2677,2000,21.63517737388611
1932,Closeness,0.020992517471313477,vsp_south31_slptsk,2677,2000,21.63517737388611
1932,Closeness,0.016516685485839844,vsp_south31_slptsk,2677,2000,21.63517737388611
1998,Closeness,0.01224827766418457,vsp_south31_slptsk,2677,2000,21.63517737388611
1932,Closeness,0.019124507904052734,vsp_south31_slptsk,2677,2000,21.63517737388611
1932,Closeness,0.012477874755859375,vsp_south31_slptsk,2677,2000,21.63517737388611
1996,Closeness,0.011003494262695312,vsp_south31_slptsk,2677,2000,21.63517737388611
1935,Closeness,0.011002779006958008,vsp_south31_slptsk,2677,2000,21.63517737388611
1996,Closeness,0.015151500701904297,vsp_south31_slptsk,2677,2000,21.63517737388611
1934,Closeness,0.0,vsp_south31_slptsk,2677,2000,21.63517737388611
1932,Closeness,0.011837244033813477,vsp_south31_slptsk,2677,2000,21.63517737388611
1933,Closeness,0.010010004043579102,vsp_south31_slptsk,2677,2000,21.63517737388611
1934,Closeness,0.010303735733032227,vsp_south31_slptsk,2677,2000,21.63517737388611
1932,Closeness,0.01194453239440918,vsp_south31_slptsk,2677,2000,21.63517737388611
1932,Closeness,0.01174616813659668,vsp_south31_slptsk,2677,2000,21.63517737388611
1934,Closeness,0.010021686553955078,vsp_south31_slptsk,2677,2000,21.63517737388611
1932,Katz Centrality,0.01202249526977539,vsp_south31_slptsk,2677,2000,21.63517737388611
1932,Katz Centrality,0.01757645606994629,vsp_south31_slptsk,2677,2000,21.63517737388611
1932,Katz Centrality,0.01853179931640625,vsp_south31_slptsk,2677,2000,21.63517737388611
1932,Katz Centrality,0.013094902038574219,vsp_south31_slptsk,2677,2000,21.63517737388611
1932,Katz Centrality,0.0152587890625,vsp_south31_slptsk,2677,2000,21.63517737388611
1935,Katz Centrality,0.015500545501708984,vsp_south31_slptsk,2677,2000,21.63517737388611
1933,Katz Centrality,0.012432336807250977,vsp_south31_slptsk,2677,2000,21.63517737388611
1997,Katz Centrality,0.016706228256225586,vsp_south31_slptsk,2677,2000,21.63517737388611
1932,Katz Centrality,0.012122869491577148,vsp_south31_slptsk,2677,2000,21.63517737388611
1932,Katz Centrality,0.2195589542388916,vsp_south31_slptsk,2677,2000,21.63517737388611
1932,Katz Centrality,0.011409282684326172,vsp_south31_slptsk,2677,2000,21.63517737388611
1932,Katz Centrality,0.014262199401855469,vsp_south31_slptsk,2677,2000,21.63517737388611
1933,Katz Centrality,0.010999679565429688,vsp_south31_slptsk,2677,2000,21.63517737388611
1932,Katz Centrality,0.011000871658325195,vsp_south31_slptsk,2677,2000,21.63517737388611
1935,Katz Centrality,0.011456966400146484,vsp_south31_slptsk,2677,2000,21.63517737388611
1934,PageRank,0.017652034759521484,vsp_south31_slptsk,2677,2000,21.63517737388611
1728,PageRank,0.012116193771362305,vsp_south31_slptsk,2677,2000,21.63517737388611
1932,PageRank,0.014997720718383789,vsp_south31_slptsk,2677,2000,21.63517737388611
1932,PageRank,0.017433881759643555,vsp_south31_slptsk,2677,2000,21.63517737388611
1932,PageRank,0.018891334533691406,vsp_south31_slptsk,2677,2000,21.63517737388611
1933,PageRank,0.01734447479248047,vsp_south31_slptsk,2677,2000,21.63517737388611
1934,PageRank,0.015354156494140625,vsp_south31_slptsk,2677,2000,21.63517737388611
1932,PageRank,0.011176109313964844,vsp_south31_slptsk,2677,2000,21.63517737388611
1997,PageRank,0.009561777114868164,vsp_south31_slptsk,2677,2000,21.63517737388611
1934,PageRank,0.01599597930908203,vsp_south31_slptsk,2677,2000,21.63517737388611
1933,PageRank,0.0005831718444824219,vsp_south31_slptsk,2677,2000,21.63517737388611
1934,PageRank,0.011959552764892578,vsp_south31_slptsk,2677,2000,21.63517737388611
1933,PageRank,0.009999275207519531,vsp_south31_slptsk,2677,2000,21.63517737388611
1933,PageRank,0.011000394821166992,vsp_south31_slptsk,2677,2000,21.63517737388611
1997,PageRank,0.01000070571899414,vsp_south31_slptsk,2677,2000,21.63517737388611
1997,Closeness,0.003164529800415039,vsp_south31_slptsk,2677,2000,21.63517737388611
1932,Closeness,0.01912856101989746,vsp_south31_slptsk,2677,2000,21.63517737388611
1998,Closeness,0.016394853591918945,vsp_south31_slptsk,2677,2000,21.63517737388611
1934,Closeness,0.01385045051574707,vsp_south31_slptsk,2677,2000,21.63517737388611
1933,Closeness,0.0,vsp_south31_slptsk,2677,2000,21.63517737388611
1932,Closeness,0.004000186920166016,vsp_south31_slptsk,2677,2000,21.63517737388611
1932,Closeness,0.011438369750976562,vsp_south31_slptsk,2677,2000,21.63517737388611
1932,Closeness,0.017836809158325195,vsp_south31_slptsk,2677,2000,21.63517737388611
1932,Closeness,0.010003328323364258,vsp_south31_slptsk,2677,2000,21.63517737388611
1932,Closeness,0.013472557067871094,vsp_south31_slptsk,2677,2000,21.63517737388611
1933,Closeness,0.020196914672851562,vsp_south31_slptsk,2677,2000,21.63517737388611
1932,Closeness,0.011955499649047852,vsp_south31_slptsk,2677,2000,21.63517737388611
1932,Closeness,0.01133584976196289,vsp_south31_slptsk,2677,2000,21.63517737388611
1735,Closeness,0.01515054702758789,vsp_south31_slptsk,2677,2000,21.63517737388611
1934,Closeness,0.011960506439208984,vsp_south31_slptsk,2677,2000,21.63517737388611
1931,Katz Centrality,0.018697738647460938,vsp_south31_slptsk,2677,2000,21.63517737388611
1932,Katz Centrality,0.010998964309692383,vsp_south31_slptsk,2677,2000,21.63517737388611
1933,Katz Centrality,0.019672870635986328,vsp_south31_slptsk,2677,2000,21.63517737388611
1932,Katz Centrality,0.01003718376159668,vsp_south31_slptsk,2677,2000,21.63517737388611
1932,Katz Centrality,0.019995450973510742,vsp_south31_slptsk,2677,2000,21.63517737388611
1931,Katz Centrality,0.0163877010345459,vsp_south31_slptsk,2677,2000,21.63517737388611
1932,Katz Centrality,0.011392593383789062,vsp_south31_slptsk,2677,2000,21.63517737388611
1934,Katz Centrality,0.01990652084350586,vsp_south31_slptsk,2677,2000,21.63517737388611
1587,Katz Centrality,0.010999202728271484,vsp_south31_slptsk,2677,2000,21.63517737388611
1932,Katz Centrality,0.0048580169677734375,vsp_south31_slptsk,2677,2000,21.63517737388611
1998,Katz Centrality,0.010684013366699219,vsp_south31_slptsk,2677,2000,21.63517737388611
1939,Katz Centrality,0.012002229690551758,vsp_south31_slptsk,2677,2000,21.63517737388611
1932,Katz Centrality,0.01142430305480957,vsp_south31_slptsk,2677,2000,21.63517737388611
1932,Katz Centrality,0.016981840133666992,vsp_south31_slptsk,2677,2000,21.63517737388611
1933,Katz Centrality,0.011387825012207031,vsp_south31_slptsk,2677,2000,21.63517737388611
1938,PageRank,0.013110637664794922,vsp_south31_slptsk,2677,2000,21.63517737388611
1940,PageRank,0.19151949882507324,vsp_south31_slptsk,2677,2000,21.63517737388611
1932,PageRank,0.01992321014404297,vsp_south31_slptsk,2677,2000,21.63517737388611
1932,PageRank,0.010186433792114258,vsp_south31_slptsk,2677,2000,21.63517737388611
1933,PageRank,0.011495590209960938,vsp_south31_slptsk,2677,2000,21.63517737388611
1932,PageRank,0.009002685546875,vsp_south31_slptsk,2677,2000,21.63517737388611
1932,PageRank,0.011334419250488281,vsp_south31_slptsk,2677,2000,21.63517737388611
1931,PageRank,0.0,vsp_south31_slptsk,2677,2000,21.63517737388611
1932,PageRank,0.009809494018554688,vsp_south31_slptsk,2677,2000,21.63517737388611
1942,PageRank,0.009000539779663086,vsp_south31_slptsk,2677,2000,21.63517737388611
1932,PageRank,0.009797811508178711,vsp_south31_slptsk,2677,2000,21.63517737388611
1932,PageRank,0.01168680191040039,vsp_south31_slptsk,2677,2000,21.63517737388611
1935,PageRank,0.00905466079711914,vsp_south31_slptsk,2677,2000,21.63517737388611
1936,PageRank,0.0014646053314208984,vsp_south31_slptsk,2677,2000,21.63517737388611
1940,PageRank,0.025038480758666992,vsp_south31_slptsk,2677,2000,21.63517737388611
1932,Eigenvector,0.016885042190551758,vsp_south31_slptsk,2677,2000,21.63517737388611
1940,Eigenvector,0.013686418533325195,vsp_south31_slptsk,2677,2000,21.63517737388611
1932,Eigenvector,0.014004230499267578,vsp_south31_slptsk,2677,2000,21.63517737388611
1939,Eigenvector,0.010001420974731445,vsp_south31_slptsk,2677,2000,21.63517737388611
1932,Eigenvector,0.013634443283081055,vsp_south31_slptsk,2677,2000,21.63517737388611
1934,Eigenvector,0.015002012252807617,vsp_south31_slptsk,2677,2000,21.63517737388611
1934,Eigenvector,0.012185096740722656,vsp_south31_slptsk,2677,2000,21.63517737388611
1997,Eigenvector,0.019618988037109375,vsp_south31_slptsk,2677,2000,21.63517737388611
1937,Eigenvector,0.19997787475585938,vsp_south31_slptsk,2677,2000,21.63517737388611
1943,Eigenvector,0.01995062828063965,vsp_south31_slptsk,2677,2000,21.63517737388611
1932,Eigenvector,0.018018245697021484,vsp_south31_slptsk,2677,2000,21.63517737388611
1998,Eigenvector,0.0037615299224853516,vsp_south31_slptsk,2677,2000,21.63517737388611
1933,Eigenvector,0.018448352813720703,vsp_south31_slptsk,2677,2000,21.63517737388611
1933,Eigenvector,0.01651597023010254,vsp_south31_slptsk,2677,2000,21.63517737388611
1932,Eigenvector,0.009595394134521484,vsp_south31_slptsk,2677,2000,21.63517737388611
1998,Harmonic Centrality,0.01297307014465332,vsp_south31_slptsk,2677,2000,21.63517737388611
1943,Harmonic Centrality,0.019559860229492188,vsp_south31_slptsk,2677,2000,21.63517737388611
1945,Harmonic Centrality,0.011907815933227539,vsp_south31_slptsk,2677,2000,21.63517737388611
1940,Harmonic Centrality,0.23014068603515625,vsp_south31_slptsk,2677,2000,21.63517737388611
1935,Harmonic Centrality,0.01251220703125,vsp_south31_slptsk,2677,2000,21.63517737388611
1932,Harmonic Centrality,0.011248111724853516,vsp_south31_slptsk,2677,2000,21.63517737388611
1940,Harmonic Centrality,0.014566898345947266,vsp_south31_slptsk,2677,2000,21.63517737388611
1998,Harmonic Centrality,0.011774301528930664,vsp_south31_slptsk,2677,2000,21.63517737388611
1936,Harmonic Centrality,0.01182699203491211,vsp_south31_slptsk,2677,2000,21.63517737388611
1997,Harmonic Centrality,0.010596513748168945,vsp_south31_slptsk,2677,2000,21.63517737388611
1932,Harmonic Centrality,0.015972375869750977,vsp_south31_slptsk,2677,2000,21.63517737388611
1931,Harmonic Centrality,0.007926702499389648,vsp_south31_slptsk,2677,2000,21.63517737388611
1941,Harmonic Centrality,0.016681432723999023,vsp_south31_slptsk,2677,2000,21.63517737388611
1944,Harmonic Centrality,0.012741565704345703,vsp_south31_slptsk,2677,2000,21.63517737388611
1939,Harmonic Centrality,0.014400482177734375,vsp_south31_slptsk,2677,2000,21.63517737388611
1943,Closeness,0.02475452423095703,vsp_south31_slptsk,2677,2000,21.63517737388611
1932,Closeness,0.022047996520996094,vsp_south31_slptsk,2677,2000,21.63517737388611
1932,Closeness,0.01599597930908203,vsp_south31_slptsk,2677,2000,21.63517737388611
1937,Closeness,0.019151926040649414,vsp_south31_slptsk,2677,2000,21.63517737388611
1932,Closeness,0.024315595626831055,vsp_south31_slptsk,2677,2000,21.63517737388611
1934,Closeness,0.01976943016052246,vsp_south31_slptsk,2677,2000,21.63517737388611
1934,Closeness,0.014745235443115234,vsp_south31_slptsk,2677,2000,21.63517737388611
1738,Closeness,0.01312708854675293,vsp_south31_slptsk,2677,2000,21.63517737388611
1945,Closeness,0.025066852569580078,vsp_south31_slptsk,2677,2000,21.63517737388611
1938,Closeness,0.012410402297973633,vsp_south31_slptsk,2677,2000,21.63517737388611
1940,Closeness,0.014050960540771484,vsp_south31_slptsk,2677,2000,21.63517737388611
1934,Closeness,0.013689279556274414,vsp_south31_slptsk,2677,2000,21.63517737388611
1933,Closeness,0.017153501510620117,vsp_south31_slptsk,2677,2000,21.63517737388611
1998,Closeness,0.014238119125366211,vsp_south31_slptsk,2677,2000,21.63517737388611
1934,Closeness,0.0223846435546875,vsp_south31_slptsk,2677,2000,21.63517737388611
1932,PageRank,0.02806997299194336,vsp_south31_slptsk,2677,2000,21.63517737388611
1932,PageRank,0.024538755416870117,vsp_south31_slptsk,2677,2000,21.63517737388611
1933,PageRank,0.026393413543701172,vsp_south31_slptsk,2677,2000,21.63517737388611
1938,PageRank,0.02299785614013672,vsp_south31_slptsk,2677,2000,21.63517737388611
1998,PageRank,0.015166044235229492,vsp_south31_slptsk,2677,2000,21.63517737388611
1934,PageRank,0.020515918731689453,vsp_south31_slptsk,2677,2000,21.63517737388611
1939,PageRank,0.01565241813659668,vsp_south31_slptsk,2677,2000,21.63517737388611
1932,PageRank,0.020560741424560547,vsp_south31_slptsk,2677,2000,21.63517737388611
1940,PageRank,0.01929473876953125,vsp_south31_slptsk,2677,2000,21.63517737388611
1931,PageRank,0.017008304595947266,vsp_south31_slptsk,2677,2000,21.63517737388611
1941,PageRank,0.023243188858032227,vsp_south31_slptsk,2677,2000,21.63517737388611
1934,PageRank,0.015566587448120117,vsp_south31_slptsk,2677,2000,21.63517737388611
1932,PageRank,0.01020669937133789,vsp_south31_slptsk,2677,2000,21.63517737388611
1997,PageRank,0.015577077865600586,vsp_south31_slptsk,2677,2000,21.63517737388611
1932,PageRank,0.01893472671508789,vsp_south31_slptsk,2677,2000,21.63517737388611
1943,Eigenvector,0.023085594177246094,vsp_south31_slptsk,2677,2000,21.63517737388611
1935,Eigenvector,0.02133035659790039,vsp_south31_slptsk,2677,2000,21.63517737388611
1941,Eigenvector,0.02060222625732422,vsp_south31_slptsk,2677,2000,21.63517737388611
1935,Eigenvector,0.01830601692199707,vsp_south31_slptsk,2677,2000,21.63517737388611
1932,Eigenvector,0.012402534484863281,vsp_south31_slptsk,2677,2000,21.63517737388611
1935,Eigenvector,0.014124870300292969,vsp_south31_slptsk,2677,2000,21.63517737388611
1937,Eigenvector,0.002610445022583008,vsp_south31_slptsk,2677,2000,21.63517737388611
1937,Eigenvector,0.0145416259765625,vsp_south31_slptsk,2677,2000,21.63517737388611
1998,Eigenvector,0.015097379684448242,vsp_south31_slptsk,2677,2000,21.63517737388611
1931,Eigenvector,0.01255035400390625,vsp_south31_slptsk,2677,2000,21.63517737388611
1934,Eigenvector,0.011243820190429688,vsp_south31_slptsk,2677,2000,21.63517737388611
1998,Eigenvector,0.0,vsp_south31_slptsk,2677,2000,21.63517737388611
1932,Eigenvector,0.02464580535888672,vsp_south31_slptsk,2677,2000,21.63517737388611
1933,Eigenvector,0.011858940124511719,vsp_south31_slptsk,2677,2000,21.63517737388611
1937,Eigenvector,0.010001420974731445,vsp_south31_slptsk,2677,2000,21.63517737388611
1932,Betweenness,0.010761260986328125,vsp_south31_slptsk,2677,2000,21.63517737388611
1940,Betweenness,0.018704652786254883,vsp_south31_slptsk,2677,2000,21.63517737388611
1933,Betweenness,0.01512455940246582,vsp_south31_slptsk,2677,2000,21.63517737388611
1932,Betweenness,0.017635583877563477,vsp_south31_slptsk,2677,2000,21.63517737388611
1941,Betweenness,0.012565374374389648,vsp_south31_slptsk,2677,2000,21.63517737388611
1932,Betweenness,0.010004520416259766,vsp_south31_slptsk,2677,2000,21.63517737388611
1932,Betweenness,0.0056650638580322266,vsp_south31_slptsk,2677,2000,21.63517737388611
1932,Betweenness,0.017989158630371094,vsp_south31_slptsk,2677,2000,21.63517737388611
1932,Betweenness,0.008033990859985352,vsp_south31_slptsk,2677,2000,21.63517737388611
1941,Betweenness,0.01766228675842285,vsp_south31_slptsk,2677,2000,21.63517737388611
1939,Betweenness,0.010999441146850586,vsp_south31_slptsk,2677,2000,21.63517737388611
1935,Betweenness,0.01200103759765625,vsp_south31_slptsk,2677,2000,21.63517737388611
1932,Betweenness,0.006534099578857422,vsp_south31_slptsk,2677,2000,21.63517737388611
1932,Betweenness,0.010000944137573242,vsp_south31_slptsk,2677,2000,21.63517737388611
1932,Betweenness,0.010827064514160156,vsp_south31_slptsk,2677,2000,21.63517737388611
1932,Katz Centrality,0.21642017364501953,vsp_south31_slptsk,2677,2000,21.63517737388611
1932,Katz Centrality,0.003465414047241211,vsp_south31_slptsk,2677,2000,21.63517737388611
1936,Katz Centrality,0.018946170806884766,vsp_south31_slptsk,2677,2000,21.63517737388611
1998,Katz Centrality,0.010523080825805664,vsp_south31_slptsk,2677,2000,21.63517737388611
1933,Katz Centrality,0.007877588272094727,vsp_south31_slptsk,2677,2000,21.63517737388611
1745,Katz Centrality,0.019298791885375977,vsp_south31_slptsk,2677,2000,21.63517737388611
1932,Katz Centrality,0.01789689064025879,vsp_south31_slptsk,2677,2000,21.63517737388611
1932,Katz Centrality,0.014001131057739258,vsp_south31_slptsk,2677,2000,21.63517737388611
1935,Katz Centrality,0.011113882064819336,vsp_south31_slptsk,2677,2000,21.63517737388611
1935,Katz Centrality,0.0,vsp_south31_slptsk,2677,2000,21.63517737388611
1937,Katz Centrality,0.012575626373291016,vsp_south31_slptsk,2677,2000,21.63517737388611
1937,Katz Centrality,0.010717630386352539,vsp_south31_slptsk,2677,2000,21.63517737388611
1939,Katz Centrality,0.010998010635375977,vsp_south31_slptsk,2677,2000,21.63517737388611
1932,Katz Centrality,0.012084007263183594,vsp_south31_slptsk,2677,2000,21.63517737388611
1932,Katz Centrality,0.012000083923339844,vsp_south31_slptsk,2677,2000,21.63517737388611
1932,Closeness,0.01855945587158203,vsp_south31_slptsk,2677,2000,21.63517737388611
1941,Closeness,0.015036344528198242,vsp_south31_slptsk,2677,2000,21.63517737388611
1933,Closeness,0.01951289176940918,vsp_south31_slptsk,2677,2000,21.63517737388611
1997,Closeness,0.01213526725769043,vsp_south31_slptsk,2677,2000,21.63517737388611
1933,Closeness,0.011998653411865234,vsp_south31_slptsk,2677,2000,21.63517737388611
1935,Closeness,0.011425495147705078,vsp_south31_slptsk,2677,2000,21.63517737388611
1944,Closeness,0.009998321533203125,vsp_south31_slptsk,2677,2000,21.63517737388611
1935,Closeness,0.01980113983154297,vsp_south31_slptsk,2677,2000,21.63517737388611
1945,Closeness,0.009998321533203125,vsp_south31_slptsk,2677,2000,21.63517737388611
1935,Closeness,0.0025789737701416016,vsp_south31_slptsk,2677,2000,21.63517737388611
1937,Closeness,0.015566825866699219,vsp_south31_slptsk,2677,2000,21.63517737388611
1932,Closeness,0.011534452438354492,vsp_south31_slptsk,2677,2000,21.63517737388611
1932,Closeness,0.014026165008544922,vsp_south31_slptsk,2677,2000,21.63517737388611
1933,Closeness,0.010127782821655273,vsp_south31_slptsk,2677,2000,21.63517737388611
1941,Closeness,0.006612062454223633,vsp_south31_slptsk,2677,2000,21.63517737388611
1996,Katz Centrality,0.017496347427368164,vsp_south31_slptsk,2677,2000,21.63517737388611
1938,Katz Centrality,0.22198224067687988,vsp_south31_slptsk,2677,2000,21.63517737388611
1935,Katz Centrality,0.004002571105957031,vsp_south31_slptsk,2677,2000,21.63517737388611
1937,Katz Centrality,0.018463611602783203,vsp_south31_slptsk,2677,2000,21.63517737388611
1931,Katz Centrality,0.002756357192993164,vsp_south31_slptsk,2677,2000,21.63517737388611
1945,Katz Centrality,0.018538713455200195,vsp_south31_slptsk,2677,2000,21.63517737388611
1934,Katz Centrality,0.008524179458618164,vsp_south31_slptsk,2677,2000,21.63517737388611
1943,Katz Centrality,0.00679469108581543,vsp_south31_slptsk,2677,2000,21.63517737388611
1935,Katz Centrality,0.015405654907226562,vsp_south31_slptsk,2677,2000,21.63517737388611
1936,Katz Centrality,0.011117696762084961,vsp_south31_slptsk,2677,2000,21.63517737388611
1932,Katz Centrality,0.014140605926513672,vsp_south31_slptsk,2677,2000,21.63517737388611
1942,Katz Centrality,0.00899815559387207,vsp_south31_slptsk,2677,2000,21.63517737388611
1937,Katz Centrality,0.008297204971313477,vsp_south31_slptsk,2677,2000,21.63517737388611
1940,Katz Centrality,0.00800013542175293,vsp_south31_slptsk,2677,2000,21.63517737388611
1937,Katz Centrality,0.00979304313659668,vsp_south31_slptsk,2677,2000,21.63517737388611
1933,PageRank,0.010247230529785156,vsp_south31_slptsk,2677,2000,21.63517737388611
1932,PageRank,0.015722990036010742,vsp_south31_slptsk,2677,2000,21.63517737388611
1932,PageRank,0.016511917114257812,vsp_south31_slptsk,2677,2000,21.63517737388611
1997,PageRank,0.014537811279296875,vsp_south31_slptsk,2677,2000,21.63517737388611
1933,PageRank,0.19401049613952637,vsp_south31_slptsk,2677,2000,21.63517737388611
1932,PageRank,0.013514041900634766,vsp_south31_slptsk,2677,2000,21.63517737388611
1935,PageRank,0.021738052368164062,vsp_south31_slptsk,2677,2000,21.63517737388611
1997,PageRank,0.01986098289489746,vsp_south31_slptsk,2677,2000,21.63517737388611
1932,PageRank,0.018939733505249023,vsp_south31_slptsk,2677,2000,21.63517737388611
1932,PageRank,0.022127628326416016,vsp_south31_slptsk,2677,2000,21.63517737388611
1749,PageRank,0.01726055145263672,vsp_south31_slptsk,2677,2000,21.63517737388611
1932,PageRank,0.016614675521850586,vsp_south31_slptsk,2677,2000,21.63517737388611
1936,PageRank,0.22056818008422852,vsp_south31_slptsk,2677,2000,21.63517737388611
1939,PageRank,0.012169122695922852,vsp_south31_slptsk,2677,2000,21.63517737388611
1932,PageRank,0.014732599258422852,vsp_south31_slptsk,2677,2000,21.63517737388611
1938,Katz Centrality,0.012486457824707031,vsp_south31_slptsk,2677,2000,21.63517737388611
1943,Katz Centrality,0.019006013870239258,vsp_south31_slptsk,2677,2000,21.63517737388611
1937,Katz Centrality,0.013043403625488281,vsp_south31_slptsk,2677,2000,21.63517737388611
1934,Katz Centrality,0.007664918899536133,vsp_south31_slptsk,2677,2000,21.63517737388611
1931,Katz Centrality,0.01178288459777832,vsp_south31_slptsk,2677,2000,21.63517737388611
1937,Katz Centrality,0.010960578918457031,vsp_south31_slptsk,2677,2000,21.63517737388611
1941,Katz Centrality,0.011342048645019531,vsp_south31_slptsk,2677,2000,21.63517737388611
1932,Katz Centrality,0.017919063568115234,vsp_south31_slptsk,2677,2000,21.63517737388611
1932,Katz Centrality,0.010165214538574219,vsp_south31_slptsk,2677,2000,21.63517737388611
1935,Katz Centrality,0.006487369537353516,vsp_south31_slptsk,2677,2000,21.63517737388611
1932,Katz Centrality,0.015305042266845703,vsp_south31_slptsk,2677,2000,21.63517737388611
1996,Katz Centrality,0.018049955368041992,vsp_south31_slptsk,2677,2000,21.63517737388611
1932,Katz Centrality,0.0110626220703125,vsp_south31_slptsk,2677,2000,21.63517737388611
1940,Katz Centrality,0.01099538803100586,vsp_south31_slptsk,2677,2000,21.63517737388611
1931,Katz Centrality,0.0,vsp_south31_slptsk,2677,2000,21.63517737388611
1933,PageRank,0.012509346008300781,vsp_south31_slptsk,2677,2000,21.63517737388611
1938,PageRank,0.012998580932617188,vsp_south31_slptsk,2677,2000,21.63517737388611
1752,PageRank,0.01954817771911621,vsp_south31_slptsk,2677,2000,21.63517737388611
1943,PageRank,0.032460927963256836,vsp_south31_slptsk,2677,2000,21.63517737388611
1941,PageRank,0.013512849807739258,vsp_south31_slptsk,2677,2000,21.63517737388611
1944,PageRank,0.02096271514892578,vsp_south31_slptsk,2677,2000,21.63517737388611
1933,PageRank,0.010771512985229492,vsp_south31_slptsk,2677,2000,21.63517737388611
1939,PageRank,0.01308441162109375,vsp_south31_slptsk,2677,2000,21.63517737388611
1931,PageRank,0.013006925582885742,vsp_south31_slptsk,2677,2000,21.63517737388611
1939,PageRank,0.02913212776184082,vsp_south31_slptsk,2677,2000,21.63517737388611
1932,PageRank,0.011387825012207031,vsp_south31_slptsk,2677,2000,21.63517737388611
1998,PageRank,0.0045108795166015625,vsp_south31_slptsk,2677,2000,21.63517737388611
1932,PageRank,0.016536474227905273,vsp_south31_slptsk,2677,2000,21.63517737388611
1933,PageRank,0.010103702545166016,vsp_south31_slptsk,2677,2000,21.63517737388611
1935,PageRank,0.009372234344482422,vsp_south31_slptsk,2677,2000,21.63517737388611
1932,Degree,0.016147375106811523,vsp_south31_slptsk,2677,2000,21.63517737388611
1932,Degree,0.016972064971923828,vsp_south31_slptsk,2677,2000,21.63517737388611
1997,Degree,0.016549348831176758,vsp_south31_slptsk,2677,2000,21.63517737388611
1936,Degree,0.015395402908325195,vsp_south31_slptsk,2677,2000,21.63517737388611
1934,Degree,0.016999244689941406,vsp_south31_slptsk,2677,2000,21.63517737388611
1932,Degree,0.20602130889892578,vsp_south31_slptsk,2677,2000,21.63517737388611
1942,Degree,0.0,vsp_south31_slptsk,2677,2000,21.63517737388611
1934,Degree,0.012451410293579102,vsp_south31_slptsk,2677,2000,21.63517737388611
1941,Degree,0.016924381256103516,vsp_south31_slptsk,2677,2000,21.63517737388611
1940,Degree,0.011018514633178711,vsp_south31_slptsk,2677,2000,21.63517737388611
1936,Degree,0.01452779769897461,vsp_south31_slptsk,2677,2000,21.63517737388611
1934,Degree,0.013742208480834961,vsp_south31_slptsk,2677,2000,21.63517737388611
1943,Degree,0.021125078201293945,vsp_south31_slptsk,2677,2000,21.63517737388611
1934,Degree,0.012195110321044922,vsp_south31_slptsk,2677,2000,21.63517737388611
1932,Degree,0.011413335800170898,vsp_south31_slptsk,2677,2000,21.63517737388611
1935,Betweenness,0.020430326461791992,vsp_south31_slptsk,2677,2000,21.63517737388611
1932,Betweenness,0.017078876495361328,vsp_south31_slptsk,2677,2000,21.63517737388611
1938,Betweenness,0.010033369064331055,vsp_south31_slptsk,2677,2000,21.63517737388611
1932,Betweenness,0.013295173645019531,vsp_south31_slptsk,2677,2000,21.63517737388611
1936,Betweenness,0.019544601440429688,vsp_south31_slptsk,2677,2000,21.63517737388611
1932,Betweenness,0.18535542488098145,vsp_south31_slptsk,2677,2000,21.63517737388611
1932,Betweenness,0.005999565124511719,vsp_south31_slptsk,2677,2000,21.63517737388611
1932,Betweenness,0.012382984161376953,vsp_south31_slptsk,2677,2000,21.63517737388611
1932,Betweenness,0.00899958610534668,vsp_south31_slptsk,2677,2000,21.63517737388611
1932,Betweenness,0.011771202087402344,vsp_south31_slptsk,2677,2000,21.63517737388611
1933,Betweenness,0.018009185791015625,vsp_south31_slptsk,2677,2000,21.63517737388611
1944,Betweenness,0.010998249053955078,vsp_south31_slptsk,2677,2000,21.63517737388611
1934,Betweenness,0.010001182556152344,vsp_south31_slptsk,2677,2000,21.63517737388611
1939,Betweenness,0.010290384292602539,vsp_south31_slptsk,2677,2000,21.63517737388611
1932,Betweenness,0.010952472686767578,vsp_south31_slptsk,2677,2000,21.63517737388611
1633,Betweenness,0.07728695869445801,vsp_vibrobox_scagr7-2c_rlfddd,6357,2000,48.75125193595886
1327,Betweenness,0.025643348693847656,vsp_vibrobox_scagr7-2c_rlfddd,6357,2000,48.75125193595886
1214,Betweenness,0.011001825332641602,vsp_vibrobox_scagr7-2c_rlfddd,6357,2000,48.75125193595886
1723,Betweenness,0.014229536056518555,vsp_vibrobox_scagr7-2c_rlfddd,6357,2000,48.75125193595886
1358,Betweenness,0.017395973205566406,vsp_vibrobox_scagr7-2c_rlfddd,6357,2000,48.75125193595886
1730,Betweenness,0.01517343521118164,vsp_vibrobox_scagr7-2c_rlfddd,6357,2000,48.75125193595886
1334,Betweenness,0.02051544189453125,vsp_vibrobox_scagr7-2c_rlfddd,6357,2000,48.75125193595886
1339,Betweenness,0.015576839447021484,vsp_vibrobox_scagr7-2c_rlfddd,6357,2000,48.75125193595886
1731,Betweenness,0.01569199562072754,vsp_vibrobox_scagr7-2c_rlfddd,6357,2000,48.75125193595886
1339,Betweenness,0.01456761360168457,vsp_vibrobox_scagr7-2c_rlfddd,6357,2000,48.75125193595886
1350,Betweenness,0.017528057098388672,vsp_vibrobox_scagr7-2c_rlfddd,6357,2000,48.75125193595886
1743,Betweenness,0.015383720397949219,vsp_vibrobox_scagr7-2c_rlfddd,6357,2000,48.75125193595886
1319,Betweenness,0.015844345092773438,vsp_vibrobox_scagr7-2c_rlfddd,6357,2000,48.75125193595886
1121,Betweenness,0.01660013198852539,vsp_vibrobox_scagr7-2c_rlfddd,6357,2000,48.75125193595886
1690,Betweenness,0.01806950569152832,vsp_vibrobox_scagr7-2c_rlfddd,6357,2000,48.75125193595886
1185,Betweenness,0.02682185173034668,vsp_vibrobox_scagr7-2c_rlfddd,6357,2000,48.75125193595886
1376,Betweenness,0.02010798454284668,vsp_vibrobox_scagr7-2c_rlfddd,6357,2000,48.75125193595886
1267,Betweenness,0.017293214797973633,vsp_vibrobox_scagr7-2c_rlfddd,6357,2000,48.75125193595886
1354,Betweenness,0.01666092872619629,vsp_vibrobox_scagr7-2c_rlfddd,6357,2000,48.75125193595886
1210,Betweenness,0.03037571907043457,vsp_vibrobox_scagr7-2c_rlfddd,6357,2000,48.75125193595886
1330,Betweenness,0.02623128890991211,vsp_vibrobox_scagr7-2c_rlfddd,6357,2000,48.75125193595886
1151,Betweenness,0.02817821502685547,vsp_vibrobox_scagr7-2c_rlfddd,6357,2000,48.75125193595886
1263,Betweenness,0.024080753326416016,vsp_vibrobox_scagr7-2c_rlfddd,6357,2000,48.75125193595886
1219,Betweenness,0.02151775360107422,vsp_vibrobox_scagr7-2c_rlfddd,6357,2000,48.75125193595886
1263,Betweenness,0.023082733154296875,vsp_vibrobox_scagr7-2c_rlfddd,6357,2000,48.75125193595886
1353,Betweenness,0.03141140937805176,vsp_vibrobox_scagr7-2c_rlfddd,6357,2000,48.75125193595886
1402,Betweenness,0.027155399322509766,vsp_vibrobox_scagr7-2c_rlfddd,6357,2000,48.75125193595886
1252,Betweenness,0.026589155197143555,vsp_vibrobox_scagr7-2c_rlfddd,6357,2000,48.75125193595886
1281,Betweenness,0.021800994873046875,vsp_vibrobox_scagr7-2c_rlfddd,6357,2000,48.75125193595886
1361,Betweenness,0.012621164321899414,vsp_vibrobox_scagr7-2c_rlfddd,6357,2000,48.75125193595886
1709,PageRank,0.031037092208862305,vsp_vibrobox_scagr7-2c_rlfddd,6357,2000,48.75125193595886
1452,PageRank,0.01637744903564453,vsp_vibrobox_scagr7-2c_rlfddd,6357,2000,48.75125193595886
1810,PageRank,0.02384018898010254,vsp_vibrobox_scagr7-2c_rlfddd,6357,2000,48.75125193595886
1332,PageRank,0.018734455108642578,vsp_vibrobox_scagr7-2c_rlfddd,6357,2000,48.75125193595886
1726,PageRank,0.02025747299194336,vsp_vibrobox_scagr7-2c_rlfddd,6357,2000,48.75125193595886
1140,PageRank,0.021597862243652344,vsp_vibrobox_scagr7-2c_rlfddd,6357,2000,48.75125193595886
1212,PageRank,0.024834394454956055,vsp_vibrobox_scagr7-2c_rlfddd,6357,2000,48.75125193595886
1769,PageRank,0.01950550079345703,vsp_vibrobox_scagr7-2c_rlfddd,6357,2000,48.75125193595886
1206,PageRank,0.020087003707885742,vsp_vibrobox_scagr7-2c_rlfddd,6357,2000,48.75125193595886
1294,PageRank,0.033050537109375,vsp_vibrobox_scagr7-2c_rlfddd,6357,2000,48.75125193595886
1340,PageRank,0.033679962158203125,vsp_vibrobox_scagr7-2c_rlfddd,6357,2000,48.75125193595886
1216,PageRank,0.042421579360961914,vsp_vibrobox_scagr7-2c_rlfddd,6357,2000,48.75125193595886
1254,PageRank,0.10122275352478027,vsp_vibrobox_scagr7-2c_rlfddd,6357,2000,48.75125193595886
1772,PageRank,0.07040023803710938,vsp_vibrobox_scagr7-2c_rlfddd,6357,2000,48.75125193595886
1722,PageRank,0.07154130935668945,vsp_vibrobox_scagr7-2c_rlfddd,6357,2000,48.75125193595886
1212,PageRank,0.07135844230651855,vsp_vibrobox_scagr7-2c_rlfddd,6357,2000,48.75125193595886
1845,PageRank,0.0569911003112793,vsp_vibrobox_scagr7-2c_rlfddd,6357,2000,48.75125193595886
1292,PageRank,0.0563504695892334,vsp_vibrobox_scagr7-2c_rlfddd,6357,2000,48.75125193595886
1366,PageRank,0.06370925903320312,vsp_vibrobox_scagr7-2c_rlfddd,6357,2000,48.75125193595886
1351,PageRank,0.6472816467285156,vsp_vibrobox_scagr7-2c_rlfddd,6357,2000,48.75125193595886
1200,PageRank,0.0392909049987793,vsp_vibrobox_scagr7-2c_rlfddd,6357,2000,48.75125193595886
1361,PageRank,0.037713050842285156,vsp_vibrobox_scagr7-2c_rlfddd,6357,2000,48.75125193595886
1359,PageRank,0.03948640823364258,vsp_vibrobox_scagr7-2c_rlfddd,6357,2000,48.75125193595886
1683,PageRank,0.01787257194519043,vsp_vibrobox_scagr7-2c_rlfddd,6357,2000,48.75125193595886
1324,PageRank,0.03569197654724121,vsp_vibrobox_scagr7-2c_rlfddd,6357,2000,48.75125193595886
1198,PageRank,0.0319056510925293,vsp_vibrobox_scagr7-2c_rlfddd,6357,2000,48.75125193595886
1297,PageRank,0.0525507926940918,vsp_vibrobox_scagr7-2c_rlfddd,6357,2000,48.75125193595886
1311,PageRank,0.049515724182128906,vsp_vibrobox_scagr7-2c_rlfddd,6357,2000,48.75125193595886
1209,PageRank,0.031725406646728516,vsp_vibrobox_scagr7-2c_rlfddd,6357,2000,48.75125193595886
1338,PageRank,0.019635915756225586,vsp_vibrobox_scagr7-2c_rlfddd,6357,2000,48.75125193595886
1304,Eigenvector,0.03461432456970215,vsp_vibrobox_scagr7-2c_rlfddd,6357,2000,48.75125193595886
1191,Eigenvector,0.030730724334716797,vsp_vibrobox_scagr7-2c_rlfddd,6357,2000,48.75125193595886
1174,Eigenvector,0.025452375411987305,vsp_vibrobox_scagr7-2c_rlfddd,6357,2000,48.75125193595886
1266,Eigenvector,0.03170180320739746,vsp_vibrobox_scagr7-2c_rlfddd,6357,2000,48.75125193595886
1243,Eigenvector,0.03789806365966797,vsp_vibrobox_scagr7-2c_rlfddd,6357,2000,48.75125193595886
1205,Eigenvector,0.03362226486206055,vsp_vibrobox_scagr7-2c_rlfddd,6357,2000,48.75125193595886
1261,Eigenvector,0.03370952606201172,vsp_vibrobox_scagr7-2c_rlfddd,6357,2000,48.75125193595886
1243,Eigenvector,0.03520941734313965,vsp_vibrobox_scagr7-2c_rlfddd,6357,2000,48.75125193595886
1359,Eigenvector,0.02419137954711914,vsp_vibrobox_scagr7-2c_rlfddd,6357,2000,48.75125193595886
1225,Eigenvector,0.03547024726867676,vsp_vibrobox_scagr7-2c_rlfddd,6357,2000,48.75125193595886
1256,Eigenvector,0.03200483322143555,vsp_vibrobox_scagr7-2c_rlfddd,6357,2000,48.75125193595886
1209,Eigenvector,0.033720970153808594,vsp_vibrobox_scagr7-2c_rlfddd,6357,2000,48.75125193595886
1356,Eigenvector,0.04936838150024414,vsp_vibrobox_scagr7-2c_rlfddd,6357,2000,48.75125193595886
1231,Eigenvector,0.04367637634277344,vsp_vibrobox_scagr7-2c_rlfddd,6357,2000,48.75125193595886
1254,Eigenvector,0.04998207092285156,vsp_vibrobox_scagr7-2c_rlfddd,6357,2000,48.75125193595886
1271,Degree,0.033905744552612305,vsp_vibrobox_scagr7-2c_rlfddd,6357,2000,48.75125193595886
1275,Degree,0.02964043617248535,vsp_vibrobox_scagr7-2c_rlfddd,6357,2000,48.75125193595886
1870,Degree,0.029622316360473633,vsp_vibrobox_scagr7-2c_rlfddd,6357,2000,48.75125193595886
1673,Degree,0.022279739379882812,vsp_vibrobox_scagr7-2c_rlfddd,6357,2000,48.75125193595886
1266,Degree,0.017820119857788086,vsp_vibrobox_scagr7-2c_rlfddd,6357,2000,48.75125193595886
1481,Degree,0.02598428726196289,vsp_vibrobox_scagr7-2c_rlfddd,6357,2000,48.75125193595886
1268,Degree,0.009778261184692383,vsp_vibrobox_scagr7-2c_rlfddd,6357,2000,48.75125193595886
1241,Degree,0.37975645065307617,vsp_vibrobox_scagr7-2c_rlfddd,6357,2000,48.75125193595886
1241,Degree,0.03347063064575195,vsp_vibrobox_scagr7-2c_rlfddd,6357,2000,48.75125193595886
1396,Degree,0.02510857582092285,vsp_vibrobox_scagr7-2c_rlfddd,6357,2000,48.75125193595886
1271,Degree,0.033310651779174805,vsp_vibrobox_scagr7-2c_rlfddd,6357,2000,48.75125193595886
1530,Degree,0.03215646743774414,vsp_vibrobox_scagr7-2c_rlfddd,6357,2000,48.75125193595886
1273,Degree,0.027448654174804688,vsp_vibrobox_scagr7-2c_rlfddd,6357,2000,48.75125193595886
1183,Degree,0.02185845375061035,vsp_vibrobox_scagr7-2c_rlfddd,6357,2000,48.75125193595886
1379,Degree,0.019391298294067383,vsp_vibrobox_scagr7-2c_rlfddd,6357,2000,48.75125193595886
1296,Eigenvector,0.032354116439819336,vsp_vibrobox_scagr7-2c_rlfddd,6357,2000,48.75125193595886
1329,Eigenvector,0.02712559700012207,vsp_vibrobox_scagr7-2c_rlfddd,6357,2000,48.75125193595886
1776,Eigenvector,0.03179121017456055,vsp_vibrobox_scagr7-2c_rlfddd,6357,2000,48.75125193595886
1208,Eigenvector,0.029263734817504883,vsp_vibrobox_scagr7-2c_rlfddd,6357,2000,48.75125193595886
1270,Eigenvector,0.01610565185546875,vsp_vibrobox_scagr7-2c_rlfddd,6357,2000,48.75125193595886
1449,Eigenvector,0.017221689224243164,vsp_vibrobox_scagr7-2c_rlfddd,6357,2000,48.75125193595886
1358,Eigenvector,0.017612457275390625,vsp_vibrobox_scagr7-2c_rlfddd,6357,2000,48.75125193595886
1410,Eigenvector,0.015969514846801758,vsp_vibrobox_scagr7-2c_rlfddd,6357,2000,48.75125193595886
1172,Eigenvector,0.023342132568359375,vsp_vibrobox_scagr7-2c_rlfddd,6357,2000,48.75125193595886
1714,Eigenvector,0.031784772872924805,vsp_vibrobox_scagr7-2c_rlfddd,6357,2000,48.75125193595886
1394,Eigenvector,0.022695302963256836,vsp_vibrobox_scagr7-2c_rlfddd,6357,2000,48.75125193595886
1274,Eigenvector,0.017386198043823242,vsp_vibrobox_scagr7-2c_rlfddd,6357,2000,48.75125193595886
1338,Eigenvector,0.00995945930480957,vsp_vibrobox_scagr7-2c_rlfddd,6357,2000,48.75125193595886
1324,Eigenvector,0.01822972297668457,vsp_vibrobox_scagr7-2c_rlfddd,6357,2000,48.75125193595886
1237,Eigenvector,0.031697750091552734,vsp_vibrobox_scagr7-2c_rlfddd,6357,2000,48.75125193595886
1193,Closeness,0.026187896728515625,vsp_vibrobox_scagr7-2c_rlfddd,6357,2000,48.75125193595886
1290,Closeness,0.03689432144165039,vsp_vibrobox_scagr7-2c_rlfddd,6357,2000,48.75125193595886
1558,Closeness,0.027611970901489258,vsp_vibrobox_scagr7-2c_rlfddd,6357,2000,48.75125193595886
1766,Closeness,0.015824556350708008,vsp_vibrobox_scagr7-2c_rlfddd,6357,2000,48.75125193595886
1523,Closeness,0.008080482482910156,vsp_vibrobox_scagr7-2c_rlfddd,6357,2000,48.75125193595886
1280,Closeness,0.02471923828125,vsp_vibrobox_scagr7-2c_rlfddd,6357,2000,48.75125193595886
1848,Closeness,0.017477750778198242,vsp_vibrobox_scagr7-2c_rlfddd,6357,2000,48.75125193595886
1254,Closeness,0.026044845581054688,vsp_vibrobox_scagr7-2c_rlfddd,6357,2000,48.75125193595886
1203,Closeness,0.009790658950805664,vsp_vibrobox_scagr7-2c_rlfddd,6357,2000,48.75125193595886
1235,Closeness,0.01690363883972168,vsp_vibrobox_scagr7-2c_rlfddd,6357,2000,48.75125193595886
1813,Closeness,0.024878501892089844,vsp_vibrobox_scagr7-2c_rlfddd,6357,2000,48.75125193595886
1195,Closeness,0.0149383544921875,vsp_vibrobox_scagr7-2c_rlfddd,6357,2000,48.75125193595886
1334,Closeness,0.011853456497192383,vsp_vibrobox_scagr7-2c_rlfddd,6357,2000,48.75125193595886
1341,Closeness,0.026021480560302734,vsp_vibrobox_scagr7-2c_rlfddd,6357,2000,48.75125193595886
1338,Closeness,0.023478984832763672,vsp_vibrobox_scagr7-2c_rlfddd,6357,2000,48.75125193595886
1290,Eigenvector,0.021782636642456055,vsp_vibrobox_scagr7-2c_rlfddd,6357,2000,48.75125193595886
1238,Eigenvector,0.04177403450012207,vsp_vibrobox_scagr7-2c_rlfddd,6357,2000,48.75125193595886
1346,Eigenvector,0.02974724769592285,vsp_vibrobox_scagr7-2c_rlfddd,6357,2000,48.75125193595886
1212,Eigenvector,0.025331974029541016,vsp_vibrobox_scagr7-2c_rlfddd,6357,2000,48.75125193595886
1255,Eigenvector,0.017148494720458984,vsp_vibrobox_scagr7-2c_rlfddd,6357,2000,48.75125193595886
1644,Eigenvector,0.03021073341369629,vsp_vibrobox_scagr7-2c_rlfddd,6357,2000,48.75125193595886
1210,Eigenvector,0.030170917510986328,vsp_vibrobox_scagr7-2c_rlfddd,6357,2000,48.75125193595886
1331,Eigenvector,0.024771690368652344,vsp_vibrobox_scagr7-2c_rlfddd,6357,2000,48.75125193595886
1276,Eigenvector,0.006985664367675781,vsp_vibrobox_scagr7-2c_rlfddd,6357,2000,48.75125193595886
1354,Eigenvector,0.030865192413330078,vsp_vibrobox_scagr7-2c_rlfddd,6357,2000,48.75125193595886
1257,Eigenvector,0.01695561408996582,vsp_vibrobox_scagr7-2c_rlfddd,6357,2000,48.75125193595886
1264,Eigenvector,0.014052152633666992,vsp_vibrobox_scagr7-2c_rlfddd,6357,2000,48.75125193595886
1311,Eigenvector,0.01580190658569336,vsp_vibrobox_scagr7-2c_rlfddd,6357,2000,48.75125193595886
1333,Eigenvector,0.013784408569335938,vsp_vibrobox_scagr7-2c_rlfddd,6357,2000,48.75125193595886
1337,Eigenvector,0.039606332778930664,vsp_vibrobox_scagr7-2c_rlfddd,6357,2000,48.75125193595886
1203,PageRank,0.019669055938720703,vsp_vibrobox_scagr7-2c_rlfddd,6357,2000,48.75125193595886
1334,PageRank,0.017720937728881836,vsp_vibrobox_scagr7-2c_rlfddd,6357,2000,48.75125193595886
1272,PageRank,0.023877382278442383,vsp_vibrobox_scagr7-2c_rlfddd,6357,2000,48.75125193595886
1244,PageRank,0.017800331115722656,vsp_vibrobox_scagr7-2c_rlfddd,6357,2000,48.75125193595886
1259,PageRank,0.024001598358154297,vsp_vibrobox_scagr7-2c_rlfddd,6357,2000,48.75125193595886
1229,PageRank,0.015574455261230469,vsp_vibrobox_scagr7-2c_rlfddd,6357,2000,48.75125193595886
1263,PageRank,0.02383708953857422,vsp_vibrobox_scagr7-2c_rlfddd,6357,2000,48.75125193595886
1251,PageRank,0.02283620834350586,vsp_vibrobox_scagr7-2c_rlfddd,6357,2000,48.75125193595886
1191,PageRank,0.027056455612182617,vsp_vibrobox_scagr7-2c_rlfddd,6357,2000,48.75125193595886
1345,PageRank,0.01574420928955078,vsp_vibrobox_scagr7-2c_rlfddd,6357,2000,48.75125193595886
1364,PageRank,0.017359018325805664,vsp_vibrobox_scagr7-2c_rlfddd,6357,2000,48.75125193595886
1303,PageRank,0.015302896499633789,vsp_vibrobox_scagr7-2c_rlfddd,6357,2000,48.75125193595886
1337,PageRank,0.02611541748046875,vsp_vibrobox_scagr7-2c_rlfddd,6357,2000,48.75125193595886
1230,PageRank,0.02345561981201172,vsp_vibrobox_scagr7-2c_rlfddd,6357,2000,48.75125193595886
1350,PageRank,0.4014122486114502,vsp_vibrobox_scagr7-2c_rlfddd,6357,2000,48.75125193595886
1281,Harmonic Centrality,0.0189666748046875,vsp_vibrobox_scagr7-2c_rlfddd,6357,2000,48.75125193595886
1296,Harmonic Centrality,0.02919769287109375,vsp_vibrobox_scagr7-2c_rlfddd,6357,2000,48.75125193595886
1194,Harmonic Centrality,0.021586179733276367,vsp_vibrobox_scagr7-2c_rlfddd,6357,2000,48.75125193595886
1422,Harmonic Centrality,0.019819021224975586,vsp_vibrobox_scagr7-2c_rlfddd,6357,2000,48.75125193595886
1525,Harmonic Centrality,0.027875661849975586,vsp_vibrobox_scagr7-2c_rlfddd,6357,2000,48.75125193595886
1267,Harmonic Centrality,0.025594472885131836,vsp_vibrobox_scagr7-2c_rlfddd,6357,2000,48.75125193595886
1718,Harmonic Centrality,0.023835182189941406,vsp_vibrobox_scagr7-2c_rlfddd,6357,2000,48.75125193595886
1318,Harmonic Centrality,0.014534235000610352,vsp_vibrobox_scagr7-2c_rlfddd,6357,2000,48.75125193595886
1754,Harmonic Centrality,0.02182316780090332,vsp_vibrobox_scagr7-2c_rlfddd,6357,2000,48.75125193595886
1210,Harmonic Centrality,0.02356743812561035,vsp_vibrobox_scagr7-2c_rlfddd,6357,2000,48.75125193595886
1776,Harmonic Centrality,0.024075746536254883,vsp_vibrobox_scagr7-2c_rlfddd,6357,2000,48.75125193595886
1297,Harmonic Centrality,0.022157907485961914,vsp_vibrobox_scagr7-2c_rlfddd,6357,2000,48.75125193595886
1471,Harmonic Centrality,0.3255274295806885,vsp_vibrobox_scagr7-2c_rlfddd,6357,2000,48.75125193595886
1694,Harmonic Centrality,0.01582932472229004,vsp_vibrobox_scagr7-2c_rlfddd,6357,2000,48.75125193595886
1358,Harmonic Centrality,0.016080617904663086,vsp_vibrobox_scagr7-2c_rlfddd,6357,2000,48.75125193595886
1235,Katz Centrality,0.023683786392211914,vsp_vibrobox_scagr7-2c_rlfddd,6357,2000,48.75125193595886
1794,Katz Centrality,0.02210378646850586,vsp_vibrobox_scagr7-2c_rlfddd,6357,2000,48.75125193595886
1806,Katz Centrality,0.019826173782348633,vsp_vibrobox_scagr7-2c_rlfddd,6357,2000,48.75125193595886
1258,Katz Centrality,0.023592710494995117,vsp_vibrobox_scagr7-2c_rlfddd,6357,2000,48.75125193595886
1258,Katz Centrality,0.023627519607543945,vsp_vibrobox_scagr7-2c_rlfddd,6357,2000,48.75125193595886
1261,Katz Centrality,0.011810541152954102,vsp_vibrobox_scagr7-2c_rlfddd,6357,2000,48.75125193595886
1253,Katz Centrality,0.014025211334228516,vsp_vibrobox_scagr7-2c_rlfddd,6357,2000,48.75125193595886
1253,Katz Centrality,0.02277374267578125,vsp_vibrobox_scagr7-2c_rlfddd,6357,2000,48.75125193595886
1262,Katz Centrality,0.019170284271240234,vsp_vibrobox_scagr7-2c_rlfddd,6357,2000,48.75125193595886
1364,Katz Centrality,0.01707911491394043,vsp_vibrobox_scagr7-2c_rlfddd,6357,2000,48.75125193595886
1202,Katz Centrality,0.02160191535949707,vsp_vibrobox_scagr7-2c_rlfddd,6357,2000,48.75125193595886
1359,Katz Centrality,0.021657705307006836,vsp_vibrobox_scagr7-2c_rlfddd,6357,2000,48.75125193595886
1267,Katz Centrality,0.019939899444580078,vsp_vibrobox_scagr7-2c_rlfddd,6357,2000,48.75125193595886
1353,Katz Centrality,0.014621496200561523,vsp_vibrobox_scagr7-2c_rlfddd,6357,2000,48.75125193595886
1258,Katz Centrality,0.01966381072998047,vsp_vibrobox_scagr7-2c_rlfddd,6357,2000,48.75125193595886
1294,Betweenness,0.027620553970336914,vsp_vibrobox_scagr7-2c_rlfddd,6357,2000,48.75125193595886
1266,Betweenness,0.3703887462615967,vsp_vibrobox_scagr7-2c_rlfddd,6357,2000,48.75125193595886
1314,Betweenness,0.029914140701293945,vsp_vibrobox_scagr7-2c_rlfddd,6357,2000,48.75125193595886
1357,Betweenness,0.017853736877441406,vsp_vibrobox_scagr7-2c_rlfddd,6357,2000,48.75125193595886
1333,Betweenness,0.018050193786621094,vsp_vibrobox_scagr7-2c_rlfddd,6357,2000,48.75125193595886
1211,Betweenness,0.009775161743164062,vsp_vibrobox_scagr7-2c_rlfddd,6357,2000,48.75125193595886
1213,Betweenness,0.01932072639465332,vsp_vibrobox_scagr7-2c_rlfddd,6357,2000,48.75125193595886
1531,Betweenness,0.014325618743896484,vsp_vibrobox_scagr7-2c_rlfddd,6357,2000,48.75125193595886
1322,Betweenness,0.0010974407196044922,vsp_vibrobox_scagr7-2c_rlfddd,6357,2000,48.75125193595886
1366,Betweenness,0.038472890853881836,vsp_vibrobox_scagr7-2c_rlfddd,6357,2000,48.75125193595886
1312,Betweenness,0.02052593231201172,vsp_vibrobox_scagr7-2c_rlfddd,6357,2000,48.75125193595886
1339,Betweenness,0.038091421127319336,vsp_vibrobox_scagr7-2c_rlfddd,6357,2000,48.75125193595886
1325,Betweenness,0.022641420364379883,vsp_vibrobox_scagr7-2c_rlfddd,6357,2000,48.75125193595886
1099,Betweenness,0.023011207580566406,vsp_vibrobox_scagr7-2c_rlfddd,6357,2000,48.75125193595886
1232,Betweenness,0.03336048126220703,vsp_vibrobox_scagr7-2c_rlfddd,6357,2000,48.75125193595886
1168,Katz Centrality,0.02286696434020996,vsp_vibrobox_scagr7-2c_rlfddd,6357,2000,48.75125193595886
1235,Katz Centrality,0.031685590744018555,vsp_vibrobox_scagr7-2c_rlfddd,6357,2000,48.75125193595886
1345,Katz Centrality,0.01376032829284668,vsp_vibrobox_scagr7-2c_rlfddd,6357,2000,48.75125193595886
1571,Katz Centrality,0.03092479705810547,vsp_vibrobox_scagr7-2c_rlfddd,6357,2000,48.75125193595886
1714,Katz Centrality,0.03375887870788574,vsp_vibrobox_scagr7-2c_rlfddd,6357,2000,48.75125193595886
1203,Katz Centrality,0.031213045120239258,vsp_vibrobox_scagr7-2c_rlfddd,6357,2000,48.75125193595886
1351,Katz Centrality,0.0176541805267334,vsp_vibrobox_scagr7-2c_rlfddd,6357,2000,48.75125193595886
1208,Katz Centrality,0.03462815284729004,vsp_vibrobox_scagr7-2c_rlfddd,6357,2000,48.75125193595886
1802,Katz Centrality,0.03161931037902832,vsp_vibrobox_scagr7-2c_rlfddd,6357,2000,48.75125193595886
1229,Katz Centrality,0.016883134841918945,vsp_vibrobox_scagr7-2c_rlfddd,6357,2000,48.75125193595886
1231,Katz Centrality,0.03960275650024414,vsp_vibrobox_scagr7-2c_rlfddd,6357,2000,48.75125193595886
1280,Katz Centrality,0.025621891021728516,vsp_vibrobox_scagr7-2c_rlfddd,6357,2000,48.75125193595886
1291,Katz Centrality,0.023869752883911133,vsp_vibrobox_scagr7-2c_rlfddd,6357,2000,48.75125193595886
1294,Katz Centrality,0.02160191535949707,vsp_vibrobox_scagr7-2c_rlfddd,6357,2000,48.75125193595886
1203,Katz Centrality,0.032509803771972656,vsp_vibrobox_scagr7-2c_rlfddd,6357,2000,48.75125193595886
1349,Betweenness,0.027863740921020508,vsp_vibrobox_scagr7-2c_rlfddd,6357,2000,48.75125193595886
1134,Betweenness,0.01883101463317871,vsp_vibrobox_scagr7-2c_rlfddd,6357,2000,48.75125193595886
1334,Betweenness,0.0296173095703125,vsp_vibrobox_scagr7-2c_rlfddd,6357,2000,48.75125193595886
1318,Betweenness,0.019252300262451172,vsp_vibrobox_scagr7-2c_rlfddd,6357,2000,48.75125193595886
1379,Betweenness,0.02238917350769043,vsp_vibrobox_scagr7-2c_rlfddd,6357,2000,48.75125193595886
1334,Betweenness,0.0236051082611084,vsp_vibrobox_scagr7-2c_rlfddd,6357,2000,48.75125193595886
1194,Betweenness,0.02977919578552246,vsp_vibrobox_scagr7-2c_rlfddd,6357,2000,48.75125193595886
1180,Betweenness,0.03216886520385742,vsp_vibrobox_scagr7-2c_rlfddd,6357,2000,48.75125193595886
1339,Betweenness,0.01779007911682129,vsp_vibrobox_scagr7-2c_rlfddd,6357,2000,48.75125193595886
1620,Betweenness,0.017798662185668945,vsp_vibrobox_scagr7-2c_rlfddd,6357,2000,48.75125193595886
1214,Betweenness,0.01932525634765625,vsp_vibrobox_scagr7-2c_rlfddd,6357,2000,48.75125193595886
1329,Betweenness,0.012115001678466797,vsp_vibrobox_scagr7-2c_rlfddd,6357,2000,48.75125193595886
1437,Betweenness,0.015885114669799805,vsp_vibrobox_scagr7-2c_rlfddd,6357,2000,48.75125193595886
1407,Betweenness,0.03174328804016113,vsp_vibrobox_scagr7-2c_rlfddd,6357,2000,48.75125193595886
1235,Betweenness,0.028907060623168945,vsp_vibrobox_scagr7-2c_rlfddd,6357,2000,48.75125193595886
1226,Harmonic Centrality,0.028641939163208008,vsp_vibrobox_scagr7-2c_rlfddd,6357,2000,48.75125193595886
1302,Harmonic Centrality,0.03975987434387207,vsp_vibrobox_scagr7-2c_rlfddd,6357,2000,48.75125193595886
1218,Harmonic Centrality,0.04953646659851074,vsp_vibrobox_scagr7-2c_rlfddd,6357,2000,48.75125193595886
1247,Harmonic Centrality,0.020662546157836914,vsp_vibrobox_scagr7-2c_rlfddd,6357,2000,48.75125193595886
1652,Harmonic Centrality,0.02008962631225586,vsp_vibrobox_scagr7-2c_rlfddd,6357,2000,48.75125193595886
1268,Harmonic Centrality,0.020838260650634766,vsp_vibrobox_scagr7-2c_rlfddd,6357,2000,48.75125193595886
1607,Harmonic Centrality,0.022573232650756836,vsp_vibrobox_scagr7-2c_rlfddd,6357,2000,48.75125193595886
1287,Harmonic Centrality,0.034654855728149414,vsp_vibrobox_scagr7-2c_rlfddd,6357,2000,48.75125193595886
1739,Harmonic Centrality,0.03647565841674805,vsp_vibrobox_scagr7-2c_rlfddd,6357,2000,48.75125193595886
1836,Harmonic Centrality,0.026860952377319336,vsp_vibrobox_scagr7-2c_rlfddd,6357,2000,48.75125193595886
1353,Harmonic Centrality,0.017795324325561523,vsp_vibrobox_scagr7-2c_rlfddd,6357,2000,48.75125193595886
1351,Harmonic Centrality,0.03370547294616699,vsp_vibrobox_scagr7-2c_rlfddd,6357,2000,48.75125193595886
1219,Harmonic Centrality,0.014530181884765625,vsp_vibrobox_scagr7-2c_rlfddd,6357,2000,48.75125193595886
1272,Harmonic Centrality,0.022522449493408203,vsp_vibrobox_scagr7-2c_rlfddd,6357,2000,48.75125193595886
1157,Harmonic Centrality,0.02557826042175293,vsp_vibrobox_scagr7-2c_rlfddd,6357,2000,48.75125193595886
1172,Betweenness,0.015976667404174805,vsp_vibrobox_scagr7-2c_rlfddd,6357,2000,48.75125193595886
1429,Betweenness,0.015883922576904297,vsp_vibrobox_scagr7-2c_rlfddd,6357,2000,48.75125193595886
1350,Betweenness,0.01583695411682129,vsp_vibrobox_scagr7-2c_rlfddd,6357,2000,48.75125193595886
1403,Betweenness,0.021998882293701172,vsp_vibrobox_scagr7-2c_rlfddd,6357,2000,48.75125193595886
1312,Betweenness,0.025820016860961914,vsp_vibrobox_scagr7-2c_rlfddd,6357,2000,48.75125193595886
1347,Betweenness,0.024103641510009766,vsp_vibrobox_scagr7-2c_rlfddd,6357,2000,48.75125193595886
1393,Betweenness,0.0255892276763916,vsp_vibrobox_scagr7-2c_rlfddd,6357,2000,48.75125193595886
1426,Betweenness,0.02556300163269043,vsp_vibrobox_scagr7-2c_rlfddd,6357,2000,48.75125193595886
1512,Betweenness,0.021310091018676758,vsp_vibrobox_scagr7-2c_rlfddd,6357,2000,48.75125193595886
1311,Betweenness,0.02181077003479004,vsp_vibrobox_scagr7-2c_rlfddd,6357,2000,48.75125193595886
1224,Betweenness,0.021806716918945312,vsp_vibrobox_scagr7-2c_rlfddd,6357,2000,48.75125193595886
1389,Betweenness,0.01601243019104004,vsp_vibrobox_scagr7-2c_rlfddd,6357,2000,48.75125193595886
1262,Betweenness,0.017320632934570312,vsp_vibrobox_scagr7-2c_rlfddd,6357,2000,48.75125193595886
1428,Betweenness,0.020502567291259766,vsp_vibrobox_scagr7-2c_rlfddd,6357,2000,48.75125193595886
1380,Betweenness,0.02538013458251953,vsp_vibrobox_scagr7-2c_rlfddd,6357,2000,48.75125193595886
1660,Closeness,0.027483701705932617,vsp_vibrobox_scagr7-2c_rlfddd,6357,2000,48.75125193595886
1182,Closeness,0.02525639533996582,vsp_vibrobox_scagr7-2c_rlfddd,6357,2000,48.75125193595886
1217,Closeness,0.015791893005371094,vsp_vibrobox_scagr7-2c_rlfddd,6357,2000,48.75125193595886
1727,Closeness,0.015789508819580078,vsp_vibrobox_scagr7-2c_rlfddd,6357,2000,48.75125193595886
1178,Closeness,0.02772355079650879,vsp_vibrobox_scagr7-2c_rlfddd,6357,2000,48.75125193595886
1154,Closeness,0.015798568725585938,vsp_vibrobox_scagr7-2c_rlfddd,6357,2000,48.75125193595886
1115,Closeness,0.023553848266601562,vsp_vibrobox_scagr7-2c_rlfddd,6357,2000,48.75125193595886
1656,Closeness,0.023813247680664062,vsp_vibrobox_scagr7-2c_rlfddd,6357,2000,48.75125193595886
1726,Closeness,0.023553133010864258,vsp_vibrobox_scagr7-2c_rlfddd,6357,2000,48.75125193595886
1310,Closeness,0.023814678192138672,vsp_vibrobox_scagr7-2c_rlfddd,6357,2000,48.75125193595886
1310,Closeness,0.02155137062072754,vsp_vibrobox_scagr7-2c_rlfddd,6357,2000,48.75125193595886
1262,Closeness,0.0,vsp_vibrobox_scagr7-2c_rlfddd,6357,2000,48.75125193595886
1232,Closeness,0.015816926956176758,vsp_vibrobox_scagr7-2c_rlfddd,6357,2000,48.75125193595886
1216,Closeness,0.0236818790435791,vsp_vibrobox_scagr7-2c_rlfddd,6357,2000,48.75125193595886
1252,Closeness,0.025586843490600586,vsp_vibrobox_scagr7-2c_rlfddd,6357,2000,48.75125193595886
1223,Degree,0.025384902954101562,vsp_vibrobox_scagr7-2c_rlfddd,6357,2000,48.75125193595886
1187,Degree,0.02114248275756836,vsp_vibrobox_scagr7-2c_rlfddd,6357,2000,48.75125193595886
1358,Degree,0.014523029327392578,vsp_vibrobox_scagr7-2c_rlfddd,6357,2000,48.75125193595886
1130,Degree,0.015787839889526367,vsp_vibrobox_scagr7-2c_rlfddd,6357,2000,48.75125193595886
1357,Degree,0.027835607528686523,vsp_vibrobox_scagr7-2c_rlfddd,6357,2000,48.75125193595886
1208,Degree,0.019549131393432617,vsp_vibrobox_scagr7-2c_rlfddd,6357,2000,48.75125193595886
1192,Degree,0.01598525047302246,vsp_vibrobox_scagr7-2c_rlfddd,6357,2000,48.75125193595886
1277,Degree,0.03131890296936035,vsp_vibrobox_scagr7-2c_rlfddd,6357,2000,48.75125193595886
1223,Degree,0.014035940170288086,vsp_vibrobox_scagr7-2c_rlfddd,6357,2000,48.75125193595886
1268,Degree,0.029041290283203125,vsp_vibrobox_scagr7-2c_rlfddd,6357,2000,48.75125193595886
1230,Degree,0.015537738800048828,vsp_vibrobox_scagr7-2c_rlfddd,6357,2000,48.75125193595886
1240,Degree,0.015792369842529297,vsp_vibrobox_scagr7-2c_rlfddd,6357,2000,48.75125193595886
1336,Degree,0.03750944137573242,vsp_vibrobox_scagr7-2c_rlfddd,6357,2000,48.75125193595886
1269,Degree,0.013779640197753906,vsp_vibrobox_scagr7-2c_rlfddd,6357,2000,48.75125193595886
1194,Degree,0.005761623382568359,vsp_vibrobox_scagr7-2c_rlfddd,6357,2000,48.75125193595886
1378,Degree,0.03279232978820801,vsp_vibrobox_scagr7-2c_rlfddd,6357,2000,48.75125193595886
1371,Degree,0.025597333908081055,vsp_vibrobox_scagr7-2c_rlfddd,6357,2000,48.75125193595886
1232,Degree,0.015854597091674805,vsp_vibrobox_scagr7-2c_rlfddd,6357,2000,48.75125193595886
1348,Degree,0.01562809944152832,vsp_vibrobox_scagr7-2c_rlfddd,6357,2000,48.75125193595886
1315,Degree,0.014529705047607422,vsp_vibrobox_scagr7-2c_rlfddd,6357,2000,48.75125193595886
1238,Degree,0.01861119270324707,vsp_vibrobox_scagr7-2c_rlfddd,6357,2000,48.75125193595886
1515,Degree,0.023413419723510742,vsp_vibrobox_scagr7-2c_rlfddd,6357,2000,48.75125193595886
1310,Degree,0.015782833099365234,vsp_vibrobox_scagr7-2c_rlfddd,6357,2000,48.75125193595886
1263,Degree,0.014037132263183594,vsp_vibrobox_scagr7-2c_rlfddd,6357,2000,48.75125193595886
1264,Degree,0.02055072784423828,vsp_vibrobox_scagr7-2c_rlfddd,6357,2000,48.75125193595886
1355,Degree,0.0173189640045166,vsp_vibrobox_scagr7-2c_rlfddd,6357,2000,48.75125193595886
1340,Degree,0.014045000076293945,vsp_vibrobox_scagr7-2c_rlfddd,6357,2000,48.75125193595886
1165,Degree,0.013773918151855469,vsp_vibrobox_scagr7-2c_rlfddd,6357,2000,48.75125193595886
1351,Degree,0.015783071517944336,vsp_vibrobox_scagr7-2c_rlfddd,6357,2000,48.75125193595886
1209,Degree,0.012931585311889648,vsp_vibrobox_scagr7-2c_rlfddd,6357,2000,48.75125193595886
1806,Harmonic Centrality,0.02180624008178711,vsp_vibrobox_scagr7-2c_rlfddd,6357,2000,48.75125193595886
1337,Harmonic Centrality,0.019561052322387695,vsp_vibrobox_scagr7-2c_rlfddd,6357,2000,48.75125193595886
1348,Harmonic Centrality,0.023558378219604492,vsp_vibrobox_scagr7-2c_rlfddd,6357,2000,48.75125193595886
1220,Harmonic Centrality,0.023785829544067383,vsp_vibrobox_scagr7-2c_rlfddd,6357,2000,48.75125193595886
1675,Harmonic Centrality,0.01577615737915039,vsp_vibrobox_scagr7-2c_rlfddd,6357,2000,48.75125193595886
1739,Harmonic Centrality,0.0,vsp_vibrobox_scagr7-2c_rlfddd,6357,2000,48.75125193595886
1228,Harmonic Centrality,0.017535686492919922,vsp_vibrobox_scagr7-2c_rlfddd,6357,2000,48.75125193595886
1362,Harmonic Centrality,0.026081562042236328,vsp_vibrobox_scagr7-2c_rlfddd,6357,2000,48.75125193595886
1197,Harmonic Centrality,0.025577068328857422,vsp_vibrobox_scagr7-2c_rlfddd,6357,2000,48.75125193595886
1346,Harmonic Centrality,0.014529705047607422,vsp_vibrobox_scagr7-2c_rlfddd,6357,2000,48.75125193595886
1415,Harmonic Centrality,0.012399673461914062,vsp_vibrobox_scagr7-2c_rlfddd,6357,2000,48.75125193595886
1172,Harmonic Centrality,0.014693021774291992,vsp_vibrobox_scagr7-2c_rlfddd,6357,2000,48.75125193595886
1817,Harmonic Centrality,0.02310323715209961,vsp_vibrobox_scagr7-2c_rlfddd,6357,2000,48.75125193595886
1757,Harmonic Centrality,0.025568485260009766,vsp_vibrobox_scagr7-2c_rlfddd,6357,2000,48.75125193595886
1456,Harmonic Centrality,0.025816679000854492,vsp_vibrobox_scagr7-2c_rlfddd,6357,2000,48.75125193595886
1445,Eigenvector,0.015918731689453125,vsp_vibrobox_scagr7-2c_rlfddd,6357,2000,48.75125193595886
1743,Eigenvector,0.04124760627746582,vsp_vibrobox_scagr7-2c_rlfddd,6357,2000,48.75125193595886
1138,Eigenvector,0.03350543975830078,vsp_vibrobox_scagr7-2c_rlfddd,6357,2000,48.75125193595886
1233,Eigenvector,0.015034914016723633,vsp_vibrobox_scagr7-2c_rlfddd,6357,2000,48.75125193595886
1350,Eigenvector,0.015911340713500977,vsp_vibrobox_scagr7-2c_rlfddd,6357,2000,48.75125193595886
1281,Eigenvector,0.015872716903686523,vsp_vibrobox_scagr7-2c_rlfddd,6357,2000,48.75125193595886
1335,Eigenvector,0.01603984832763672,vsp_vibrobox_scagr7-2c_rlfddd,6357,2000,48.75125193595886
1743,Eigenvector,0.02687358856201172,vsp_vibrobox_scagr7-2c_rlfddd,6357,2000,48.75125193595886
1281,Eigenvector,0.014530658721923828,vsp_vibrobox_scagr7-2c_rlfddd,6357,2000,48.75125193595886
1364,Eigenvector,0.01577448844909668,vsp_vibrobox_scagr7-2c_rlfddd,6357,2000,48.75125193595886
1201,Eigenvector,0.031937599182128906,vsp_vibrobox_scagr7-2c_rlfddd,6357,2000,48.75125193595886
1399,Eigenvector,0.016648530960083008,vsp_vibrobox_scagr7-2c_rlfddd,6357,2000,48.75125193595886
1355,Eigenvector,0.01572442054748535,vsp_vibrobox_scagr7-2c_rlfddd,6357,2000,48.75125193595886
1191,Eigenvector,0.01981830596923828,vsp_vibrobox_scagr7-2c_rlfddd,6357,2000,48.75125193595886
1280,Eigenvector,0.023314714431762695,vsp_vibrobox_scagr7-2c_rlfddd,6357,2000,48.75125193595886
1651,Closeness,0.015840768814086914,vsp_vibrobox_scagr7-2c_rlfddd,6357,2000,48.75125193595886
1314,Closeness,0.013439178466796875,vsp_vibrobox_scagr7-2c_rlfddd,6357,2000,48.75125193595886
1189,Closeness,0.015905141830444336,vsp_vibrobox_scagr7-2c_rlfddd,6357,2000,48.75125193595886
1773,Closeness,0.015787124633789062,vsp_vibrobox_scagr7-2c_rlfddd,6357,2000,48.75125193595886
1206,Closeness,0.015781879425048828,vsp_vibrobox_scagr7-2c_rlfddd,6357,2000,48.75125193595886
1416,Closeness,0.015784025192260742,vsp_vibrobox_scagr7-2c_rlfddd,6357,2000,48.75125193595886
1188,Closeness,0.015517950057983398,vsp_vibrobox_scagr7-2c_rlfddd,6357,2000,48.75125193595886
1255,Closeness,0.013859272003173828,vsp_vibrobox_scagr7-2c_rlfddd,6357,2000,48.75125193595886
1246,Closeness,0.016717195510864258,vsp_vibrobox_scagr7-2c_rlfddd,6357,2000,48.75125193595886
1219,Closeness,0.014029741287231445,vsp_vibrobox_scagr7-2c_rlfddd,6357,2000,48.75125193595886
1298,Closeness,0.015868663787841797,vsp_vibrobox_scagr7-2c_rlfddd,6357,2000,48.75125193595886
1197,Closeness,0.029758453369140625,vsp_vibrobox_scagr7-2c_rlfddd,6357,2000,48.75125193595886
1292,Closeness,0.021859169006347656,vsp_vibrobox_scagr7-2c_rlfddd,6357,2000,48.75125193595886
1652,Closeness,0.015784502029418945,vsp_vibrobox_scagr7-2c_rlfddd,6357,2000,48.75125193595886
1708,Closeness,0.015526533126831055,vsp_vibrobox_scagr7-2c_rlfddd,6357,2000,48.75125193595886
1143,Degree,0.019823312759399414,vsp_vibrobox_scagr7-2c_rlfddd,6357,2000,48.75125193595886
1308,Degree,0.02181410789489746,vsp_vibrobox_scagr7-2c_rlfddd,6357,2000,48.75125193595886
1218,Degree,0.015784263610839844,vsp_vibrobox_scagr7-2c_rlfddd,6357,2000,48.75125193595886
1374,Degree,0.013781547546386719,vsp_vibrobox_scagr7-2c_rlfddd,6357,2000,48.75125193595886
1233,Degree,0.015797853469848633,vsp_vibrobox_scagr7-2c_rlfddd,6357,2000,48.75125193595886
1211,Degree,0.02655625343322754,vsp_vibrobox_scagr7-2c_rlfddd,6357,2000,48.75125193595886
1217,Degree,0.24301719665527344,vsp_vibrobox_scagr7-2c_rlfddd,6357,2000,48.75125193595886
1332,Degree,0.013475894927978516,vsp_vibrobox_scagr7-2c_rlfddd,6357,2000,48.75125193595886
1242,Degree,0.020420551300048828,vsp_vibrobox_scagr7-2c_rlfddd,6357,2000,48.75125193595886
1211,Degree,0.02354121208190918,vsp_vibrobox_scagr7-2c_rlfddd,6357,2000,48.75125193595886
1270,Degree,0.0336003303527832,vsp_vibrobox_scagr7-2c_rlfddd,6357,2000,48.75125193595886
1227,Degree,0.023817062377929688,vsp_vibrobox_scagr7-2c_rlfddd,6357,2000,48.75125193595886
1172,Degree,0.003511667251586914,vsp_vibrobox_scagr7-2c_rlfddd,6357,2000,48.75125193595886
1359,Degree,0.015177249908447266,vsp_vibrobox_scagr7-2c_rlfddd,6357,2000,48.75125193595886
1223,Degree,0.013777017593383789,vsp_vibrobox_scagr7-2c_rlfddd,6357,2000,48.75125193595886
1274,Betweenness,0.0178067684173584,vsp_vibrobox_scagr7-2c_rlfddd,6357,2000,48.75125193595886
1217,Betweenness,0.015778779983520508,vsp_vibrobox_scagr7-2c_rlfddd,6357,2000,48.75125193595886
1341,Betweenness,0.015717029571533203,vsp_vibrobox_scagr7-2c_rlfddd,6357,2000,48.75125193595886
1358,Betweenness,0.015859603881835938,vsp_vibrobox_scagr7-2c_rlfddd,6357,2000,48.75125193595886
1360,Betweenness,0.01183772087097168,vsp_vibrobox_scagr7-2c_rlfddd,6357,2000,48.75125193595886
1209,Betweenness,0.02989363670349121,vsp_vibrobox_scagr7-2c_rlfddd,6357,2000,48.75125193595886
1228,Betweenness,0.01578974723815918,vsp_vibrobox_scagr7-2c_rlfddd,6357,2000,48.75125193595886
1199,Betweenness,0.02557516098022461,vsp_vibrobox_scagr7-2c_rlfddd,6357,2000,48.75125193595886
1341,Betweenness,0.015802383422851562,vsp_vibrobox_scagr7-2c_rlfddd,6357,2000,48.75125193595886
1571,Betweenness,0.022166967391967773,vsp_vibrobox_scagr7-2c_rlfddd,6357,2000,48.75125193595886
1357,Betweenness,0.02181243896484375,vsp_vibrobox_scagr7-2c_rlfddd,6357,2000,48.75125193595886
1238,Betweenness,0.015261173248291016,vsp_vibrobox_scagr7-2c_rlfddd,6357,2000,48.75125193595886
1214,Betweenness,0.028673410415649414,vsp_vibrobox_scagr7-2c_rlfddd,6357,2000,48.75125193595886
1475,Betweenness,0.014572620391845703,vsp_vibrobox_scagr7-2c_rlfddd,6357,2000,48.75125193595886
1336,Betweenness,0.015809059143066406,vsp_vibrobox_scagr7-2c_rlfddd,6357,2000,48.75125193595886
1394,Betweenness,0.03310656547546387,vsp_vibrobox_scagr7-2c_rlfddd,6357,2000,48.75125193595886
1380,Betweenness,0.025571823120117188,vsp_vibrobox_scagr7-2c_rlfddd,6357,2000,48.75125193595886
1163,Betweenness,0.023568391799926758,vsp_vibrobox_scagr7-2c_rlfddd,6357,2000,48.75125193595886
1158,Betweenness,0.02381730079650879,vsp_vibrobox_scagr7-2c_rlfddd,6357,2000,48.75125193595886
1287,Betweenness,0.010890960693359375,vsp_vibrobox_scagr7-2c_rlfddd,6357,2000,48.75125193595886
1466,Betweenness,0.03158760070800781,vsp_vibrobox_scagr7-2c_rlfddd,6357,2000,48.75125193595886
1281,Betweenness,0.015867233276367188,vsp_vibrobox_scagr7-2c_rlfddd,6357,2000,48.75125193595886
1289,Betweenness,0.03490567207336426,vsp_vibrobox_scagr7-2c_rlfddd,6357,2000,48.75125193595886
1323,Betweenness,0.015058040618896484,vsp_vibrobox_scagr7-2c_rlfddd,6357,2000,48.75125193595886
1351,Betweenness,0.01378011703491211,vsp_vibrobox_scagr7-2c_rlfddd,6357,2000,48.75125193595886
1226,Betweenness,0.012531042098999023,vsp_vibrobox_scagr7-2c_rlfddd,6357,2000,48.75125193595886
1349,Betweenness,0.031101226806640625,vsp_vibrobox_scagr7-2c_rlfddd,6357,2000,48.75125193595886
1293,Betweenness,0.02964019775390625,vsp_vibrobox_scagr7-2c_rlfddd,6357,2000,48.75125193595886
1224,Betweenness,0.008390188217163086,vsp_vibrobox_scagr7-2c_rlfddd,6357,2000,48.75125193595886
1330,Betweenness,0.01981949806213379,vsp_vibrobox_scagr7-2c_rlfddd,6357,2000,48.75125193595886
1850,Katz Centrality,0.027827739715576172,vsp_vibrobox_scagr7-2c_rlfddd,6357,2000,48.75125193595886
1262,Katz Centrality,0.027832984924316406,vsp_vibrobox_scagr7-2c_rlfddd,6357,2000,48.75125193595886
1610,Katz Centrality,0.005073070526123047,vsp_vibrobox_scagr7-2c_rlfddd,6357,2000,48.75125193595886
1293,Katz Centrality,0.015893936157226562,vsp_vibrobox_scagr7-2c_rlfddd,6357,2000,48.75125193595886
1349,Katz Centrality,0.017603158950805664,vsp_vibrobox_scagr7-2c_rlfddd,6357,2000,48.75125193595886
1227,Katz Centrality,0.01452946662902832,vsp_vibrobox_scagr7-2c_rlfddd,6357,2000,48.75125193595886
1249,Katz Centrality,0.025819778442382812,vsp_vibrobox_scagr7-2c_rlfddd,6357,2000,48.75125193595886
1382,Katz Centrality,0.0,vsp_vibrobox_scagr7-2c_rlfddd,6357,2000,48.75125193595886
1177,Katz Centrality,0.0169069766998291,vsp_vibrobox_scagr7-2c_rlfddd,6357,2000,48.75125193595886
1335,Katz Centrality,0.021916627883911133,vsp_vibrobox_scagr7-2c_rlfddd,6357,2000,48.75125193595886
1765,Katz Centrality,0.021552324295043945,vsp_vibrobox_scagr7-2c_rlfddd,6357,2000,48.75125193595886
1302,Katz Centrality,0.013782262802124023,vsp_vibrobox_scagr7-2c_rlfddd,6357,2000,48.75125193595886
1357,Katz Centrality,0.014044761657714844,vsp_vibrobox_scagr7-2c_rlfddd,6357,2000,48.75125193595886
1306,Katz Centrality,0.022072315216064453,vsp_vibrobox_scagr7-2c_rlfddd,6357,2000,48.75125193595886
1561,Katz Centrality,0.017135143280029297,vsp_vibrobox_scagr7-2c_rlfddd,6357,2000,48.75125193595886
1232,Eigenvector,0.018069982528686523,vsp_vibrobox_scagr7-2c_rlfddd,6357,2000,48.75125193595886
1276,Eigenvector,0.022991180419921875,vsp_vibrobox_scagr7-2c_rlfddd,6357,2000,48.75125193595886
1897,Eigenvector,0.02179694175720215,vsp_vibrobox_scagr7-2c_rlfddd,6357,2000,48.75125193595886
1231,Eigenvector,0.021826982498168945,vsp_vibrobox_scagr7-2c_rlfddd,6357,2000,48.75125193595886
1300,Eigenvector,0.01578807830810547,vsp_vibrobox_scagr7-2c_rlfddd,6357,2000,48.75125193595886
1191,Eigenvector,0.023559093475341797,vsp_vibrobox_scagr7-2c_rlfddd,6357,2000,48.75125193595886
1233,Eigenvector,0.029401779174804688,vsp_vibrobox_scagr7-2c_rlfddd,6357,2000,48.75125193595886
1164,Eigenvector,0.01910686492919922,vsp_vibrobox_scagr7-2c_rlfddd,6357,2000,48.75125193595886
1224,Eigenvector,0.0170440673828125,vsp_vibrobox_scagr7-2c_rlfddd,6357,2000,48.75125193595886
1175,Eigenvector,0.013703584671020508,vsp_vibrobox_scagr7-2c_rlfddd,6357,2000,48.75125193595886
1204,Eigenvector,0.023821115493774414,vsp_vibrobox_scagr7-2c_rlfddd,6357,2000,48.75125193595886
1379,Eigenvector,0.023827075958251953,vsp_vibrobox_scagr7-2c_rlfddd,6357,2000,48.75125193595886
1434,Eigenvector,0.025836467742919922,vsp_vibrobox_scagr7-2c_rlfddd,6357,2000,48.75125193595886
1352,Eigenvector,0.0150299072265625,vsp_vibrobox_scagr7-2c_rlfddd,6357,2000,48.75125193595886
1284,Eigenvector,0.012562036514282227,vsp_vibrobox_scagr7-2c_rlfddd,6357,2000,48.75125193595886
1165,Degree,0.02082681655883789,vsp_vibrobox_scagr7-2c_rlfddd,6357,2000,48.75125193595886
1347,Degree,0.010416746139526367,vsp_vibrobox_scagr7-2c_rlfddd,6357,2000,48.75125193595886
1274,Degree,0.017688751220703125,vsp_vibrobox_scagr7-2c_rlfddd,6357,2000,48.75125193595886
1267,Degree,0.026157855987548828,vsp_vibrobox_scagr7-2c_rlfddd,6357,2000,48.75125193595886
1270,Degree,0.015671730041503906,vsp_vibrobox_scagr7-2c_rlfddd,6357,2000,48.75125193595886
1697,Degree,0.01574540138244629,vsp_vibrobox_scagr7-2c_rlfddd,6357,2000,48.75125193595886
1213,Degree,0.0239717960357666,vsp_vibrobox_scagr7-2c_rlfddd,6357,2000,48.75125193595886
1295,Degree,0.01452493667602539,vsp_vibrobox_scagr7-2c_rlfddd,6357,2000,48.75125193595886
1400,Degree,0.30662989616394043,vsp_vibrobox_scagr7-2c_rlfddd,6357,2000,48.75125193595886
1163,Degree,0.010025978088378906,vsp_vibrobox_scagr7-2c_rlfddd,6357,2000,48.75125193595886
1203,Degree,0.013254404067993164,vsp_vibrobox_scagr7-2c_rlfddd,6357,2000,48.75125193595886
1138,Degree,0.02054619789123535,vsp_vibrobox_scagr7-2c_rlfddd,6357,2000,48.75125193595886
1244,Degree,0.013775110244750977,vsp_vibrobox_scagr7-2c_rlfddd,6357,2000,48.75125193595886
1211,Degree,0.016054630279541016,vsp_vibrobox_scagr7-2c_rlfddd,6357,2000,48.75125193595886
1433,Degree,0.03569984436035156,vsp_vibrobox_scagr7-2c_rlfddd,6357,2000,48.75125193595886
1778,Katz Centrality,0.025383710861206055,vsp_vibrobox_scagr7-2c_rlfddd,6357,2000,48.75125193595886
1198,Katz Centrality,0.027856111526489258,vsp_vibrobox_scagr7-2c_rlfddd,6357,2000,48.75125193595886
1291,Katz Centrality,0.0277559757232666,vsp_vibrobox_scagr7-2c_rlfddd,6357,2000,48.75125193595886
1711,Katz Centrality,0.027848482131958008,vsp_vibrobox_scagr7-2c_rlfddd,6357,2000,48.75125193595886
1231,Katz Centrality,0.02557206153869629,vsp_vibrobox_scagr7-2c_rlfddd,6357,2000,48.75125193595886
1282,Katz Centrality,0.01708388328552246,vsp_vibrobox_scagr7-2c_rlfddd,6357,2000,48.75125193595886
1348,Katz Centrality,0.016007661819458008,vsp_vibrobox_scagr7-2c_rlfddd,6357,2000,48.75125193595886
1430,Katz Centrality,0.017894983291625977,vsp_vibrobox_scagr7-2c_rlfddd,6357,2000,48.75125193595886
1699,Katz Centrality,0.014043092727661133,vsp_vibrobox_scagr7-2c_rlfddd,6357,2000,48.75125193595886
1325,Katz Centrality,0.014042377471923828,vsp_vibrobox_scagr7-2c_rlfddd,6357,2000,48.75125193595886
1346,Katz Centrality,0.013790607452392578,vsp_vibrobox_scagr7-2c_rlfddd,6357,2000,48.75125193595886
1604,Katz Centrality,0.013776779174804688,vsp_vibrobox_scagr7-2c_rlfddd,6357,2000,48.75125193595886
1352,Katz Centrality,0.013773679733276367,vsp_vibrobox_scagr7-2c_rlfddd,6357,2000,48.75125193595886
1210,Katz Centrality,0.03162384033203125,vsp_vibrobox_scagr7-2c_rlfddd,6357,2000,48.75125193595886
1747,Katz Centrality,0.013788938522338867,vsp_vibrobox_scagr7-2c_rlfddd,6357,2000,48.75125193595886
494,PageRank,0.024178504943847656,worms20_10NN,11562,2000,73.77209830284119
664,PageRank,0.04987621307373047,worms20_10NN,11562,2000,73.77209830284119
365,PageRank,0.028989553451538086,worms20_10NN,11562,2000,73.77209830284119
567,PageRank,0.03482508659362793,worms20_10NN,11562,2000,73.77209830284119
540,PageRank,0.05329179763793945,worms20_10NN,11562,2000,73.77209830284119
355,PageRank,0.041938066482543945,worms20_10NN,11562,2000,73.77209830284119
630,PageRank,0.019537925720214844,worms20_10NN,11562,2000,73.77209830284119
503,PageRank,0.031571149826049805,worms20_10NN,11562,2000,73.77209830284119
492,PageRank,0.04745650291442871,worms20_10NN,11562,2000,73.77209830284119
549,PageRank,0.02179574966430664,worms20_10NN,11562,2000,73.77209830284119
470,PageRank,0.01575446128845215,worms20_10NN,11562,2000,73.77209830284119
517,PageRank,0.3429408073425293,worms20_10NN,11562,2000,73.77209830284119
364,PageRank,0.021806955337524414,worms20_10NN,11562,2000,73.77209830284119
553,PageRank,0.03946328163146973,worms20_10NN,11562,2000,73.77209830284119
530,PageRank,0.035666465759277344,worms20_10NN,11562,2000,73.77209830284119
470,Katz Centrality,0.04138994216918945,worms20_10NN,11562,2000,73.77209830284119
354,Katz Centrality,0.02925276756286621,worms20_10NN,11562,2000,73.77209830284119
740,Katz Centrality,0.03358936309814453,worms20_10NN,11562,2000,73.77209830284119
503,Katz Centrality,0.01978611946105957,worms20_10NN,11562,2000,73.77209830284119
481,Katz Centrality,0.04028964042663574,worms20_10NN,11562,2000,73.77209830284119
436,Katz Centrality,0.031583309173583984,worms20_10NN,11562,2000,73.77209830284119
604,Katz Centrality,0.031579017639160156,worms20_10NN,11562,2000,73.77209830284119
349,Katz Centrality,0.013677835464477539,worms20_10NN,11562,2000,73.77209830284119
410,Katz Centrality,0.027240991592407227,worms20_10NN,11562,2000,73.77209830284119
562,Katz Centrality,0.0157315731048584,worms20_10NN,11562,2000,73.77209830284119
496,Katz Centrality,0.02758479118347168,worms20_10NN,11562,2000,73.77209830284119
500,Katz Centrality,0.030811548233032227,worms20_10NN,11562,2000,73.77209830284119
376,Katz Centrality,0.028476238250732422,worms20_10NN,11562,2000,73.77209830284119
439,Katz Centrality,0.03358149528503418,worms20_10NN,11562,2000,73.77209830284119
369,Katz Centrality,0.027576923370361328,worms20_10NN,11562,2000,73.77209830284119
418,Closeness,0.029285907745361328,worms20_10NN,11562,2000,73.77209830284119
438,Closeness,0.0218203067779541,worms20_10NN,11562,2000,73.77209830284119
364,Closeness,0.04381108283996582,worms20_10NN,11562,2000,73.77209830284119
586,Closeness,0.03038763999938965,worms20_10NN,11562,2000,73.77209830284119
400,Closeness,0.014054536819458008,worms20_10NN,11562,2000,73.77209830284119
583,Closeness,0.03173542022705078,worms20_10NN,11562,2000,73.77209830284119
472,Closeness,0.015774250030517578,worms20_10NN,11562,2000,73.77209830284119
427,Closeness,0.03609156608581543,worms20_10NN,11562,2000,73.77209830284119
618,Closeness,0.02528548240661621,worms20_10NN,11562,2000,73.77209830284119
500,Closeness,0.04761481285095215,worms20_10NN,11562,2000,73.77209830284119
311,Closeness,0.03403449058532715,worms20_10NN,11562,2000,73.77209830284119
491,Closeness,0.04963374137878418,worms20_10NN,11562,2000,73.77209830284119
340,Closeness,0.0502161979675293,worms20_10NN,11562,2000,73.77209830284119
364,Closeness,0.018456697463989258,worms20_10NN,11562,2000,73.77209830284119
506,Closeness,0.03039693832397461,worms20_10NN,11562,2000,73.77209830284119
529,Degree,0.045575618743896484,worms20_10NN,11562,2000,73.77209830284119
489,Degree,0.015780210494995117,worms20_10NN,11562,2000,73.77209830284119
516,Degree,0.023904800415039062,worms20_10NN,11562,2000,73.77209830284119
323,Degree,0.02355670928955078,worms20_10NN,11562,2000,73.77209830284119
471,Degree,0.025572538375854492,worms20_10NN,11562,2000,73.77209830284119
418,Degree,0.02584695816040039,worms20_10NN,11562,2000,73.77209830284119
325,Degree,0.04168128967285156,worms20_10NN,11562,2000,73.77209830284119
575,Degree,0.03151655197143555,worms20_10NN,11562,2000,73.77209830284119
471,Degree,0.023311614990234375,worms20_10NN,11562,2000,73.77209830284119
518,Degree,0.022063732147216797,worms20_10NN,11562,2000,73.77209830284119
532,Degree,0.04328727722167969,worms20_10NN,11562,2000,73.77209830284119
402,Degree,0.31192779541015625,worms20_10NN,11562,2000,73.77209830284119
466,Degree,0.02965378761291504,worms20_10NN,11562,2000,73.77209830284119
388,Degree,0.03158068656921387,worms20_10NN,11562,2000,73.77209830284119
494,Degree,0.03861069679260254,worms20_10NN,11562,2000,73.77209830284119
413,PageRank,0.02469158172607422,worms20_10NN,11562,2000,73.77209830284119
488,PageRank,0.04464149475097656,worms20_10NN,11562,2000,73.77209830284119
313,PageRank,0.043688058853149414,worms20_10NN,11562,2000,73.77209830284119
457,PageRank,0.02355194091796875,worms20_10NN,11562,2000,73.77209830284119
564,PageRank,0.03961801528930664,worms20_10NN,11562,2000,73.77209830284119
703,PageRank,0.01981830596923828,worms20_10NN,11562,2000,73.77209830284119
501,PageRank,0.03772473335266113,worms20_10NN,11562,2000,73.77209830284119
536,PageRank,0.03560805320739746,worms20_10NN,11562,2000,73.77209830284119
415,PageRank,0.023819923400878906,worms20_10NN,11562,2000,73.77209830284119
476,PageRank,0.04164838790893555,worms20_10NN,11562,2000,73.77209830284119
588,PageRank,0.03560662269592285,worms20_10NN,11562,2000,73.77209830284119
594,PageRank,0.035369157791137695,worms20_10NN,11562,2000,73.77209830284119
467,PageRank,0.031638145446777344,worms20_10NN,11562,2000,73.77209830284119
524,PageRank,0.012987136840820312,worms20_10NN,11562,2000,73.77209830284119
425,PageRank,0.030492782592773438,worms20_10NN,11562,2000,73.77209830284119
487,Closeness,0.03726649284362793,worms20_10NN,11562,2000,73.77209830284119
511,Closeness,0.04167652130126953,worms20_10NN,11562,2000,73.77209830284119
515,Closeness,0.03186607360839844,worms20_10NN,11562,2000,73.77209830284119
400,Closeness,0.02380847930908203,worms20_10NN,11562,2000,73.77209830284119
612,Closeness,0.040128469467163086,worms20_10NN,11562,2000,73.77209830284119
574,Closeness,0.03860974311828613,worms20_10NN,11562,2000,73.77209830284119
394,Closeness,0.029726505279541016,worms20_10NN,11562,2000,73.77209830284119
337,Closeness,0.0396878719329834,worms20_10NN,11562,2000,73.77209830284119
378,Closeness,0.039365291595458984,worms20_10NN,11562,2000,73.77209830284119
389,Closeness,0.033101558685302734,worms20_10NN,11562,2000,73.77209830284119
618,Closeness,0.0376131534576416,worms20_10NN,11562,2000,73.77209830284119
380,Closeness,0.03558802604675293,worms20_10NN,11562,2000,73.77209830284119
346,Closeness,0.0434422492980957,worms20_10NN,11562,2000,73.77209830284119
395,Closeness,0.03169560432434082,worms20_10NN,11562,2000,73.77209830284119
367,Closeness,0.03764796257019043,worms20_10NN,11562,2000,73.77209830284119
370,PageRank,0.038127899169921875,worms20_10NN,11562,2000,73.77209830284119
467,PageRank,0.04167604446411133,worms20_10NN,11562,2000,73.77209830284119
339,PageRank,0.041626691818237305,worms20_10NN,11562,2000,73.77209830284119
482,PageRank,0.031912803649902344,worms20_10NN,11562,2000,73.77209830284119
432,PageRank,0.2258446216583252,worms20_10NN,11562,2000,73.77209830284119
478,PageRank,0.03648781776428223,worms20_10NN,11562,2000,73.77209830284119
423,PageRank,0.04136967658996582,worms20_10NN,11562,2000,73.77209830284119
737,PageRank,0.04553055763244629,worms20_10NN,11562,2000,73.77209830284119
448,PageRank,0.031641244888305664,worms20_10NN,11562,2000,73.77209830284119
394,PageRank,0.031794071197509766,worms20_10NN,11562,2000,73.77209830284119
528,PageRank,0.035523176193237305,worms20_10NN,11562,2000,73.77209830284119
411,PageRank,0.03166961669921875,worms20_10NN,11562,2000,73.77209830284119
642,PageRank,0.032801151275634766,worms20_10NN,11562,2000,73.77209830284119
448,PageRank,0.03266453742980957,worms20_10NN,11562,2000,73.77209830284119
502,PageRank,0.04841184616088867,worms20_10NN,11562,2000,73.77209830284119
569,Degree,0.017114877700805664,worms20_10NN,11562,2000,73.77209830284119
412,Degree,0.05781388282775879,worms20_10NN,11562,2000,73.77209830284119
382,Degree,0.023802995681762695,worms20_10NN,11562,2000,73.77209830284119
451,Degree,0.03143024444580078,worms20_10NN,11562,2000,73.77209830284119
359,Degree,0.04064464569091797,worms20_10NN,11562,2000,73.77209830284119
556,Degree,0.03757357597351074,worms20_10NN,11562,2000,73.77209830284119
297,Degree,0.028809785842895508,worms20_10NN,11562,2000,73.77209830284119
454,Degree,0.035851240158081055,worms20_10NN,11562,2000,73.77209830284119
318,Degree,0.03384757041931152,worms20_10NN,11562,2000,73.77209830284119
502,Degree,0.024606943130493164,worms20_10NN,11562,2000,73.77209830284119
639,Degree,0.0238189697265625,worms20_10NN,11562,2000,73.77209830284119
375,Degree,0.04143548011779785,worms20_10NN,11562,2000,73.77209830284119
492,Degree,0.049530029296875,worms20_10NN,11562,2000,73.77209830284119
375,Degree,0.03570294380187988,worms20_10NN,11562,2000,73.77209830284119
490,Degree,0.015966415405273438,worms20_10NN,11562,2000,73.77209830284119
438,Betweenness,0.08246588706970215,worms20_10NN,11562,2000,73.77209830284119
482,Betweenness,0.025574922561645508,worms20_10NN,11562,2000,73.77209830284119
373,Betweenness,0.025027751922607422,worms20_10NN,11562,2000,73.77209830284119
819,Betweenness,0.04361605644226074,worms20_10NN,11562,2000,73.77209830284119
363,Betweenness,0.021793603897094727,worms20_10NN,11562,2000,73.77209830284119
345,Betweenness,0.03361153602600098,worms20_10NN,11562,2000,73.77209830284119
359,Betweenness,0.01981329917907715,worms20_10NN,11562,2000,73.77209830284119
413,Betweenness,0.02960515022277832,worms20_10NN,11562,2000,73.77209830284119
313,Betweenness,0.03568673133850098,worms20_10NN,11562,2000,73.77209830284119
366,Betweenness,0.03802895545959473,worms20_10NN,11562,2000,73.77209830284119
370,Betweenness,0.03357577323913574,worms20_10NN,11562,2000,73.77209830284119
596,Betweenness,0.03157401084899902,worms20_10NN,11562,2000,73.77209830284119
368,Betweenness,0.030067920684814453,worms20_10NN,11562,2000,73.77209830284119
635,Betweenness,0.016446828842163086,worms20_10NN,11562,2000,73.77209830284119
786,Betweenness,0.015218973159790039,worms20_10NN,11562,2000,73.77209830284119
536,Betweenness,0.020646333694458008,worms20_10NN,11562,2000,73.77209830284119
368,Betweenness,0.025248289108276367,worms20_10NN,11562,2000,73.77209830284119
382,Betweenness,0.03761148452758789,worms20_10NN,11562,2000,73.77209830284119
462,Betweenness,0.03581976890563965,worms20_10NN,11562,2000,73.77209830284119
566,Betweenness,0.015839099884033203,worms20_10NN,11562,2000,73.77209830284119
480,Betweenness,0.027800798416137695,worms20_10NN,11562,2000,73.77209830284119
461,Betweenness,0.021541357040405273,worms20_10NN,11562,2000,73.77209830284119
498,Betweenness,0.01377415657043457,worms20_10NN,11562,2000,73.77209830284119
776,Betweenness,0.03200864791870117,worms20_10NN,11562,2000,73.77209830284119
505,Betweenness,0.02252936363220215,worms20_10NN,11562,2000,73.77209830284119
472,Betweenness,0.035104990005493164,worms20_10NN,11562,2000,73.77209830284119
459,Betweenness,0.029652118682861328,worms20_10NN,11562,2000,73.77209830284119
379,Betweenness,0.01607966423034668,worms20_10NN,11562,2000,73.77209830284119
676,Betweenness,0.018999814987182617,worms20_10NN,11562,2000,73.77209830284119
371,Betweenness,0.033583641052246094,worms20_10NN,11562,2000,73.77209830284119
381,PageRank,0.026113033294677734,worms20_10NN,11562,2000,73.77209830284119
410,PageRank,0.02381610870361328,worms20_10NN,11562,2000,73.77209830284119
453,PageRank,0.0319209098815918,worms20_10NN,11562,2000,73.77209830284119
454,PageRank,0.029593467712402344,worms20_10NN,11562,2000,73.77209830284119
469,PageRank,0.02557229995727539,worms20_10NN,11562,2000,73.77209830284119
727,PageRank,0.03725695610046387,worms20_10NN,11562,2000,73.77209830284119
502,PageRank,0.03157663345336914,worms20_10NN,11562,2000,73.77209830284119
494,PageRank,0.03676342964172363,worms20_10NN,11562,2000,73.77209830284119
421,PageRank,0.016704082489013672,worms20_10NN,11562,2000,73.77209830284119
399,PageRank,0.03333449363708496,worms20_10NN,11562,2000,73.77209830284119
370,PageRank,0.014578104019165039,worms20_10NN,11562,2000,73.77209830284119
485,PageRank,0.021811246871948242,worms20_10NN,11562,2000,73.77209830284119
452,PageRank,0.021552085876464844,worms20_10NN,11562,2000,73.77209830284119
393,PageRank,0.031130552291870117,worms20_10NN,11562,2000,73.77209830284119
470,PageRank,0.0408937931060791,worms20_10NN,11562,2000,73.77209830284119
389,Katz Centrality,0.027387380599975586,worms20_10NN,11562,2000,73.77209830284119
543,Katz Centrality,0.024346590042114258,worms20_10NN,11562,2000,73.77209830284119
466,Katz Centrality,0.029326677322387695,worms20_10NN,11562,2000,73.77209830284119
408,Katz Centrality,0.03559374809265137,worms20_10NN,11562,2000,73.77209830284119
304,Katz Centrality,0.020615100860595703,worms20_10NN,11562,2000,73.77209830284119
474,Katz Centrality,0.021544694900512695,worms20_10NN,11562,2000,73.77209830284119
372,Katz Centrality,0.019797086715698242,worms20_10NN,11562,2000,73.77209830284119
535,Katz Centrality,0.03533291816711426,worms20_10NN,11562,2000,73.77209830284119
526,Katz Centrality,0.03136086463928223,worms20_10NN,11562,2000,73.77209830284119
476,Katz Centrality,0.03766655921936035,worms20_10NN,11562,2000,73.77209830284119
537,Katz Centrality,0.025235414505004883,worms20_10NN,11562,2000,73.77209830284119
500,Katz Centrality,0.015639066696166992,worms20_10NN,11562,2000,73.77209830284119
567,Katz Centrality,0.028688907623291016,worms20_10NN,11562,2000,73.77209830284119
366,Katz Centrality,0.029528141021728516,worms20_10NN,11562,2000,73.77209830284119
380,Katz Centrality,0.03946185111999512,worms20_10NN,11562,2000,73.77209830284119
482,Degree,0.03506159782409668,worms20_10NN,11562,2000,73.77209830284119
522,Degree,0.02331233024597168,worms20_10NN,11562,2000,73.77209830284119
437,Degree,0.01782083511352539,worms20_10NN,11562,2000,73.77209830284119
620,Degree,0.03827476501464844,worms20_10NN,11562,2000,73.77209830284119
471,Degree,0.029326438903808594,worms20_10NN,11562,2000,73.77209830284119
351,Degree,0.005757570266723633,worms20_10NN,11562,2000,73.77209830284119
435,Degree,0.02984762191772461,worms20_10NN,11562,2000,73.77209830284119
478,Degree,0.03761768341064453,worms20_10NN,11562,2000,73.77209830284119
352,Degree,0.021555185317993164,worms20_10NN,11562,2000,73.77209830284119
492,Degree,0.03181290626525879,worms20_10NN,11562,2000,73.77209830284119
500,Degree,0.04860067367553711,worms20_10NN,11562,2000,73.77209830284119
469,Degree,0.02254509925842285,worms20_10NN,11562,2000,73.77209830284119
428,Degree,0.019783735275268555,worms20_10NN,11562,2000,73.77209830284119
364,Degree,0.021805286407470703,worms20_10NN,11562,2000,73.77209830284119
380,Degree,0.01759624481201172,worms20_10NN,11562,2000,73.77209830284119
556,Closeness,0.04405784606933594,worms20_10NN,11562,2000,73.77209830284119
360,Closeness,0.03362679481506348,worms20_10NN,11562,2000,73.77209830284119
417,Closeness,0.009766817092895508,worms20_10NN,11562,2000,73.77209830284119
357,Closeness,0.03373599052429199,worms20_10NN,11562,2000,73.77209830284119
497,Closeness,0.031879425048828125,worms20_10NN,11562,2000,73.77209830284119
579,Closeness,0.047608375549316406,worms20_10NN,11562,2000,73.77209830284119
346,Closeness,0.03158235549926758,worms20_10NN,11562,2000,73.77209830284119
466,Closeness,0.03167104721069336,worms20_10NN,11562,2000,73.77209830284119
554,Closeness,0.26920318603515625,worms20_10NN,11562,2000,73.77209830284119
426,Closeness,0.01587677001953125,worms20_10NN,11562,2000,73.77209830284119
303,Closeness,0.02130746841430664,worms20_10NN,11562,2000,73.77209830284119
392,Closeness,0.03188633918762207,worms20_10NN,11562,2000,73.77209830284119
420,Closeness,0.0476984977722168,worms20_10NN,11562,2000,73.77209830284119
355,Closeness,0.019734621047973633,worms20_10NN,11562,2000,73.77209830284119
495,Closeness,0.01604914665222168,worms20_10NN,11562,2000,73.77209830284119
471,Eigenvector,0.039287567138671875,worms20_10NN,11562,2000,73.77209830284119
449,Eigenvector,0.03334927558898926,worms20_10NN,11562,2000,73.77209830284119
363,Eigenvector,0.032140254974365234,worms20_10NN,11562,2000,73.77209830284119
473,Eigenvector,0.0238039493560791,worms20_10NN,11562,2000,73.77209830284119
381,Eigenvector,0.36609506607055664,worms20_10NN,11562,2000,73.77209830284119
471,Eigenvector,0.04985761642456055,worms20_10NN,11562,2000,73.77209830284119
468,Eigenvector,0.016653060913085938,worms20_10NN,11562,2000,73.77209830284119
541,Eigenvector,0.052001953125,worms20_10NN,11562,2000,73.77209830284119
492,Eigenvector,0.054082632064819336,worms20_10NN,11562,2000,73.77209830284119
643,Eigenvector,0.057038307189941406,worms20_10NN,11562,2000,73.77209830284119
668,Eigenvector,0.0606997013092041,worms20_10NN,11562,2000,73.77209830284119
504,Eigenvector,0.0648343563079834,worms20_10NN,11562,2000,73.77209830284119
407,Eigenvector,0.07117509841918945,worms20_10NN,11562,2000,73.77209830284119
440,Eigenvector,0.07684755325317383,worms20_10NN,11562,2000,73.77209830284119
707,Eigenvector,0.07726883888244629,worms20_10NN,11562,2000,73.77209830284119
437,Betweenness,0.07000899314880371,worms20_10NN,11562,2000,73.77209830284119
426,Betweenness,0.48027801513671875,worms20_10NN,11562,2000,73.77209830284119
289,Betweenness,0.06962442398071289,worms20_10NN,11562,2000,73.77209830284119
359,Betweenness,0.4357733726501465,worms20_10NN,11562,2000,73.77209830284119
461,Betweenness,0.05896925926208496,worms20_10NN,11562,2000,73.77209830284119
491,Betweenness,0.06184649467468262,worms20_10NN,11562,2000,73.77209830284119
725,Betweenness,0.06982684135437012,worms20_10NN,11562,2000,73.77209830284119
404,Betweenness,0.054816484451293945,worms20_10NN,11562,2000,73.77209830284119
563,Betweenness,0.05782055854797363,worms20_10NN,11562,2000,73.77209830284119
288,Betweenness,0.04961347579956055,worms20_10NN,11562,2000,73.77209830284119
493,Betweenness,0.3909282684326172,worms20_10NN,11562,2000,73.77209830284119
379,Betweenness,0.02987074851989746,worms20_10NN,11562,2000,73.77209830284119
347,Betweenness,0.015842914581298828,worms20_10NN,11562,2000,73.77209830284119
520,Betweenness,0.025818586349487305,worms20_10NN,11562,2000,73.77209830284119
367,Betweenness,0.016460418701171875,worms20_10NN,11562,2000,73.77209830284119
589,Katz Centrality,0.040935516357421875,worms20_10NN,11562,2000,73.77209830284119
345,Katz Centrality,0.03472542762756348,worms20_10NN,11562,2000,73.77209830284119
624,Katz Centrality,0.025561094284057617,worms20_10NN,11562,2000,73.77209830284119
307,Katz Centrality,0.03762340545654297,worms20_10NN,11562,2000,73.77209830284119
315,Katz Centrality,0.01584029197692871,worms20_10NN,11562,2000,73.77209830284119
458,Katz Centrality,0.2707679271697998,worms20_10NN,11562,2000,73.77209830284119
481,Katz Centrality,0.04400229454040527,worms20_10NN,11562,2000,73.77209830284119
298,Katz Centrality,0.035718441009521484,worms20_10NN,11562,2000,73.77209830284119
406,Katz Centrality,0.037574052810668945,worms20_10NN,11562,2000,73.77209830284119
406,Katz Centrality,0.03373408317565918,worms20_10NN,11562,2000,73.77209830284119
471,Katz Centrality,0.0355992317199707,worms20_10NN,11562,2000,73.77209830284119
570,Katz Centrality,0.0335848331451416,worms20_10NN,11562,2000,73.77209830284119
276,Katz Centrality,0.02576899528503418,worms20_10NN,11562,2000,73.77209830284119
379,Katz Centrality,0.03303384780883789,worms20_10NN,11562,2000,73.77209830284119
553,Katz Centrality,0.03559088706970215,worms20_10NN,11562,2000,73.77209830284119
560,Eigenvector,0.025709867477416992,worms20_10NN,11562,2000,73.77209830284119
460,Eigenvector,0.03962588310241699,worms20_10NN,11562,2000,73.77209830284119
395,Eigenvector,0.03929591178894043,worms20_10NN,11562,2000,73.77209830284119
784,Eigenvector,0.04284262657165527,worms20_10NN,11562,2000,73.77209830284119
363,Eigenvector,0.02013564109802246,worms20_10NN,11562,2000,73.77209830284119
415,Eigenvector,0.03951716423034668,worms20_10NN,11562,2000,73.77209830284119
480,Eigenvector,0.03936433792114258,worms20_10NN,11562,2000,73.77209830284119
391,Eigenvector,0.4408106803894043,worms20_10NN,11562,2000,73.77209830284119
411,Eigenvector,0.024144649505615234,worms20_10NN,11562,2000,73.77209830284119
456,Eigenvector,0.05179238319396973,worms20_10NN,11562,2000,73.77209830284119
372,Eigenvector,0.016649723052978516,worms20_10NN,11562,2000,73.77209830284119
288,Eigenvector,0.03761100769042969,worms20_10NN,11562,2000,73.77209830284119
455,Eigenvector,0.027610301971435547,worms20_10NN,11562,2000,73.77209830284119
471,Eigenvector,0.04373478889465332,worms20_10NN,11562,2000,73.77209830284119
508,Eigenvector,0.035608530044555664,worms20_10NN,11562,2000,73.77209830284119
449,PageRank,0.051015615463256836,worms20_10NN,11562,2000,73.77209830284119
355,PageRank,0.05899214744567871,worms20_10NN,11562,2000,73.77209830284119
486,PageRank,0.047391414642333984,worms20_10NN,11562,2000,73.77209830284119
630,PageRank,0.046878814697265625,worms20_10NN,11562,2000,73.77209830284119
313,PageRank,0.04295849800109863,worms20_10NN,11562,2000,73.77209830284119
357,PageRank,0.05115008354187012,worms20_10NN,11562,2000,73.77209830284119
499,PageRank,0.04761791229248047,worms20_10NN,11562,2000,73.77209830284119
327,PageRank,0.05166482925415039,worms20_10NN,11562,2000,73.77209830284119
511,PageRank,0.0337519645690918,worms20_10NN,11562,2000,73.77209830284119
514,PageRank,0.04974770545959473,worms20_10NN,11562,2000,73.77209830284119
438,PageRank,0.03541231155395508,worms20_10NN,11562,2000,73.77209830284119
422,PageRank,0.3502349853515625,worms20_10NN,11562,2000,73.77209830284119
486,PageRank,0.03174996376037598,worms20_10NN,11562,2000,73.77209830284119
363,PageRank,0.03162741661071777,worms20_10NN,11562,2000,73.77209830284119
418,PageRank,0.041626930236816406,worms20_10NN,11562,2000,73.77209830284119
500,Eigenvector,0.024889707565307617,worms20_10NN,11562,2000,73.77209830284119
503,Eigenvector,0.042253971099853516,worms20_10NN,11562,2000,73.77209830284119
468,Eigenvector,0.04247021675109863,worms20_10NN,11562,2000,73.77209830284119
321,Eigenvector,0.03172755241394043,worms20_10NN,11562,2000,73.77209830284119
421,Eigenvector,0.01582193374633789,worms20_10NN,11562,2000,73.77209830284119
573,Eigenvector,0.03170156478881836,worms20_10NN,11562,2000,73.77209830284119
476,Eigenvector,0.033655405044555664,worms20_10NN,11562,2000,73.77209830284119
575,Eigenvector,0.04874157905578613,worms20_10NN,11562,2000,73.77209830284119
392,Eigenvector,0.03362250328063965,worms20_10NN,11562,2000,73.77209830284119
558,Eigenvector,0.03162074089050293,worms20_10NN,11562,2000,73.77209830284119
454,Eigenvector,0.020795583724975586,worms20_10NN,11562,2000,73.77209830284119
404,Eigenvector,0.015113115310668945,worms20_10NN,11562,2000,73.77209830284119
384,Eigenvector,0.015783071517944336,worms20_10NN,11562,2000,73.77209830284119
476,Eigenvector,0.015826702117919922,worms20_10NN,11562,2000,73.77209830284119
448,Eigenvector,0.037467002868652344,worms20_10NN,11562,2000,73.77209830284119
488,Katz Centrality,0.03236103057861328,worms20_10NN,11562,2000,73.77209830284119
382,Katz Centrality,0.03559446334838867,worms20_10NN,11562,2000,73.77209830284119
441,Katz Centrality,0.0386509895324707,worms20_10NN,11562,2000,73.77209830284119
386,Katz Centrality,0.03426194190979004,worms20_10NN,11562,2000,73.77209830284119
422,Katz Centrality,0.036356210708618164,worms20_10NN,11562,2000,73.77209830284119
551,Katz Centrality,0.03129839897155762,worms20_10NN,11562,2000,73.77209830284119
350,Katz Centrality,0.01529693603515625,worms20_10NN,11562,2000,73.77209830284119
462,Katz Centrality,0.03248453140258789,worms20_10NN,11562,2000,73.77209830284119
426,Katz Centrality,0.025713205337524414,worms20_10NN,11562,2000,73.77209830284119
461,Katz Centrality,0.01917576789855957,worms20_10NN,11562,2000,73.77209830284119
520,Katz Centrality,0.0318605899810791,worms20_10NN,11562,2000,73.77209830284119
448,Katz Centrality,0.041260719299316406,worms20_10NN,11562,2000,73.77209830284119
528,Katz Centrality,0.03564786911010742,worms20_10NN,11562,2000,73.77209830284119
408,Katz Centrality,0.013529300689697266,worms20_10NN,11562,2000,73.77209830284119
637,Katz Centrality,0.023554325103759766,worms20_10NN,11562,2000,73.77209830284119
547,Harmonic Centrality,0.03572368621826172,worms20_10NN,11562,2000,73.77209830284119
437,Harmonic Centrality,0.032063961029052734,worms20_10NN,11562,2000,73.77209830284119
556,Harmonic Centrality,0.024076223373413086,worms20_10NN,11562,2000,73.77209830284119
521,Harmonic Centrality,0.035600900650024414,worms20_10NN,11562,2000,73.77209830284119
554,Harmonic Centrality,0.03559684753417969,worms20_10NN,11562,2000,73.77209830284119
500,Harmonic Centrality,0.033541202545166016,worms20_10NN,11562,2000,73.77209830284119
471,Harmonic Centrality,0.014027833938598633,worms20_10NN,11562,2000,73.77209830284119
419,Harmonic Centrality,0.011752128601074219,worms20_10NN,11562,2000,73.77209830284119
430,Harmonic Centrality,0.03170299530029297,worms20_10NN,11562,2000,73.77209830284119
361,Harmonic Centrality,0.03203845024108887,worms20_10NN,11562,2000,73.77209830284119
292,Harmonic Centrality,0.03533434867858887,worms20_10NN,11562,2000,73.77209830284119
502,Harmonic Centrality,0.036849021911621094,worms20_10NN,11562,2000,73.77209830284119
371,Harmonic Centrality,0.030158519744873047,worms20_10NN,11562,2000,73.77209830284119
312,Harmonic Centrality,0.029417753219604492,worms20_10NN,11562,2000,73.77209830284119
317,Harmonic Centrality,0.02179718017578125,worms20_10NN,11562,2000,73.77209830284119
589,Harmonic Centrality,0.02821516990661621,worms20_10NN,11562,2000,73.77209830284119
394,Harmonic Centrality,0.03161334991455078,worms20_10NN,11562,2000,73.77209830284119
464,Harmonic Centrality,0.014534473419189453,worms20_10NN,11562,2000,73.77209830284119
480,Harmonic Centrality,0.03324747085571289,worms20_10NN,11562,2000,73.77209830284119
397,Harmonic Centrality,0.03591203689575195,worms20_10NN,11562,2000,73.77209830284119
308,Harmonic Centrality,0.027822017669677734,worms20_10NN,11562,2000,73.77209830284119
575,Harmonic Centrality,0.01656937599182129,worms20_10NN,11562,2000,73.77209830284119
428,Harmonic Centrality,0.03515458106994629,worms20_10NN,11562,2000,73.77209830284119
421,Harmonic Centrality,0.038477182388305664,worms20_10NN,11562,2000,73.77209830284119
644,Harmonic Centrality,0.03559231758117676,worms20_10NN,11562,2000,73.77209830284119
577,Harmonic Centrality,0.01895904541015625,worms20_10NN,11562,2000,73.77209830284119
470,Harmonic Centrality,0.030908584594726562,worms20_10NN,11562,2000,73.77209830284119
457,Harmonic Centrality,0.033685922622680664,worms20_10NN,11562,2000,73.77209830284119
527,Harmonic Centrality,0.021543264389038086,worms20_10NN,11562,2000,73.77209830284119
380,Harmonic Centrality,0.019795656204223633,worms20_10NN,11562,2000,73.77209830284119
356,Closeness,0.021483421325683594,worms20_10NN,11562,2000,73.77209830284119
584,Closeness,0.021446704864501953,worms20_10NN,11562,2000,73.77209830284119
413,Closeness,0.015767335891723633,worms20_10NN,11562,2000,73.77209830284119
293,Closeness,0.01582956314086914,worms20_10NN,11562,2000,73.77209830284119
583,Closeness,0.038045406341552734,worms20_10NN,11562,2000,73.77209830284119
320,Closeness,0.032680511474609375,worms20_10NN,11562,2000,73.77209830284119
370,Closeness,0.040313005447387695,worms20_10NN,11562,2000,73.77209830284119
386,Closeness,0.03170919418334961,worms20_10NN,11562,2000,73.77209830284119
429,Closeness,0.04268765449523926,worms20_10NN,11562,2000,73.77209830284119
496,Closeness,0.03615570068359375,worms20_10NN,11562,2000,73.77209830284119
441,Closeness,0.022087574005126953,worms20_10NN,11562,2000,73.77209830284119
455,Closeness,0.03385281562805176,worms20_10NN,11562,2000,73.77209830284119
500,Closeness,0.016161441802978516,worms20_10NN,11562,2000,73.77209830284119
445,Closeness,0.03060007095336914,worms20_10NN,11562,2000,73.77209830284119
475,Closeness,0.049696922302246094,worms20_10NN,11562,2000,73.77209830284119
598,Eigenvector,0.030064821243286133,worms20_10NN,11562,2000,73.77209830284119
394,Eigenvector,0.0328524112701416,worms20_10NN,11562,2000,73.77209830284119
534,Eigenvector,0.03902602195739746,worms20_10NN,11562,2000,73.77209830284119
395,Eigenvector,0.03961682319641113,worms20_10NN,11562,2000,73.77209830284119
478,Eigenvector,0.023814916610717773,worms20_10NN,11562,2000,73.77209830284119
472,Eigenvector,0.023807764053344727,worms20_10NN,11562,2000,73.77209830284119
364,Eigenvector,0.032761573791503906,worms20_10NN,11562,2000,73.77209830284119
481,Eigenvector,0.041983842849731445,worms20_10NN,11562,2000,73.77209830284119
470,Eigenvector,0.03561091423034668,worms20_10NN,11562,2000,73.77209830284119
461,Eigenvector,0.04168534278869629,worms20_10NN,11562,2000,73.77209830284119
494,Eigenvector,0.04654383659362793,worms20_10NN,11562,2000,73.77209830284119
433,Eigenvector,0.03059220314025879,worms20_10NN,11562,2000,73.77209830284119
488,Eigenvector,0.02379775047302246,worms20_10NN,11562,2000,73.77209830284119
454,Eigenvector,0.016880273818969727,worms20_10NN,11562,2000,73.77209830284119
346,Eigenvector,0.03387713432312012,worms20_10NN,11562,2000,73.77209830284119
426,Closeness,0.03558707237243652,worms20_10NN,11562,2000,73.77209830284119
304,Closeness,0.03599429130554199,worms20_10NN,11562,2000,73.77209830284119
501,Closeness,0.033323049545288086,worms20_10NN,11562,2000,73.77209830284119
344,Closeness,0.021816015243530273,worms20_10NN,11562,2000,73.77209830284119
519,Closeness,0.027799129486083984,worms20_10NN,11562,2000,73.77209830284119
528,Closeness,0.03750872611999512,worms20_10NN,11562,2000,73.77209830284119
309,Closeness,0.025809526443481445,worms20_10NN,11562,2000,73.77209830284119
492,Closeness,0.021556615829467773,worms20_10NN,11562,2000,73.77209830284119
318,Closeness,0.02153944969177246,worms20_10NN,11562,2000,73.77209830284119
494,Closeness,0.021564006805419922,worms20_10NN,11562,2000,73.77209830284119
463,Closeness,0.025825023651123047,worms20_10NN,11562,2000,73.77209830284119
397,Closeness,0.031445980072021484,worms20_10NN,11562,2000,73.77209830284119
526,Closeness,0.031661272048950195,worms20_10NN,11562,2000,73.77209830284119
440,Closeness,0.04071927070617676,worms20_10NN,11562,2000,73.77209830284119
349,Closeness,0.04545187950134277,worms20_10NN,11562,2000,73.77209830284119
419,Katz Centrality,0.030060768127441406,worms20_10NN,11562,2000,73.77209830284119
364,Katz Centrality,0.02983856201171875,worms20_10NN,11562,2000,73.77209830284119
567,Katz Centrality,0.031561851501464844,worms20_10NN,11562,2000,73.77209830284119
497,Katz Centrality,0.033119916915893555,worms20_10NN,11562,2000,73.77209830284119
532,Katz Centrality,0.04150581359863281,worms20_10NN,11562,2000,73.77209830284119
517,Katz Centrality,0.040879011154174805,worms20_10NN,11562,2000,73.77209830284119
362,Katz Centrality,0.03586769104003906,worms20_10NN,11562,2000,73.77209830284119
429,Katz Centrality,0.025565147399902344,worms20_10NN,11562,2000,73.77209830284119
358,Katz Centrality,0.02179741859436035,worms20_10NN,11562,2000,73.77209830284119
442,Katz Centrality,0.02551412582397461,worms20_10NN,11562,2000,73.77209830284119
475,Katz Centrality,0.035798072814941406,worms20_10NN,11562,2000,73.77209830284119
499,Katz Centrality,0.03543853759765625,worms20_10NN,11562,2000,73.77209830284119
495,Katz Centrality,0.03554844856262207,worms20_10NN,11562,2000,73.77209830284119
502,Katz Centrality,0.014528989791870117,worms20_10NN,11562,2000,73.77209830284119
416,Katz Centrality,0.015873193740844727,worms20_10NN,11562,2000,73.77209830284119
471,Katz Centrality,0.04174470901489258,worms20_10NN,11562,2000,73.77209830284119
426,Katz Centrality,0.04935956001281738,worms20_10NN,11562,2000,73.77209830284119
477,Katz Centrality,0.033895254135131836,worms20_10NN,11562,2000,73.77209830284119
487,Katz Centrality,0.028966665267944336,worms20_10NN,11562,2000,73.77209830284119
416,Katz Centrality,0.016704797744750977,worms20_10NN,11562,2000,73.77209830284119
384,Katz Centrality,0.25958752632141113,worms20_10NN,11562,2000,73.77209830284119
576,Katz Centrality,0.014525651931762695,worms20_10NN,11562,2000,73.77209830284119
417,Katz Centrality,0.018651962280273438,worms20_10NN,11562,2000,73.77209830284119
532,Katz Centrality,0.02331066131591797,worms20_10NN,11562,2000,73.77209830284119
491,Katz Centrality,0.021815776824951172,worms20_10NN,11562,2000,73.77209830284119
645,Katz Centrality,0.02180194854736328,worms20_10NN,11562,2000,73.77209830284119
420,Katz Centrality,0.0218050479888916,worms20_10NN,11562,2000,73.77209830284119
371,Katz Centrality,0.021797657012939453,worms20_10NN,11562,2000,73.77209830284119
548,Katz Centrality,0.027553319931030273,worms20_10NN,11562,2000,73.77209830284119
473,Katz Centrality,0.019794940948486328,worms20_10NN,11562,2000,73.77209830284119
407,Closeness,0.02455735206604004,worms20_10NN,11562,2000,73.77209830284119
310,Closeness,0.015880584716796875,worms20_10NN,11562,2000,73.77209830284119
357,Closeness,0.015824556350708008,worms20_10NN,11562,2000,73.77209830284119
732,Closeness,0.03302407264709473,worms20_10NN,11562,2000,73.77209830284119
787,Closeness,0.024317264556884766,worms20_10NN,11562,2000,73.77209830284119
396,Closeness,0.02733445167541504,worms20_10NN,11562,2000,73.77209830284119
401,Closeness,0.0293424129486084,worms20_10NN,11562,2000,73.77209830284119
350,Closeness,0.03760409355163574,worms20_10NN,11562,2000,73.77209830284119
349,Closeness,0.021555423736572266,worms20_10NN,11562,2000,73.77209830284119
373,Closeness,0.023795366287231445,worms20_10NN,11562,2000,73.77209830284119
388,Closeness,0.03763389587402344,worms20_10NN,11562,2000,73.77209830284119
598,Closeness,0.040551185607910156,worms20_10NN,11562,2000,73.77209830284119
554,Closeness,0.017668724060058594,worms20_10NN,11562,2000,73.77209830284119
396,Closeness,0.04349398612976074,worms20_10NN,11562,2000,73.77209830284119
304,Closeness,0.01728200912475586,worms20_10NN,11562,2000,73.77209830284119
384,Betweenness,0.03737068176269531,worms20_10NN,11562,2000,73.77209830284119
430,Betweenness,0.03594374656677246,worms20_10NN,11562,2000,73.77209830284119
464,Betweenness,0.04301619529724121,worms20_10NN,11562,2000,73.77209830284119
366,Betweenness,0.030405282974243164,worms20_10NN,11562,2000,73.77209830284119
336,Betweenness,0.01881551742553711,worms20_10NN,11562,2000,73.77209830284119
340,Betweenness,0.03161954879760742,worms20_10NN,11562,2000,73.77209830284119
423,Betweenness,0.015756845474243164,worms20_10NN,11562,2000,73.77209830284119
355,Betweenness,0.030947446823120117,worms20_10NN,11562,2000,73.77209830284119
398,Betweenness,0.035605669021606445,worms20_10NN,11562,2000,73.77209830284119
287,Betweenness,0.021799087524414062,worms20_10NN,11562,2000,73.77209830284119
318,Betweenness,0.023812055587768555,worms20_10NN,11562,2000,73.77209830284119
376,Betweenness,0.030988216400146484,worms20_10NN,11562,2000,73.77209830284119
469,Betweenness,0.035433053970336914,worms20_10NN,11562,2000,73.77209830284119
525,Betweenness,0.03159308433532715,worms20_10NN,11562,2000,73.77209830284119
472,Betweenness,0.03926229476928711,worms20_10NN,11562,2000,73.77209830284119
