graph_id,graph_label,node_id,degree,pagerank
0,1,0,6,0.142857
0,1,1,6,0.142857
0,1,2,6,0.142857
0,1,3,6,0.142857
0,1,4,6,0.142857
0,1,5,6,0.142857
0,1,6,6,0.142857
1,1,0,6,0.072152
1,1,1,6,0.072152
1,1,2,6,0.072152
1,1,3,6,0.072152
1,1,4,12,0.134171
1,1,5,6,0.072152
1,1,6,6,0.072152
1,1,7,6,0.072152
1,1,8,6,0.072152
1,1,9,6,0.072152
1,1,10,6,0.072152
1,1,11,6,0.072152
1,1,12,6,0.072152
2,1,0,6,0.142857
2,1,1,6,0.142857
2,1,2,6,0.142857
2,1,3,6,0.142857
2,1,4,6,0.142857
2,1,5,6,0.142857
2,1,6,6,0.142857
3,1,0,6,0.142857
3,1,1,6,0.142857
3,1,2,6,0.142857
3,1,3,6,0.142857
3,1,4,6,0.142857
3,1,5,6,0.142857
3,1,6,6,0.142857
4,1,0,3,0.070391
4,1,1,6,0.104227
4,1,2,6,0.104227
4,1,3,3,0.070391
4,1,4,6,0.104227
4,1,5,6,0.104227
4,1,6,6,0.104227
4,1,7,9,0.163462
4,1,8,6,0.104227
4,1,9,3,0.070391
5,1,0,3,0.101879
5,1,1,3,0.101879
5,1,2,3,0.101879
5,1,3,4,0.121443
5,1,4,7,0.20859
5,1,5,4,0.121443
5,1,6,4,0.121443
5,1,7,4,0.121443
6,1,0,6,0.142857
6,1,1,6,0.142857
6,1,2,6,0.142857
6,1,3,6,0.142857
6,1,4,6,0.142857
6,1,5,6,0.142857
6,1,6,6,0.142857
7,1,0,3,0.101879
7,1,1,3,0.101879
7,1,2,7,0.20859
7,1,3,4,0.121443
7,1,4,3,0.101879
7,1,5,4,0.121443
7,1,6,4,0.121443
7,1,7,4,0.121443
8,1,0,6,0.072152
8,1,1,6,0.072152
8,1,2,6,0.072152
8,1,3,12,0.134171
8,1,4,6,0.072152
8,1,5,6,0.072152
8,1,6,6,0.072152
8,1,7,6,0.072152
8,1,8,6,0.072152
8,1,9,6,0.072152
8,1,10,6,0.072152
8,1,11,6,0.072152
8,1,12,6,0.072152
9,1,0,5,0.039606
9,1,1,5,0.039606
9,1,2,6,0.043145
9,1,3,4,0.035127
9,1,4,6,0.043145
9,1,5,6,0.043145
9,1,6,6,0.043145
9,1,7,5,0.039606
9,1,8,5,0.039606
9,1,9,5,0.039606
9,1,10,4,0.035127
9,1,11,6,0.043145
9,1,12,6,0.043145
9,1,13,4,0.035127
9,1,14,6,0.043145
9,1,15,6,0.043145
9,1,16,6,0.043145
9,1,17,4,0.035127
9,1,18,21,0.143728
9,1,19,6,0.043145
9,1,20,6,0.043145
9,1,21,6,0.043145
10,1,0,7,0.125
10,1,1,7,0.125
10,1,2,7,0.125
10,1,3,7,0.125
10,1,4,7,0.125
10,1,5,7,0.125
10,1,6,7,0.125
10,1,7,7,0.125
11,1,0,7,0.060019
11,1,1,7,0.060019
11,1,2,7,0.060019
11,1,3,5,0.051291
11,1,4,5,0.051291
11,1,5,4,0.045346
11,1,6,4,0.045346
11,1,7,5,0.051291
11,1,8,16,0.142026
11,1,9,7,0.060019
11,1,10,4,0.045346
11,1,11,7,0.060019
11,1,12,7,0.060019
11,1,13,5,0.051291
11,1,14,5,0.051291
11,1,15,4,0.045346
11,1,16,7,0.060019
12,1,0,7,0.125
12,1,1,7,0.125
12,1,2,7,0.125
12,1,3,7,0.125
12,1,4,7,0.125
12,1,5,7,0.125
12,1,6,7,0.125
12,1,7,7,0.125
13,1,0,21,0.168011
13,1,1,4,0.037679
13,1,2,5,0.042407
13,1,3,5,0.042407
13,1,4,4,0.037242
13,1,5,5,0.042407
13,1,6,4,0.038743
13,1,7,5,0.042407
13,1,8,4,0.037679
13,1,9,3,0.030547
13,1,10,5,0.042407
13,1,11,5,0.042407
13,1,12,4,0.037679
13,1,13,5,0.042407
13,1,14,3,0.030547
13,1,15,5,0.042407
13,1,16,5,0.042407
13,1,17,4,0.037679
13,1,18,4,0.037242
13,1,19,5,0.042407
13,1,20,5,0.045645
13,1,21,4,0.037242
14,1,0,6,0.142857
14,1,1,6,0.142857
14,1,2,6,0.142857
14,1,3,6,0.142857
14,1,4,6,0.142857
14,1,5,6,0.142857
14,1,6,6,0.142857
15,1,0,6,0.060625
15,1,1,6,0.060625
15,1,2,6,0.060625
15,1,3,5,0.055168
15,1,4,6,0.060625
15,1,5,5,0.055168
15,1,6,5,0.057791
15,1,7,5,0.055168
15,1,8,4,0.048142
15,1,9,4,0.048142
15,1,10,6,0.060625
15,1,11,5,0.055168
15,1,12,6,0.065162
15,1,13,6,0.060625
15,1,14,15,0.148197
15,1,15,4,0.048142
16,1,0,6,0.064968
16,1,1,7,0.06933
16,1,2,7,0.06933
16,1,3,6,0.064968
16,1,4,7,0.06933
16,1,5,6,0.064968
16,1,6,7,0.06933
16,1,7,7,0.06933
16,1,8,7,0.06933
16,1,9,7,0.06933
16,1,10,6,0.064968
16,1,11,6,0.064968
16,1,12,13,0.124878
16,1,13,6,0.064968
17,1,0,6,0.142857
17,1,1,6,0.142857
17,1,2,6,0.142857
17,1,3,6,0.142857
17,1,4,6,0.142857
17,1,5,6,0.142857
17,1,6,6,0.142857
18,1,0,8,0.160415
18,1,1,8,0.160415
18,1,2,4,0.088352
18,1,3,4,0.088352
18,1,4,5,0.103528
18,1,5,5,0.103528
18,1,6,4,0.088352
18,1,7,5,0.103528
18,1,8,5,0.103528
19,1,0,7,0.125
19,1,1,7,0.125
19,1,2,7,0.125
19,1,3,7,0.125
19,1,4,7,0.125
19,1,5,7,0.125
19,1,6,7,0.125
19,1,7,7,0.125
20,1,0,11,0.125803
20,1,1,5,0.065309
20,1,2,7,0.081193
20,1,3,7,0.081193
20,1,4,7,0.081193
20,1,5,7,0.081193
20,1,6,5,0.065309
20,1,7,7,0.081193
20,1,8,5,0.065309
20,1,9,11,0.125803
20,1,10,5,0.065309
20,1,11,7,0.081193
21,1,0,23,0.101766
21,1,1,7,0.037042
21,1,2,5,0.031495
21,1,3,7,0.037042
21,1,4,11,0.04377
21,1,5,5,0.031495
21,1,6,5,0.031495
21,1,7,11,0.04377
21,1,8,7,0.037042
21,1,9,11,0.04377
21,1,10,7,0.037042
21,1,11,7,0.037042
21,1,12,7,0.037042
21,1,13,5,0.031495
21,1,14,5,0.031495
21,1,15,11,0.04377
21,1,16,11,0.04377
21,1,17,11,0.04377
21,1,18,11,0.04377
21,1,19,11,0.04377
21,1,20,11,0.04377
21,1,21,11,0.04377
21,1,22,11,0.04377
21,1,23,7,0.037042
22,1,0,8,0.111111
22,1,1,8,0.111111
22,1,2,8,0.111111
22,1,3,8,0.111111
22,1,4,8,0.111111
22,1,5,8,0.111111
22,1,6,8,0.111111
22,1,7,8,0.111111
22,1,8,8,0.111111
23,1,0,5,0.068366
23,1,1,4,0.060755
23,1,2,5,0.068366
23,1,3,4,0.060755
23,1,4,13,0.172132
23,1,5,5,0.068366
23,1,6,4,0.060755
23,1,7,4,0.060755
23,1,8,4,0.060755
23,1,9,5,0.068366
23,1,10,5,0.068366
23,1,11,4,0.060755
23,1,12,4,0.060755
23,1,13,4,0.060755
24,1,0,6,0.142857
24,1,1,6,0.142857
24,1,2,6,0.142857
24,1,3,6,0.142857
24,1,4,6,0.142857
24,1,5,6,0.142857
24,1,6,6,0.142857
25,1,0,5,0.04435
25,1,1,4,0.039447
25,1,2,4,0.039447
25,1,3,4,0.039447
25,1,4,3,0.032
25,1,5,5,0.050656
25,1,6,5,0.04435
25,1,7,3,0.032
25,1,8,4,0.039447
25,1,9,4,0.039447
25,1,10,4,0.039447
25,1,11,3,0.033111
25,1,12,4,0.039447
25,1,13,4,0.039447
25,1,14,3,0.033111
25,1,15,3,0.033111
25,1,16,5,0.04435
25,1,17,5,0.04435
25,1,18,3,0.032
25,1,19,3,0.032
25,1,20,5,0.04435
25,1,21,21,0.184679
26,1,0,37,0.026316
26,1,1,37,0.026316
26,1,2,37,0.026316
26,1,3,37,0.026316
26,1,4,37,0.026316
26,1,5,37,0.026316
26,1,6,37,0.026316
26,1,7,37,0.026316
26,1,8,37,0.026316
26,1,9,37,0.026316
26,1,10,37,0.026316
26,1,11,37,0.026316
26,1,12,37,0.026316
26,1,13,37,0.026316
26,1,14,37,0.026316
26,1,15,37,0.026316
26,1,16,37,0.026316
26,1,17,37,0.026316
26,1,18,37,0.026316
26,1,19,37,0.026316
26,1,20,37,0.026316
26,1,21,37,0.026316
26,1,22,37,0.026316
26,1,23,37,0.026316
26,1,24,37,0.026316
26,1,25,37,0.026316
26,1,26,37,0.026316
26,1,27,37,0.026316
26,1,28,37,0.026316
26,1,29,37,0.026316
26,1,30,37,0.026316
26,1,31,37,0.026316
26,1,32,37,0.026316
26,1,33,37,0.026316
26,1,34,37,0.026316
26,1,35,37,0.026316
26,1,36,37,0.026316
26,1,37,37,0.026316
27,1,0,37,0.026316
27,1,1,37,0.026316
27,1,2,37,0.026316
27,1,3,37,0.026316
27,1,4,37,0.026316
27,1,5,37,0.026316
27,1,6,37,0.026316
27,1,7,37,0.026316
27,1,8,37,0.026316
27,1,9,37,0.026316
27,1,10,37,0.026316
27,1,11,37,0.026316
27,1,12,37,0.026316
27,1,13,37,0.026316
27,1,14,37,0.026316
27,1,15,37,0.026316
27,1,16,37,0.026316
27,1,17,37,0.026316
27,1,18,37,0.026316
27,1,19,37,0.026316
27,1,20,37,0.026316
27,1,21,37,0.026316
27,1,22,37,0.026316
27,1,23,37,0.026316
27,1,24,37,0.026316
27,1,25,37,0.026316
27,1,26,37,0.026316
27,1,27,37,0.026316
27,1,28,37,0.026316
27,1,29,37,0.026316
27,1,30,37,0.026316
27,1,31,37,0.026316
27,1,32,37,0.026316
27,1,33,37,0.026316
27,1,34,37,0.026316
27,1,35,37,0.026316
27,1,36,37,0.026316
27,1,37,37,0.026316
28,1,0,14,0.066667
28,1,1,14,0.066667
28,1,2,14,0.066667
28,1,3,14,0.066667
28,1,4,14,0.066667
28,1,5,14,0.066667
28,1,6,14,0.066667
28,1,7,14,0.066667
28,1,8,14,0.066667
28,1,9,14,0.066667
28,1,10,14,0.066667
28,1,11,14,0.066667
28,1,12,14,0.066667
28,1,13,14,0.066667
28,1,14,14,0.066667
29,1,0,6,0.142857
29,1,1,6,0.142857
29,1,2,6,0.142857
29,1,3,6,0.142857
29,1,4,6,0.142857
29,1,5,6,0.142857
29,1,6,6,0.142857
30,1,0,8,0.111111
30,1,1,8,0.111111
30,1,2,8,0.111111
30,1,3,8,0.111111
30,1,4,8,0.111111
30,1,5,8,0.111111
30,1,6,8,0.111111
30,1,7,8,0.111111
30,1,8,8,0.111111
31,1,0,8,0.111111
31,1,1,8,0.111111
31,1,2,8,0.111111
31,1,3,8,0.111111
31,1,4,8,0.111111
31,1,5,8,0.111111
31,1,6,8,0.111111
31,1,7,8,0.111111
31,1,8,8,0.111111
32,1,0,3,0.127095
32,1,1,3,0.127095
32,1,2,3,0.127095
32,1,3,6,0.237428
32,1,4,3,0.127095
32,1,5,3,0.127095
32,1,6,3,0.127095
33,1,0,4,0.067932
33,1,1,12,0.184821
33,1,2,4,0.067932
33,1,3,4,0.067932
33,1,4,4,0.067932
33,1,5,4,0.067932
33,1,6,4,0.067932
33,1,7,4,0.067932
33,1,8,4,0.067932
33,1,9,4,0.067932
33,1,10,4,0.067932
33,1,11,4,0.067932
33,1,12,4,0.067932
34,1,0,7,0.125
34,1,1,7,0.125
34,1,2,7,0.125
34,1,3,7,0.125
34,1,4,7,0.125
34,1,5,7,0.125
34,1,6,7,0.125
34,1,7,7,0.125
35,1,0,4,0.053564
35,1,1,7,0.071055
35,1,2,7,0.071055
35,1,3,14,0.154042
35,1,4,3,0.044773
35,1,5,7,0.071055
35,1,6,7,0.071055
35,1,7,4,0.053564
35,1,8,7,0.071055
35,1,9,4,0.053564
35,1,10,3,0.044773
35,1,11,4,0.053564
35,1,12,7,0.071055
35,1,13,3,0.044773
35,1,14,7,0.071055
36,1,0,6,0.042522
36,1,1,6,0.042522
36,1,2,6,0.042522
36,1,3,8,0.047994
36,1,4,8,0.047994
36,1,5,6,0.042522
36,1,6,6,0.042522
36,1,7,8,0.047994
36,1,8,3,0.028695
36,1,9,21,0.137428
36,1,10,4,0.034352
36,1,11,3,0.028695
36,1,12,4,0.034352
36,1,13,8,0.047994
36,1,14,6,0.042522
36,1,15,3,0.028695
36,1,16,8,0.047994
36,1,17,8,0.047994
36,1,18,8,0.047994
36,1,19,8,0.047994
36,1,20,4,0.034352
36,1,21,4,0.034352
37,1,0,15,0.105932
37,1,1,10,0.065264
37,1,2,5,0.048286
37,1,3,5,0.048286
37,1,4,10,0.065264
37,1,5,10,0.065264
37,1,6,10,0.065264
37,1,7,5,0.048286
37,1,8,10,0.065264
37,1,9,10,0.065264
37,1,10,10,0.065264
37,1,11,10,0.065264
37,1,12,10,0.065264
37,1,13,10,0.065264
37,1,14,5,0.048286
37,1,15,5,0.048286
38,1,0,6,0.028323
38,1,1,7,0.030073
38,1,2,7,0.030212
38,1,3,7,0.030073
38,1,4,5,0.025977
38,1,5,31,0.13003
38,1,6,6,0.028323
38,1,7,6,0.028323
38,1,8,5,0.025977
38,1,9,6,0.028323
38,1,10,4,0.023014
38,1,11,7,0.030212
38,1,12,4,0.023014
38,1,13,7,0.030212
38,1,14,6,0.028323
38,1,15,5,0.025977
38,1,16,7,0.030212
38,1,17,7,0.030212
38,1,18,5,0.025977
38,1,19,4,0.019675
38,1,20,5,0.025977
38,1,21,6,0.028323
38,1,22,9,0.038446
38,1,23,4,0.023014
38,1,24,9,0.038446
38,1,25,7,0.030073
38,1,26,7,0.030073
38,1,27,7,0.030212
38,1,28,4,0.019675
38,1,29,7,0.030073
38,1,30,7,0.030212
38,1,31,4,0.023014
39,1,0,6,0.142857
39,1,1,6,0.142857
39,1,2,6,0.142857
39,1,3,6,0.142857
39,1,4,6,0.142857
39,1,5,6,0.142857
39,1,6,6,0.142857
40,1,0,3,0.042624
40,1,1,4,0.050802
40,1,2,4,0.050802
40,1,3,4,0.050802
40,1,4,4,0.050802
40,1,5,5,0.057136
40,1,6,4,0.050802
40,1,7,4,0.050802
40,1,8,4,0.050802
40,1,9,3,0.042624
40,1,10,5,0.057136
40,1,11,4,0.050802
40,1,12,3,0.042624
40,1,13,16,0.180033
40,1,14,5,0.057136
40,1,15,5,0.057136
40,1,16,5,0.057136
41,1,0,6,0.08089
41,1,1,6,0.08089
41,1,2,5,0.074085
41,1,3,6,0.08089
41,1,4,5,0.074085
41,1,5,6,0.08089
41,1,6,5,0.074085
41,1,7,11,0.144239
41,1,8,6,0.08089
41,1,9,5,0.074085
41,1,10,6,0.08089
41,1,11,5,0.074085
42,1,0,11,0.083333
42,1,1,11,0.083333
42,1,2,11,0.083333
42,1,3,11,0.083333
42,1,4,11,0.083333
42,1,5,11,0.083333
42,1,6,11,0.083333
42,1,7,11,0.083333
42,1,8,11,0.083333
42,1,9,11,0.083333
42,1,10,11,0.083333
42,1,11,11,0.083333
43,1,0,21,0.045455
43,1,1,21,0.045455
43,1,2,21,0.045455
43,1,3,21,0.045455
43,1,4,21,0.045455
43,1,5,21,0.045455
43,1,6,21,0.045455
43,1,7,21,0.045455
43,1,8,21,0.045455
43,1,9,21,0.045455
43,1,10,21,0.045455
43,1,11,21,0.045455
43,1,12,21,0.045455
43,1,13,21,0.045455
43,1,14,21,0.045455
43,1,15,21,0.045455
43,1,16,21,0.045455
43,1,17,21,0.045455
43,1,18,21,0.045455
43,1,19,21,0.045455
43,1,20,21,0.045455
43,1,21,21,0.045455
44,1,0,8,0.111111
44,1,1,8,0.111111
44,1,2,8,0.111111
44,1,3,8,0.111111
44,1,4,8,0.111111
44,1,5,8,0.111111
44,1,6,8,0.111111
44,1,7,8,0.111111
44,1,8,8,0.111111
45,1,0,6,0.057417
45,1,1,3,0.038879
45,1,2,3,0.038879
45,1,3,6,0.057417
45,1,4,3,0.038879
45,1,5,3,0.038879
45,1,6,3,0.038879
45,1,7,3,0.038879
45,1,8,6,0.057417
45,1,9,3,0.038879
45,1,10,3,0.038879
45,1,11,6,0.057417
45,1,12,3,0.038879
45,1,13,3,0.038879
45,1,14,3,0.038879
45,1,15,6,0.057417
45,1,16,3,0.038879
45,1,17,6,0.057417
45,1,18,18,0.188951
46,1,0,8,0.111111
46,1,1,8,0.111111
46,1,2,8,0.111111
46,1,3,8,0.111111
46,1,4,8,0.111111
46,1,5,8,0.111111
46,1,6,8,0.111111
46,1,7,8,0.111111
46,1,8,8,0.111111
47,1,0,6,0.142857
47,1,1,6,0.142857
47,1,2,6,0.142857
47,1,3,6,0.142857
47,1,4,6,0.142857
47,1,5,6,0.142857
47,1,6,6,0.142857
48,1,0,11,0.045401
48,1,1,8,0.034455
48,1,2,11,0.045401
48,1,3,9,0.037976
48,1,4,11,0.043207
48,1,5,11,0.045401
48,1,6,8,0.034455
48,1,7,21,0.079042
48,1,8,11,0.043207
48,1,9,9,0.037976
48,1,10,9,0.037976
48,1,11,11,0.045401
48,1,12,11,0.043207
48,1,13,11,0.043207
48,1,14,11,0.043207
48,1,15,21,0.079042
48,1,16,11,0.043207
48,1,17,11,0.043207
48,1,18,11,0.045401
48,1,19,11,0.043207
48,1,20,11,0.043207
48,1,21,11,0.043207
49,1,0,6,0.142857
49,1,1,6,0.142857
49,1,2,6,0.142857
49,1,3,6,0.142857
49,1,4,6,0.142857
49,1,5,6,0.142857
49,1,6,6,0.142857
50,1,0,6,0.142857
50,1,1,6,0.142857
50,1,2,6,0.142857
50,1,3,6,0.142857
50,1,4,6,0.142857
50,1,5,6,0.142857
50,1,6,6,0.142857
51,1,0,9,0.053962
51,1,1,8,0.050603
51,1,2,8,0.050603
51,1,3,9,0.053962
51,1,4,16,0.091617
51,1,5,9,0.053962
51,1,6,8,0.050603
51,1,7,8,0.050603
51,1,8,10,0.059131
51,1,9,9,0.053962
51,1,10,11,0.065947
51,1,11,8,0.050603
51,1,12,10,0.059131
51,1,13,9,0.053962
51,1,14,8,0.050603
51,1,15,16,0.091617
51,1,16,10,0.059131
52,1,0,7,0.125
52,1,1,7,0.125
52,1,2,7,0.125
52,1,3,7,0.125
52,1,4,7,0.125
52,1,5,7,0.125
52,1,6,7,0.125
52,1,7,7,0.125
53,1,0,13,0.030802
53,1,1,6,0.02285
53,1,2,6,0.02285
53,1,3,5,0.015353
53,1,4,13,0.030802
53,1,5,13,0.030802
53,1,6,9,0.033365
53,1,7,13,0.030802
53,1,8,15,0.035985
53,1,9,5,0.019511
53,1,10,13,0.030802
53,1,11,5,0.019511
53,1,12,4,0.016495
53,1,13,5,0.020615
53,1,14,7,0.026298
53,1,15,6,0.023934
53,1,16,5,0.019511
53,1,17,4,0.016495
53,1,18,13,0.030802
53,1,19,5,0.019511
53,1,20,13,0.030802
53,1,21,5,0.020615
53,1,22,13,0.030802
53,1,23,6,0.02285
53,1,24,5,0.015353
53,1,25,6,0.02285
53,1,26,9,0.033365
53,1,27,15,0.035985
53,1,28,7,0.026291
53,1,29,6,0.02285
53,1,30,5,0.020615
53,1,31,35,0.102321
53,1,32,13,0.030802
53,1,33,13,0.030802
53,1,34,15,0.035985
53,1,35,5,0.020615
54,1,0,8,0.06067
54,1,1,7,0.057794
54,1,2,7,0.057794
54,1,3,8,0.06067
54,1,4,7,0.057794
54,1,5,7,0.057794
54,1,6,8,0.06067
54,1,7,8,0.06067
54,1,8,15,0.110079
54,1,9,7,0.057794
54,1,10,8,0.06067
54,1,11,8,0.06067
54,1,12,7,0.057794
54,1,13,8,0.06067
54,1,14,8,0.06067
54,1,15,7,0.057794
55,1,0,8,0.041254
55,1,1,7,0.036357
55,1,2,5,0.030074
55,1,3,8,0.041254
55,1,4,5,0.030074
55,1,5,8,0.044496
55,1,6,7,0.036357
55,1,7,7,0.036357
55,1,8,5,0.029129
55,1,9,8,0.044496
55,1,10,5,0.029694
55,1,11,5,0.030074
55,1,12,5,0.029694
55,1,13,8,0.041254
55,1,14,5,0.029694
55,1,15,4,0.026159
55,1,16,4,0.024183
55,1,17,5,0.029129
55,1,18,7,0.039975
55,1,19,4,0.024183
55,1,20,12,0.064592
55,1,21,25,0.127875
55,1,22,5,0.030074
55,1,23,4,0.026159
55,1,24,4,0.026159
55,1,25,10,0.051254
56,1,0,6,0.092653
56,1,1,3,0.056086
56,1,2,6,0.092653
56,1,3,6,0.092653
56,1,4,10,0.156195
56,1,5,3,0.056086
56,1,6,6,0.092653
56,1,7,3,0.056086
56,1,8,6,0.092653
56,1,9,10,0.156195
56,1,10,3,0.056086
57,1,0,4,0.087197
57,1,1,3,0.073174
57,1,2,3,0.073174
57,1,3,10,0.212167
57,1,4,4,0.087197
57,1,5,3,0.073174
57,1,6,4,0.087197
57,1,7,3,0.073174
57,1,8,3,0.073174
57,1,9,4,0.087197
57,1,10,3,0.073174
58,1,0,6,0.142857
58,1,1,6,0.142857
58,1,2,6,0.142857
58,1,3,6,0.142857
58,1,4,6,0.142857
58,1,5,6,0.142857
58,1,6,6,0.142857
59,1,0,7,0.125
59,1,1,7,0.125
59,1,2,7,0.125
59,1,3,7,0.125
59,1,4,7,0.125
59,1,5,7,0.125
59,1,6,7,0.125
59,1,7,7,0.125
60,1,0,4,0.018228
60,1,1,5,0.020661
60,1,2,5,0.020661
60,1,3,13,0.030077
60,1,4,13,0.030077
60,1,5,7,0.024285
60,1,6,7,0.024285
60,1,7,4,0.018228
60,1,8,4,0.018228
60,1,9,37,0.11384
60,1,10,13,0.030077
60,1,11,3,0.015213
60,1,12,13,0.030077
60,1,13,5,0.020661
60,1,14,7,0.024285
60,1,15,5,0.020661
60,1,16,13,0.030077
60,1,17,5,0.020661
60,1,18,5,0.020661
60,1,19,7,0.024285
60,1,20,3,0.015213
60,1,21,4,0.018228
60,1,22,7,0.024285
60,1,23,13,0.030077
60,1,24,7,0.024285
60,1,25,13,0.030077
60,1,26,13,0.030077
60,1,27,5,0.020661
60,1,28,7,0.024285
60,1,29,13,0.030077
60,1,30,13,0.030077
60,1,31,3,0.015213
60,1,32,13,0.030077
60,1,33,5,0.020661
60,1,34,5,0.020661
60,1,35,5,0.020661
60,1,36,13,0.030077
60,1,37,13,0.030077
61,1,0,9,0.058351
61,1,1,9,0.058351
61,1,2,7,0.053045
61,1,3,9,0.058351
61,1,4,7,0.053045
61,1,5,9,0.058351
61,1,6,9,0.058351
61,1,7,9,0.058351
61,1,8,16,0.103527
61,1,9,9,0.058351
61,1,10,9,0.058351
61,1,11,9,0.058351
61,1,12,7,0.053045
61,1,13,7,0.053045
61,1,14,7,0.053045
61,1,15,7,0.053045
61,1,16,7,0.053045
62,1,0,6,0.066774
62,1,1,3,0.04534
62,1,2,6,0.066774
62,1,3,6,0.066774
62,1,4,5,0.061194
62,1,5,5,0.061194
62,1,6,6,0.066774
62,1,7,3,0.04534
62,1,8,3,0.04534
62,1,9,5,0.061194
62,1,10,6,0.066774
62,1,11,5,0.061194
62,1,12,5,0.061194
62,1,13,14,0.157368
62,1,14,6,0.066774
63,1,0,11,0.083333
63,1,1,11,0.083333
63,1,2,11,0.083333
63,1,3,11,0.083333
63,1,4,11,0.083333
63,1,5,11,0.083333
63,1,6,11,0.083333
63,1,7,11,0.083333
63,1,8,11,0.083333
63,1,9,11,0.083333
63,1,10,11,0.083333
63,1,11,11,0.083333
64,1,0,3,0.070391
64,1,1,3,0.070391
64,1,2,6,0.104227
64,1,3,3,0.070391
64,1,4,6,0.104227
64,1,5,6,0.104227
64,1,6,9,0.163462
64,1,7,6,0.104227
64,1,8,6,0.104227
64,1,9,6,0.104227
65,1,0,8,0.034718
65,1,1,8,0.034718
65,1,2,10,0.048821
65,1,3,8,0.034718
65,1,4,8,0.034718
65,1,5,8,0.034718
65,1,6,5,0.028357
65,1,7,6,0.030364
65,1,8,8,0.034718
65,1,9,5,0.028357
65,1,10,5,0.028357
65,1,11,5,0.026884
65,1,12,5,0.02758
65,1,13,5,0.028357
65,1,14,6,0.030364
65,1,15,8,0.034718
65,1,16,6,0.030364
65,1,17,5,0.028357
65,1,18,28,0.126014
65,1,19,5,0.026884
65,1,20,6,0.030364
65,1,21,5,0.02758
65,1,22,6,0.030364
65,1,23,5,0.02758
65,1,24,9,0.039176
65,1,25,6,0.031497
65,1,26,5,0.026884
65,1,27,5,0.026884
65,1,28,5,0.02758
66,1,0,7,0.125
66,1,1,7,0.125
66,1,2,7,0.125
66,1,3,7,0.125
66,1,4,7,0.125
66,1,5,7,0.125
66,1,6,7,0.125
66,1,7,7,0.125
67,1,0,5,0.068417
67,1,1,14,0.175624
67,1,2,5,0.064273
67,1,3,5,0.064273
67,1,4,5,0.064273
67,1,5,3,0.045482
67,1,6,5,0.064273
67,1,7,6,0.084005
67,1,8,4,0.056221
67,1,9,5,0.064273
67,1,10,4,0.056221
67,1,11,3,0.045482
67,1,12,4,0.056221
67,1,13,3,0.045482
67,1,14,3,0.045482
68,1,0,14,0.036388
68,1,1,12,0.035337
68,1,2,12,0.035337
68,1,3,12,0.035337
68,1,4,12,0.035337
68,1,5,14,0.036388
68,1,6,12,0.035337
68,1,7,14,0.036388
68,1,8,14,0.036388
68,1,9,12,0.035337
68,1,10,14,0.036388
68,1,11,14,0.036388
68,1,12,12,0.035337
68,1,13,14,0.036388
68,1,14,14,0.036388
68,1,15,12,0.035337
68,1,16,14,0.036388
68,1,17,14,0.036388
68,1,18,14,0.036388
68,1,19,12,0.035337
68,1,20,26,0.066531
68,1,21,14,0.036388
68,1,22,12,0.035337
68,1,23,14,0.036388
68,1,24,14,0.036388
68,1,25,12,0.035337
68,1,26,12,0.035337
69,1,0,4,0.027234
69,1,1,7,0.035676
69,1,2,4,0.027234
69,1,3,7,0.038745
69,1,4,4,0.026553
69,1,5,5,0.028776
69,1,6,5,0.028776
69,1,7,7,0.038745
69,1,8,4,0.026553
69,1,9,7,0.035676
69,1,10,5,0.030442
69,1,11,5,0.031882
69,1,12,5,0.028776
69,1,13,5,0.028776
69,1,14,5,0.030442
69,1,15,7,0.035676
69,1,16,4,0.027234
69,1,17,7,0.035676
69,1,18,4,0.027234
69,1,19,6,0.035959
69,1,20,7,0.035676
69,1,21,7,0.035676
69,1,22,27,0.140728
69,1,23,4,0.026553
69,1,24,7,0.035676
69,1,25,7,0.038745
69,1,26,5,0.030442
69,1,27,5,0.030442
70,1,0,6,0.08089
70,1,1,11,0.144239
70,1,2,5,0.074085
70,1,3,5,0.074085
70,1,4,5,0.074085
70,1,5,6,0.08089
70,1,6,5,0.074085
70,1,7,6,0.08089
70,1,8,6,0.08089
70,1,9,6,0.08089
70,1,10,5,0.074085
70,1,11,6,0.08089
71,1,0,7,0.125
71,1,1,7,0.125
71,1,2,7,0.125
71,1,3,7,0.125
71,1,4,7,0.125
71,1,5,7,0.125
71,1,6,7,0.125
71,1,7,7,0.125
72,1,0,9,0.046705
72,1,1,10,0.0483
72,1,2,9,0.046705
72,1,3,19,0.088137
72,1,4,10,0.0483
72,1,5,10,0.0483
72,1,6,10,0.0483
72,1,7,9,0.046705
72,1,8,10,0.0483
72,1,9,10,0.0483
72,1,10,9,0.046705
72,1,11,10,0.050858
72,1,12,11,0.052665
72,1,13,9,0.046705
72,1,14,10,0.0483
72,1,15,9,0.046705
72,1,16,10,0.0483
72,1,17,9,0.046705
72,1,18,9,0.046705
72,1,19,10,0.0483
73,1,0,9,0.1
73,1,1,9,0.1
73,1,2,9,0.1
73,1,3,9,0.1
73,1,4,9,0.1
73,1,5,9,0.1
73,1,6,9,0.1
73,1,7,9,0.1
73,1,8,9,0.1
73,1,9,9,0.1
74,1,0,11,0.083333
74,1,1,11,0.083333
74,1,2,11,0.083333
74,1,3,11,0.083333
74,1,4,11,0.083333
74,1,5,11,0.083333
74,1,6,11,0.083333
74,1,7,11,0.083333
74,1,8,11,0.083333
74,1,9,11,0.083333
74,1,10,11,0.083333
74,1,11,11,0.083333
75,1,0,13,0.027146
75,1,1,13,0.027146
75,1,2,9,0.02443
75,1,3,4,0.016773
75,1,4,7,0.019181
75,1,5,9,0.02443
75,1,6,9,0.023517
75,1,7,4,0.016773
75,1,8,13,0.027146
75,1,9,9,0.02443
75,1,10,9,0.02443
75,1,11,11,0.028219
75,1,12,11,0.028219
75,1,13,13,0.027146
75,1,14,9,0.02443
75,1,15,9,0.023517
75,1,16,11,0.028219
75,1,17,11,0.028219
75,1,18,13,0.027146
75,1,19,9,0.02443
75,1,20,13,0.027146
75,1,21,4,0.016773
75,1,22,9,0.02443
75,1,23,37,0.086619
75,1,24,9,0.023517
75,1,25,9,0.02443
75,1,26,13,0.027146
75,1,27,4,0.016773
75,1,28,13,0.027146
75,1,29,11,0.028219
75,1,30,9,0.023517
75,1,31,7,0.019181
75,1,32,13,0.027146
75,1,33,9,0.02443
75,1,34,13,0.027146
75,1,35,13,0.027146
75,1,36,13,0.027146
75,1,37,13,0.027146
76,1,0,13,0.04641
76,1,1,8,0.03959
76,1,2,13,0.04641
76,1,3,8,0.03959
76,1,4,13,0.04641
76,1,5,13,0.04641
76,1,6,8,0.03959
76,1,7,8,0.03959
76,1,8,8,0.03959
76,1,9,8,0.03959
76,1,10,13,0.04641
76,1,11,13,0.04641
76,1,12,13,0.04641
76,1,13,13,0.04641
76,1,14,13,0.04641
76,1,15,13,0.04641
76,1,16,13,0.04641
76,1,17,8,0.03959
76,1,18,21,0.079954
76,1,19,8,0.03959
76,1,20,13,0.04641
76,1,21,13,0.04641
77,1,0,9,0.1
77,1,1,9,0.1
77,1,2,9,0.1
77,1,3,9,0.1
77,1,4,9,0.1
77,1,5,9,0.1
77,1,6,9,0.1
77,1,7,9,0.1
77,1,8,9,0.1
77,1,9,9,0.1
78,1,0,5,0.053331
78,1,1,3,0.035822
78,1,2,5,0.053331
78,1,3,6,0.062387
78,1,4,3,0.035822
78,1,5,16,0.154632
78,1,6,4,0.042729
78,1,7,5,0.051182
78,1,8,5,0.053331
78,1,9,3,0.03535
78,1,10,5,0.051182
78,1,11,7,0.069362
78,1,12,4,0.044548
78,1,13,5,0.053331
78,1,14,7,0.069362
78,1,15,8,0.080967
78,1,16,5,0.053331
79,1,0,8,0.111111
79,1,1,8,0.111111
79,1,2,8,0.111111
79,1,3,8,0.111111
79,1,4,8,0.111111
79,1,5,8,0.111111
79,1,6,8,0.111111
79,1,7,8,0.111111
79,1,8,8,0.111111
80,1,0,5,0.072977
80,1,1,4,0.060268
80,1,2,4,0.059552
80,1,3,4,0.060268
80,1,4,4,0.059552
80,1,5,4,0.062011
80,1,6,4,0.059552
80,1,7,4,0.060268
80,1,8,3,0.050625
80,1,9,4,0.060268
80,1,10,3,0.050625
80,1,11,3,0.048924
80,1,12,14,0.195561
80,1,13,3,0.048924
80,1,14,3,0.050625
81,1,0,11,0.053603
81,1,1,11,0.053603
81,1,2,7,0.045462
81,1,3,11,0.053603
81,1,4,11,0.053603
81,1,5,11,0.053603
81,1,6,7,0.045462
81,1,7,11,0.053603
81,1,8,7,0.045462
81,1,9,11,0.053603
81,1,10,7,0.045462
81,1,11,7,0.045462
81,1,12,7,0.045462
81,1,13,11,0.053603
81,1,14,7,0.045462
81,1,15,18,0.092135
81,1,16,11,0.053603
81,1,17,11,0.053603
81,1,18,11,0.053603
82,1,0,5,0.087857
82,1,1,9,0.148571
82,1,2,5,0.087857
82,1,3,9,0.148571
82,1,4,5,0.087857
82,1,5,5,0.087857
82,1,6,5,0.087857
82,1,7,5,0.087857
82,1,8,5,0.087857
82,1,9,5,0.087857
83,1,0,4,0.086031
83,1,1,4,0.086031
83,1,2,5,0.097048
83,1,3,9,0.170632
83,1,4,4,0.086031
83,1,5,5,0.097048
83,1,6,4,0.086031
83,1,7,5,0.097048
83,1,8,5,0.097048
83,1,9,5,0.097048
84,1,0,10,0.042851
84,1,1,10,0.042851
84,1,2,10,0.042851
84,1,3,8,0.038097
84,1,4,6,0.031959
84,1,5,10,0.042851
84,1,6,22,0.093936
84,1,7,8,0.038097
84,1,8,8,0.038097
84,1,9,10,0.042851
84,1,10,8,0.038097
84,1,11,6,0.031959
84,1,12,8,0.038097
84,1,13,6,0.031959
84,1,14,22,0.093936
84,1,15,10,0.042851
84,1,16,8,0.038097
84,1,17,6,0.031959
84,1,18,10,0.042851
84,1,19,6,0.031959
84,1,20,8,0.038097
84,1,21,10,0.042851
84,1,22,10,0.042851
85,1,0,6,0.142857
85,1,1,6,0.142857
85,1,2,6,0.142857
85,1,3,6,0.142857
85,1,4,6,0.142857
85,1,5,6,0.142857
85,1,6,6,0.142857
86,1,0,7,0.125
86,1,1,7,0.125
86,1,2,7,0.125
86,1,3,7,0.125
86,1,4,7,0.125
86,1,5,7,0.125
86,1,6,7,0.125
86,1,7,7,0.125
87,1,0,5,0.097048
87,1,1,5,0.097048
87,1,2,5,0.097048
87,1,3,4,0.086031
87,1,4,4,0.086031
87,1,5,4,0.086031
87,1,6,9,0.170632
87,1,7,4,0.086031
87,1,8,5,0.097048
87,1,9,5,0.097048
88,1,0,6,0.142857
88,1,1,6,0.142857
88,1,2,6,0.142857
88,1,3,6,0.142857
88,1,4,6,0.142857
88,1,5,6,0.142857
88,1,6,6,0.142857
89,1,0,9,0.079867
89,1,1,4,0.047182
89,1,2,4,0.047182
89,1,3,9,0.079867
89,1,4,9,0.079867
89,1,5,9,0.079867
89,1,6,9,0.079867
89,1,7,4,0.047182
89,1,8,12,0.109759
89,1,9,12,0.109759
89,1,10,9,0.079867
89,1,11,9,0.079867
89,1,12,9,0.079867
90,1,0,12,0.076923
90,1,1,12,0.076923
90,1,2,12,0.076923
90,1,3,12,0.076923
90,1,4,12,0.076923
90,1,5,12,0.076923
90,1,6,12,0.076923
90,1,7,12,0.076923
90,1,8,12,0.076923
90,1,9,12,0.076923
90,1,10,12,0.076923
90,1,11,12,0.076923
90,1,12,12,0.076923
91,1,0,11,0.04459
91,1,1,11,0.04459
91,1,2,11,0.04459
91,1,3,3,0.023595
91,1,4,5,0.032024
91,1,5,24,0.118481
91,1,6,11,0.04459
91,1,7,5,0.032024
91,1,8,11,0.04459
91,1,9,5,0.032024
91,1,10,5,0.032024
91,1,11,11,0.04459
91,1,12,11,0.04459
91,1,13,5,0.032024
91,1,14,5,0.032024
91,1,15,11,0.04459
91,1,16,5,0.032024
91,1,17,11,0.04459
91,1,18,5,0.032024
91,1,19,5,0.032024
91,1,20,11,0.04459
91,1,21,3,0.023595
91,1,22,11,0.04459
91,1,23,5,0.032024
91,1,24,3,0.023595
92,1,0,7,0.129074
92,1,1,7,0.129074
92,1,2,6,0.112777
92,1,3,7,0.129074
92,1,4,6,0.112777
92,1,5,7,0.129074
92,1,6,7,0.129074
92,1,7,7,0.129074
93,1,0,6,0.142857
93,1,1,6,0.142857
93,1,2,6,0.142857
93,1,3,6,0.142857
93,1,4,6,0.142857
93,1,5,6,0.142857
93,1,6,6,0.142857
94,1,0,37,0.026316
94,1,1,37,0.026316
94,1,2,37,0.026316
94,1,3,37,0.026316
94,1,4,37,0.026316
94,1,5,37,0.026316
94,1,6,37,0.026316
94,1,7,37,0.026316
94,1,8,37,0.026316
94,1,9,37,0.026316
94,1,10,37,0.026316
94,1,11,37,0.026316
94,1,12,37,0.026316
94,1,13,37,0.026316
94,1,14,37,0.026316
94,1,15,37,0.026316
94,1,16,37,0.026316
94,1,17,37,0.026316
94,1,18,37,0.026316
94,1,19,37,0.026316
94,1,20,37,0.026316
94,1,21,37,0.026316
94,1,22,37,0.026316
94,1,23,37,0.026316
94,1,24,37,0.026316
94,1,25,37,0.026316
94,1,26,37,0.026316
94,1,27,37,0.026316
94,1,28,37,0.026316
94,1,29,37,0.026316
94,1,30,37,0.026316
94,1,31,37,0.026316
94,1,32,37,0.026316
94,1,33,37,0.026316
94,1,34,37,0.026316
94,1,35,37,0.026316
94,1,36,37,0.026316
94,1,37,37,0.026316
95,1,0,6,0.142857
95,1,1,6,0.142857
95,1,2,6,0.142857
95,1,3,6,0.142857
95,1,4,6,0.142857
95,1,5,6,0.142857
95,1,6,6,0.142857
96,1,0,9,0.1
96,1,1,9,0.1
96,1,2,9,0.1
96,1,3,9,0.1
96,1,4,9,0.1
96,1,5,9,0.1
96,1,6,9,0.1
96,1,7,9,0.1
96,1,8,9,0.1
96,1,9,9,0.1
97,1,0,9,0.084314
97,1,1,7,0.065958
97,1,2,5,0.056591
97,1,3,7,0.065958
97,1,4,7,0.065958
97,1,5,9,0.084314
97,1,6,5,0.056591
97,1,7,14,0.132415
97,1,8,7,0.065958
97,1,9,5,0.056591
97,1,10,7,0.065958
97,1,11,4,0.043106
97,1,12,5,0.056591
97,1,13,5,0.056591
97,1,14,4,0.043106
98,1,0,14,0.066667
98,1,1,14,0.066667
98,1,2,14,0.066667
98,1,3,14,0.066667
98,1,4,14,0.066667
98,1,5,14,0.066667
98,1,6,14,0.066667
98,1,7,14,0.066667
98,1,8,14,0.066667
98,1,9,14,0.066667
98,1,10,14,0.066667
98,1,11,14,0.066667
98,1,12,14,0.066667
98,1,13,14,0.066667
98,1,14,14,0.066667
99,1,0,9,0.1
99,1,1,9,0.1
99,1,2,9,0.1
99,1,3,9,0.1
99,1,4,9,0.1
99,1,5,9,0.1
99,1,6,9,0.1
99,1,7,9,0.1
99,1,8,9,0.1
99,1,9,9,0.1
100,1,0,7,0.125
100,1,1,7,0.125
100,1,2,7,0.125
100,1,3,7,0.125
100,1,4,7,0.125
100,1,5,7,0.125
100,1,6,7,0.125
100,1,7,7,0.125
101,1,0,6,0.072152
101,1,1,6,0.072152
101,1,2,6,0.072152
101,1,3,12,0.134171
101,1,4,6,0.072152
101,1,5,6,0.072152
101,1,6,6,0.072152
101,1,7,6,0.072152
101,1,8,6,0.072152
101,1,9,6,0.072152
101,1,10,6,0.072152
101,1,11,6,0.072152
101,1,12,6,0.072152
102,1,0,6,0.091607
102,1,1,4,0.073986
102,1,2,6,0.091607
102,1,3,6,0.091607
102,1,4,4,0.073986
102,1,5,6,0.091607
102,1,6,10,0.154411
102,1,7,6,0.091607
102,1,8,6,0.091607
102,1,9,4,0.073986
102,1,10,4,0.073986
103,1,0,6,0.142857
103,1,1,6,0.142857
103,1,2,6,0.142857
103,1,3,6,0.142857
103,1,4,6,0.142857
103,1,5,6,0.142857
103,1,6,6,0.142857
104,1,0,5,0.144842
104,1,1,6,0.174821
104,1,2,5,0.144842
104,1,3,5,0.144842
104,1,4,6,0.174821
104,1,5,2,0.070988
104,1,6,5,0.144842
105,1,0,7,0.125
105,1,1,7,0.125
105,1,2,7,0.125
105,1,3,7,0.125
105,1,4,7,0.125
105,1,5,7,0.125
105,1,6,7,0.125
105,1,7,7,0.125
106,1,0,8,0.183907
106,1,1,3,0.083736
106,1,2,5,0.112977
106,1,3,5,0.112977
106,1,4,3,0.083736
106,1,5,5,0.112977
106,1,6,5,0.112977
106,1,7,3,0.083736
106,1,8,5,0.112977
107,1,0,5,0.074085
107,1,1,6,0.08089
107,1,2,11,0.144239
107,1,3,5,0.074085
107,1,4,6,0.08089
107,1,5,6,0.08089
107,1,6,6,0.08089
107,1,7,5,0.074085
107,1,8,6,0.08089
107,1,9,6,0.08089
107,1,10,5,0.074085
107,1,11,5,0.074085
108,1,0,8,0.080338
108,1,1,8,0.080338
108,1,2,8,0.080338
108,1,3,12,0.128497
108,1,4,4,0.0572
108,1,5,4,0.0572
108,1,6,8,0.080338
108,1,7,4,0.0572
108,1,8,8,0.080338
108,1,9,8,0.080338
108,1,10,4,0.0572
108,1,11,8,0.080338
108,1,12,8,0.080338
109,1,0,10,0.060356
109,1,1,6,0.049092
109,1,2,10,0.060356
109,1,3,10,0.060356
109,1,4,10,0.060356
109,1,5,10,0.060356
109,1,6,6,0.049092
109,1,7,10,0.060356
109,1,8,10,0.060356
109,1,9,10,0.060356
109,1,10,6,0.049092
109,1,11,10,0.060356
109,1,12,10,0.060356
109,1,13,6,0.049092
109,1,14,6,0.049092
109,1,15,6,0.049092
109,1,16,16,0.101889
110,1,0,3,0.055124
110,1,1,3,0.055124
110,1,2,3,0.055124
110,1,3,3,0.057021
110,1,4,3,0.055124
110,1,5,3,0.055124
110,1,6,13,0.213696
110,1,7,3,0.057021
110,1,8,5,0.087125
110,1,9,3,0.057021
110,1,10,3,0.055124
110,1,11,3,0.055124
110,1,12,3,0.055124
110,1,13,5,0.087125
111,1,0,4,0.024915
111,1,1,4,0.024915
111,1,2,4,0.024915
111,1,3,8,0.035268
111,1,4,7,0.033487
111,1,5,5,0.028676
111,1,6,8,0.035268
111,1,7,8,0.035268
111,1,8,5,0.028676
111,1,9,7,0.033487
111,1,10,5,0.028676
111,1,11,7,0.033487
111,1,12,4,0.024915
111,1,13,4,0.024915
111,1,14,5,0.028676
111,1,15,5,0.030229
111,1,16,7,0.033487
111,1,17,7,0.033487
111,1,18,7,0.033487
111,1,19,8,0.035268
111,1,20,8,0.035268
111,1,21,4,0.024915
111,1,22,8,0.035268
111,1,23,7,0.033487
111,1,24,8,0.035268
111,1,25,8,0.035268
111,1,26,5,0.030229
111,1,27,28,0.130115
111,1,28,5,0.028676
112,1,0,5,0.026148
112,1,1,4,0.023284
112,1,2,4,0.023284
112,1,3,4,0.023284
112,1,4,6,0.028151
112,1,5,33,0.1538
112,1,6,6,0.028151
112,1,7,5,0.026148
112,1,8,5,0.026148
112,1,9,5,0.026148
112,1,10,6,0.028151
112,1,11,5,0.026148
112,1,12,4,0.023284
112,1,13,4,0.023284
112,1,14,6,0.028151
112,1,15,6,0.029684
112,1,16,5,0.025619
112,1,17,4,0.023284
112,1,18,4,0.023284
112,1,19,4,0.023284
112,1,20,5,0.026148
112,1,21,5,0.025619
112,1,22,4,0.023284
112,1,23,4,0.023284
112,1,24,4,0.023284
112,1,25,7,0.0324
112,1,26,5,0.025619
112,1,27,5,0.025619
112,1,28,4,0.023284
112,1,29,5,0.026148
112,1,30,5,0.026148
112,1,31,5,0.026148
112,1,32,6,0.028151
112,1,33,5,0.026148
113,1,0,6,0.142857
113,1,1,6,0.142857
113,1,2,6,0.142857
113,1,3,6,0.142857
113,1,4,6,0.142857
113,1,5,6,0.142857
113,1,6,6,0.142857
114,1,0,7,0.125
114,1,1,7,0.125
114,1,2,7,0.125
114,1,3,7,0.125
114,1,4,7,0.125
114,1,5,7,0.125
114,1,6,7,0.125
114,1,7,7,0.125
115,1,0,4,0.054923
115,1,1,5,0.061847
115,1,2,5,0.061847
115,1,3,5,0.061847
115,1,4,5,0.061847
115,1,5,5,0.061847
115,1,6,4,0.054923
115,1,7,5,0.061847
115,1,8,5,0.061847
115,1,9,5,0.061847
115,1,10,5,0.061847
115,1,11,5,0.061847
115,1,12,4,0.054923
115,1,13,4,0.054923
115,1,14,14,0.161842
116,1,0,7,0.125
116,1,1,7,0.125
116,1,2,7,0.125
116,1,3,7,0.125
116,1,4,7,0.125
116,1,5,7,0.125
116,1,6,7,0.125
116,1,7,7,0.125
117,1,0,3,0.025807
117,1,1,4,0.030665
117,1,2,5,0.034355
117,1,3,4,0.030665
117,1,4,3,0.025807
117,1,5,3,0.025807
117,1,6,3,0.025807
117,1,7,27,0.182737
117,1,8,4,0.030665
117,1,9,4,0.030665
117,1,10,5,0.034355
117,1,11,4,0.030665
117,1,12,5,0.034355
117,1,13,5,0.034355
117,1,14,4,0.030665
117,1,15,4,0.030665
117,1,16,4,0.030665
117,1,17,4,0.030665
117,1,18,4,0.030665
117,1,19,4,0.030665
117,1,20,5,0.034355
117,1,21,3,0.025807
117,1,22,3,0.025807
117,1,23,4,0.030665
117,1,24,4,0.030665
117,1,25,4,0.030665
117,1,26,4,0.030665
117,1,27,4,0.030665
118,1,0,7,0.125
118,1,1,7,0.125
118,1,2,7,0.125
118,1,3,7,0.125
118,1,4,7,0.125
118,1,5,7,0.125
118,1,6,7,0.125
118,1,7,7,0.125
119,1,0,26,0.070401
119,1,1,19,0.040112
119,1,2,19,0.040112
119,1,3,5,0.024813
119,1,4,19,0.040112
119,1,5,19,0.040112
119,1,6,19,0.040112
119,1,7,19,0.040112
119,1,8,19,0.040112
119,1,9,5,0.024813
119,1,10,19,0.040112
119,1,11,3,0.016879
119,1,12,19,0.040112
119,1,13,7,0.034457
119,1,14,5,0.024813
119,1,15,19,0.040112
119,1,16,19,0.040112
119,1,17,5,0.024813
119,1,18,19,0.040112
119,1,19,19,0.040112
119,1,20,19,0.040112
119,1,21,3,0.016879
119,1,22,19,0.040112
119,1,23,19,0.040112
119,1,24,19,0.040112
119,1,25,19,0.040112
119,1,26,19,0.040112
120,1,0,9,0.1
120,1,1,9,0.1
120,1,2,9,0.1
120,1,3,9,0.1
120,1,4,9,0.1
120,1,5,9,0.1
120,1,6,9,0.1
120,1,7,9,0.1
120,1,8,9,0.1
120,1,9,9,0.1
121,1,0,3,0.118692
121,1,1,4,0.152307
121,1,2,3,0.118692
121,1,3,3,0.118692
121,1,4,4,0.152307
121,1,5,3,0.118692
121,1,6,6,0.22062
122,1,0,4,0.10137
122,1,1,4,0.10137
122,1,2,4,0.10137
122,1,3,4,0.10137
122,1,4,4,0.10137
122,1,5,4,0.10137
122,1,6,4,0.10137
122,1,7,4,0.10137
122,1,8,8,0.189037
123,1,0,9,0.1
123,1,1,9,0.1
123,1,2,9,0.1
123,1,3,9,0.1
123,1,4,9,0.1
123,1,5,9,0.1
123,1,6,9,0.1
123,1,7,9,0.1
123,1,8,9,0.1
123,1,9,9,0.1
124,1,0,5,0.09978
124,1,1,6,0.116267
124,1,2,7,0.133537
124,1,3,7,0.133537
124,1,4,6,0.116267
124,1,5,7,0.133537
124,1,6,7,0.133537
124,1,7,7,0.133537
125,1,0,11,0.083333
125,1,1,11,0.083333
125,1,2,11,0.083333
125,1,3,11,0.083333
125,1,4,11,0.083333
125,1,5,11,0.083333
125,1,6,11,0.083333
125,1,7,11,0.083333
125,1,8,11,0.083333
125,1,9,11,0.083333
125,1,10,11,0.083333
125,1,11,11,0.083333
126,1,0,6,0.085289
126,1,1,9,0.122067
126,1,2,6,0.085289
126,1,3,9,0.122067
126,1,4,6,0.085289
126,1,5,9,0.122067
126,1,6,6,0.085289
126,1,7,6,0.085289
126,1,8,6,0.085289
126,1,9,9,0.122067
127,1,0,6,0.104227
127,1,1,6,0.104227
127,1,2,6,0.104227
127,1,3,3,0.070391
127,1,4,3,0.070391
127,1,5,9,0.163462
127,1,6,6,0.104227
127,1,7,3,0.070391
127,1,8,6,0.104227
127,1,9,6,0.104227
128,1,0,4,0.045233
128,1,1,4,0.045233
128,1,2,5,0.049324
128,1,3,4,0.045233
128,1,4,5,0.049324
128,1,5,5,0.049324
128,1,6,4,0.045233
128,1,7,5,0.049324
128,1,8,5,0.049324
128,1,9,9,0.083334
128,1,10,4,0.045233
128,1,11,4,0.045233
128,1,12,4,0.045233
128,1,13,5,0.049324
128,1,14,17,0.160209
128,1,15,4,0.045233
128,1,16,5,0.049324
128,1,17,5,0.049324
129,1,0,7,0.09602
129,1,1,7,0.09602
129,1,2,7,0.09602
129,1,3,3,0.060405
129,1,4,10,0.146646
129,1,5,7,0.09602
129,1,6,7,0.09602
129,1,7,3,0.060405
129,1,8,7,0.09602
129,1,9,3,0.060405
129,1,10,7,0.09602
130,1,0,8,0.111111
130,1,1,8,0.111111
130,1,2,8,0.111111
130,1,3,8,0.111111
130,1,4,8,0.111111
130,1,5,8,0.111111
130,1,6,8,0.111111
130,1,7,8,0.111111
130,1,8,8,0.111111
131,1,0,11,0.054127
131,1,1,11,0.054127
131,1,2,17,0.082444
131,1,3,11,0.054127
131,1,4,11,0.054127
131,1,5,11,0.054127
131,1,6,8,0.044255
131,1,7,8,0.044255
131,1,8,8,0.044255
131,1,9,17,0.082444
131,1,10,17,0.082444
131,1,11,8,0.044255
131,1,12,11,0.054127
131,1,13,8,0.044255
131,1,14,11,0.054127
131,1,15,8,0.044255
131,1,16,11,0.054127
131,1,17,11,0.054127
132,1,0,8,0.111111
132,1,1,8,0.111111
132,1,2,8,0.111111
132,1,3,8,0.111111
132,1,4,8,0.111111
132,1,5,8,0.111111
132,1,6,8,0.111111
132,1,7,8,0.111111
132,1,8,8,0.111111
133,1,0,5,0.131909
133,1,1,5,0.131909
133,1,2,2,0.073527
133,1,3,2,0.073527
133,1,4,7,0.193403
133,1,5,5,0.131909
133,1,6,5,0.131909
133,1,7,5,0.131909
134,1,0,6,0.237428
134,1,1,3,0.127095
134,1,2,3,0.127095
134,1,3,3,0.127095
134,1,4,3,0.127095
134,1,5,3,0.127095
134,1,6,3,0.127095
135,1,0,6,0.085289
135,1,1,9,0.122067
135,1,2,6,0.085289
135,1,3,9,0.122067
135,1,4,6,0.085289
135,1,5,9,0.122067
135,1,6,6,0.085289
135,1,7,6,0.085289
135,1,8,6,0.085289
135,1,9,9,0.122067
136,1,0,5,0.065706
136,1,1,5,0.065706
136,1,2,7,0.07695
136,1,3,7,0.07695
136,1,4,5,0.065706
136,1,5,5,0.065706
136,1,6,7,0.07695
136,1,7,7,0.07695
136,1,8,7,0.07695
136,1,9,7,0.07695
136,1,10,7,0.07695
136,1,11,5,0.065706
136,1,12,12,0.13282
137,1,0,22,0.115641
137,1,1,6,0.035098
137,1,2,12,0.063337
137,1,3,3,0.021589
137,1,4,9,0.048649
137,1,5,6,0.037992
137,1,6,6,0.035098
137,1,7,10,0.051234
137,1,8,8,0.041947
137,1,9,8,0.041947
137,1,10,6,0.035098
137,1,11,8,0.041947
137,1,12,3,0.021589
137,1,13,8,0.041947
137,1,14,6,0.037992
137,1,15,6,0.037992
137,1,16,6,0.037992
137,1,17,9,0.048649
137,1,18,8,0.041947
137,1,19,6,0.035098
137,1,20,6,0.037992
137,1,21,6,0.037992
137,1,22,10,0.051234
138,1,0,5,0.040209
138,1,1,5,0.040209
138,1,2,5,0.040209
138,1,3,5,0.041659
138,1,4,3,0.030989
138,1,5,4,0.036993
138,1,6,5,0.041659
138,1,7,5,0.040209
138,1,8,5,0.041659
138,1,9,3,0.030989
138,1,10,4,0.036993
138,1,11,3,0.030989
138,1,12,5,0.040209
138,1,13,9,0.067919
138,1,14,5,0.040209
138,1,15,5,0.040209
138,1,16,4,0.036993
138,1,17,5,0.040209
138,1,18,5,0.041659
138,1,19,21,0.161178
138,1,20,4,0.036993
138,1,21,5,0.041659
139,1,0,10,0.102665
139,1,1,8,0.083877
139,1,2,8,0.083877
139,1,3,6,0.066414
139,1,4,9,0.093166
139,1,5,10,0.102665
139,1,6,10,0.102665
139,1,7,10,0.102665
139,1,8,10,0.102665
139,1,9,8,0.083877
139,1,10,7,0.075463
140,1,0,4,0.10137
140,1,1,4,0.10137
140,1,2,4,0.10137
140,1,3,4,0.10137
140,1,4,4,0.10137
140,1,5,4,0.10137
140,1,6,4,0.10137
140,1,7,4,0.10137
140,1,8,8,0.189037
141,1,0,8,0.111111
141,1,1,8,0.111111
141,1,2,8,0.111111
141,1,3,8,0.111111
141,1,4,8,0.111111
141,1,5,8,0.111111
141,1,6,8,0.111111
141,1,7,8,0.111111
141,1,8,8,0.111111
142,1,0,7,0.125
142,1,1,7,0.125
142,1,2,7,0.125
142,1,3,7,0.125
142,1,4,7,0.125
142,1,5,7,0.125
142,1,6,7,0.125
142,1,7,7,0.125
143,1,0,4,0.107548
143,1,1,4,0.107548
143,1,2,7,0.177356
143,1,3,4,0.107548
143,1,4,4,0.107548
143,1,5,4,0.107548
143,1,6,7,0.177356
143,1,7,4,0.107548
144,1,0,8,0.066395
144,1,1,6,0.058743
144,1,2,8,0.066395
144,1,3,8,0.066395
144,1,4,6,0.058743
144,1,5,6,0.058743
144,1,6,8,0.066395
144,1,7,8,0.066395
144,1,8,14,0.116384
144,1,9,8,0.066395
144,1,10,6,0.058743
144,1,11,8,0.066395
144,1,12,6,0.058743
144,1,13,8,0.066395
144,1,14,6,0.058743
145,1,0,6,0.062792
145,1,1,5,0.053341
145,1,2,5,0.053341
145,1,3,6,0.062792
145,1,4,5,0.055064
145,1,5,3,0.040974
145,1,6,3,0.037582
145,1,7,3,0.037582
145,1,8,6,0.065599
145,1,9,3,0.040974
145,1,10,5,0.055064
145,1,11,3,0.040974
145,1,12,5,0.055064
145,1,13,5,0.055064
145,1,14,5,0.055064
145,1,15,6,0.062792
145,1,16,16,0.165936
146,1,0,7,0.125
146,1,1,7,0.125
146,1,2,7,0.125
146,1,3,7,0.125
146,1,4,7,0.125
146,1,5,7,0.125
146,1,6,7,0.125
146,1,7,7,0.125
147,1,0,8,0.111111
147,1,1,8,0.111111
147,1,2,8,0.111111
147,1,3,8,0.111111
147,1,4,8,0.111111
147,1,5,8,0.111111
147,1,6,8,0.111111
147,1,7,8,0.111111
147,1,8,8,0.111111
148,1,0,4,0.107548
148,1,1,4,0.107548
148,1,2,4,0.107548
148,1,3,4,0.107548
148,1,4,4,0.107548
148,1,5,7,0.177356
148,1,6,4,0.107548
148,1,7,7,0.177356
149,1,0,6,0.057928
149,1,1,5,0.04991
149,1,2,6,0.057928
149,1,3,5,0.04991
149,1,4,6,0.057928
149,1,5,6,0.057928
149,1,6,6,0.057267
149,1,7,6,0.057267
149,1,8,5,0.04991
149,1,9,6,0.057267
149,1,10,6,0.057267
149,1,11,6,0.057928
149,1,12,14,0.124293
149,1,13,9,0.082975
149,1,14,14,0.124293
150,1,0,10,0.090909
150,1,1,10,0.090909
150,1,2,10,0.090909
150,1,3,10,0.090909
150,1,4,10,0.090909
150,1,5,10,0.090909
150,1,6,10,0.090909
150,1,7,10,0.090909
150,1,8,10,0.090909
150,1,9,10,0.090909
150,1,10,10,0.090909
151,1,0,7,0.125
151,1,1,7,0.125
151,1,2,7,0.125
151,1,3,7,0.125
151,1,4,7,0.125
151,1,5,7,0.125
151,1,6,7,0.125
151,1,7,7,0.125
152,1,0,9,0.1
152,1,1,9,0.1
152,1,2,9,0.1
152,1,3,9,0.1
152,1,4,9,0.1
152,1,5,9,0.1
152,1,6,9,0.1
152,1,7,9,0.1
152,1,8,9,0.1
152,1,9,9,0.1
153,1,0,9,0.066482
153,1,1,9,0.066482
153,1,2,6,0.052219
153,1,3,9,0.066482
153,1,4,14,0.103523
153,1,5,6,0.052219
153,1,6,9,0.066482
153,1,7,6,0.052219
153,1,8,9,0.066482
153,1,9,6,0.052219
153,1,10,9,0.066482
153,1,11,9,0.066482
153,1,12,9,0.066482
153,1,13,14,0.103523
153,1,14,6,0.052219
154,1,0,5,0.08431
154,1,1,5,0.08431
154,1,2,5,0.08431
154,1,3,10,0.156899
154,1,4,5,0.08431
154,1,5,5,0.08431
154,1,6,5,0.08431
154,1,7,5,0.08431
154,1,8,5,0.08431
154,1,9,5,0.08431
154,1,10,5,0.08431
155,1,0,6,0.074431
155,1,1,6,0.074431
155,1,2,6,0.074431
155,1,3,11,0.127843
155,1,4,6,0.074431
155,1,5,6,0.074431
155,1,6,6,0.074431
155,1,7,6,0.074431
155,1,8,6,0.074431
155,1,9,11,0.127843
155,1,10,6,0.074431
155,1,11,6,0.074431
156,1,0,7,0.155852
156,1,1,7,0.155852
156,1,2,5,0.11396
156,1,3,4,0.094598
156,1,4,3,0.07556
156,1,5,7,0.155852
156,1,6,6,0.134367
156,1,7,5,0.11396
157,1,0,8,0.077275
157,1,1,7,0.068427
157,1,2,6,0.063529
157,1,3,7,0.068427
157,1,4,7,0.068427
157,1,5,13,0.122529
157,1,6,7,0.071992
157,1,7,6,0.063529
157,1,8,6,0.063529
157,1,9,7,0.068427
157,1,10,7,0.068427
157,1,11,7,0.068427
157,1,12,6,0.063529
157,1,13,6,0.063529
158,1,0,4,0.030181
158,1,1,6,0.037767
158,1,2,4,0.030181
158,1,3,6,0.037767
158,1,4,6,0.037767
158,1,5,5,0.032853
158,1,6,5,0.036618
158,1,7,4,0.030181
158,1,8,5,0.032853
158,1,9,10,0.059577
158,1,10,5,0.032853
158,1,11,6,0.03707
158,1,12,4,0.030181
158,1,13,24,0.142743
158,1,14,6,0.03707
158,1,15,6,0.037767
158,1,16,4,0.030181
158,1,17,6,0.03707
158,1,18,6,0.03707
158,1,19,5,0.036618
158,1,20,4,0.030181
158,1,21,6,0.03707
158,1,22,5,0.032853
158,1,23,6,0.037767
158,1,24,6,0.037767
159,1,0,10,0.031494
159,1,1,10,0.031494
159,1,2,10,0.031494
159,1,3,17,0.046183
159,1,4,17,0.046183
159,1,5,10,0.031494
159,1,6,13,0.036
159,1,7,10,0.031494
159,1,8,13,0.036
159,1,9,10,0.031494
159,1,10,10,0.031494
159,1,11,9,0.027171
159,1,12,13,0.036
159,1,13,17,0.046183
159,1,14,10,0.029539
159,1,15,10,0.029539
159,1,16,17,0.046183
159,1,17,10,0.031494
159,1,18,25,0.067679
159,1,19,13,0.036
159,1,20,13,0.036
159,1,21,9,0.027171
159,1,22,13,0.036
159,1,23,25,0.067679
159,1,24,13,0.036
159,1,25,23,0.062544
160,1,0,7,0.125
160,1,1,7,0.125
160,1,2,7,0.125
160,1,3,7,0.125
160,1,4,7,0.125
160,1,5,7,0.125
160,1,6,7,0.125
160,1,7,7,0.125
161,1,0,4,0.121443
161,1,1,4,0.121443
161,1,2,7,0.20859
161,1,3,3,0.101879
161,1,4,4,0.121443
161,1,5,3,0.101879
161,1,6,4,0.121443
161,1,7,3,0.101879
162,1,0,5,0.024523
162,1,1,8,0.03219
162,1,2,5,0.024523
162,1,3,8,0.03219
162,1,4,12,0.046955
162,1,5,5,0.024523
162,1,6,9,0.035921
162,1,7,5,0.021995
162,1,8,4,0.020867
162,1,9,6,0.025927
162,1,10,5,0.024523
162,1,11,7,0.030453
162,1,12,13,0.050811
162,1,13,7,0.030453
162,1,14,7,0.030453
162,1,15,28,0.111541
162,1,16,28,0.111541
162,1,17,8,0.03219
162,1,18,6,0.025927
162,1,19,7,0.030453
162,1,20,6,0.025927
162,1,21,4,0.020867
162,1,22,7,0.030453
162,1,23,4,0.020097
162,1,24,9,0.036055
162,1,25,7,0.030453
162,1,26,6,0.027227
162,1,27,4,0.020097
162,1,28,4,0.020867
163,1,0,6,0.047961
163,1,1,6,0.047961
163,1,2,6,0.047961
163,1,3,10,0.066137
163,1,4,10,0.066137
163,1,5,10,0.066137
163,1,6,7,0.048805
163,1,7,15,0.10012
163,1,8,10,0.066137
163,1,9,6,0.047961
163,1,10,9,0.060156
163,1,11,9,0.060156
163,1,12,9,0.060156
163,1,13,6,0.047961
163,1,14,10,0.066137
163,1,15,15,0.10012
164,1,0,5,0.061847
164,1,1,5,0.061847
164,1,2,5,0.061847
164,1,3,5,0.061847
164,1,4,14,0.161842
164,1,5,5,0.061847
164,1,6,4,0.054923
164,1,7,4,0.054923
164,1,8,5,0.061847
164,1,9,5,0.061847
164,1,10,5,0.061847
164,1,11,5,0.061847
164,1,12,5,0.061847
164,1,13,4,0.054923
164,1,14,4,0.054923
165,1,0,5,0.043766
165,1,1,8,0.054238
165,1,2,5,0.043766
165,1,3,8,0.054238
165,1,4,5,0.043766
165,1,5,18,0.128434
165,1,6,5,0.043766
165,1,7,5,0.043766
165,1,8,8,0.054238
165,1,9,5,0.043766
165,1,10,8,0.054238
165,1,11,8,0.054238
165,1,12,8,0.054238
165,1,13,5,0.043766
165,1,14,5,0.043766
165,1,15,5,0.043766
165,1,16,8,0.054238
165,1,17,5,0.043766
165,1,18,8,0.054238
166,1,0,5,0.074085
166,1,1,6,0.08089
166,1,2,5,0.074085
166,1,3,5,0.074085
166,1,4,6,0.08089
166,1,5,6,0.08089
166,1,6,5,0.074085
166,1,7,6,0.08089
166,1,8,5,0.074085
166,1,9,6,0.08089
166,1,10,6,0.08089
166,1,11,11,0.144239
167,1,0,7,0.125
167,1,1,7,0.125
167,1,2,7,0.125
167,1,3,7,0.125
167,1,4,7,0.125
167,1,5,7,0.125
167,1,6,7,0.125
167,1,7,7,0.125
168,1,0,3,0.044958
168,1,1,9,0.07921
168,1,2,9,0.07921
168,1,3,9,0.07921
168,1,4,9,0.07921
168,1,5,9,0.07921
168,1,6,1,0.019407
168,1,7,3,0.044958
168,1,8,9,0.07921
168,1,9,9,0.07921
168,1,10,9,0.07921
168,1,11,9,0.07921
168,1,12,3,0.044958
168,1,13,13,0.132825
169,1,0,13,0.034599
169,1,1,14,0.035343
169,1,2,14,0.035343
169,1,3,14,0.035343
169,1,4,14,0.035343
169,1,5,14,0.035343
169,1,6,13,0.034599
169,1,7,13,0.034599
169,1,8,14,0.035343
169,1,9,13,0.034599
169,1,10,13,0.034599
169,1,11,13,0.034599
169,1,12,14,0.035343
169,1,13,26,0.062674
169,1,14,14,0.035343
169,1,15,13,0.034599
169,1,16,13,0.034599
169,1,17,14,0.035343
169,1,18,14,0.035343
169,1,19,13,0.034599
169,1,20,13,0.034599
169,1,21,14,0.035343
169,1,22,13,0.034599
169,1,23,14,0.035343
169,1,24,26,0.062674
169,1,25,14,0.035343
169,1,26,13,0.034599
170,1,0,4,0.015163
170,1,1,5,0.016695
170,1,2,10,0.029858
170,1,3,5,0.017349
170,1,4,6,0.018521
170,1,5,49,0.139741
170,1,6,8,0.020637
170,1,7,4,0.015163
170,1,8,4,0.015163
170,1,9,5,0.016815
170,1,10,6,0.018224
170,1,11,5,0.016695
170,1,12,8,0.020637
170,1,13,4,0.015163
170,1,14,4,0.015163
170,1,15,8,0.020637
170,1,16,4,0.014644
170,1,17,6,0.018521
170,1,18,5,0.016815
170,1,19,6,0.018521
170,1,20,5,0.016815
170,1,21,4,0.013694
170,1,22,4,0.015163
170,1,23,6,0.018521
170,1,24,6,0.018224
170,1,25,8,0.020637
170,1,26,4,0.015163
170,1,27,6,0.018224
170,1,28,5,0.016695
170,1,29,4,0.013694
170,1,30,5,0.016695
170,1,31,6,0.018224
170,1,32,4,0.014644
170,1,33,8,0.020637
170,1,34,4,0.015163
170,1,35,7,0.020997
170,1,36,8,0.020637
170,1,37,5,0.016581
170,1,38,5,0.016815
170,1,39,8,0.020637
170,1,40,4,0.014644
170,1,41,8,0.020637
170,1,42,6,0.018521
170,1,43,4,0.015163
170,1,44,4,0.015163
170,1,45,6,0.019337
170,1,46,6,0.018521
170,1,47,4,0.015163
170,1,48,6,0.019701
170,1,49,4,0.015163
171,1,0,3,0.127095
171,1,1,3,0.127095
171,1,2,3,0.127095
171,1,3,3,0.127095
171,1,4,3,0.127095
171,1,5,6,0.237428
171,1,6,3,0.127095
172,1,0,6,0.050351
172,1,1,6,0.050351
172,1,2,6,0.050351
172,1,3,6,0.050351
172,1,4,6,0.050351
172,1,5,6,0.050351
172,1,6,6,0.050351
172,1,7,16,0.12237
172,1,8,6,0.050351
172,1,9,6,0.050351
172,1,10,6,0.050351
172,1,11,6,0.050351
172,1,12,6,0.050351
172,1,13,16,0.12237
172,1,14,6,0.050351
172,1,15,6,0.050351
172,1,16,6,0.050351
173,1,0,19,0.037242
173,1,1,19,0.037242
173,1,2,19,0.037242
173,1,3,19,0.037242
173,1,4,19,0.037242
173,1,5,19,0.037242
173,1,6,19,0.037242
173,1,7,19,0.037242
173,1,8,8,0.028852
173,1,9,8,0.028852
173,1,10,8,0.028852
173,1,11,8,0.028852
173,1,12,8,0.028852
173,1,13,8,0.028852
173,1,14,8,0.028852
173,1,15,19,0.037242
173,1,16,19,0.037242
173,1,17,19,0.037242
173,1,18,19,0.037242
173,1,19,19,0.037242
173,1,20,19,0.037242
173,1,21,19,0.037242
173,1,22,27,0.061596
173,1,23,19,0.037242
173,1,24,8,0.028852
173,1,25,19,0.037242
173,1,26,19,0.037242
173,1,27,19,0.037242
174,1,0,7,0.125
174,1,1,7,0.125
174,1,2,7,0.125
174,1,3,7,0.125
174,1,4,7,0.125
174,1,5,7,0.125
174,1,6,7,0.125
174,1,7,7,0.125
175,1,0,7,0.125
175,1,1,7,0.125
175,1,2,7,0.125
175,1,3,7,0.125
175,1,4,7,0.125
175,1,5,7,0.125
175,1,6,7,0.125
175,1,7,7,0.125
176,1,0,6,0.142857
176,1,1,6,0.142857
176,1,2,6,0.142857
176,1,3,6,0.142857
176,1,4,6,0.142857
176,1,5,6,0.142857
176,1,6,6,0.142857
177,1,0,6,0.142857
177,1,1,6,0.142857
177,1,2,6,0.142857
177,1,3,6,0.142857
177,1,4,6,0.142857
177,1,5,6,0.142857
177,1,6,6,0.142857
178,1,0,4,0.050802
178,1,1,5,0.057136
178,1,2,4,0.050802
178,1,3,3,0.042624
178,1,4,4,0.050802
178,1,5,3,0.042624
178,1,6,5,0.057136
178,1,7,5,0.057136
178,1,8,4,0.050802
178,1,9,4,0.050802
178,1,10,3,0.042624
178,1,11,5,0.057136
178,1,12,16,0.180033
178,1,13,4,0.050802
178,1,14,4,0.050802
178,1,15,4,0.050802
178,1,16,5,0.057136
179,1,0,15,0.098746
179,1,1,5,0.042098
179,1,2,8,0.053343
179,1,3,15,0.098746
179,1,4,9,0.058772
179,1,5,5,0.042098
179,1,6,9,0.058772
179,1,7,11,0.070223
179,1,8,5,0.042098
179,1,9,11,0.070223
179,1,10,9,0.058772
179,1,11,11,0.070223
179,1,12,8,0.053343
179,1,13,5,0.042098
179,1,14,11,0.070223
179,1,15,11,0.070223
180,1,0,7,0.14344
180,1,1,5,0.10656
180,1,2,7,0.14344
180,1,3,7,0.14344
180,1,4,5,0.10656
180,1,5,5,0.10656
180,1,6,7,0.14344
180,1,7,5,0.10656
181,1,0,8,0.070464
181,1,1,8,0.059448
181,1,2,8,0.059448
181,1,3,16,0.121936
181,1,4,8,0.059448
181,1,5,4,0.038647
181,1,6,8,0.059448
181,1,7,5,0.046515
181,1,8,8,0.059448
181,1,9,5,0.046055
181,1,10,5,0.046055
181,1,11,7,0.062176
181,1,12,5,0.046055
181,1,13,8,0.059448
181,1,14,8,0.059448
181,1,15,8,0.059448
181,1,16,5,0.046515
182,1,0,4,0.086031
182,1,1,5,0.097048
182,1,2,5,0.097048
182,1,3,4,0.086031
182,1,4,5,0.097048
182,1,5,5,0.097048
182,1,6,4,0.086031
182,1,7,5,0.097048
182,1,8,9,0.170632
182,1,9,4,0.086031
183,1,0,6,0.142857
183,1,1,6,0.142857
183,1,2,6,0.142857
183,1,3,6,0.142857
183,1,4,6,0.142857
183,1,5,6,0.142857
183,1,6,6,0.142857
184,1,0,4,0.147181
184,1,1,6,0.225507
184,1,2,2,0.092885
184,1,3,2,0.092885
184,1,4,4,0.147181
184,1,5,4,0.147181
184,1,6,4,0.147181
185,1,0,7,0.125
185,1,1,7,0.125
185,1,2,7,0.125
185,1,3,7,0.125
185,1,4,7,0.125
185,1,5,7,0.125
185,1,6,7,0.125
185,1,7,7,0.125
186,1,0,6,0.029659
186,1,1,22,0.087748
186,1,2,9,0.038632
186,1,3,11,0.045074
186,1,4,14,0.05746
186,1,5,9,0.038632
186,1,6,9,0.038632
186,1,7,10,0.042626
186,1,8,10,0.04154
186,1,9,8,0.034337
186,1,10,5,0.025956
186,1,11,10,0.04154
186,1,12,22,0.087748
186,1,13,9,0.038632
186,1,14,5,0.025956
186,1,15,10,0.04154
186,1,16,11,0.045074
186,1,17,10,0.041394
186,1,18,10,0.042626
186,1,19,9,0.038632
186,1,20,9,0.03785
186,1,21,10,0.04154
186,1,22,8,0.037171
187,1,0,8,0.066395
187,1,1,6,0.058743
187,1,2,14,0.116384
187,1,3,8,0.066395
187,1,4,6,0.058743
187,1,5,8,0.066395
187,1,6,6,0.058743
187,1,7,8,0.066395
187,1,8,6,0.058743
187,1,9,8,0.066395
187,1,10,8,0.066395
187,1,11,6,0.058743
187,1,12,8,0.066395
187,1,13,6,0.058743
187,1,14,8,0.066395
188,1,0,8,0.111111
188,1,1,8,0.111111
188,1,2,8,0.111111
188,1,3,8,0.111111
188,1,4,8,0.111111
188,1,5,8,0.111111
188,1,6,8,0.111111
188,1,7,8,0.111111
188,1,8,8,0.111111
189,1,0,21,0.045455
189,1,1,21,0.045455
189,1,2,21,0.045455
189,1,3,21,0.045455
189,1,4,21,0.045455
189,1,5,21,0.045455
189,1,6,21,0.045455
189,1,7,21,0.045455
189,1,8,21,0.045455
189,1,9,21,0.045455
189,1,10,21,0.045455
189,1,11,21,0.045455
189,1,12,21,0.045455
189,1,13,21,0.045455
189,1,14,21,0.045455
189,1,15,21,0.045455
189,1,16,21,0.045455
189,1,17,21,0.045455
189,1,18,21,0.045455
189,1,19,21,0.045455
189,1,20,21,0.045455
189,1,21,21,0.045455
190,1,0,10,0.146646
190,1,1,3,0.060405
190,1,2,7,0.09602
190,1,3,7,0.09602
190,1,4,7,0.09602
190,1,5,3,0.060405
190,1,6,7,0.09602
190,1,7,3,0.060405
190,1,8,7,0.09602
190,1,9,7,0.09602
190,1,10,7,0.09602
191,1,0,7,0.09602
191,1,1,7,0.09602
191,1,2,7,0.09602
191,1,3,7,0.09602
191,1,4,10,0.146646
191,1,5,7,0.09602
191,1,6,3,0.060405
191,1,7,7,0.09602
191,1,8,7,0.09602
191,1,9,3,0.060405
191,1,10,3,0.060405
192,1,0,4,0.021592
192,1,1,4,0.021592
192,1,2,5,0.024319
192,1,3,3,0.018085
192,1,4,6,0.026469
192,1,5,4,0.021592
192,1,6,4,0.021592
192,1,7,36,0.157936
192,1,8,5,0.024319
192,1,9,3,0.018085
192,1,10,4,0.021592
192,1,11,4,0.021592
192,1,12,6,0.026469
192,1,13,6,0.026469
192,1,14,6,0.026469
192,1,15,5,0.024319
192,1,16,3,0.018085
192,1,17,6,0.026469
192,1,18,3,0.018085
192,1,19,4,0.021592
192,1,20,6,0.026469
192,1,21,6,0.026469
192,1,22,5,0.024319
192,1,23,3,0.018085
192,1,24,6,0.026469
192,1,25,4,0.021592
192,1,26,3,0.018085
192,1,27,6,0.026469
192,1,28,6,0.026469
192,1,29,5,0.024319
192,1,30,5,0.024319
192,1,31,5,0.024319
192,1,32,6,0.026469
192,1,33,6,0.026469
192,1,34,5,0.024319
192,1,35,5,0.024319
192,1,36,5,0.024319
193,1,0,2,0.013376
193,1,1,13,0.03528
193,1,2,13,0.03528
193,1,3,13,0.03528
193,1,4,5,0.024197
193,1,5,5,0.024197
193,1,6,7,0.028458
193,1,7,13,0.03528
193,1,8,2,0.013376
193,1,9,4,0.021339
193,1,10,13,0.03528
193,1,11,13,0.03528
193,1,12,13,0.03528
193,1,13,4,0.021339
193,1,14,13,0.03528
193,1,15,7,0.028458
193,1,16,13,0.03528
193,1,17,13,0.03528
193,1,18,7,0.028458
193,1,19,13,0.03528
193,1,20,5,0.024197
193,1,21,7,0.028458
193,1,22,4,0.021339
193,1,23,7,0.028458
193,1,24,5,0.024197
193,1,25,13,0.03528
193,1,26,31,0.109062
193,1,27,13,0.03528
193,1,28,5,0.024197
193,1,29,4,0.021339
193,1,30,7,0.028458
193,1,31,7,0.028458
194,1,0,4,0.050545
194,1,1,6,0.066472
194,1,2,6,0.066472
194,1,3,4,0.048549
194,1,4,10,0.107937
194,1,5,6,0.066472
194,1,6,13,0.140172
194,1,7,4,0.050545
194,1,8,4,0.048549
194,1,9,4,0.048549
194,1,10,6,0.066472
194,1,11,4,0.048549
194,1,12,13,0.140172
194,1,13,4,0.050545
195,1,0,9,0.1
195,1,1,9,0.1
195,1,2,9,0.1
195,1,3,9,0.1
195,1,4,9,0.1
195,1,5,9,0.1
195,1,6,9,0.1
195,1,7,9,0.1
195,1,8,9,0.1
195,1,9,9,0.1
196,1,0,8,0.043711
196,1,1,7,0.040625
196,1,2,7,0.040625
196,1,3,20,0.103263
196,1,4,7,0.040625
196,1,5,8,0.043711
196,1,6,7,0.040625
196,1,7,7,0.040625
196,1,8,8,0.043711
196,1,9,7,0.040625
196,1,10,8,0.043711
196,1,11,7,0.040625
196,1,12,8,0.043711
196,1,13,8,0.043711
196,1,14,8,0.043711
196,1,15,20,0.103263
196,1,16,7,0.040625
196,1,17,7,0.040625
196,1,18,7,0.040625
196,1,19,7,0.040625
196,1,20,7,0.040625
197,1,0,7,0.125
197,1,1,7,0.125
197,1,2,7,0.125
197,1,3,7,0.125
197,1,4,7,0.125
197,1,5,7,0.125
197,1,6,7,0.125
197,1,7,7,0.125
198,1,0,9,0.056003
198,1,1,6,0.043802
198,1,2,8,0.049825
198,1,3,5,0.038931
198,1,4,7,0.050099
198,1,5,5,0.038931
198,1,6,6,0.043802
198,1,7,8,0.049825
198,1,8,6,0.043802
198,1,9,5,0.038931
198,1,10,6,0.043802
198,1,11,8,0.049825
198,1,12,5,0.038931
198,1,13,6,0.043802
198,1,14,19,0.119626
198,1,15,7,0.050761
198,1,16,8,0.049825
198,1,17,8,0.049825
198,1,18,8,0.049825
198,1,19,8,0.049825
199,1,0,6,0.020904
199,1,1,4,0.017574
199,1,2,6,0.021179
199,1,3,43,0.145995
199,1,4,8,0.026562
199,1,5,4,0.015965
199,1,6,5,0.019694
199,1,7,6,0.020501
199,1,8,4,0.017574
199,1,9,8,0.026562
199,1,10,13,0.044053
199,1,11,6,0.020501
199,1,12,4,0.017574
199,1,13,5,0.019694
199,1,14,5,0.019694
199,1,15,4,0.017574
199,1,16,4,0.015306
199,1,17,5,0.019752
199,1,18,6,0.02349
199,1,19,4,0.015306
199,1,20,4,0.015306
199,1,21,3,0.014102
199,1,22,5,0.019752
199,1,23,4,0.015965
199,1,24,4,0.015306
199,1,25,6,0.020904
199,1,26,5,0.019694
199,1,27,4,0.017677
199,1,28,5,0.019752
199,1,29,5,0.019752
199,1,30,3,0.012283
199,1,31,4,0.017574
199,1,32,6,0.021179
199,1,33,8,0.026562
199,1,34,6,0.020501
199,1,35,3,0.014102
199,1,36,5,0.019752
199,1,37,6,0.020904
199,1,38,4,0.017574
199,1,39,10,0.033893
199,1,40,4,0.017574
199,1,41,4,0.017574
199,1,42,6,0.020904
199,1,43,4,0.015965
200,1,0,5,0.085405
200,1,1,3,0.063355
200,1,2,3,0.063355
200,1,3,3,0.063355
200,1,4,11,0.192843
200,1,5,5,0.085405
200,1,6,3,0.063355
200,1,7,5,0.085405
200,1,8,5,0.085405
200,1,9,3,0.063355
200,1,10,3,0.063355
200,1,11,5,0.085405
201,1,0,4,0.086031
201,1,1,5,0.097048
201,1,2,4,0.086031
201,1,3,5,0.097048
201,1,4,5,0.097048
201,1,5,9,0.170632
201,1,6,4,0.086031
201,1,7,4,0.086031
201,1,8,5,0.097048
201,1,9,5,0.097048
202,1,0,6,0.142857
202,1,1,6,0.142857
202,1,2,6,0.142857
202,1,3,6,0.142857
202,1,4,6,0.142857
202,1,5,6,0.142857
202,1,6,6,0.142857
203,1,0,9,0.1
203,1,1,9,0.1
203,1,2,9,0.1
203,1,3,9,0.1
203,1,4,9,0.1
203,1,5,9,0.1
203,1,6,9,0.1
203,1,7,9,0.1
203,1,8,9,0.1
203,1,9,9,0.1
204,1,0,8,0.111111
204,1,1,8,0.111111
204,1,2,8,0.111111
204,1,3,8,0.111111
204,1,4,8,0.111111
204,1,5,8,0.111111
204,1,6,8,0.111111
204,1,7,8,0.111111
204,1,8,8,0.111111
205,1,0,6,0.142857
205,1,1,6,0.142857
205,1,2,6,0.142857
205,1,3,6,0.142857
205,1,4,6,0.142857
205,1,5,6,0.142857
205,1,6,6,0.142857
206,1,0,4,0.097237
206,1,1,5,0.117906
206,1,2,5,0.117906
206,1,3,4,0.097237
206,1,4,4,0.097237
206,1,5,4,0.097237
206,1,6,4,0.097237
206,1,7,4,0.097237
206,1,8,8,0.18077
207,1,0,6,0.072152
207,1,1,6,0.072152
207,1,2,6,0.072152
207,1,3,6,0.072152
207,1,4,12,0.134171
207,1,5,6,0.072152
207,1,6,6,0.072152
207,1,7,6,0.072152
207,1,8,6,0.072152
207,1,9,6,0.072152
207,1,10,6,0.072152
207,1,11,6,0.072152
207,1,12,6,0.072152
208,1,0,8,0.111111
208,1,1,8,0.111111
208,1,2,8,0.111111
208,1,3,8,0.111111
208,1,4,8,0.111111
208,1,5,8,0.111111
208,1,6,8,0.111111
208,1,7,8,0.111111
208,1,8,8,0.111111
209,1,0,4,0.121443
209,1,1,4,0.121443
209,1,2,4,0.121443
209,1,3,4,0.121443
209,1,4,3,0.101879
209,1,5,3,0.101879
209,1,6,7,0.20859
209,1,7,3,0.101879
210,1,0,13,0.071429
210,1,1,13,0.071429
210,1,2,13,0.071429
210,1,3,13,0.071429
210,1,4,13,0.071429
210,1,5,13,0.071429
210,1,6,13,0.071429
210,1,7,13,0.071429
210,1,8,13,0.071429
210,1,9,13,0.071429
210,1,10,13,0.071429
210,1,11,13,0.071429
210,1,12,13,0.071429
210,1,13,13,0.071429
211,1,0,9,0.1
211,1,1,9,0.1
211,1,2,9,0.1
211,1,3,9,0.1
211,1,4,9,0.1
211,1,5,9,0.1
211,1,6,9,0.1
211,1,7,9,0.1
211,1,8,9,0.1
211,1,9,9,0.1
212,1,0,3,0.056445
212,1,1,5,0.075957
212,1,2,5,0.075957
212,1,3,4,0.067374
212,1,4,3,0.056445
212,1,5,5,0.075957
212,1,6,3,0.056445
212,1,7,4,0.067374
212,1,8,4,0.067374
212,1,9,5,0.075957
212,1,10,12,0.181386
212,1,11,5,0.075957
212,1,12,4,0.067374
213,1,0,8,0.080338
213,1,1,8,0.080338
213,1,2,8,0.080338
213,1,3,8,0.080338
213,1,4,8,0.080338
213,1,5,8,0.080338
213,1,6,4,0.0572
213,1,7,4,0.0572
213,1,8,8,0.080338
213,1,9,8,0.080338
213,1,10,4,0.0572
213,1,11,4,0.0572
213,1,12,12,0.128497
214,1,0,11,0.083333
214,1,1,11,0.083333
214,1,2,11,0.083333
214,1,3,11,0.083333
214,1,4,11,0.083333
214,1,5,11,0.083333
214,1,6,11,0.083333
214,1,7,11,0.083333
214,1,8,11,0.083333
214,1,9,11,0.083333
214,1,10,11,0.083333
214,1,11,11,0.083333
215,1,0,6,0.142857
215,1,1,6,0.142857
215,1,2,6,0.142857
215,1,3,6,0.142857
215,1,4,6,0.142857
215,1,5,6,0.142857
215,1,6,6,0.142857
216,1,0,6,0.142857
216,1,1,6,0.142857
216,1,2,6,0.142857
216,1,3,6,0.142857
216,1,4,6,0.142857
216,1,5,6,0.142857
216,1,6,6,0.142857
217,1,0,8,0.111111
217,1,1,8,0.111111
217,1,2,8,0.111111
217,1,3,8,0.111111
217,1,4,8,0.111111
217,1,5,8,0.111111
217,1,6,8,0.111111
217,1,7,8,0.111111
217,1,8,8,0.111111
218,1,0,8,0.111111
218,1,1,8,0.111111
218,1,2,8,0.111111
218,1,3,8,0.111111
218,1,4,8,0.111111
218,1,5,8,0.111111
218,1,6,8,0.111111
218,1,7,8,0.111111
218,1,8,8,0.111111
219,1,0,7,0.125
219,1,1,7,0.125
219,1,2,7,0.125
219,1,3,7,0.125
219,1,4,7,0.125
219,1,5,7,0.125
219,1,6,7,0.125
219,1,7,7,0.125
220,1,0,5,0.087857
220,1,1,5,0.087857
220,1,2,9,0.148571
220,1,3,5,0.087857
220,1,4,9,0.148571
220,1,5,5,0.087857
220,1,6,5,0.087857
220,1,7,5,0.087857
220,1,8,5,0.087857
220,1,9,5,0.087857
221,1,0,6,0.142857
221,1,1,6,0.142857
221,1,2,6,0.142857
221,1,3,6,0.142857
221,1,4,6,0.142857
221,1,5,6,0.142857
221,1,6,6,0.142857
222,1,0,4,0.10137
222,1,1,4,0.10137
222,1,2,4,0.10137
222,1,3,4,0.10137
222,1,4,8,0.189037
222,1,5,4,0.10137
222,1,6,4,0.10137
222,1,7,4,0.10137
222,1,8,4,0.10137
223,1,0,10,0.096525
223,1,1,8,0.080801
223,1,2,7,0.072274
223,1,3,7,0.069798
223,1,4,12,0.115108
223,1,5,12,0.115108
223,1,6,5,0.05451
223,1,7,7,0.069798
223,1,8,5,0.05451
223,1,9,7,0.069798
223,1,10,8,0.078527
223,1,11,7,0.069798
223,1,12,5,0.053444
224,1,0,4,0.10137
224,1,1,8,0.189037
224,1,2,4,0.10137
224,1,3,4,0.10137
224,1,4,4,0.10137
224,1,5,4,0.10137
224,1,6,4,0.10137
224,1,7,4,0.10137
224,1,8,4,0.10137
225,1,0,7,0.050342
225,1,1,10,0.062068
225,1,2,10,0.062068
225,1,3,10,0.062068
225,1,4,7,0.050342
225,1,5,7,0.050342
225,1,6,7,0.050342
225,1,7,6,0.040189
225,1,8,7,0.050342
225,1,9,9,0.056336
225,1,10,17,0.104971
225,1,11,8,0.05073
225,1,12,10,0.062068
225,1,13,7,0.050342
225,1,14,7,0.050342
225,1,15,8,0.05073
225,1,16,8,0.05073
225,1,17,7,0.045652
226,1,0,21,0.045455
226,1,1,21,0.045455
226,1,2,21,0.045455
226,1,3,21,0.045455
226,1,4,21,0.045455
226,1,5,21,0.045455
226,1,6,21,0.045455
226,1,7,21,0.045455
226,1,8,21,0.045455
226,1,9,21,0.045455
226,1,10,21,0.045455
226,1,11,21,0.045455
226,1,12,21,0.045455
226,1,13,21,0.045455
226,1,14,21,0.045455
226,1,15,21,0.045455
226,1,16,21,0.045455
226,1,17,21,0.045455
226,1,18,21,0.045455
226,1,19,21,0.045455
226,1,20,21,0.045455
226,1,21,21,0.045455
227,1,0,6,0.050351
227,1,1,6,0.050351
227,1,2,6,0.050351
227,1,3,6,0.050351
227,1,4,6,0.050351
227,1,5,6,0.050351
227,1,6,6,0.050351
227,1,7,16,0.12237
227,1,8,6,0.050351
227,1,9,6,0.050351
227,1,10,6,0.050351
227,1,11,6,0.050351
227,1,12,6,0.050351
227,1,13,16,0.12237
227,1,14,6,0.050351
227,1,15,6,0.050351
227,1,16,6,0.050351
228,1,0,3,0.04478
228,1,1,3,0.04478
228,1,2,3,0.04478
228,1,3,3,0.043234
228,1,4,3,0.04478
228,1,5,3,0.043234
228,1,6,3,0.04478
228,1,7,5,0.068401
228,1,8,3,0.04478
228,1,9,17,0.221299
228,1,10,3,0.043234
228,1,11,3,0.04478
228,1,12,3,0.04478
228,1,13,3,0.043234
228,1,14,3,0.04478
228,1,15,3,0.04478
228,1,16,3,0.04478
228,1,17,3,0.04478
229,1,0,6,0.091607
229,1,1,6,0.091607
229,1,2,6,0.091607
229,1,3,4,0.073986
229,1,4,10,0.154411
229,1,5,4,0.073986
229,1,6,6,0.091607
229,1,7,6,0.091607
229,1,8,4,0.073986
229,1,9,6,0.091607
229,1,10,4,0.073986
230,1,0,13,0.071429
230,1,1,13,0.071429
230,1,2,13,0.071429
230,1,3,13,0.071429
230,1,4,13,0.071429
230,1,5,13,0.071429
230,1,6,13,0.071429
230,1,7,13,0.071429
230,1,8,13,0.071429
230,1,9,13,0.071429
230,1,10,13,0.071429
230,1,11,13,0.071429
230,1,12,13,0.071429
230,1,13,13,0.071429
231,1,0,9,0.1
231,1,1,9,0.1
231,1,2,9,0.1
231,1,3,9,0.1
231,1,4,9,0.1
231,1,5,9,0.1
231,1,6,9,0.1
231,1,7,9,0.1
231,1,8,9,0.1
231,1,9,9,0.1
232,1,0,17,0.049231
232,1,1,26,0.089716
232,1,2,20,0.057257
232,1,3,9,0.028257
232,1,4,4,0.023755
232,1,5,17,0.047919
232,1,6,4,0.023755
232,1,7,14,0.039895
232,1,8,2,0.014806
232,1,9,20,0.057257
232,1,10,17,0.047919
232,1,11,9,0.028257
232,1,12,14,0.039895
232,1,13,14,0.039895
232,1,14,14,0.039895
232,1,15,9,0.028257
232,1,16,6,0.022064
232,1,17,2,0.014806
232,1,18,4,0.023755
232,1,19,14,0.039895
232,1,20,6,0.022064
232,1,21,17,0.047919
232,1,22,4,0.023755
232,1,23,14,0.039895
232,1,24,17,0.047919
232,1,25,14,0.039895
232,1,26,6,0.022064
233,1,0,6,0.142857
233,1,1,6,0.142857
233,1,2,6,0.142857
233,1,3,6,0.142857
233,1,4,6,0.142857
233,1,5,6,0.142857
233,1,6,6,0.142857
234,1,0,6,0.142857
234,1,1,6,0.142857
234,1,2,6,0.142857
234,1,3,6,0.142857
234,1,4,6,0.142857
234,1,5,6,0.142857
234,1,6,6,0.142857
235,1,0,7,0.085852
235,1,1,7,0.085852
235,1,2,7,0.085852
235,1,3,4,0.064644
235,1,4,11,0.140458
235,1,5,4,0.064644
235,1,6,7,0.085852
235,1,7,7,0.085852
235,1,8,4,0.064644
235,1,9,7,0.085852
235,1,10,4,0.064644
235,1,11,7,0.085852
236,1,0,7,0.051001
236,1,1,5,0.040849
236,1,2,7,0.050901
236,1,3,7,0.051001
236,1,4,1,0.014947
236,1,5,17,0.132161
236,1,6,13,0.090556
236,1,7,7,0.051001
236,1,8,3,0.034672
236,1,9,10,0.06972
236,1,10,5,0.040849
236,1,11,5,0.040849
236,1,12,10,0.071808
236,1,13,3,0.034672
236,1,14,10,0.06972
236,1,15,7,0.050901
236,1,16,3,0.034672
236,1,17,10,0.06972
237,1,0,7,0.125
237,1,1,7,0.125
237,1,2,7,0.125
237,1,3,7,0.125
237,1,4,7,0.125
237,1,5,7,0.125
237,1,6,7,0.125
237,1,7,7,0.125
238,1,0,3,0.056561
238,1,1,6,0.086488
238,1,2,6,0.086488
238,1,3,6,0.086488
238,1,4,3,0.056561
238,1,5,3,0.056561
238,1,6,5,0.089466
238,1,7,11,0.165362
238,1,8,3,0.056561
238,1,9,6,0.086488
238,1,10,6,0.086488
238,1,11,6,0.086488
239,1,0,5,0.015586
239,1,1,4,0.014325
239,1,2,4,0.014325
239,1,3,6,0.017689
239,1,4,4,0.014325
239,1,5,4,0.014325
239,1,6,6,0.017689
239,1,7,6,0.017689
239,1,8,5,0.016193
239,1,9,4,0.014325
239,1,10,13,0.025174
239,1,11,4,0.014325
239,1,12,6,0.017689
239,1,13,4,0.014325
239,1,14,12,0.022741
239,1,15,6,0.017406
239,1,16,5,0.016193
239,1,17,4,0.014325
239,1,18,4,0.014325
239,1,19,12,0.022741
239,1,20,6,0.017689
239,1,21,12,0.022741
239,1,22,4,0.014325
239,1,23,4,0.014325
239,1,24,12,0.022741
239,1,25,5,0.015586
239,1,26,6,0.017689
239,1,27,12,0.022741
239,1,28,5,0.015586
239,1,29,4,0.014325
239,1,30,12,0.022741
239,1,31,51,0.135429
239,1,32,12,0.022741
239,1,33,4,0.014325
239,1,34,12,0.022741
239,1,35,4,0.014325
239,1,36,3,0.011964
239,1,37,4,0.014325
239,1,38,4,0.014325
239,1,39,4,0.014325
239,1,40,4,0.014325
239,1,41,4,0.014325
239,1,42,4,0.014325
239,1,43,5,0.016193
239,1,44,12,0.022741
239,1,45,3,0.011964
239,1,46,5,0.015586
239,1,47,12,0.022741
239,1,48,5,0.016193
239,1,49,5,0.016193
239,1,50,12,0.022741
239,1,51,3,0.011964
240,1,0,13,0.048162
240,1,1,5,0.024954
240,1,2,17,0.061957
240,1,3,13,0.048162
240,1,4,9,0.036431
240,1,5,13,0.048162
240,1,6,5,0.024954
240,1,7,13,0.048162
240,1,8,13,0.048162
240,1,9,13,0.048162
240,1,10,9,0.036431
240,1,11,19,0.070441
240,1,12,12,0.048176
240,1,13,12,0.048176
240,1,14,13,0.048162
240,1,15,17,0.061957
240,1,16,17,0.061957
240,1,17,17,0.061957
240,1,18,17,0.061957
240,1,19,17,0.063518
241,1,0,10,0.016467
241,1,1,13,0.020885
241,1,2,10,0.016467
241,1,3,10,0.016467
241,1,4,13,0.019697
241,1,5,17,0.025826
241,1,6,14,0.021182
241,1,7,10,0.016234
241,1,8,6,0.012451
241,1,9,12,0.018409
241,1,10,15,0.022464
241,1,11,17,0.026741
241,1,12,29,0.041855
241,1,13,5,0.014529
241,1,14,13,0.019697
241,1,15,15,0.022426
241,1,16,5,0.014529
241,1,17,12,0.018409
241,1,18,30,0.042131
241,1,19,12,0.018409
241,1,20,5,0.014529
241,1,21,13,0.019744
241,1,22,14,0.021807
241,1,23,6,0.012451
241,1,24,13,0.019697
241,1,25,47,0.073089
241,1,26,9,0.014934
241,1,27,13,0.019697
241,1,28,23,0.032644
241,1,29,7,0.012266
241,1,30,10,0.016234
241,1,31,16,0.02357
241,1,32,12,0.018409
241,1,33,5,0.00966
241,1,34,6,0.012451
241,1,35,10,0.016467
241,1,36,17,0.026741
241,1,37,16,0.02357
241,1,38,12,0.018409
241,1,39,18,0.0277
241,1,40,5,0.014529
241,1,41,6,0.012451
241,1,42,5,0.014529
241,1,43,13,0.019697
241,1,44,12,0.018409
241,1,45,9,0.014934
241,1,46,18,0.0277
241,1,47,12,0.018409
242,1,0,6,0.142857
242,1,1,6,0.142857
242,1,2,6,0.142857
242,1,3,6,0.142857
242,1,4,6,0.142857
242,1,5,6,0.142857
242,1,6,6,0.142857
243,1,0,8,0.045808
243,1,1,4,0.029227
243,1,2,5,0.037208
243,1,3,6,0.040049
243,1,4,8,0.045808
243,1,5,21,0.12371
243,1,6,5,0.037208
243,1,7,6,0.040049
243,1,8,6,0.040049
243,1,9,8,0.045808
243,1,10,8,0.045808
243,1,11,8,0.045808
243,1,12,8,0.052569
243,1,13,6,0.040049
243,1,14,8,0.052569
243,1,15,8,0.045808
243,1,16,5,0.037208
243,1,17,5,0.037208
243,1,18,5,0.037208
243,1,19,8,0.045808
243,1,20,8,0.045808
243,1,21,4,0.029227
244,1,0,8,0.111111
244,1,1,8,0.111111
244,1,2,8,0.111111
244,1,3,8,0.111111
244,1,4,8,0.111111
244,1,5,8,0.111111
244,1,6,8,0.111111
244,1,7,8,0.111111
244,1,8,8,0.111111
245,1,0,6,0.142857
245,1,1,6,0.142857
245,1,2,6,0.142857
245,1,3,6,0.142857
245,1,4,6,0.142857
245,1,5,6,0.142857
245,1,6,6,0.142857
246,1,0,6,0.142857
246,1,1,6,0.142857
246,1,2,6,0.142857
246,1,3,6,0.142857
246,1,4,6,0.142857
246,1,5,6,0.142857
246,1,6,6,0.142857
247,1,0,6,0.142857
247,1,1,6,0.142857
247,1,2,6,0.142857
247,1,3,6,0.142857
247,1,4,6,0.142857
247,1,5,6,0.142857
247,1,6,6,0.142857
248,1,0,7,0.125
248,1,1,7,0.125
248,1,2,7,0.125
248,1,3,7,0.125
248,1,4,7,0.125
248,1,5,7,0.125
248,1,6,7,0.125
248,1,7,7,0.125
249,1,0,4,0.10137
249,1,1,4,0.10137
249,1,2,4,0.10137
249,1,3,4,0.10137
249,1,4,8,0.189037
249,1,5,4,0.10137
249,1,6,4,0.10137
249,1,7,4,0.10137
249,1,8,4,0.10137
250,1,0,9,0.1
250,1,1,9,0.1
250,1,2,9,0.1
250,1,3,9,0.1
250,1,4,9,0.1
250,1,5,9,0.1
250,1,6,9,0.1
250,1,7,9,0.1
250,1,8,9,0.1
250,1,9,9,0.1
251,1,0,9,0.1
251,1,1,9,0.1
251,1,2,9,0.1
251,1,3,9,0.1
251,1,4,9,0.1
251,1,5,9,0.1
251,1,6,9,0.1
251,1,7,9,0.1
251,1,8,9,0.1
251,1,9,9,0.1
252,1,0,6,0.142857
252,1,1,6,0.142857
252,1,2,6,0.142857
252,1,3,6,0.142857
252,1,4,6,0.142857
252,1,5,6,0.142857
252,1,6,6,0.142857
253,1,0,7,0.125
253,1,1,7,0.125
253,1,2,7,0.125
253,1,3,7,0.125
253,1,4,7,0.125
253,1,5,7,0.125
253,1,6,7,0.125
253,1,7,7,0.125
254,1,0,6,0.142857
254,1,1,6,0.142857
254,1,2,6,0.142857
254,1,3,6,0.142857
254,1,4,6,0.142857
254,1,5,6,0.142857
254,1,6,6,0.142857
255,1,0,7,0.125
255,1,1,7,0.125
255,1,2,7,0.125
255,1,3,7,0.125
255,1,4,7,0.125
255,1,5,7,0.125
255,1,6,7,0.125
255,1,7,7,0.125
256,1,0,13,0.04641
256,1,1,21,0.079954
256,1,2,13,0.04641
256,1,3,8,0.03959
256,1,4,13,0.04641
256,1,5,8,0.03959
256,1,6,8,0.03959
256,1,7,13,0.04641
256,1,8,13,0.04641
256,1,9,8,0.03959
256,1,10,8,0.03959
256,1,11,13,0.04641
256,1,12,13,0.04641
256,1,13,8,0.03959
256,1,14,8,0.03959
256,1,15,13,0.04641
256,1,16,8,0.03959
256,1,17,13,0.04641
256,1,18,13,0.04641
256,1,19,13,0.04641
256,1,20,13,0.04641
256,1,21,13,0.04641
257,1,0,19,0.05
257,1,1,19,0.05
257,1,2,19,0.05
257,1,3,19,0.05
257,1,4,19,0.05
257,1,5,19,0.05
257,1,6,19,0.05
257,1,7,19,0.05
257,1,8,19,0.05
257,1,9,19,0.05
257,1,10,19,0.05
257,1,11,19,0.05
257,1,12,19,0.05
257,1,13,19,0.05
257,1,14,19,0.05
257,1,15,19,0.05
257,1,16,19,0.05
257,1,17,19,0.05
257,1,18,19,0.05
257,1,19,19,0.05
258,1,0,6,0.044011
258,1,1,7,0.050484
258,1,2,7,0.048648
258,1,3,6,0.046045
258,1,4,7,0.048648
258,1,5,6,0.046045
258,1,6,6,0.046045
258,1,7,6,0.044011
258,1,8,7,0.052345
258,1,9,6,0.044011
258,1,10,7,0.048648
258,1,11,6,0.044011
258,1,12,6,0.046045
258,1,13,7,0.048648
258,1,14,7,0.048648
258,1,15,6,0.046045
258,1,16,12,0.079956
258,1,17,7,0.048648
258,1,18,18,0.119055
259,1,0,5,0.08431
259,1,1,10,0.156899
259,1,2,5,0.08431
259,1,3,5,0.08431
259,1,4,5,0.08431
259,1,5,5,0.08431
259,1,6,5,0.08431
259,1,7,5,0.08431
259,1,8,5,0.08431
259,1,9,5,0.08431
259,1,10,5,0.08431
260,1,0,4,0.052949
260,1,1,17,0.204491
260,1,2,3,0.042942
260,1,3,4,0.053829
260,1,4,3,0.041079
260,1,5,3,0.042942
260,1,6,1,0.018572
260,1,7,3,0.042942
260,1,8,4,0.052949
260,1,9,5,0.057688
260,1,10,2,0.03004
260,1,11,5,0.057688
260,1,12,3,0.042942
260,1,13,3,0.042942
260,1,14,5,0.057688
260,1,15,3,0.042942
260,1,16,5,0.057688
260,1,17,5,0.057688
261,1,0,7,0.085852
261,1,1,7,0.085852
261,1,2,7,0.085852
261,1,3,4,0.064644
261,1,4,7,0.085852
261,1,5,4,0.064644
261,1,6,7,0.085852
261,1,7,7,0.085852
261,1,8,4,0.064644
261,1,9,11,0.140458
261,1,10,4,0.064644
261,1,11,7,0.085852
262,1,0,7,0.125
262,1,1,7,0.125
262,1,2,7,0.125
262,1,3,7,0.125
262,1,4,7,0.125
262,1,5,7,0.125
262,1,6,7,0.125
262,1,7,7,0.125
263,1,0,8,0.111111
263,1,1,8,0.111111
263,1,2,8,0.111111
263,1,3,8,0.111111
263,1,4,8,0.111111
263,1,5,8,0.111111
263,1,6,8,0.111111
263,1,7,8,0.111111
263,1,8,8,0.111111
264,1,0,37,0.026316
264,1,1,37,0.026316
264,1,2,37,0.026316
264,1,3,37,0.026316
264,1,4,37,0.026316
264,1,5,37,0.026316
264,1,6,37,0.026316
264,1,7,37,0.026316
264,1,8,37,0.026316
264,1,9,37,0.026316
264,1,10,37,0.026316
264,1,11,37,0.026316
264,1,12,37,0.026316
264,1,13,37,0.026316
264,1,14,37,0.026316
264,1,15,37,0.026316
264,1,16,37,0.026316
264,1,17,37,0.026316
264,1,18,37,0.026316
264,1,19,37,0.026316
264,1,20,37,0.026316
264,1,21,37,0.026316
264,1,22,37,0.026316
264,1,23,37,0.026316
264,1,24,37,0.026316
264,1,25,37,0.026316
264,1,26,37,0.026316
264,1,27,37,0.026316
264,1,28,37,0.026316
264,1,29,37,0.026316
264,1,30,37,0.026316
264,1,31,37,0.026316
264,1,32,37,0.026316
264,1,33,37,0.026316
264,1,34,37,0.026316
264,1,35,37,0.026316
264,1,36,37,0.026316
264,1,37,37,0.026316
265,1,0,6,0.142857
265,1,1,6,0.142857
265,1,2,6,0.142857
265,1,3,6,0.142857
265,1,4,6,0.142857
265,1,5,6,0.142857
265,1,6,6,0.142857
266,1,0,9,0.068947
266,1,1,9,0.068947
266,1,2,9,0.068947
266,1,3,5,0.053133
266,1,4,5,0.053133
266,1,5,5,0.053133
266,1,6,5,0.053133
266,1,7,9,0.068947
266,1,8,5,0.053133
266,1,9,14,0.113811
266,1,10,9,0.068947
266,1,11,9,0.068947
266,1,12,9,0.068947
266,1,13,9,0.068947
266,1,14,9,0.068947
267,1,0,7,0.125
267,1,1,7,0.125
267,1,2,7,0.125
267,1,3,7,0.125
267,1,4,7,0.125
267,1,5,7,0.125
267,1,6,7,0.125
267,1,7,7,0.125
268,1,0,13,0.027035
268,1,1,9,0.024715
268,1,2,13,0.027035
268,1,3,13,0.027035
268,1,4,13,0.027035
268,1,5,9,0.024715
268,1,6,9,0.024715
268,1,7,13,0.027035
268,1,8,14,0.028798
268,1,9,13,0.027035
268,1,10,13,0.027035
268,1,11,13,0.027035
268,1,12,13,0.027035
268,1,13,13,0.027035
268,1,14,9,0.024715
268,1,15,13,0.027035
268,1,16,13,0.027035
268,1,17,13,0.027035
268,1,18,13,0.027035
268,1,19,9,0.024715
268,1,20,9,0.024715
268,1,21,9,0.024715
268,1,22,13,0.027035
268,1,23,13,0.027035
268,1,24,13,0.027035
268,1,25,13,0.027035
268,1,26,13,0.027035
268,1,27,13,0.027035
268,1,28,35,0.071142
268,1,29,9,0.024715
268,1,30,13,0.027035
268,1,31,9,0.024715
268,1,32,13,0.027035
268,1,33,13,0.027035
268,1,34,14,0.028798
268,1,35,13,0.027035
269,1,0,3,0.023097
269,1,1,4,0.02753
269,1,2,5,0.030913
269,1,3,5,0.030913
269,1,4,5,0.030913
269,1,5,5,0.030913
269,1,6,5,0.030913
269,1,7,6,0.033543
269,1,8,5,0.030913
269,1,9,6,0.033543
269,1,10,5,0.030913
269,1,11,5,0.030913
269,1,12,4,0.02753
269,1,13,6,0.033543
269,1,14,4,0.02753
269,1,15,5,0.030913
269,1,16,5,0.030913
269,1,17,5,0.030913
269,1,18,5,0.030913
269,1,19,5,0.030913
269,1,20,3,0.023097
269,1,21,6,0.033543
269,1,22,6,0.033543
269,1,23,5,0.030913
269,1,24,3,0.023097
269,1,25,5,0.030913
269,1,26,4,0.02753
269,1,27,28,0.15563
269,1,28,6,0.033543
270,1,0,6,0.142857
270,1,1,6,0.142857
270,1,2,6,0.142857
270,1,3,6,0.142857
270,1,4,6,0.142857
270,1,5,6,0.142857
270,1,6,6,0.142857
271,1,0,4,0.022535
271,1,1,10,0.034615
271,1,2,5,0.026335
271,1,3,6,0.024221
271,1,4,10,0.034615
271,1,5,10,0.034615
271,1,6,10,0.034615
271,1,7,5,0.027101
271,1,8,6,0.024221
271,1,9,4,0.022535
271,1,10,4,0.022392
271,1,11,16,0.054754
271,1,12,6,0.024221
271,1,13,13,0.044478
271,1,14,8,0.030239
271,1,15,6,0.032038
271,1,16,5,0.027101
271,1,17,5,0.026335
271,1,18,5,0.026335
271,1,19,11,0.037866
271,1,20,13,0.044478
271,1,21,5,0.026335
271,1,22,6,0.02288
271,1,23,29,0.114547
271,1,24,4,0.022392
271,1,25,4,0.022535
271,1,26,5,0.019962
271,1,27,10,0.034615
271,1,28,16,0.054754
271,1,29,5,0.026335
272,1,0,8,0.032389
272,1,1,4,0.019225
272,1,2,4,0.020221
272,1,3,7,0.028762
272,1,4,6,0.025651
272,1,5,7,0.028533
272,1,6,10,0.039914
272,1,7,29,0.109698
272,1,8,7,0.028533
272,1,9,8,0.032389
272,1,10,26,0.096964
272,1,11,7,0.028762
272,1,12,5,0.022141
272,1,13,7,0.028605
272,1,14,8,0.03214
272,1,15,4,0.020221
272,1,16,7,0.028762
272,1,17,4,0.019225
272,1,18,8,0.032219
272,1,19,7,0.028762
272,1,20,7,0.028605
272,1,21,10,0.042007
272,1,22,5,0.023848
272,1,23,7,0.028533
272,1,24,7,0.029157
272,1,25,6,0.026457
272,1,26,7,0.028762
272,1,27,7,0.028605
272,1,28,7,0.028533
272,1,29,8,0.032377
273,1,0,4,0.086031
273,1,1,5,0.097048
273,1,2,5,0.097048
273,1,3,4,0.086031
273,1,4,5,0.097048
273,1,5,5,0.097048
273,1,6,9,0.170632
273,1,7,4,0.086031
273,1,8,4,0.086031
273,1,9,5,0.097048
274,1,0,3,0.028123
274,1,1,6,0.040684
274,1,2,5,0.03573
274,1,3,6,0.040684
274,1,4,5,0.03573
274,1,5,6,0.042918
274,1,6,6,0.041545
274,1,7,3,0.028123
274,1,8,8,0.052412
274,1,9,6,0.040684
274,1,10,6,0.040684
274,1,11,6,0.040684
274,1,12,3,0.02689
274,1,13,3,0.02689
274,1,14,7,0.047938
274,1,15,3,0.028123
274,1,16,3,0.028123
274,1,17,23,0.15888
274,1,18,9,0.059967
274,1,19,3,0.028123
274,1,20,4,0.029739
274,1,21,3,0.028123
274,1,22,4,0.033475
274,1,23,5,0.03573
275,1,0,9,0.1
275,1,1,9,0.1
275,1,2,9,0.1
275,1,3,9,0.1
275,1,4,9,0.1
275,1,5,9,0.1
275,1,6,9,0.1
275,1,7,9,0.1
275,1,8,9,0.1
275,1,9,9,0.1
276,1,0,6,0.142857
276,1,1,6,0.142857
276,1,2,6,0.142857
276,1,3,6,0.142857
276,1,4,6,0.142857
276,1,5,6,0.142857
276,1,6,6,0.142857
277,1,0,11,0.115307
277,1,1,6,0.068277
277,1,2,11,0.115307
277,1,3,6,0.068277
277,1,4,7,0.076194
277,1,5,7,0.076194
277,1,6,7,0.076194
277,1,7,6,0.068277
277,1,8,11,0.115307
277,1,9,7,0.076194
277,1,10,6,0.068277
277,1,11,7,0.076194
278,1,0,8,0.025424
278,1,1,6,0.022804
278,1,2,6,0.022804
278,1,3,8,0.025424
278,1,4,8,0.025424
278,1,5,5,0.020984
278,1,6,5,0.020984
278,1,7,5,0.020984
278,1,8,5,0.020984
278,1,9,6,0.022804
278,1,10,4,0.01865
278,1,11,6,0.022804
278,1,12,8,0.025424
278,1,13,8,0.025424
278,1,14,4,0.01865
278,1,15,6,0.022804
278,1,16,8,0.025424
278,1,17,5,0.020984
278,1,18,5,0.020984
278,1,19,4,0.01865
278,1,20,5,0.020984
278,1,21,6,0.022804
278,1,22,8,0.025424
278,1,23,5,0.020984
278,1,24,6,0.022804
278,1,25,5,0.020984
278,1,26,5,0.020984
278,1,27,5,0.020984
278,1,28,6,0.022804
278,1,29,5,0.020984
278,1,30,6,0.022804
278,1,31,5,0.020984
278,1,32,4,0.01865
278,1,33,8,0.025424
278,1,34,5,0.020984
278,1,35,6,0.022804
278,1,36,6,0.022804
278,1,37,39,0.133597
278,1,38,6,0.022804
278,1,39,5,0.020984
279,1,0,11,0.054127
279,1,1,11,0.054127
279,1,2,17,0.082444
279,1,3,11,0.054127
279,1,4,11,0.054127
279,1,5,11,0.054127
279,1,6,8,0.044255
279,1,7,8,0.044255
279,1,8,8,0.044255
279,1,9,17,0.082444
279,1,10,17,0.082444
279,1,11,8,0.044255
279,1,12,11,0.054127
279,1,13,8,0.044255
279,1,14,11,0.054127
279,1,15,8,0.044255
279,1,16,11,0.054127
279,1,17,11,0.054127
280,1,0,6,0.142857
280,1,1,6,0.142857
280,1,2,6,0.142857
280,1,3,6,0.142857
280,1,4,6,0.142857
280,1,5,6,0.142857
280,1,6,6,0.142857
281,1,0,19,0.05
281,1,1,19,0.05
281,1,2,19,0.05
281,1,3,19,0.05
281,1,4,19,0.05
281,1,5,19,0.05
281,1,6,19,0.05
281,1,7,19,0.05
281,1,8,19,0.05
281,1,9,19,0.05
281,1,10,19,0.05
281,1,11,19,0.05
281,1,12,19,0.05
281,1,13,19,0.05
281,1,14,19,0.05
281,1,15,19,0.05
281,1,16,19,0.05
281,1,17,19,0.05
281,1,18,19,0.05
281,1,19,19,0.05
282,1,0,19,0.05
282,1,1,19,0.05
282,1,2,19,0.05
282,1,3,19,0.05
282,1,4,19,0.05
282,1,5,19,0.05
282,1,6,19,0.05
282,1,7,19,0.05
282,1,8,19,0.05
282,1,9,19,0.05
282,1,10,19,0.05
282,1,11,19,0.05
282,1,12,19,0.05
282,1,13,19,0.05
282,1,14,19,0.05
282,1,15,19,0.05
282,1,16,19,0.05
282,1,17,19,0.05
282,1,18,19,0.05
282,1,19,19,0.05
283,1,0,5,0.097048
283,1,1,9,0.170632
283,1,2,5,0.097048
283,1,3,4,0.086031
283,1,4,4,0.086031
283,1,5,4,0.086031
283,1,6,4,0.086031
283,1,7,5,0.097048
283,1,8,5,0.097048
283,1,9,5,0.097048
284,1,0,8,0.111111
284,1,1,8,0.111111
284,1,2,8,0.111111
284,1,3,8,0.111111
284,1,4,8,0.111111
284,1,5,8,0.111111
284,1,6,8,0.111111
284,1,7,8,0.111111
284,1,8,8,0.111111
285,1,0,6,0.142857
285,1,1,6,0.142857
285,1,2,6,0.142857
285,1,3,6,0.142857
285,1,4,6,0.142857
285,1,5,6,0.142857
285,1,6,6,0.142857
286,1,0,6,0.051735
286,1,1,7,0.055289
286,1,2,6,0.051735
286,1,3,6,0.051735
286,1,4,6,0.051735
286,1,5,7,0.055289
286,1,6,4,0.041899
286,1,7,4,0.041899
286,1,8,7,0.055289
286,1,9,7,0.055289
286,1,10,4,0.041899
286,1,11,7,0.055289
286,1,12,7,0.055289
286,1,13,17,0.134969
286,1,14,7,0.055289
286,1,15,4,0.041899
286,1,16,6,0.051735
286,1,17,6,0.051735
287,1,0,7,0.063058
287,1,1,14,0.117186
287,1,2,7,0.063058
287,1,3,7,0.063058
287,1,4,7,0.063058
287,1,5,7,0.063058
287,1,6,7,0.063058
287,1,7,7,0.063058
287,1,8,7,0.063058
287,1,9,7,0.063058
287,1,10,7,0.063058
287,1,11,7,0.063058
287,1,12,7,0.063058
287,1,13,7,0.063058
287,1,14,7,0.063058
288,1,0,4,0.10137
288,1,1,4,0.10137
288,1,2,4,0.10137
288,1,3,4,0.10137
288,1,4,4,0.10137
288,1,5,4,0.10137
288,1,6,4,0.10137
288,1,7,8,0.189037
288,1,8,4,0.10137
289,1,0,6,0.08089
289,1,1,6,0.08089
289,1,2,5,0.074085
289,1,3,5,0.074085
289,1,4,6,0.08089
289,1,5,6,0.08089
289,1,6,11,0.144239
289,1,7,5,0.074085
289,1,8,5,0.074085
289,1,9,6,0.08089
289,1,10,6,0.08089
289,1,11,5,0.074085
290,1,0,5,0.045381
290,1,1,5,0.045381
290,1,2,5,0.045381
290,1,3,5,0.045381
290,1,4,4,0.04042
290,1,5,5,0.045381
290,1,6,4,0.04042
290,1,7,5,0.045381
290,1,8,4,0.04042
290,1,9,5,0.045381
290,1,10,5,0.045381
290,1,11,4,0.04042
290,1,12,5,0.045381
290,1,13,5,0.045381
290,1,14,19,0.157597
290,1,15,5,0.045381
290,1,16,5,0.045381
290,1,17,5,0.045381
290,1,18,5,0.045381
290,1,19,5,0.045381
291,1,0,7,0.125
291,1,1,7,0.125
291,1,2,7,0.125
291,1,3,7,0.125
291,1,4,7,0.125
291,1,5,7,0.125
291,1,6,7,0.125
291,1,7,7,0.125
292,1,0,21,0.045455
292,1,1,21,0.045455
292,1,2,21,0.045455
292,1,3,21,0.045455
292,1,4,21,0.045455
292,1,5,21,0.045455
292,1,6,21,0.045455
292,1,7,21,0.045455
292,1,8,21,0.045455
292,1,9,21,0.045455
292,1,10,21,0.045455
292,1,11,21,0.045455
292,1,12,21,0.045455
292,1,13,21,0.045455
292,1,14,21,0.045455
292,1,15,21,0.045455
292,1,16,21,0.045455
292,1,17,21,0.045455
292,1,18,21,0.045455
292,1,19,21,0.045455
292,1,20,21,0.045455
292,1,21,21,0.045455
293,1,0,6,0.091607
293,1,1,4,0.073986
293,1,2,6,0.091607
293,1,3,6,0.091607
293,1,4,6,0.091607
293,1,5,6,0.091607
293,1,6,4,0.073986
293,1,7,4,0.073986
293,1,8,6,0.091607
293,1,9,4,0.073986
293,1,10,10,0.154411
294,1,0,3,0.038643
294,1,1,3,0.038643
294,1,2,6,0.056825
294,1,3,6,0.056825
294,1,4,5,0.052099
294,1,5,5,0.052099
294,1,6,6,0.056825
294,1,7,5,0.052099
294,1,8,6,0.056825
294,1,9,5,0.052099
294,1,10,3,0.038643
294,1,11,17,0.166697
294,1,12,6,0.056825
294,1,13,3,0.038643
294,1,14,3,0.038643
294,1,15,3,0.038643
294,1,16,5,0.052099
294,1,17,6,0.056825
295,1,0,4,0.067374
295,1,1,5,0.075957
295,1,2,4,0.067374
295,1,3,3,0.056445
295,1,4,3,0.056445
295,1,5,5,0.075957
295,1,6,3,0.056445
295,1,7,5,0.075957
295,1,8,4,0.067374
295,1,9,12,0.181386
295,1,10,5,0.075957
295,1,11,4,0.067374
295,1,12,5,0.075957
296,1,0,6,0.142857
296,1,1,6,0.142857
296,1,2,6,0.142857
296,1,3,6,0.142857
296,1,4,6,0.142857
296,1,5,6,0.142857
296,1,6,6,0.142857
297,1,0,8,0.111111
297,1,1,8,0.111111
297,1,2,8,0.111111
297,1,3,8,0.111111
297,1,4,8,0.111111
297,1,5,8,0.111111
297,1,6,8,0.111111
297,1,7,8,0.111111
297,1,8,8,0.111111
298,1,0,27,0.050666
298,1,1,17,0.033206
298,1,2,27,0.050666
298,1,3,9,0.023259
298,1,4,9,0.01963
298,1,5,6,0.017759
298,1,6,16,0.032181
298,1,7,32,0.062984
298,1,8,11,0.022927
298,1,9,6,0.017759
298,1,10,12,0.024628
298,1,11,16,0.032181
298,1,12,14,0.027642
298,1,13,11,0.022927
298,1,14,14,0.027642
298,1,15,6,0.017759
298,1,16,15,0.029975
298,1,17,27,0.050666
298,1,18,12,0.024628
298,1,19,9,0.01963
298,1,20,14,0.027642
298,1,21,14,0.027642
298,1,22,11,0.022927
298,1,23,14,0.027642
298,1,24,9,0.01963
298,1,25,14,0.027642
298,1,26,32,0.062984
298,1,27,12,0.024628
298,1,28,14,0.027642
298,1,29,6,0.017759
298,1,30,27,0.050666
298,1,31,14,0.027642
298,1,32,13,0.026834
299,1,0,5,0.097048
299,1,1,5,0.097048
299,1,2,4,0.086031
299,1,3,4,0.086031
299,1,4,4,0.086031
299,1,5,5,0.097048
299,1,6,5,0.097048
299,1,7,5,0.097048
299,1,8,9,0.170632
299,1,9,4,0.086031
300,1,0,7,0.125
300,1,1,7,0.125
300,1,2,7,0.125
300,1,3,7,0.125
300,1,4,7,0.125
300,1,5,7,0.125
300,1,6,7,0.125
300,1,7,7,0.125
301,1,0,3,0.083736
301,1,1,5,0.112977
301,1,2,3,0.083736
301,1,3,5,0.112977
301,1,4,5,0.112977
301,1,5,8,0.183907
301,1,6,3,0.083736
301,1,7,5,0.112977
301,1,8,5,0.112977
302,1,0,9,0.05787
302,1,1,8,0.053467
302,1,2,16,0.097929
302,1,3,9,0.05787
302,1,4,8,0.052444
302,1,5,9,0.05787
302,1,6,8,0.053467
302,1,7,8,0.052444
302,1,8,8,0.053467
302,1,9,8,0.053467
302,1,10,8,0.053467
302,1,11,8,0.053467
302,1,12,13,0.081118
302,1,13,8,0.053467
302,1,14,8,0.052444
302,1,15,9,0.05787
302,1,16,9,0.05787
303,1,0,6,0.142857
303,1,1,6,0.142857
303,1,2,6,0.142857
303,1,3,6,0.142857
303,1,4,6,0.142857
303,1,5,6,0.142857
303,1,6,6,0.142857
304,1,0,6,0.142857
304,1,1,6,0.142857
304,1,2,6,0.142857
304,1,3,6,0.142857
304,1,4,6,0.142857
304,1,5,6,0.142857
304,1,6,6,0.142857
305,1,0,6,0.142857
305,1,1,6,0.142857
305,1,2,6,0.142857
305,1,3,6,0.142857
305,1,4,6,0.142857
305,1,5,6,0.142857
305,1,6,6,0.142857
306,1,0,6,0.142857
306,1,1,6,0.142857
306,1,2,6,0.142857
306,1,3,6,0.142857
306,1,4,6,0.142857
306,1,5,6,0.142857
306,1,6,6,0.142857
307,1,0,6,0.142857
307,1,1,6,0.142857
307,1,2,6,0.142857
307,1,3,6,0.142857
307,1,4,6,0.142857
307,1,5,6,0.142857
307,1,6,6,0.142857
308,1,0,7,0.125
308,1,1,7,0.125
308,1,2,7,0.125
308,1,3,7,0.125
308,1,4,7,0.125
308,1,5,7,0.125
308,1,6,7,0.125
308,1,7,7,0.125
309,1,0,6,0.142857
309,1,1,6,0.142857
309,1,2,6,0.142857
309,1,3,6,0.142857
309,1,4,6,0.142857
309,1,5,6,0.142857
309,1,6,6,0.142857
310,1,0,5,0.097048
310,1,1,5,0.097048
310,1,2,4,0.086031
310,1,3,5,0.097048
310,1,4,4,0.086031
310,1,5,4,0.086031
310,1,6,5,0.097048
310,1,7,9,0.170632
310,1,8,5,0.097048
310,1,9,4,0.086031
311,1,0,3,0.092774
311,1,1,3,0.089678
311,1,2,8,0.22122
311,1,3,5,0.141746
311,1,4,3,0.092774
311,1,5,3,0.089678
311,1,6,3,0.089678
311,1,7,3,0.092774
311,1,8,3,0.089678
312,1,0,7,0.125
312,1,1,7,0.125
312,1,2,7,0.125
312,1,3,7,0.125
312,1,4,7,0.125
312,1,5,7,0.125
312,1,6,7,0.125
312,1,7,7,0.125
313,1,0,6,0.091607
313,1,1,4,0.073986
313,1,2,6,0.091607
313,1,3,4,0.073986
313,1,4,4,0.073986
313,1,5,6,0.091607
313,1,6,6,0.091607
313,1,7,10,0.154411
313,1,8,6,0.091607
313,1,9,6,0.091607
313,1,10,4,0.073986
314,1,0,6,0.142857
314,1,1,6,0.142857
314,1,2,6,0.142857
314,1,3,6,0.142857
314,1,4,6,0.142857
314,1,5,6,0.142857
314,1,6,6,0.142857
315,1,0,19,0.05
315,1,1,19,0.05
315,1,2,19,0.05
315,1,3,19,0.05
315,1,4,19,0.05
315,1,5,19,0.05
315,1,6,19,0.05
315,1,7,19,0.05
315,1,8,19,0.05
315,1,9,19,0.05
315,1,10,19,0.05
315,1,11,19,0.05
315,1,12,19,0.05
315,1,13,19,0.05
315,1,14,19,0.05
315,1,15,19,0.05
315,1,16,19,0.05
315,1,17,19,0.05
315,1,18,19,0.05
315,1,19,19,0.05
316,1,0,13,0.071429
316,1,1,13,0.071429
316,1,2,13,0.071429
316,1,3,13,0.071429
316,1,4,13,0.071429
316,1,5,13,0.071429
316,1,6,13,0.071429
316,1,7,13,0.071429
316,1,8,13,0.071429
316,1,9,13,0.071429
316,1,10,13,0.071429
316,1,11,13,0.071429
316,1,12,13,0.071429
316,1,13,13,0.071429
317,1,0,6,0.025786
317,1,1,15,0.041671
317,1,2,15,0.041671
317,1,3,10,0.032282
317,1,4,21,0.059049
317,1,5,6,0.025786
317,1,6,16,0.044419
317,1,7,6,0.025786
317,1,8,6,0.025786
317,1,9,11,0.031874
317,1,10,26,0.077282
317,1,11,13,0.045694
317,1,12,11,0.031874
317,1,13,8,0.027403
317,1,14,15,0.041671
317,1,15,12,0.034236
317,1,16,12,0.034236
317,1,17,8,0.027403
317,1,18,8,0.027403
317,1,19,15,0.041671
317,1,20,6,0.025786
317,1,21,16,0.044419
317,1,22,15,0.041671
317,1,23,8,0.027403
317,1,24,12,0.034236
317,1,25,11,0.031874
317,1,26,18,0.051629
318,1,0,9,0.1
318,1,1,9,0.1
318,1,2,9,0.1
318,1,3,9,0.1
318,1,4,9,0.1
318,1,5,9,0.1
318,1,6,9,0.1
318,1,7,9,0.1
318,1,8,9,0.1
318,1,9,9,0.1
319,1,0,4,0.121443
319,1,1,3,0.101879
319,1,2,3,0.101879
319,1,3,7,0.20859
319,1,4,4,0.121443
319,1,5,4,0.121443
319,1,6,4,0.121443
319,1,7,3,0.101879
320,1,0,4,0.078965
320,1,1,4,0.080273
320,1,2,4,0.078965
320,1,3,4,0.078965
320,1,4,4,0.080273
320,1,5,4,0.078965
320,1,6,9,0.165002
320,1,7,4,0.080273
320,1,8,9,0.165002
320,1,9,6,0.113318
321,1,0,7,0.125
321,1,1,7,0.125
321,1,2,7,0.125
321,1,3,7,0.125
321,1,4,7,0.125
321,1,5,7,0.125
321,1,6,7,0.125
321,1,7,7,0.125
322,1,0,4,0.052432
322,1,1,4,0.052432
322,1,2,6,0.063234
322,1,3,4,0.04619
322,1,4,14,0.147157
322,1,5,4,0.052432
322,1,6,10,0.10271
322,1,7,4,0.04619
322,1,8,4,0.052432
322,1,9,4,0.04619
322,1,10,6,0.063234
322,1,11,4,0.04619
322,1,12,10,0.10271
322,1,13,6,0.063234
322,1,14,6,0.063234
323,1,0,4,0.086031
323,1,1,5,0.097048
323,1,2,9,0.170632
323,1,3,5,0.097048
323,1,4,5,0.097048
323,1,5,5,0.097048
323,1,6,4,0.086031
323,1,7,5,0.097048
323,1,8,4,0.086031
323,1,9,4,0.086031
324,1,0,5,0.097048
324,1,1,5,0.097048
324,1,2,4,0.086031
324,1,3,4,0.086031
324,1,4,5,0.097048
324,1,5,9,0.170632
324,1,6,5,0.097048
324,1,7,5,0.097048
324,1,8,4,0.086031
324,1,9,4,0.086031
325,1,0,3,0.101879
325,1,1,4,0.121443
325,1,2,3,0.101879
325,1,3,7,0.20859
325,1,4,4,0.121443
325,1,5,4,0.121443
325,1,6,4,0.121443
325,1,7,3,0.101879
326,1,0,8,0.111111
326,1,1,8,0.111111
326,1,2,8,0.111111
326,1,3,8,0.111111
326,1,4,8,0.111111
326,1,5,8,0.111111
326,1,6,8,0.111111
326,1,7,8,0.111111
326,1,8,8,0.111111
327,1,0,6,0.067613
327,1,1,6,0.067613
327,1,2,3,0.045784
327,1,3,6,0.067613
327,1,4,5,0.063726
327,1,5,4,0.052315
327,1,6,6,0.067613
327,1,7,3,0.045784
327,1,8,4,0.052315
327,1,9,14,0.161162
327,1,10,6,0.067613
327,1,11,5,0.063726
327,1,12,6,0.067613
327,1,13,3,0.045784
327,1,14,5,0.063726
328,1,0,6,0.045075
328,1,1,4,0.035397
328,1,2,4,0.036649
328,1,3,4,0.035397
328,1,4,22,0.173968
328,1,5,7,0.058404
328,1,6,2,0.023069
328,1,7,3,0.030686
328,1,8,4,0.036649
328,1,9,6,0.045075
328,1,10,3,0.030686
328,1,11,4,0.036649
328,1,12,6,0.045075
328,1,13,4,0.035397
328,1,14,2,0.023069
328,1,15,4,0.035397
328,1,16,3,0.030686
328,1,17,4,0.036649
328,1,18,4,0.035397
328,1,19,6,0.045075
328,1,20,6,0.045075
328,1,21,6,0.045075
328,1,22,4,0.035397
329,1,0,9,0.148571
329,1,1,5,0.087857
329,1,2,5,0.087857
329,1,3,5,0.087857
329,1,4,5,0.087857
329,1,5,5,0.087857
329,1,6,5,0.087857
329,1,7,5,0.087857
329,1,8,5,0.087857
329,1,9,9,0.148571
330,1,0,8,0.029901
330,1,1,28,0.092829
330,1,2,9,0.031501
330,1,3,28,0.092829
330,1,4,8,0.029901
330,1,5,5,0.022221
330,1,6,8,0.029901
330,1,7,8,0.029901
330,1,8,9,0.031501
330,1,9,5,0.022221
330,1,10,9,0.031543
330,1,11,9,0.031501
330,1,12,8,0.029901
330,1,13,5,0.022221
330,1,14,9,0.031543
330,1,15,9,0.031543
330,1,16,9,0.031543
330,1,17,8,0.029901
330,1,18,10,0.034438
330,1,19,5,0.022221
330,1,20,10,0.034438
330,1,21,9,0.031501
330,1,22,11,0.037469
330,1,23,9,0.031543
330,1,24,8,0.029901
330,1,25,9,0.031543
330,1,26,9,0.031543
330,1,27,9,0.031501
330,1,28,9,0.031501
331,1,0,3,0.060134
331,1,1,8,0.1233
331,1,2,11,0.174175
331,1,3,4,0.067895
331,1,4,3,0.060134
331,1,5,4,0.067895
331,1,6,5,0.07961
331,1,7,5,0.07961
331,1,8,4,0.067895
331,1,9,3,0.060134
331,1,10,5,0.07961
331,1,11,5,0.07961
332,1,0,4,0.023503
332,1,1,2,0.014812
332,1,2,3,0.019696
332,1,3,3,0.019696
332,1,4,4,0.023409
332,1,5,2,0.014812
332,1,6,4,0.022956
332,1,7,2,0.014812
332,1,8,3,0.019696
332,1,9,7,0.030775
332,1,10,3,0.019696
332,1,11,3,0.019696
332,1,12,2,0.014812
332,1,13,4,0.022956
332,1,14,3,0.018459
332,1,15,4,0.023503
332,1,16,2,0.014812
332,1,17,6,0.033101
332,1,18,3,0.019696
332,1,19,2,0.014812
332,1,20,7,0.030775
332,1,21,2,0.014812
332,1,22,7,0.030775
332,1,23,7,0.030775
332,1,24,4,0.023503
332,1,25,7,0.030775
332,1,26,3,0.019696
332,1,27,7,0.030775
332,1,28,4,0.022956
332,1,29,2,0.014812
332,1,30,4,0.023409
332,1,31,37,0.197934
332,1,32,2,0.014812
332,1,33,4,0.023503
332,1,34,7,0.030775
332,1,35,2,0.014812
332,1,36,3,0.019696
332,1,37,3,0.019696
333,1,0,4,0.030361
333,1,1,4,0.030361
333,1,2,5,0.034177
333,1,3,4,0.030361
333,1,4,26,0.165342
333,1,5,6,0.037184
333,1,6,4,0.030361
333,1,7,6,0.037184
333,1,8,3,0.025446
333,1,9,4,0.030361
333,1,10,6,0.037184
333,1,11,4,0.030361
333,1,12,5,0.034177
333,1,13,6,0.037184
333,1,14,5,0.034177
333,1,15,4,0.030361
333,1,16,4,0.030361
333,1,17,4,0.030361
333,1,18,6,0.037184
333,1,19,5,0.034177
333,1,20,6,0.037184
333,1,21,3,0.025446
333,1,22,4,0.030361
333,1,23,4,0.030361
333,1,24,3,0.025446
333,1,25,5,0.034177
333,1,26,4,0.030361
334,1,0,4,0.051063
334,1,1,13,0.118156
334,1,2,9,0.075288
334,1,3,9,0.075288
334,1,4,9,0.075288
334,1,5,4,0.051063
334,1,6,9,0.075288
334,1,7,4,0.051063
334,1,8,4,0.051063
334,1,9,9,0.075288
334,1,10,9,0.075288
334,1,11,9,0.075288
334,1,12,9,0.075288
334,1,13,9,0.075288
335,1,0,6,0.142857
335,1,1,6,0.142857
335,1,2,6,0.142857
335,1,3,6,0.142857
335,1,4,6,0.142857
335,1,5,6,0.142857
335,1,6,6,0.142857
336,1,0,19,0.035682
336,1,1,9,0.029085
336,1,2,19,0.035682
336,1,3,9,0.029085
336,1,4,19,0.035682
336,1,5,9,0.029085
336,1,6,19,0.035682
336,1,7,19,0.035682
336,1,8,19,0.035682
336,1,9,19,0.035682
336,1,10,19,0.035682
336,1,11,19,0.035682
336,1,12,19,0.035682
336,1,13,19,0.035682
336,1,14,9,0.029085
336,1,15,19,0.035682
336,1,16,9,0.029085
336,1,17,9,0.029085
336,1,18,9,0.029085
336,1,19,19,0.035682
336,1,20,19,0.035682
336,1,21,19,0.035682
336,1,22,19,0.035682
336,1,23,19,0.035682
336,1,24,9,0.029085
336,1,25,28,0.060283
336,1,26,19,0.035682
336,1,27,19,0.035682
336,1,28,9,0.029085
337,1,0,7,0.09602
337,1,1,3,0.060405
337,1,2,3,0.060405
337,1,3,7,0.09602
337,1,4,7,0.09602
337,1,5,10,0.146646
337,1,6,7,0.09602
337,1,7,7,0.09602
337,1,8,7,0.09602
337,1,9,7,0.09602
337,1,10,3,0.060405
338,1,0,6,0.142857
338,1,1,6,0.142857
338,1,2,6,0.142857
338,1,3,6,0.142857
338,1,4,6,0.142857
338,1,5,6,0.142857
338,1,6,6,0.142857
339,1,0,7,0.055569
339,1,1,5,0.047472
339,1,2,5,0.047472
339,1,3,7,0.055569
339,1,4,5,0.047472
339,1,5,7,0.055569
339,1,6,7,0.055569
339,1,7,5,0.047472
339,1,8,7,0.055569
339,1,9,5,0.047472
339,1,10,7,0.055569
339,1,11,5,0.047472
339,1,12,5,0.047472
339,1,13,5,0.047472
339,1,14,5,0.047472
339,1,15,7,0.055569
339,1,16,5,0.047472
339,1,17,17,0.136295
340,1,0,37,0.026316
340,1,1,37,0.026316
340,1,2,37,0.026316
340,1,3,37,0.026316
340,1,4,37,0.026316
340,1,5,37,0.026316
340,1,6,37,0.026316
340,1,7,37,0.026316
340,1,8,37,0.026316
340,1,9,37,0.026316
340,1,10,37,0.026316
340,1,11,37,0.026316
340,1,12,37,0.026316
340,1,13,37,0.026316
340,1,14,37,0.026316
340,1,15,37,0.026316
340,1,16,37,0.026316
340,1,17,37,0.026316
340,1,18,37,0.026316
340,1,19,37,0.026316
340,1,20,37,0.026316
340,1,21,37,0.026316
340,1,22,37,0.026316
340,1,23,37,0.026316
340,1,24,37,0.026316
340,1,25,37,0.026316
340,1,26,37,0.026316
340,1,27,37,0.026316
340,1,28,37,0.026316
340,1,29,37,0.026316
340,1,30,37,0.026316
340,1,31,37,0.026316
340,1,32,37,0.026316
340,1,33,37,0.026316
340,1,34,37,0.026316
340,1,35,37,0.026316
340,1,36,37,0.026316
340,1,37,37,0.026316
341,1,0,19,0.05
341,1,1,19,0.05
341,1,2,19,0.05
341,1,3,19,0.05
341,1,4,19,0.05
341,1,5,19,0.05
341,1,6,19,0.05
341,1,7,19,0.05
341,1,8,19,0.05
341,1,9,19,0.05
341,1,10,19,0.05
341,1,11,19,0.05
341,1,12,19,0.05
341,1,13,19,0.05
341,1,14,19,0.05
341,1,15,19,0.05
341,1,16,19,0.05
341,1,17,19,0.05
341,1,18,19,0.05
341,1,19,19,0.05
342,1,0,19,0.05
342,1,1,19,0.05
342,1,2,19,0.05
342,1,3,19,0.05
342,1,4,19,0.05
342,1,5,19,0.05
342,1,6,19,0.05
342,1,7,19,0.05
342,1,8,19,0.05
342,1,9,19,0.05
342,1,10,19,0.05
342,1,11,19,0.05
342,1,12,19,0.05
342,1,13,19,0.05
342,1,14,19,0.05
342,1,15,19,0.05
342,1,16,19,0.05
342,1,17,19,0.05
342,1,18,19,0.05
342,1,19,19,0.05
343,1,0,11,0.083333
343,1,1,11,0.083333
343,1,2,11,0.083333
343,1,3,11,0.083333
343,1,4,11,0.083333
343,1,5,11,0.083333
343,1,6,11,0.083333
343,1,7,11,0.083333
343,1,8,11,0.083333
343,1,9,11,0.083333
343,1,10,11,0.083333
343,1,11,11,0.083333
344,1,0,16,0.058824
344,1,1,16,0.058824
344,1,2,16,0.058824
344,1,3,16,0.058824
344,1,4,16,0.058824
344,1,5,16,0.058824
344,1,6,16,0.058824
344,1,7,16,0.058824
344,1,8,16,0.058824
344,1,9,16,0.058824
344,1,10,16,0.058824
344,1,11,16,0.058824
344,1,12,16,0.058824
344,1,13,16,0.058824
344,1,14,16,0.058824
344,1,15,16,0.058824
344,1,16,16,0.058824
345,1,0,3,0.052692
345,1,1,8,0.088653
345,1,2,8,0.088653
345,1,3,3,0.052692
345,1,4,8,0.088653
345,1,5,8,0.088653
345,1,6,8,0.088653
345,1,7,8,0.088653
345,1,8,8,0.088653
345,1,9,11,0.132701
345,1,10,3,0.052692
345,1,11,8,0.088653
346,1,0,4,0.05848
346,1,1,4,0.06
346,1,2,4,0.06
346,1,3,4,0.06
346,1,4,6,0.079035
346,1,5,13,0.167653
346,1,6,5,0.070164
346,1,7,5,0.066926
346,1,8,4,0.05848
346,1,9,4,0.06
346,1,10,5,0.066926
346,1,11,5,0.066926
346,1,12,5,0.066926
346,1,13,4,0.05848
347,1,0,6,0.142857
347,1,1,6,0.142857
347,1,2,6,0.142857
347,1,3,6,0.142857
347,1,4,6,0.142857
347,1,5,6,0.142857
347,1,6,6,0.142857
348,1,0,3,0.040934
348,1,1,5,0.055403
348,1,2,5,0.055403
348,1,3,7,0.064824
348,1,4,3,0.040934
348,1,5,3,0.040934
348,1,6,15,0.14642
348,1,7,5,0.055403
348,1,8,7,0.064824
348,1,9,7,0.064824
348,1,10,5,0.055403
348,1,11,7,0.064824
348,1,12,7,0.064824
348,1,13,7,0.064824
348,1,14,7,0.064824
348,1,15,5,0.055403
349,1,0,9,0.1
349,1,1,9,0.1
349,1,2,9,0.1
349,1,3,9,0.1
349,1,4,9,0.1
349,1,5,9,0.1
349,1,6,9,0.1
349,1,7,9,0.1
349,1,8,9,0.1
349,1,9,9,0.1
350,1,0,7,0.125
350,1,1,7,0.125
350,1,2,7,0.125
350,1,3,7,0.125
350,1,4,7,0.125
350,1,5,7,0.125
350,1,6,7,0.125
350,1,7,7,0.125
351,1,0,5,0.08431
351,1,1,5,0.08431
351,1,2,5,0.08431
351,1,3,5,0.08431
351,1,4,5,0.08431
351,1,5,5,0.08431
351,1,6,5,0.08431
351,1,7,10,0.156899
351,1,8,5,0.08431
351,1,9,5,0.08431
351,1,10,5,0.08431
352,1,0,7,0.125
352,1,1,7,0.125
352,1,2,7,0.125
352,1,3,7,0.125
352,1,4,7,0.125
352,1,5,7,0.125
352,1,6,7,0.125
352,1,7,7,0.125
353,1,0,7,0.125
353,1,1,7,0.125
353,1,2,7,0.125
353,1,3,7,0.125
353,1,4,7,0.125
353,1,5,7,0.125
353,1,6,7,0.125
353,1,7,7,0.125
354,1,0,8,0.111111
354,1,1,8,0.111111
354,1,2,8,0.111111
354,1,3,8,0.111111
354,1,4,8,0.111111
354,1,5,8,0.111111
354,1,6,8,0.111111
354,1,7,8,0.111111
354,1,8,8,0.111111
355,1,0,3,0.060405
355,1,1,7,0.09602
355,1,2,3,0.060405
355,1,3,7,0.09602
355,1,4,10,0.146646
355,1,5,7,0.09602
355,1,6,3,0.060405
355,1,7,7,0.09602
355,1,8,7,0.09602
355,1,9,7,0.09602
355,1,10,7,0.09602
356,1,0,7,0.022736
356,1,1,11,0.025867
356,1,2,11,0.025867
356,1,3,11,0.025867
356,1,4,5,0.01722
356,1,5,40,0.108889
356,1,6,8,0.023165
356,1,7,11,0.025867
356,1,8,11,0.025867
356,1,9,9,0.025941
356,1,10,7,0.0227
356,1,11,5,0.018469
356,1,12,10,0.032068
356,1,13,5,0.018469
356,1,14,9,0.025941
356,1,15,4,0.015144
356,1,16,6,0.0198
356,1,17,4,0.015144
356,1,18,4,0.014732
356,1,19,11,0.025867
356,1,20,4,0.015217
356,1,21,5,0.018469
356,1,22,4,0.014732
356,1,23,6,0.021324
356,1,24,11,0.025867
356,1,25,11,0.025867
356,1,26,11,0.025867
356,1,27,8,0.023165
356,1,28,4,0.015217
356,1,29,8,0.023165
356,1,30,5,0.018469
356,1,31,11,0.031776
356,1,32,7,0.023422
356,1,33,11,0.025867
356,1,34,5,0.017795
356,1,35,5,0.01722
356,1,36,11,0.025867
356,1,37,8,0.023165
356,1,38,5,0.018107
356,1,39,9,0.030636
356,1,40,8,0.023165
357,1,0,8,0.111111
357,1,1,8,0.111111
357,1,2,8,0.111111
357,1,3,8,0.111111
357,1,4,8,0.111111
357,1,5,8,0.111111
357,1,6,8,0.111111
357,1,7,8,0.111111
357,1,8,8,0.111111
358,1,0,8,0.060861
358,1,1,6,0.047825
358,1,2,5,0.042386
358,1,3,17,0.123853
358,1,4,5,0.042386
358,1,5,5,0.040544
358,1,6,6,0.047825
358,1,7,8,0.060861
358,1,8,6,0.046939
358,1,9,6,0.046939
358,1,10,6,0.047825
358,1,11,6,0.047825
358,1,12,17,0.123853
358,1,13,5,0.042386
358,1,14,6,0.046939
358,1,15,6,0.047825
358,1,16,5,0.040544
358,1,17,5,0.042386
359,1,0,4,0.073986
359,1,1,4,0.073986
359,1,2,4,0.073986
359,1,3,10,0.154411
359,1,4,6,0.091607
359,1,5,6,0.091607
359,1,6,4,0.073986
359,1,7,6,0.091607
359,1,8,6,0.091607
359,1,9,6,0.091607
359,1,10,6,0.091607
360,1,0,8,0.111111
360,1,1,8,0.111111
360,1,2,8,0.111111
360,1,3,8,0.111111
360,1,4,8,0.111111
360,1,5,8,0.111111
360,1,6,8,0.111111
360,1,7,8,0.111111
360,1,8,8,0.111111
361,1,0,13,0.071429
361,1,1,13,0.071429
361,1,2,13,0.071429
361,1,3,13,0.071429
361,1,4,13,0.071429
361,1,5,13,0.071429
361,1,6,13,0.071429
361,1,7,13,0.071429
361,1,8,13,0.071429
361,1,9,13,0.071429
361,1,10,13,0.071429
361,1,11,13,0.071429
361,1,12,13,0.071429
361,1,13,13,0.071429
362,1,0,8,0.111111
362,1,1,8,0.111111
362,1,2,8,0.111111
362,1,3,8,0.111111
362,1,4,8,0.111111
362,1,5,8,0.111111
362,1,6,8,0.111111
362,1,7,8,0.111111
362,1,8,8,0.111111
363,1,0,4,0.088352
363,1,1,8,0.160415
363,1,2,4,0.088352
363,1,3,4,0.088352
363,1,4,5,0.103528
363,1,5,5,0.103528
363,1,6,8,0.160415
363,1,7,5,0.103528
363,1,8,5,0.103528
364,1,0,16,0.058824
364,1,1,16,0.058824
364,1,2,16,0.058824
364,1,3,16,0.058824
364,1,4,16,0.058824
364,1,5,16,0.058824
364,1,6,16,0.058824
364,1,7,16,0.058824
364,1,8,16,0.058824
364,1,9,16,0.058824
364,1,10,16,0.058824
364,1,11,16,0.058824
364,1,12,16,0.058824
364,1,13,16,0.058824
364,1,14,16,0.058824
364,1,15,16,0.058824
364,1,16,16,0.058824
365,1,0,6,0.142857
365,1,1,6,0.142857
365,1,2,6,0.142857
365,1,3,6,0.142857
365,1,4,6,0.142857
365,1,5,6,0.142857
365,1,6,6,0.142857
366,1,0,6,0.142857
366,1,1,6,0.142857
366,1,2,6,0.142857
366,1,3,6,0.142857
366,1,4,6,0.142857
366,1,5,6,0.142857
366,1,6,6,0.142857
367,1,0,4,0.035751
367,1,1,3,0.029952
367,1,2,4,0.035751
367,1,3,6,0.043932
367,1,4,6,0.043932
367,1,5,3,0.029952
367,1,6,6,0.043932
367,1,7,4,0.035751
367,1,8,3,0.029952
367,1,9,3,0.029952
367,1,10,3,0.029952
367,1,11,4,0.035751
367,1,12,6,0.043932
367,1,13,3,0.029952
367,1,14,3,0.029952
367,1,15,4,0.035751
367,1,16,3,0.029952
367,1,17,4,0.035751
367,1,18,3,0.029952
367,1,19,6,0.043932
367,1,20,4,0.035751
367,1,21,23,0.180836
367,1,22,6,0.043932
367,1,23,4,0.035751
368,1,0,13,0.038579
368,1,1,13,0.038579
368,1,2,12,0.037061
368,1,3,23,0.06493
368,1,4,13,0.038579
368,1,5,14,0.042119
368,1,6,13,0.038579
368,1,7,12,0.037061
368,1,8,13,0.038579
368,1,9,23,0.06493
368,1,10,12,0.037061
368,1,11,12,0.037061
368,1,12,12,0.037061
368,1,13,13,0.038579
368,1,14,23,0.06493
368,1,15,12,0.037061
368,1,16,13,0.038579
368,1,17,12,0.037061
368,1,18,14,0.041163
368,1,19,13,0.038579
368,1,20,12,0.037061
368,1,21,13,0.038579
368,1,22,12,0.037061
368,1,23,14,0.041163
369,1,0,5,0.074085
369,1,1,6,0.08089
369,1,2,6,0.08089
369,1,3,5,0.074085
369,1,4,6,0.08089
369,1,5,5,0.074085
369,1,6,6,0.08089
369,1,7,6,0.08089
369,1,8,5,0.074085
369,1,9,11,0.144239
369,1,10,5,0.074085
369,1,11,6,0.08089
370,1,0,4,0.044018
370,1,1,6,0.055853
370,1,2,6,0.055853
370,1,3,6,0.055853
370,1,4,4,0.045368
370,1,5,4,0.045368
370,1,6,4,0.045368
370,1,7,4,0.045368
370,1,8,5,0.055064
370,1,9,6,0.055853
370,1,10,6,0.055853
370,1,11,4,0.044018
370,1,12,5,0.053631
370,1,13,5,0.053631
370,1,14,3,0.035975
370,1,15,6,0.055853
370,1,16,3,0.035975
370,1,17,17,0.161102
371,1,0,6,0.060589
371,1,1,15,0.148283
371,1,2,5,0.05565
371,1,3,6,0.060589
371,1,4,6,0.060589
371,1,5,7,0.070304
371,1,6,6,0.060589
371,1,7,5,0.05565
371,1,8,6,0.060589
371,1,9,4,0.047797
371,1,10,5,0.05565
371,1,11,5,0.056826
371,1,12,4,0.047797
371,1,13,5,0.05565
371,1,14,5,0.05565
371,1,15,4,0.047797
372,1,0,4,0.086031
372,1,1,5,0.097048
372,1,2,9,0.170632
372,1,3,4,0.086031
372,1,4,5,0.097048
372,1,5,4,0.086031
372,1,6,4,0.086031
372,1,7,5,0.097048
372,1,8,5,0.097048
372,1,9,5,0.097048
373,1,0,6,0.142857
373,1,1,6,0.142857
373,1,2,6,0.142857
373,1,3,6,0.142857
373,1,4,6,0.142857
373,1,5,6,0.142857
373,1,6,6,0.142857
374,1,0,6,0.091607
374,1,1,10,0.154411
374,1,2,6,0.091607
374,1,3,6,0.091607
374,1,4,4,0.073986
374,1,5,6,0.091607
374,1,6,4,0.073986
374,1,7,6,0.091607
374,1,8,4,0.073986
374,1,9,4,0.073986
374,1,10,6,0.091607
375,1,0,3,0.040049
375,1,1,5,0.055996
375,1,2,16,0.172959
375,1,3,5,0.055996
375,1,4,5,0.055996
375,1,5,3,0.041711
375,1,6,5,0.055996
375,1,7,4,0.050184
375,1,8,3,0.040049
375,1,9,5,0.056182
375,1,10,6,0.066732
375,1,11,3,0.041711
375,1,12,5,0.056182
375,1,13,5,0.056182
375,1,14,5,0.056182
375,1,15,3,0.041711
375,1,16,5,0.056182
376,1,0,8,0.160415
376,1,1,4,0.088352
376,1,2,4,0.088352
376,1,3,5,0.103528
376,1,4,5,0.103528
376,1,5,4,0.088352
376,1,6,5,0.103528
376,1,7,8,0.160415
376,1,8,5,0.103528
377,1,0,8,0.111111
377,1,1,8,0.111111
377,1,2,8,0.111111
377,1,3,8,0.111111
377,1,4,8,0.111111
377,1,5,8,0.111111
377,1,6,8,0.111111
377,1,7,8,0.111111
377,1,8,8,0.111111
378,1,0,8,0.018337
378,1,1,15,0.027554
378,1,2,15,0.027554
378,1,3,12,0.027218
378,1,4,7,0.019867
378,1,5,42,0.089702
378,1,6,7,0.019867
378,1,7,4,0.012031
378,1,8,16,0.029479
378,1,9,5,0.014665
378,1,10,8,0.020926
378,1,11,8,0.020926
378,1,12,11,0.020988
378,1,13,8,0.020926
378,1,14,7,0.019867
378,1,15,21,0.03921
378,1,16,7,0.019867
378,1,17,8,0.018337
378,1,18,11,0.020988
378,1,19,8,0.018337
378,1,20,15,0.027554
378,1,21,15,0.027554
378,1,22,12,0.022673
378,1,23,8,0.020926
378,1,24,7,0.019867
378,1,25,8,0.020926
378,1,26,3,0.01011
378,1,27,8,0.018337
378,1,28,11,0.020988
378,1,29,7,0.019867
378,1,30,4,0.012031
378,1,31,5,0.014665
378,1,32,8,0.020926
378,1,33,16,0.029479
378,1,34,12,0.022673
378,1,35,8,0.018337
378,1,36,12,0.022673
378,1,37,7,0.019867
378,1,38,15,0.027554
378,1,39,8,0.020926
378,1,40,8,0.020926
378,1,41,22,0.044389
378,1,42,3,0.01011
379,1,0,7,0.125
379,1,1,7,0.125
379,1,2,7,0.125
379,1,3,7,0.125
379,1,4,7,0.125
379,1,5,7,0.125
379,1,6,7,0.125
379,1,7,7,0.125
380,1,0,7,0.125
380,1,1,7,0.125
380,1,2,7,0.125
380,1,3,7,0.125
380,1,4,7,0.125
380,1,5,7,0.125
380,1,6,7,0.125
380,1,7,7,0.125
381,1,0,6,0.142857
381,1,1,6,0.142857
381,1,2,6,0.142857
381,1,3,6,0.142857
381,1,4,6,0.142857
381,1,5,6,0.142857
381,1,6,6,0.142857
382,1,0,7,0.060019
382,1,1,7,0.060019
382,1,2,4,0.045346
382,1,3,7,0.060019
382,1,4,5,0.051291
382,1,5,5,0.051291
382,1,6,5,0.051291
382,1,7,5,0.051291
382,1,8,5,0.051291
382,1,9,7,0.060019
382,1,10,7,0.060019
382,1,11,4,0.045346
382,1,12,7,0.060019
382,1,13,4,0.045346
382,1,14,7,0.060019
382,1,15,16,0.142026
382,1,16,4,0.045346
383,1,0,6,0.142857
383,1,1,6,0.142857
383,1,2,6,0.142857
383,1,3,6,0.142857
383,1,4,6,0.142857
383,1,5,6,0.142857
383,1,6,6,0.142857
384,1,0,7,0.06933
384,1,1,6,0.064968
384,1,2,7,0.06933
384,1,3,6,0.064968
384,1,4,6,0.064968
384,1,5,6,0.064968
384,1,6,13,0.124878
384,1,7,6,0.064968
384,1,8,7,0.06933
384,1,9,7,0.06933
384,1,10,7,0.06933
384,1,11,6,0.064968
384,1,12,7,0.06933
384,1,13,7,0.06933
385,1,0,7,0.072204
385,1,1,6,0.065704
385,1,2,7,0.072204
385,1,3,7,0.072204
385,1,4,7,0.072204
385,1,5,6,0.065704
385,1,6,7,0.072204
385,1,7,6,0.065704
385,1,8,6,0.065704
385,1,9,6,0.065704
385,1,10,12,0.119128
385,1,11,12,0.119128
385,1,12,7,0.072204
386,1,0,11,0.090671
386,1,1,8,0.06885
386,1,2,11,0.090671
386,1,3,9,0.075867
386,1,4,9,0.075867
386,1,5,11,0.090671
386,1,6,11,0.090671
386,1,7,9,0.075867
386,1,8,11,0.090671
386,1,9,8,0.06885
386,1,10,11,0.090671
386,1,11,11,0.090671
387,1,0,6,0.142857
387,1,1,6,0.142857
387,1,2,6,0.142857
387,1,3,6,0.142857
387,1,4,6,0.142857
387,1,5,6,0.142857
387,1,6,6,0.142857
388,1,0,6,0.142857
388,1,1,6,0.142857
388,1,2,6,0.142857
388,1,3,6,0.142857
388,1,4,6,0.142857
388,1,5,6,0.142857
388,1,6,6,0.142857
389,1,0,8,0.111111
389,1,1,8,0.111111
389,1,2,8,0.111111
389,1,3,8,0.111111
389,1,4,8,0.111111
389,1,5,8,0.111111
389,1,6,8,0.111111
389,1,7,8,0.111111
389,1,8,8,0.111111
390,1,0,5,0.06488
390,1,1,6,0.073242
390,1,2,3,0.044333
390,1,3,12,0.142803
390,1,4,6,0.073242
390,1,5,12,0.142803
390,1,6,5,0.06488
390,1,7,6,0.073242
390,1,8,6,0.073242
390,1,9,6,0.073242
390,1,10,5,0.06488
390,1,11,3,0.044333
390,1,12,5,0.06488
391,1,0,5,0.048987
391,1,1,5,0.048987
391,1,2,10,0.068191
391,1,3,5,0.048987
391,1,4,10,0.068191
391,1,5,10,0.068191
391,1,6,10,0.068191
391,1,7,7,0.050322
391,1,8,5,0.048987
391,1,9,10,0.068191
391,1,10,9,0.062025
391,1,11,9,0.062025
391,1,12,9,0.062025
391,1,13,15,0.109523
391,1,14,5,0.048987
391,1,15,10,0.068191
392,1,0,6,0.142857
392,1,1,6,0.142857
392,1,2,6,0.142857
392,1,3,6,0.142857
392,1,4,6,0.142857
392,1,5,6,0.142857
392,1,6,6,0.142857
393,1,0,10,0.113328
393,1,1,6,0.072806
393,1,2,6,0.072806
393,1,3,10,0.113328
393,1,4,10,0.113328
393,1,5,7,0.082067
393,1,6,10,0.113328
393,1,7,7,0.082067
393,1,8,6,0.072806
393,1,9,7,0.082067
393,1,10,7,0.082067
394,1,0,11,0.083333
394,1,1,11,0.083333
394,1,2,11,0.083333
394,1,3,11,0.083333
394,1,4,11,0.083333
394,1,5,11,0.083333
394,1,6,11,0.083333
394,1,7,11,0.083333
394,1,8,11,0.083333
394,1,9,11,0.083333
394,1,10,11,0.083333
394,1,11,11,0.083333
395,1,0,6,0.142857
395,1,1,6,0.142857
395,1,2,6,0.142857
395,1,3,6,0.142857
395,1,4,6,0.142857
395,1,5,6,0.142857
395,1,6,6,0.142857
396,1,0,3,0.083736
396,1,1,3,0.083736
396,1,2,8,0.183907
396,1,3,5,0.112977
396,1,4,5,0.112977
396,1,5,3,0.083736
396,1,6,5,0.112977
396,1,7,5,0.112977
396,1,8,5,0.112977
397,1,0,37,0.026316
397,1,1,37,0.026316
397,1,2,37,0.026316
397,1,3,37,0.026316
397,1,4,37,0.026316
397,1,5,37,0.026316
397,1,6,37,0.026316
397,1,7,37,0.026316
397,1,8,37,0.026316
397,1,9,37,0.026316
397,1,10,37,0.026316
397,1,11,37,0.026316
397,1,12,37,0.026316
397,1,13,37,0.026316
397,1,14,37,0.026316
397,1,15,37,0.026316
397,1,16,37,0.026316
397,1,17,37,0.026316
397,1,18,37,0.026316
397,1,19,37,0.026316
397,1,20,37,0.026316
397,1,21,37,0.026316
397,1,22,37,0.026316
397,1,23,37,0.026316
397,1,24,37,0.026316
397,1,25,37,0.026316
397,1,26,37,0.026316
397,1,27,37,0.026316
397,1,28,37,0.026316
397,1,29,37,0.026316
397,1,30,37,0.026316
397,1,31,37,0.026316
397,1,32,37,0.026316
397,1,33,37,0.026316
397,1,34,37,0.026316
397,1,35,37,0.026316
397,1,36,37,0.026316
397,1,37,37,0.026316
398,1,0,4,0.05848
398,1,1,4,0.05848
398,1,2,13,0.167653
398,1,3,6,0.079035
398,1,4,4,0.05848
398,1,5,5,0.066926
398,1,6,4,0.06
398,1,7,4,0.06
398,1,8,5,0.070164
398,1,9,4,0.06
398,1,10,5,0.066926
398,1,11,5,0.066926
398,1,12,5,0.066926
398,1,13,4,0.06
399,1,0,4,0.087197
399,1,1,3,0.073174
399,1,2,3,0.073174
399,1,3,10,0.212167
399,1,4,4,0.087197
399,1,5,4,0.087197
399,1,6,4,0.087197
399,1,7,3,0.073174
399,1,8,3,0.073174
399,1,9,3,0.073174
399,1,10,3,0.073174
400,1,0,9,0.170632
400,1,1,5,0.097048
400,1,2,5,0.097048
400,1,3,4,0.086031
400,1,4,5,0.097048
400,1,5,5,0.097048
400,1,6,5,0.097048
400,1,7,4,0.086031
400,1,8,4,0.086031
400,1,9,4,0.086031
401,1,0,6,0.142857
401,1,1,6,0.142857
401,1,2,6,0.142857
401,1,3,6,0.142857
401,1,4,6,0.142857
401,1,5,6,0.142857
401,1,6,6,0.142857
402,1,0,6,0.056213
402,1,1,4,0.045573
402,1,2,4,0.045573
402,1,3,6,0.056213
402,1,4,6,0.056213
402,1,5,6,0.056213
402,1,6,6,0.056213
402,1,7,6,0.056213
402,1,8,4,0.045573
402,1,9,16,0.143155
402,1,10,6,0.056213
402,1,11,6,0.056213
402,1,12,6,0.056213
402,1,13,6,0.056213
402,1,14,4,0.045573
402,1,15,6,0.056213
402,1,16,6,0.056213
403,1,0,7,0.125
403,1,1,7,0.125
403,1,2,7,0.125
403,1,3,7,0.125
403,1,4,7,0.125
403,1,5,7,0.125
403,1,6,7,0.125
403,1,7,7,0.125
404,1,0,3,0.127095
404,1,1,3,0.127095
404,1,2,3,0.127095
404,1,3,3,0.127095
404,1,4,6,0.237428
404,1,5,3,0.127095
404,1,6,3,0.127095
405,1,0,6,0.142857
405,1,1,6,0.142857
405,1,2,6,0.142857
405,1,3,6,0.142857
405,1,4,6,0.142857
405,1,5,6,0.142857
405,1,6,6,0.142857
406,1,0,6,0.104227
406,1,1,6,0.104227
406,1,2,3,0.070391
406,1,3,3,0.070391
406,1,4,9,0.163462
406,1,5,6,0.104227
406,1,6,3,0.070391
406,1,7,6,0.104227
406,1,8,6,0.104227
406,1,9,6,0.104227
407,1,0,7,0.125
407,1,1,7,0.125
407,1,2,7,0.125
407,1,3,7,0.125
407,1,4,7,0.125
407,1,5,7,0.125
407,1,6,7,0.125
407,1,7,7,0.125
408,1,0,10,0.031494
408,1,1,10,0.031494
408,1,2,10,0.031494
408,1,3,17,0.046183
408,1,4,17,0.046183
408,1,5,10,0.031494
408,1,6,13,0.036
408,1,7,10,0.031494
408,1,8,13,0.036
408,1,9,10,0.031494
408,1,10,10,0.031494
408,1,11,9,0.027171
408,1,12,13,0.036
408,1,13,17,0.046183
408,1,14,10,0.029539
408,1,15,10,0.029539
408,1,16,17,0.046183
408,1,17,10,0.031494
408,1,18,25,0.067679
408,1,19,13,0.036
408,1,20,13,0.036
408,1,21,9,0.027171
408,1,22,13,0.036
408,1,23,25,0.067679
408,1,24,13,0.036
408,1,25,23,0.062544
409,1,0,6,0.142857
409,1,1,6,0.142857
409,1,2,6,0.142857
409,1,3,6,0.142857
409,1,4,6,0.142857
409,1,5,6,0.142857
409,1,6,6,0.142857
410,1,0,6,0.072152
410,1,1,6,0.072152
410,1,2,6,0.072152
410,1,3,6,0.072152
410,1,4,6,0.072152
410,1,5,6,0.072152
410,1,6,6,0.072152
410,1,7,6,0.072152
410,1,8,6,0.072152
410,1,9,6,0.072152
410,1,10,6,0.072152
410,1,11,6,0.072152
410,1,12,12,0.134171
411,1,0,6,0.142857
411,1,1,6,0.142857
411,1,2,6,0.142857
411,1,3,6,0.142857
411,1,4,6,0.142857
411,1,5,6,0.142857
411,1,6,6,0.142857
412,1,0,6,0.142857
412,1,1,6,0.142857
412,1,2,6,0.142857
412,1,3,6,0.142857
412,1,4,6,0.142857
412,1,5,6,0.142857
412,1,6,6,0.142857
413,1,0,4,0.10137
413,1,1,4,0.10137
413,1,2,4,0.10137
413,1,3,8,0.189037
413,1,4,4,0.10137
413,1,5,4,0.10137
413,1,6,4,0.10137
413,1,7,4,0.10137
413,1,8,4,0.10137
414,1,0,4,0.033024
414,1,1,4,0.033024
414,1,2,6,0.039453
414,1,3,8,0.045987
414,1,4,5,0.03437
414,1,5,9,0.05718
414,1,6,21,0.124726
414,1,7,6,0.039453
414,1,8,9,0.05718
414,1,9,8,0.045987
414,1,10,4,0.033024
414,1,11,8,0.045987
414,1,12,8,0.045987
414,1,13,4,0.033024
414,1,14,6,0.039453
414,1,15,8,0.045987
414,1,16,8,0.045987
414,1,17,6,0.039453
414,1,18,5,0.03437
414,1,19,5,0.03437
414,1,20,8,0.045987
414,1,21,8,0.045987
415,1,0,4,0.023291
415,1,1,3,0.019561
415,1,2,3,0.019561
415,1,3,5,0.026133
415,1,4,4,0.023291
415,1,5,6,0.029729
415,1,6,5,0.025712
415,1,7,6,0.030025
415,1,8,5,0.025385
415,1,9,5,0.026133
415,1,10,3,0.019561
415,1,11,4,0.023291
415,1,12,4,0.023291
415,1,13,5,0.025385
415,1,14,4,0.023291
415,1,15,6,0.030025
415,1,16,5,0.025712
415,1,17,3,0.019561
415,1,18,5,0.025385
415,1,19,5,0.025712
415,1,20,5,0.025712
415,1,21,5,0.025712
415,1,22,3,0.019561
415,1,23,5,0.025712
415,1,24,5,0.026133
415,1,25,6,0.029729
415,1,26,34,0.164283
415,1,27,5,0.025712
415,1,28,4,0.023291
415,1,29,4,0.023291
415,1,30,3,0.019561
415,1,31,5,0.026133
415,1,32,5,0.026133
415,1,33,5,0.025712
415,1,34,4,0.023291
416,1,0,4,0.045346
416,1,1,7,0.060019
416,1,2,5,0.051291
416,1,3,7,0.060019
416,1,4,5,0.051291
416,1,5,16,0.142026
416,1,6,7,0.060019
416,1,7,7,0.060019
416,1,8,7,0.060019
416,1,9,4,0.045346
416,1,10,7,0.060019
416,1,11,4,0.045346
416,1,12,5,0.051291
416,1,13,7,0.060019
416,1,14,4,0.045346
416,1,15,5,0.051291
416,1,16,5,0.051291
417,1,0,13,0.071429
417,1,1,13,0.071429
417,1,2,13,0.071429
417,1,3,13,0.071429
417,1,4,13,0.071429
417,1,5,13,0.071429
417,1,6,13,0.071429
417,1,7,13,0.071429
417,1,8,13,0.071429
417,1,9,13,0.071429
417,1,10,13,0.071429
417,1,11,13,0.071429
417,1,12,13,0.071429
417,1,13,13,0.071429
418,1,0,6,0.074431
418,1,1,6,0.074431
418,1,2,6,0.074431
418,1,3,11,0.127843
418,1,4,6,0.074431
418,1,5,6,0.074431
418,1,6,6,0.074431
418,1,7,6,0.074431
418,1,8,6,0.074431
418,1,9,11,0.127843
418,1,10,6,0.074431
418,1,11,6,0.074431
419,1,0,6,0.142857
419,1,1,6,0.142857
419,1,2,6,0.142857
419,1,3,6,0.142857
419,1,4,6,0.142857
419,1,5,6,0.142857
419,1,6,6,0.142857
420,1,0,5,0.066964
420,1,1,6,0.078007
420,1,2,4,0.063034
420,1,3,11,0.142367
420,1,4,8,0.102266
420,1,5,6,0.078007
420,1,6,5,0.074609
420,1,7,7,0.08956
420,1,8,4,0.063034
420,1,9,4,0.063034
420,1,10,7,0.08956
420,1,11,7,0.08956
421,1,0,7,0.125
421,1,1,7,0.125
421,1,2,7,0.125
421,1,3,7,0.125
421,1,4,7,0.125
421,1,5,7,0.125
421,1,6,7,0.125
421,1,7,7,0.125
422,1,0,4,0.121443
422,1,1,3,0.101879
422,1,2,3,0.101879
422,1,3,4,0.121443
422,1,4,7,0.20859
422,1,5,3,0.101879
422,1,6,4,0.121443
422,1,7,4,0.121443
423,1,0,7,0.125
423,1,1,7,0.125
423,1,2,7,0.125
423,1,3,7,0.125
423,1,4,7,0.125
423,1,5,7,0.125
423,1,6,7,0.125
423,1,7,7,0.125
424,1,0,9,0.1
424,1,1,9,0.1
424,1,2,9,0.1
424,1,3,9,0.1
424,1,4,9,0.1
424,1,5,9,0.1
424,1,6,9,0.1
424,1,7,9,0.1
424,1,8,9,0.1
424,1,9,9,0.1
425,1,0,8,0.111111
425,1,1,8,0.111111
425,1,2,8,0.111111
425,1,3,8,0.111111
425,1,4,8,0.111111
425,1,5,8,0.111111
425,1,6,8,0.111111
425,1,7,8,0.111111
425,1,8,8,0.111111
426,1,0,5,0.050609
426,1,1,9,0.072887
426,1,2,9,0.072887
426,1,3,9,0.072887
426,1,4,9,0.072887
426,1,5,5,0.050609
426,1,6,9,0.072887
426,1,7,5,0.050609
426,1,8,9,0.072887
426,1,9,13,0.107236
426,1,10,9,0.072887
426,1,11,9,0.072887
426,1,12,5,0.050609
426,1,13,13,0.107236
427,1,0,7,0.125
427,1,1,7,0.125
427,1,2,7,0.125
427,1,3,7,0.125
427,1,4,7,0.125
427,1,5,7,0.125
427,1,6,7,0.125
427,1,7,7,0.125
428,1,0,9,0.1
428,1,1,9,0.1
428,1,2,9,0.1
428,1,3,9,0.1
428,1,4,9,0.1
428,1,5,9,0.1
428,1,6,9,0.1
428,1,7,9,0.1
428,1,8,9,0.1
428,1,9,9,0.1
429,1,0,14,0.056884
429,1,1,6,0.031244
429,1,2,6,0.031244
429,1,3,14,0.056884
429,1,4,14,0.056884
429,1,5,17,0.070137
429,1,6,17,0.070137
429,1,7,17,0.070137
429,1,8,14,0.056884
429,1,9,6,0.031244
429,1,10,14,0.056884
429,1,11,14,0.056884
429,1,12,14,0.056884
429,1,13,17,0.070137
429,1,14,14,0.056884
429,1,15,14,0.056884
429,1,16,14,0.056884
429,1,17,14,0.056884
430,1,0,8,0.111111
430,1,1,8,0.111111
430,1,2,8,0.111111
430,1,3,8,0.111111
430,1,4,8,0.111111
430,1,5,8,0.111111
430,1,6,8,0.111111
430,1,7,8,0.111111
430,1,8,8,0.111111
431,1,0,11,0.083333
431,1,1,11,0.083333
431,1,2,11,0.083333
431,1,3,11,0.083333
431,1,4,11,0.083333
431,1,5,11,0.083333
431,1,6,11,0.083333
431,1,7,11,0.083333
431,1,8,11,0.083333
431,1,9,11,0.083333
431,1,10,11,0.083333
431,1,11,11,0.083333
432,1,0,4,0.032168
432,1,1,25,0.172155
432,1,2,4,0.032168
432,1,3,4,0.032168
432,1,4,5,0.03607
432,1,5,4,0.032168
432,1,6,5,0.03607
432,1,7,5,0.03607
432,1,8,3,0.027041
432,1,9,5,0.03607
432,1,10,4,0.032168
432,1,11,5,0.03607
432,1,12,4,0.032168
432,1,13,4,0.032168
432,1,14,4,0.032168
432,1,15,5,0.03607
432,1,16,3,0.027041
432,1,17,4,0.032168
432,1,18,3,0.027041
432,1,19,4,0.032168
432,1,20,4,0.032168
432,1,21,5,0.03607
432,1,22,5,0.03607
432,1,23,4,0.032168
432,1,24,5,0.03607
432,1,25,5,0.03607
433,1,0,10,0.042851
433,1,1,10,0.042851
433,1,2,10,0.042851
433,1,3,8,0.038097
433,1,4,6,0.031959
433,1,5,10,0.042851
433,1,6,22,0.093936
433,1,7,8,0.038097
433,1,8,8,0.038097
433,1,9,10,0.042851
433,1,10,8,0.038097
433,1,11,6,0.031959
433,1,12,8,0.038097
433,1,13,6,0.031959
433,1,14,22,0.093936
433,1,15,10,0.042851
433,1,16,8,0.038097
433,1,17,6,0.031959
433,1,18,10,0.042851
433,1,19,6,0.031959
433,1,20,8,0.038097
433,1,21,10,0.042851
433,1,22,10,0.042851
434,1,0,11,0.125762
434,1,1,5,0.063102
434,1,2,11,0.125762
434,1,3,5,0.062115
434,1,4,5,0.063102
434,1,5,11,0.125762
434,1,6,6,0.07194
434,1,7,6,0.07194
434,1,8,8,0.093357
434,1,9,6,0.07194
434,1,10,5,0.063102
434,1,11,5,0.062115
435,1,0,6,0.142857
435,1,1,6,0.142857
435,1,2,6,0.142857
435,1,3,6,0.142857
435,1,4,6,0.142857
435,1,5,6,0.142857
435,1,6,6,0.142857
436,1,0,7,0.044917
436,1,1,7,0.044917
436,1,2,4,0.034196
436,1,3,4,0.034196
436,1,4,5,0.037726
436,1,5,6,0.0416
436,1,6,4,0.031954
436,1,7,7,0.044917
436,1,8,7,0.044917
436,1,9,7,0.044917
436,1,10,10,0.063531
436,1,11,21,0.135662
436,1,12,5,0.037726
436,1,13,4,0.031954
436,1,14,4,0.034196
436,1,15,6,0.0416
436,1,16,6,0.0416
436,1,17,6,0.0416
436,1,18,6,0.0416
436,1,19,7,0.04716
436,1,20,4,0.034196
436,1,21,7,0.044917
437,1,0,8,0.111111
437,1,1,8,0.111111
437,1,2,8,0.111111
437,1,3,8,0.111111
437,1,4,8,0.111111
437,1,5,8,0.111111
437,1,6,8,0.111111
437,1,7,8,0.111111
437,1,8,8,0.111111
438,1,0,8,0.111111
438,1,1,8,0.111111
438,1,2,8,0.111111
438,1,3,8,0.111111
438,1,4,8,0.111111
438,1,5,8,0.111111
438,1,6,8,0.111111
438,1,7,8,0.111111
438,1,8,8,0.111111
439,1,0,6,0.142857
439,1,1,6,0.142857
439,1,2,6,0.142857
439,1,3,6,0.142857
439,1,4,6,0.142857
439,1,5,6,0.142857
439,1,6,6,0.142857
440,1,0,7,0.125
440,1,1,7,0.125
440,1,2,7,0.125
440,1,3,7,0.125
440,1,4,7,0.125
440,1,5,7,0.125
440,1,6,7,0.125
440,1,7,7,0.125
441,1,0,5,0.056451
441,1,1,5,0.056451
441,1,2,5,0.056451
441,1,3,5,0.056451
441,1,4,5,0.056451
441,1,5,5,0.056451
441,1,6,5,0.056451
441,1,7,5,0.056451
441,1,8,5,0.056451
441,1,9,5,0.056451
441,1,10,5,0.056451
441,1,11,5,0.056451
441,1,12,15,0.153236
441,1,13,5,0.056451
441,1,14,5,0.056451
441,1,15,5,0.056451
442,1,0,37,0.024243
442,1,1,37,0.024243
442,1,2,37,0.024243
442,1,3,37,0.024243
442,1,4,37,0.024243
442,1,5,37,0.024243
442,1,6,42,0.035148
442,1,7,37,0.024243
442,1,8,37,0.024243
442,1,9,37,0.024243
442,1,10,37,0.024243
442,1,11,37,0.024243
442,1,12,37,0.024243
442,1,13,37,0.024243
442,1,14,5,0.013009
442,1,15,5,0.013009
442,1,16,37,0.024243
442,1,17,37,0.024243
442,1,18,37,0.024243
442,1,19,37,0.024243
442,1,20,6,0.013852
442,1,21,37,0.024243
442,1,22,37,0.024243
442,1,23,37,0.024243
442,1,24,5,0.013009
442,1,25,37,0.024243
442,1,26,37,0.024243
442,1,27,37,0.024243
442,1,28,37,0.024243
442,1,29,37,0.024243
442,1,30,37,0.024243
442,1,31,38,0.02622
442,1,32,37,0.024243
442,1,33,37,0.024243
442,1,34,37,0.024243
442,1,35,37,0.024243
442,1,36,37,0.024243
442,1,37,37,0.024243
442,1,38,37,0.024243
442,1,39,37,0.024243
442,1,40,37,0.024243
442,1,41,37,0.024243
442,1,42,5,0.013009
443,1,0,10,0.118569
443,1,1,6,0.076508
443,1,2,5,0.065935
443,1,3,7,0.084987
443,1,4,10,0.118569
443,1,5,10,0.118569
443,1,6,7,0.084987
443,1,7,7,0.084987
443,1,8,8,0.095969
443,1,9,7,0.084987
443,1,10,5,0.065935
444,1,0,4,0.121443
444,1,1,4,0.121443
444,1,2,3,0.101879
444,1,3,3,0.101879
444,1,4,4,0.121443
444,1,5,7,0.20859
444,1,6,4,0.121443
444,1,7,3,0.101879
445,1,0,4,0.147181
445,1,1,6,0.225507
445,1,2,4,0.147181
445,1,3,2,0.092885
445,1,4,4,0.147181
445,1,5,2,0.092885
445,1,6,4,0.147181
446,1,0,6,0.104227
446,1,1,6,0.104227
446,1,2,3,0.070391
446,1,3,6,0.104227
446,1,4,6,0.104227
446,1,5,9,0.163462
446,1,6,6,0.104227
446,1,7,6,0.104227
446,1,8,3,0.070391
446,1,9,3,0.070391
447,1,0,6,0.142857
447,1,1,6,0.142857
447,1,2,6,0.142857
447,1,3,6,0.142857
447,1,4,6,0.142857
447,1,5,6,0.142857
447,1,6,6,0.142857
448,1,0,4,0.121443
448,1,1,7,0.20859
448,1,2,3,0.101879
448,1,3,4,0.121443
448,1,4,4,0.121443
448,1,5,4,0.121443
448,1,6,3,0.101879
448,1,7,3,0.101879
449,1,0,6,0.142857
449,1,1,6,0.142857
449,1,2,6,0.142857
449,1,3,6,0.142857
449,1,4,6,0.142857
449,1,5,6,0.142857
449,1,6,6,0.142857
450,1,0,7,0.125
450,1,1,7,0.125
450,1,2,7,0.125
450,1,3,7,0.125
450,1,4,7,0.125
450,1,5,7,0.125
450,1,6,7,0.125
450,1,7,7,0.125
451,1,0,6,0.142857
451,1,1,6,0.142857
451,1,2,6,0.142857
451,1,3,6,0.142857
451,1,4,6,0.142857
451,1,5,6,0.142857
451,1,6,6,0.142857
452,1,0,6,0.142857
452,1,1,6,0.142857
452,1,2,6,0.142857
452,1,3,6,0.142857
452,1,4,6,0.142857
452,1,5,6,0.142857
452,1,6,6,0.142857
453,1,0,21,0.074362
453,1,1,13,0.045551
453,1,2,13,0.045551
453,1,3,9,0.038083
453,1,4,13,0.045551
453,1,5,21,0.074362
453,1,6,13,0.045551
453,1,7,9,0.038083
453,1,8,13,0.045551
453,1,9,13,0.045551
453,1,10,9,0.038083
453,1,11,9,0.038083
453,1,12,13,0.045551
453,1,13,9,0.038083
453,1,14,9,0.038083
453,1,15,13,0.045551
453,1,16,9,0.038083
453,1,17,13,0.045551
453,1,18,13,0.045551
453,1,19,13,0.045551
453,1,20,9,0.038083
453,1,21,13,0.045551
454,1,0,4,0.147181
454,1,1,2,0.092885
454,1,2,4,0.147181
454,1,3,4,0.147181
454,1,4,4,0.147181
454,1,5,6,0.225507
454,1,6,2,0.092885
455,1,0,4,0.034533
455,1,1,5,0.040693
455,1,2,5,0.041221
455,1,3,6,0.045361
455,1,4,19,0.134592
455,1,5,5,0.040693
455,1,6,6,0.045361
455,1,7,5,0.040693
455,1,8,4,0.034533
455,1,9,6,0.046276
455,1,10,7,0.054409
455,1,11,8,0.05973
455,1,12,6,0.045361
455,1,13,9,0.067588
455,1,14,6,0.045361
455,1,15,5,0.03951
455,1,16,5,0.03951
455,1,17,8,0.058521
455,1,18,6,0.045361
455,1,19,5,0.040693
456,1,0,9,0.1
456,1,1,9,0.1
456,1,2,9,0.1
456,1,3,9,0.1
456,1,4,9,0.1
456,1,5,9,0.1
456,1,6,9,0.1
456,1,7,9,0.1
456,1,8,9,0.1
456,1,9,9,0.1
457,1,0,6,0.142857
457,1,1,6,0.142857
457,1,2,6,0.142857
457,1,3,6,0.142857
457,1,4,6,0.142857
457,1,5,6,0.142857
457,1,6,6,0.142857
458,1,0,7,0.125
458,1,1,7,0.125
458,1,2,7,0.125
458,1,3,7,0.125
458,1,4,7,0.125
458,1,5,7,0.125
458,1,6,7,0.125
458,1,7,7,0.125
459,1,0,6,0.142857
459,1,1,6,0.142857
459,1,2,6,0.142857
459,1,3,6,0.142857
459,1,4,6,0.142857
459,1,5,6,0.142857
459,1,6,6,0.142857
460,1,0,15,0.041621
460,1,1,8,0.033797
460,1,2,15,0.041621
460,1,3,7,0.029852
460,1,4,15,0.041621
460,1,5,7,0.029852
460,1,6,15,0.041621
460,1,7,11,0.03185
460,1,8,7,0.029852
460,1,9,5,0.024615
460,1,10,8,0.033797
460,1,11,15,0.041621
460,1,12,7,0.032105
460,1,13,11,0.03185
460,1,14,27,0.087307
460,1,15,15,0.041621
460,1,16,12,0.034188
460,1,17,5,0.024615
460,1,18,15,0.041621
460,1,19,7,0.029852
460,1,20,5,0.024615
460,1,21,15,0.041621
460,1,22,12,0.034188
460,1,23,12,0.034188
460,1,24,5,0.024615
460,1,25,11,0.03185
460,1,26,7,0.029852
460,1,27,12,0.034188
461,1,0,7,0.125
461,1,1,7,0.125
461,1,2,7,0.125
461,1,3,7,0.125
461,1,4,7,0.125
461,1,5,7,0.125
461,1,6,7,0.125
461,1,7,7,0.125
462,1,0,6,0.142857
462,1,1,6,0.142857
462,1,2,6,0.142857
462,1,3,6,0.142857
462,1,4,6,0.142857
462,1,5,6,0.142857
462,1,6,6,0.142857
463,1,0,4,0.10137
463,1,1,8,0.189037
463,1,2,4,0.10137
463,1,3,4,0.10137
463,1,4,4,0.10137
463,1,5,4,0.10137
463,1,6,4,0.10137
463,1,7,4,0.10137
463,1,8,4,0.10137
464,1,0,9,0.060772
464,1,1,8,0.054339
464,1,2,4,0.042219
464,1,3,8,0.054339
464,1,4,3,0.032219
464,1,5,6,0.046733
464,1,6,6,0.046733
464,1,7,6,0.046733
464,1,8,8,0.054339
464,1,9,2,0.023055
464,1,10,9,0.060772
464,1,11,18,0.130401
464,1,12,7,0.052689
464,1,13,8,0.054339
464,1,14,8,0.054339
464,1,15,3,0.032219
464,1,16,6,0.046733
464,1,17,7,0.052689
464,1,18,8,0.054339
465,1,0,4,0.0572
465,1,1,8,0.080338
465,1,2,4,0.0572
465,1,3,8,0.080338
465,1,4,12,0.128497
465,1,5,8,0.080338
465,1,6,8,0.080338
465,1,7,8,0.080338
465,1,8,8,0.080338
465,1,9,8,0.080338
465,1,10,4,0.0572
465,1,11,8,0.080338
465,1,12,4,0.0572
466,1,0,7,0.125
466,1,1,7,0.125
466,1,2,7,0.125
466,1,3,7,0.125
466,1,4,7,0.125
466,1,5,7,0.125
466,1,6,7,0.125
466,1,7,7,0.125
467,1,0,7,0.104325
467,1,1,6,0.08993
467,1,2,6,0.08993
467,1,3,6,0.08993
467,1,4,6,0.08993
467,1,5,10,0.149463
467,1,6,6,0.08993
467,1,7,4,0.07079
467,1,8,4,0.07079
467,1,9,4,0.07079
467,1,10,5,0.084188
468,1,0,11,0.04845
468,1,1,11,0.04845
468,1,2,9,0.043978
468,1,3,9,0.043978
468,1,4,9,0.043978
468,1,5,19,0.081841
468,1,6,9,0.043978
468,1,7,9,0.043978
468,1,8,11,0.04845
468,1,9,11,0.04845
468,1,10,9,0.043978
468,1,11,11,0.04845
468,1,12,11,0.04845
468,1,13,9,0.043978
468,1,14,11,0.04845
468,1,15,19,0.081841
468,1,16,11,0.04845
468,1,17,11,0.04845
468,1,18,11,0.04845
468,1,19,9,0.043978
469,1,0,13,0.0359
469,1,1,13,0.0359
469,1,2,13,0.0359
469,1,3,13,0.0359
469,1,4,13,0.0359
469,1,5,13,0.0359
469,1,6,13,0.0359
469,1,7,13,0.0359
469,1,8,13,0.0359
469,1,9,13,0.0359
469,1,10,13,0.0359
469,1,11,13,0.0359
469,1,12,13,0.0359
469,1,13,13,0.0359
469,1,14,13,0.0359
469,1,15,13,0.0359
469,1,16,13,0.0359
469,1,17,13,0.0359
469,1,18,13,0.0359
469,1,19,13,0.0359
469,1,20,13,0.0359
469,1,21,13,0.0359
469,1,22,13,0.0359
469,1,23,13,0.0359
469,1,24,13,0.0359
469,1,25,26,0.066595
469,1,26,13,0.0359
470,1,0,37,0.023117
470,1,1,37,0.023117
470,1,2,37,0.023117
470,1,3,37,0.023117
470,1,4,37,0.023117
470,1,5,37,0.023117
470,1,6,37,0.023117
470,1,7,37,0.023117
470,1,8,37,0.023117
470,1,9,37,0.023117
470,1,10,37,0.023117
470,1,11,37,0.023117
470,1,12,37,0.023117
470,1,13,37,0.023117
470,1,14,7,0.015483
470,1,15,37,0.023117
470,1,16,37,0.023117
470,1,17,37,0.023117
470,1,18,37,0.023117
470,1,19,37,0.023117
470,1,20,37,0.023117
470,1,21,7,0.015483
470,1,22,37,0.023117
470,1,23,37,0.023117
470,1,24,7,0.015483
470,1,25,37,0.023117
470,1,26,37,0.023117
470,1,27,7,0.015483
470,1,28,37,0.023117
470,1,29,37,0.023117
470,1,30,37,0.023117
470,1,31,37,0.023117
470,1,32,37,0.023117
470,1,33,37,0.023117
470,1,34,7,0.015483
470,1,35,7,0.015483
470,1,36,37,0.023117
470,1,37,37,0.023117
470,1,38,37,0.023117
470,1,39,37,0.023117
470,1,40,7,0.015483
470,1,41,37,0.023117
470,1,42,37,0.023117
470,1,43,44,0.036294
470,1,44,37,0.023117
471,1,0,6,0.142857
471,1,1,6,0.142857
471,1,2,6,0.142857
471,1,3,6,0.142857
471,1,4,6,0.142857
471,1,5,6,0.142857
471,1,6,6,0.142857
472,1,0,9,0.1
472,1,1,9,0.1
472,1,2,9,0.1
472,1,3,9,0.1
472,1,4,9,0.1
472,1,5,9,0.1
472,1,6,9,0.1
472,1,7,9,0.1
472,1,8,9,0.1
472,1,9,9,0.1
473,1,0,5,0.08431
473,1,1,10,0.156899
473,1,2,5,0.08431
473,1,3,5,0.08431
473,1,4,5,0.08431
473,1,5,5,0.08431
473,1,6,5,0.08431
473,1,7,5,0.08431
473,1,8,5,0.08431
473,1,9,5,0.08431
473,1,10,5,0.08431
474,1,0,9,0.144977
474,1,1,6,0.09774
474,1,2,9,0.144977
474,1,3,4,0.073781
474,1,4,6,0.09774
474,1,5,6,0.09774
474,1,6,4,0.073781
474,1,7,6,0.09774
474,1,8,6,0.09774
474,1,9,4,0.073781
475,1,0,6,0.142857
475,1,1,6,0.142857
475,1,2,6,0.142857
475,1,3,6,0.142857
475,1,4,6,0.142857
475,1,5,6,0.142857
475,1,6,6,0.142857
476,1,0,6,0.142857
476,1,1,6,0.142857
476,1,2,6,0.142857
476,1,3,6,0.142857
476,1,4,6,0.142857
476,1,5,6,0.142857
476,1,6,6,0.142857
477,1,0,8,0.058232
477,1,1,8,0.058232
477,1,2,8,0.058232
477,1,3,5,0.047
477,1,4,8,0.058232
477,1,5,5,0.047
477,1,6,8,0.058232
477,1,7,8,0.058232
477,1,8,4,0.041508
477,1,9,5,0.047
477,1,10,5,0.047
477,1,11,17,0.133113
477,1,12,4,0.041508
477,1,13,8,0.058232
477,1,14,4,0.041508
477,1,15,5,0.047
477,1,16,4,0.041508
477,1,17,8,0.058232
478,1,0,5,0.087039
478,1,1,4,0.074261
478,1,2,5,0.087039
478,1,3,4,0.074261
478,1,4,7,0.117033
478,1,5,7,0.117033
478,1,6,5,0.087039
478,1,7,6,0.103761
478,1,8,9,0.148773
478,1,9,6,0.103761
479,1,0,4,0.147181
479,1,1,4,0.147181
479,1,2,6,0.225507
479,1,3,2,0.092885
479,1,4,4,0.147181
479,1,5,4,0.147181
479,1,6,2,0.092885
480,1,0,7,0.177356
480,1,1,4,0.107548
480,1,2,4,0.107548
480,1,3,4,0.107548
480,1,4,4,0.107548
480,1,5,4,0.107548
480,1,6,4,0.107548
480,1,7,7,0.177356
481,1,0,5,0.097048
481,1,1,4,0.086031
481,1,2,5,0.097048
481,1,3,4,0.086031
481,1,4,5,0.097048
481,1,5,5,0.097048
481,1,6,9,0.170632
481,1,7,4,0.086031
481,1,8,4,0.086031
481,1,9,5,0.097048
482,1,0,8,0.069452
482,1,1,8,0.069452
482,1,2,6,0.058371
482,1,3,8,0.069452
482,1,4,8,0.069452
482,1,5,6,0.058371
482,1,6,6,0.058371
482,1,7,8,0.069452
482,1,8,8,0.069452
482,1,9,13,0.110989
482,1,10,8,0.069452
482,1,11,13,0.110989
482,1,12,6,0.058371
482,1,13,6,0.058371
483,1,0,6,0.142857
483,1,1,6,0.142857
483,1,2,6,0.142857
483,1,3,6,0.142857
483,1,4,6,0.142857
483,1,5,6,0.142857
483,1,6,6,0.142857
484,1,0,7,0.085852
484,1,1,7,0.085852
484,1,2,4,0.064644
484,1,3,7,0.085852
484,1,4,7,0.085852
484,1,5,11,0.140458
484,1,6,4,0.064644
484,1,7,4,0.064644
484,1,8,7,0.085852
484,1,9,7,0.085852
484,1,10,4,0.064644
484,1,11,7,0.085852
485,1,0,4,0.046927
485,1,1,4,0.046927
485,1,2,4,0.046927
485,1,3,5,0.052797
485,1,4,5,0.052797
485,1,5,4,0.046927
485,1,6,4,0.046927
485,1,7,4,0.046927
485,1,8,4,0.046927
485,1,9,4,0.046927
485,1,10,5,0.052797
485,1,11,4,0.046927
485,1,12,4,0.046927
485,1,13,17,0.172895
485,1,14,5,0.052797
485,1,15,4,0.046927
485,1,16,4,0.046927
485,1,17,5,0.052797
486,1,0,5,0.058792
486,1,1,8,0.072918
486,1,2,5,0.058792
486,1,3,5,0.058792
486,1,4,5,0.058792
486,1,5,5,0.058792
486,1,6,8,0.072918
486,1,7,8,0.072918
486,1,8,8,0.072918
486,1,9,8,0.072918
486,1,10,8,0.072918
486,1,11,8,0.072918
486,1,12,8,0.072918
486,1,13,13,0.122698
487,1,0,6,0.142857
487,1,1,6,0.142857
487,1,2,6,0.142857
487,1,3,6,0.142857
487,1,4,6,0.142857
487,1,5,6,0.142857
487,1,6,6,0.142857
488,1,0,12,0.134171
488,1,1,6,0.072152
488,1,2,6,0.072152
488,1,3,6,0.072152
488,1,4,6,0.072152
488,1,5,6,0.072152
488,1,6,6,0.072152
488,1,7,6,0.072152
488,1,8,6,0.072152
488,1,9,6,0.072152
488,1,10,6,0.072152
488,1,11,6,0.072152
488,1,12,6,0.072152
489,1,0,6,0.142857
489,1,1,6,0.142857
489,1,2,6,0.142857
489,1,3,6,0.142857
489,1,4,6,0.142857
489,1,5,6,0.142857
489,1,6,6,0.142857
490,1,0,9,0.1
490,1,1,9,0.1
490,1,2,9,0.1
490,1,3,9,0.1
490,1,4,9,0.1
490,1,5,9,0.1
490,1,6,9,0.1
490,1,7,9,0.1
490,1,8,9,0.1
490,1,9,9,0.1
491,1,0,4,0.121443
491,1,1,3,0.101879
491,1,2,4,0.121443
491,1,3,4,0.121443
491,1,4,4,0.121443
491,1,5,3,0.101879
491,1,6,3,0.101879
491,1,7,7,0.20859
492,1,0,8,0.111111
492,1,1,8,0.111111
492,1,2,8,0.111111
492,1,3,8,0.111111
492,1,4,8,0.111111
492,1,5,8,0.111111
492,1,6,8,0.111111
492,1,7,8,0.111111
492,1,8,8,0.111111
493,1,0,4,0.033142
493,1,1,5,0.037336
493,1,2,6,0.040646
493,1,3,23,0.154224
493,1,4,4,0.031934
493,1,5,6,0.040646
493,1,6,5,0.037336
493,1,7,6,0.040646
493,1,8,6,0.040646
493,1,9,4,0.031934
493,1,10,4,0.033142
493,1,11,5,0.038729
493,1,12,4,0.031934
493,1,13,6,0.040646
493,1,14,6,0.040646
493,1,15,4,0.033142
493,1,16,5,0.037336
493,1,17,5,0.038729
493,1,18,5,0.038729
493,1,19,4,0.031934
493,1,20,4,0.033142
493,1,21,5,0.038729
493,1,22,5,0.037336
493,1,23,5,0.037336
494,1,0,3,0.101879
494,1,1,4,0.121443
494,1,2,4,0.121443
494,1,3,7,0.20859
494,1,4,4,0.121443
494,1,5,3,0.101879
494,1,6,4,0.121443
494,1,7,3,0.101879
495,1,0,4,0.121443
495,1,1,3,0.101879
495,1,2,3,0.101879
495,1,3,4,0.121443
495,1,4,4,0.121443
495,1,5,4,0.121443
495,1,6,3,0.101879
495,1,7,7,0.20859
496,1,0,13,0.071429
496,1,1,13,0.071429
496,1,2,13,0.071429
496,1,3,13,0.071429
496,1,4,13,0.071429
496,1,5,13,0.071429
496,1,6,13,0.071429
496,1,7,13,0.071429
496,1,8,13,0.071429
496,1,9,13,0.071429
496,1,10,13,0.071429
496,1,11,13,0.071429
496,1,12,13,0.071429
496,1,13,13,0.071429
497,1,0,13,0.047875
497,1,1,13,0.047875
497,1,2,4,0.028759
497,1,3,4,0.028759
497,1,4,22,0.099483
497,1,5,13,0.047875
497,1,6,4,0.028759
497,1,7,5,0.032621
497,1,8,4,0.028759
497,1,9,5,0.032621
497,1,10,13,0.047875
497,1,11,13,0.047875
497,1,12,13,0.047875
497,1,13,5,0.032621
497,1,14,13,0.047875
497,1,15,13,0.047875
497,1,16,5,0.032621
497,1,17,13,0.047875
497,1,18,13,0.047875
497,1,19,5,0.032621
497,1,20,13,0.047875
497,1,21,13,0.047875
497,1,22,13,0.047875
498,1,0,11,0.083333
498,1,1,11,0.083333
498,1,2,11,0.083333
498,1,3,11,0.083333
498,1,4,11,0.083333
498,1,5,11,0.083333
498,1,6,11,0.083333
498,1,7,11,0.083333
498,1,8,11,0.083333
498,1,9,11,0.083333
498,1,10,11,0.083333
498,1,11,11,0.083333
499,1,0,8,0.139641
499,1,1,4,0.077718
499,1,2,6,0.10641
499,1,3,6,0.10641
499,1,4,6,0.10641
499,1,5,6,0.10641
499,1,6,8,0.139641
499,1,7,4,0.077718
499,1,8,8,0.139641
500,2,0,4,0.121443
500,2,1,3,0.101879
500,2,2,7,0.20859
500,2,3,4,0.121443
500,2,4,3,0.101879
500,2,5,4,0.121443
500,2,6,4,0.121443
500,2,7,3,0.101879
501,2,0,7,0.125
501,2,1,7,0.125
501,2,2,7,0.125
501,2,3,7,0.125
501,2,4,7,0.125
501,2,5,7,0.125
501,2,6,7,0.125
501,2,7,7,0.125
502,2,0,8,0.111111
502,2,1,8,0.111111
502,2,2,8,0.111111
502,2,3,8,0.111111
502,2,4,8,0.111111
502,2,5,8,0.111111
502,2,6,8,0.111111
502,2,7,8,0.111111
502,2,8,8,0.111111
503,2,0,8,0.111111
503,2,1,8,0.111111
503,2,2,8,0.111111
503,2,3,8,0.111111
503,2,4,8,0.111111
503,2,5,8,0.111111
503,2,6,8,0.111111
503,2,7,8,0.111111
503,2,8,8,0.111111
504,2,0,6,0.142857
504,2,1,6,0.142857
504,2,2,6,0.142857
504,2,3,6,0.142857
504,2,4,6,0.142857
504,2,5,6,0.142857
504,2,6,6,0.142857
505,2,0,7,0.125
505,2,1,7,0.125
505,2,2,7,0.125
505,2,3,7,0.125
505,2,4,7,0.125
505,2,5,7,0.125
505,2,6,7,0.125
505,2,7,7,0.125
506,2,0,5,0.043526
506,2,1,17,0.121166
506,2,2,8,0.055908
506,2,3,8,0.055908
506,2,4,8,0.055908
506,2,5,8,0.055908
506,2,6,6,0.049098
506,2,7,5,0.042838
506,2,8,9,0.072885
506,2,9,5,0.043526
506,2,10,8,0.055908
506,2,11,5,0.043526
506,2,12,8,0.055908
506,2,13,8,0.055908
506,2,14,5,0.042838
506,2,15,5,0.043526
506,2,16,5,0.042838
506,2,17,9,0.062872
507,2,0,7,0.125
507,2,1,7,0.125
507,2,2,7,0.125
507,2,3,7,0.125
507,2,4,7,0.125
507,2,5,7,0.125
507,2,6,7,0.125
507,2,7,7,0.125
508,2,0,31,0.03125
508,2,1,31,0.03125
508,2,2,31,0.03125
508,2,3,31,0.03125
508,2,4,31,0.03125
508,2,5,31,0.03125
508,2,6,31,0.03125
508,2,7,31,0.03125
508,2,8,31,0.03125
508,2,9,31,0.03125
508,2,10,31,0.03125
508,2,11,31,0.03125
508,2,12,31,0.03125
508,2,13,31,0.03125
508,2,14,31,0.03125
508,2,15,31,0.03125
508,2,16,31,0.03125
508,2,17,31,0.03125
508,2,18,31,0.03125
508,2,19,31,0.03125
508,2,20,31,0.03125
508,2,21,31,0.03125
508,2,22,31,0.03125
508,2,23,31,0.03125
508,2,24,31,0.03125
508,2,25,31,0.03125
508,2,26,31,0.03125
508,2,27,31,0.03125
508,2,28,31,0.03125
508,2,29,31,0.03125
508,2,30,31,0.03125
508,2,31,31,0.03125
509,2,0,31,0.03125
509,2,1,31,0.03125
509,2,2,31,0.03125
509,2,3,31,0.03125
509,2,4,31,0.03125
509,2,5,31,0.03125
509,2,6,31,0.03125
509,2,7,31,0.03125
509,2,8,31,0.03125
509,2,9,31,0.03125
509,2,10,31,0.03125
509,2,11,31,0.03125
509,2,12,31,0.03125
509,2,13,31,0.03125
509,2,14,31,0.03125
509,2,15,31,0.03125
509,2,16,31,0.03125
509,2,17,31,0.03125
509,2,18,31,0.03125
509,2,19,31,0.03125
509,2,20,31,0.03125
509,2,21,31,0.03125
509,2,22,31,0.03125
509,2,23,31,0.03125
509,2,24,31,0.03125
509,2,25,31,0.03125
509,2,26,31,0.03125
509,2,27,31,0.03125
509,2,28,31,0.03125
509,2,29,31,0.03125
509,2,30,31,0.03125
509,2,31,31,0.03125
510,2,0,6,0.142857
510,2,1,6,0.142857
510,2,2,6,0.142857
510,2,3,6,0.142857
510,2,4,6,0.142857
510,2,5,6,0.142857
510,2,6,6,0.142857
511,2,0,9,0.1
511,2,1,9,0.1
511,2,2,9,0.1
511,2,3,9,0.1
511,2,4,9,0.1
511,2,5,9,0.1
511,2,6,9,0.1
511,2,7,9,0.1
511,2,8,9,0.1
511,2,9,9,0.1
512,2,0,3,0.083736
512,2,1,3,0.083736
512,2,2,5,0.112977
512,2,3,5,0.112977
512,2,4,8,0.183907
512,2,5,5,0.112977
512,2,6,3,0.083736
512,2,7,5,0.112977
512,2,8,5,0.112977
513,2,0,8,0.111111
513,2,1,8,0.111111
513,2,2,8,0.111111
513,2,3,8,0.111111
513,2,4,8,0.111111
513,2,5,8,0.111111
513,2,6,8,0.111111
513,2,7,8,0.111111
513,2,8,8,0.111111
514,2,0,5,0.08431
514,2,1,5,0.08431
514,2,2,5,0.08431
514,2,3,5,0.08431
514,2,4,10,0.156899
514,2,5,5,0.08431
514,2,6,5,0.08431
514,2,7,5,0.08431
514,2,8,5,0.08431
514,2,9,5,0.08431
514,2,10,5,0.08431
515,2,0,7,0.125
515,2,1,7,0.125
515,2,2,7,0.125
515,2,3,7,0.125
515,2,4,7,0.125
515,2,5,7,0.125
515,2,6,7,0.125
515,2,7,7,0.125
516,2,0,6,0.142857
516,2,1,6,0.142857
516,2,2,6,0.142857
516,2,3,6,0.142857
516,2,4,6,0.142857
516,2,5,6,0.142857
516,2,6,6,0.142857
517,2,0,5,0.051725
517,2,1,6,0.056347
517,2,2,6,0.056347
517,2,3,5,0.051725
517,2,4,5,0.051725
517,2,5,6,0.056347
517,2,6,5,0.051725
517,2,7,5,0.051725
517,2,8,5,0.051725
517,2,9,5,0.051725
517,2,10,5,0.051725
517,2,11,6,0.056347
517,2,12,16,0.144666
517,2,13,5,0.051725
517,2,14,6,0.056347
517,2,15,5,0.051725
517,2,16,6,0.056347
518,2,0,8,0.111111
518,2,1,8,0.111111
518,2,2,8,0.111111
518,2,3,8,0.111111
518,2,4,8,0.111111
518,2,5,8,0.111111
518,2,6,8,0.111111
518,2,7,8,0.111111
518,2,8,8,0.111111
519,2,0,6,0.142857
519,2,1,6,0.142857
519,2,2,6,0.142857
519,2,3,6,0.142857
519,2,4,6,0.142857
519,2,5,6,0.142857
519,2,6,6,0.142857
520,2,0,6,0.142857
520,2,1,6,0.142857
520,2,2,6,0.142857
520,2,3,6,0.142857
520,2,4,6,0.142857
520,2,5,6,0.142857
520,2,6,6,0.142857
521,2,0,6,0.142857
521,2,1,6,0.142857
521,2,2,6,0.142857
521,2,3,6,0.142857
521,2,4,6,0.142857
521,2,5,6,0.142857
521,2,6,6,0.142857
522,2,0,6,0.142857
522,2,1,6,0.142857
522,2,2,6,0.142857
522,2,3,6,0.142857
522,2,4,6,0.142857
522,2,5,6,0.142857
522,2,6,6,0.142857
523,2,0,7,0.125
523,2,1,7,0.125
523,2,2,7,0.125
523,2,3,7,0.125
523,2,4,7,0.125
523,2,5,7,0.125
523,2,6,7,0.125
523,2,7,7,0.125
524,2,0,7,0.09602
524,2,1,7,0.09602
524,2,2,7,0.09602
524,2,3,3,0.060405
524,2,4,10,0.146646
524,2,5,3,0.060405
524,2,6,7,0.09602
524,2,7,7,0.09602
524,2,8,7,0.09602
524,2,9,7,0.09602
524,2,10,3,0.060405
525,2,0,6,0.09774
525,2,1,4,0.073781
525,2,2,9,0.144977
525,2,3,9,0.144977
525,2,4,4,0.073781
525,2,5,6,0.09774
525,2,6,6,0.09774
525,2,7,6,0.09774
525,2,8,6,0.09774
525,2,9,4,0.073781
526,2,0,5,0.087857
526,2,1,5,0.087857
526,2,2,5,0.087857
526,2,3,5,0.087857
526,2,4,5,0.087857
526,2,5,9,0.148571
526,2,6,5,0.087857
526,2,7,5,0.087857
526,2,8,9,0.148571
526,2,9,5,0.087857
527,2,0,31,0.03125
527,2,1,31,0.03125
527,2,2,31,0.03125
527,2,3,31,0.03125
527,2,4,31,0.03125
527,2,5,31,0.03125
527,2,6,31,0.03125
527,2,7,31,0.03125
527,2,8,31,0.03125
527,2,9,31,0.03125
527,2,10,31,0.03125
527,2,11,31,0.03125
527,2,12,31,0.03125
527,2,13,31,0.03125
527,2,14,31,0.03125
527,2,15,31,0.03125
527,2,16,31,0.03125
527,2,17,31,0.03125
527,2,18,31,0.03125
527,2,19,31,0.03125
527,2,20,31,0.03125
527,2,21,31,0.03125
527,2,22,31,0.03125
527,2,23,31,0.03125
527,2,24,31,0.03125
527,2,25,31,0.03125
527,2,26,31,0.03125
527,2,27,31,0.03125
527,2,28,31,0.03125
527,2,29,31,0.03125
527,2,30,31,0.03125
527,2,31,31,0.03125
528,2,0,6,0.142857
528,2,1,6,0.142857
528,2,2,6,0.142857
528,2,3,6,0.142857
528,2,4,6,0.142857
528,2,5,6,0.142857
528,2,6,6,0.142857
529,2,0,4,0.060755
529,2,1,4,0.060755
529,2,2,4,0.060755
529,2,3,5,0.068366
529,2,4,13,0.172132
529,2,5,5,0.068366
529,2,6,5,0.068366
529,2,7,4,0.060755
529,2,8,4,0.060755
529,2,9,4,0.060755
529,2,10,5,0.068366
529,2,11,5,0.068366
529,2,12,4,0.060755
529,2,13,4,0.060755
530,2,0,5,0.087857
530,2,1,9,0.148571
530,2,2,5,0.087857
530,2,3,5,0.087857
530,2,4,9,0.148571
530,2,5,5,0.087857
530,2,6,5,0.087857
530,2,7,5,0.087857
530,2,8,5,0.087857
530,2,9,5,0.087857
531,2,0,5,0.08431
531,2,1,5,0.08431
531,2,2,10,0.156899
531,2,3,5,0.08431
531,2,4,5,0.08431
531,2,5,5,0.08431
531,2,6,5,0.08431
531,2,7,5,0.08431
531,2,8,5,0.08431
531,2,9,5,0.08431
531,2,10,5,0.08431
532,2,0,6,0.142857
532,2,1,6,0.142857
532,2,2,6,0.142857
532,2,3,6,0.142857
532,2,4,6,0.142857
532,2,5,6,0.142857
532,2,6,6,0.142857
533,2,0,5,0.097048
533,2,1,4,0.086031
533,2,2,4,0.086031
533,2,3,5,0.097048
533,2,4,5,0.097048
533,2,5,5,0.097048
533,2,6,4,0.086031
533,2,7,9,0.170632
533,2,8,4,0.086031
533,2,9,5,0.097048
534,2,0,5,0.097048
534,2,1,4,0.086031
534,2,2,9,0.170632
534,2,3,4,0.086031
534,2,4,5,0.097048
534,2,5,5,0.097048
534,2,6,5,0.097048
534,2,7,4,0.086031
534,2,8,4,0.086031
534,2,9,5,0.097048
535,2,0,5,0.050663
535,2,1,5,0.050663
535,2,2,5,0.051585
535,2,3,5,0.051585
535,2,4,5,0.051585
535,2,5,5,0.050663
535,2,6,4,0.043556
535,2,7,5,0.050663
535,2,8,3,0.038385
535,2,9,5,0.05226
535,2,10,7,0.068699
535,2,11,4,0.043556
535,2,12,5,0.051585
535,2,13,3,0.038385
535,2,14,5,0.051585
535,2,15,3,0.038385
535,2,16,17,0.163933
535,2,17,5,0.05226
536,2,0,7,0.125
536,2,1,7,0.125
536,2,2,7,0.125
536,2,3,7,0.125
536,2,4,7,0.125
536,2,5,7,0.125
536,2,6,7,0.125
536,2,7,7,0.125
537,2,0,17,0.028555
537,2,1,17,0.028565
537,2,2,18,0.029974
537,2,3,18,0.029974
537,2,4,17,0.028565
537,2,5,17,0.028555
537,2,6,19,0.031423
537,2,7,17,0.028565
537,2,8,17,0.028555
537,2,9,31,0.048658
537,2,10,17,0.028555
537,2,11,17,0.028565
537,2,12,17,0.028565
537,2,13,17,0.028555
537,2,14,17,0.028565
537,2,15,17,0.028555
537,2,16,31,0.048658
537,2,17,17,0.028565
537,2,18,17,0.028565
537,2,19,17,0.028555
537,2,20,31,0.048658
537,2,21,17,0.028565
537,2,22,31,0.048658
537,2,23,17,0.028555
537,2,24,17,0.028555
537,2,25,17,0.028565
537,2,26,17,0.028555
537,2,27,17,0.028565
537,2,28,17,0.028565
537,2,29,17,0.028565
537,2,30,17,0.028555
537,2,31,17,0.028555
538,2,0,6,0.142857
538,2,1,6,0.142857
538,2,2,6,0.142857
538,2,3,6,0.142857
538,2,4,6,0.142857
538,2,5,6,0.142857
538,2,6,6,0.142857
539,2,0,6,0.142857
539,2,1,6,0.142857
539,2,2,6,0.142857
539,2,3,6,0.142857
539,2,4,6,0.142857
539,2,5,6,0.142857
539,2,6,6,0.142857
540,2,0,7,0.125
540,2,1,7,0.125
540,2,2,7,0.125
540,2,3,7,0.125
540,2,4,7,0.125
540,2,5,7,0.125
540,2,6,7,0.125
540,2,7,7,0.125
541,2,0,6,0.142857
541,2,1,6,0.142857
541,2,2,6,0.142857
541,2,3,6,0.142857
541,2,4,6,0.142857
541,2,5,6,0.142857
541,2,6,6,0.142857
542,2,0,3,0.05043
542,2,1,5,0.067957
542,2,2,5,0.067957
542,2,3,5,0.067957
542,2,4,5,0.067957
542,2,5,5,0.067957
542,2,6,13,0.169141
542,2,7,5,0.067957
542,2,8,5,0.067957
542,2,9,3,0.05043
542,2,10,5,0.067957
542,2,11,5,0.067957
542,2,12,3,0.05043
542,2,13,5,0.067957
543,2,0,6,0.142857
543,2,1,6,0.142857
543,2,2,6,0.142857
543,2,3,6,0.142857
543,2,4,6,0.142857
543,2,5,6,0.142857
543,2,6,6,0.142857
544,2,0,6,0.08089
544,2,1,6,0.08089
544,2,2,6,0.08089
544,2,3,5,0.074085
544,2,4,5,0.074085
544,2,5,5,0.074085
544,2,6,6,0.08089
544,2,7,6,0.08089
544,2,8,5,0.074085
544,2,9,6,0.08089
544,2,10,5,0.074085
544,2,11,11,0.144239
545,2,0,6,0.142857
545,2,1,6,0.142857
545,2,2,6,0.142857
545,2,3,6,0.142857
545,2,4,6,0.142857
545,2,5,6,0.142857
545,2,6,6,0.142857
546,2,0,4,0.121443
546,2,1,3,0.101879
546,2,2,4,0.121443
546,2,3,7,0.20859
546,2,4,3,0.101879
546,2,5,3,0.101879
546,2,6,4,0.121443
546,2,7,4,0.121443
547,2,0,4,0.060755
547,2,1,5,0.068366
547,2,2,5,0.068366
547,2,3,4,0.060755
547,2,4,4,0.060755
547,2,5,13,0.172132
547,2,6,4,0.060755
547,2,7,5,0.068366
547,2,8,4,0.060755
547,2,9,5,0.068366
547,2,10,4,0.060755
547,2,11,4,0.060755
547,2,12,5,0.068366
547,2,13,4,0.060755
548,2,0,6,0.091607
548,2,1,4,0.073986
548,2,2,6,0.091607
548,2,3,10,0.154411
548,2,4,6,0.091607
548,2,5,6,0.091607
548,2,6,4,0.073986
548,2,7,4,0.073986
548,2,8,6,0.091607
548,2,9,4,0.073986
548,2,10,6,0.091607
549,2,0,7,0.125
549,2,1,7,0.125
549,2,2,7,0.125
549,2,3,7,0.125
549,2,4,7,0.125
549,2,5,7,0.125
549,2,6,7,0.125
549,2,7,7,0.125
550,2,0,6,0.045308
550,2,1,17,0.095757
550,2,2,11,0.057491
550,2,3,11,0.057491
550,2,4,11,0.057491
550,2,5,6,0.045308
550,2,6,11,0.057491
550,2,7,11,0.057491
550,2,8,6,0.045308
550,2,9,11,0.057491
550,2,10,11,0.057491
550,2,11,11,0.057491
550,2,12,11,0.057491
550,2,13,6,0.045308
550,2,14,6,0.045308
550,2,15,11,0.057491
550,2,16,11,0.057491
550,2,17,6,0.045308
551,2,0,6,0.142857
551,2,1,6,0.142857
551,2,2,6,0.142857
551,2,3,6,0.142857
551,2,4,6,0.142857
551,2,5,6,0.142857
551,2,6,6,0.142857
552,2,0,6,0.142857
552,2,1,6,0.142857
552,2,2,6,0.142857
552,2,3,6,0.142857
552,2,4,6,0.142857
552,2,5,6,0.142857
552,2,6,6,0.142857
553,2,0,7,0.125
553,2,1,7,0.125
553,2,2,7,0.125
553,2,3,7,0.125
553,2,4,7,0.125
553,2,5,7,0.125
553,2,6,7,0.125
553,2,7,7,0.125
554,2,0,7,0.064637
554,2,1,8,0.065758
554,2,2,8,0.065758
554,2,3,8,0.065758
554,2,4,6,0.057403
554,2,5,8,0.065758
554,2,6,6,0.057403
554,2,7,9,0.073649
554,2,8,6,0.057403
554,2,9,8,0.065758
554,2,10,8,0.065758
554,2,11,8,0.065758
554,2,12,6,0.057403
554,2,13,6,0.057403
554,2,14,14,0.114392
555,2,0,6,0.06851
555,2,1,6,0.067676
555,2,2,7,0.077102
555,2,3,6,0.06851
555,2,4,12,0.126053
555,2,5,6,0.06851
555,2,6,6,0.067676
555,2,7,6,0.067676
555,2,8,7,0.077102
555,2,9,6,0.06851
555,2,10,9,0.097064
555,2,11,6,0.06851
555,2,12,7,0.077102
556,2,0,6,0.142857
556,2,1,6,0.142857
556,2,2,6,0.142857
556,2,3,6,0.142857
556,2,4,6,0.142857
556,2,5,6,0.142857
556,2,6,6,0.142857
557,2,0,6,0.091607
557,2,1,4,0.073986
557,2,2,6,0.091607
557,2,3,4,0.073986
557,2,4,4,0.073986
557,2,5,6,0.091607
557,2,6,6,0.091607
557,2,7,6,0.091607
557,2,8,4,0.073986
557,2,9,6,0.091607
557,2,10,10,0.154411
558,2,0,10,0.090909
558,2,1,10,0.090909
558,2,2,10,0.090909
558,2,3,10,0.090909
558,2,4,10,0.090909
558,2,5,10,0.090909
558,2,6,10,0.090909
558,2,7,10,0.090909
558,2,8,10,0.090909
558,2,9,10,0.090909
558,2,10,10,0.090909
559,2,0,3,0.127095
559,2,1,3,0.127095
559,2,2,3,0.127095
559,2,3,3,0.127095
559,2,4,6,0.237428
559,2,5,3,0.127095
559,2,6,3,0.127095
560,2,0,6,0.142857
560,2,1,6,0.142857
560,2,2,6,0.142857
560,2,3,6,0.142857
560,2,4,6,0.142857
560,2,5,6,0.142857
560,2,6,6,0.142857
561,2,0,14,0.066667
561,2,1,14,0.066667
561,2,2,14,0.066667
561,2,3,14,0.066667
561,2,4,14,0.066667
561,2,5,14,0.066667
561,2,6,14,0.066667
561,2,7,14,0.066667
561,2,8,14,0.066667
561,2,9,14,0.066667
561,2,10,14,0.066667
561,2,11,14,0.066667
561,2,12,14,0.066667
561,2,13,14,0.066667
561,2,14,14,0.066667
562,2,0,8,0.111111
562,2,1,8,0.111111
562,2,2,8,0.111111
562,2,3,8,0.111111
562,2,4,8,0.111111
562,2,5,8,0.111111
562,2,6,8,0.111111
562,2,7,8,0.111111
562,2,8,8,0.111111
563,2,0,17,0.055556
563,2,1,17,0.055556
563,2,2,17,0.055556
563,2,3,17,0.055556
563,2,4,17,0.055556
563,2,5,17,0.055556
563,2,6,17,0.055556
563,2,7,17,0.055556
563,2,8,17,0.055556
563,2,9,17,0.055556
563,2,10,17,0.055556
563,2,11,17,0.055556
563,2,12,17,0.055556
563,2,13,17,0.055556
563,2,14,17,0.055556
563,2,15,17,0.055556
563,2,16,17,0.055556
563,2,17,17,0.055556
564,2,0,6,0.142857
564,2,1,6,0.142857
564,2,2,6,0.142857
564,2,3,6,0.142857
564,2,4,6,0.142857
564,2,5,6,0.142857
564,2,6,6,0.142857
565,2,0,4,0.10137
565,2,1,4,0.10137
565,2,2,4,0.10137
565,2,3,4,0.10137
565,2,4,8,0.189037
565,2,5,4,0.10137
565,2,6,4,0.10137
565,2,7,4,0.10137
565,2,8,4,0.10137
566,2,0,7,0.125
566,2,1,7,0.125
566,2,2,7,0.125
566,2,3,7,0.125
566,2,4,7,0.125
566,2,5,7,0.125
566,2,6,7,0.125
566,2,7,7,0.125
567,2,0,5,0.08431
567,2,1,10,0.156899
567,2,2,5,0.08431
567,2,3,5,0.08431
567,2,4,5,0.08431
567,2,5,5,0.08431
567,2,6,5,0.08431
567,2,7,5,0.08431
567,2,8,5,0.08431
567,2,9,5,0.08431
567,2,10,5,0.08431
568,2,0,6,0.054384
568,2,1,5,0.046486
568,2,2,5,0.046056
568,2,3,5,0.046486
568,2,4,16,0.133043
568,2,5,16,0.133043
568,2,6,5,0.046486
568,2,7,5,0.046056
568,2,8,6,0.054384
568,2,9,5,0.046056
568,2,10,5,0.046486
568,2,11,5,0.046486
568,2,12,5,0.046486
568,2,13,8,0.069892
568,2,14,5,0.046056
568,2,15,5,0.046056
568,2,16,5,0.046056
569,2,0,6,0.142857
569,2,1,6,0.142857
569,2,2,6,0.142857
569,2,3,6,0.142857
569,2,4,6,0.142857
569,2,5,6,0.142857
569,2,6,6,0.142857
570,2,0,9,0.1
570,2,1,9,0.1
570,2,2,9,0.1
570,2,3,9,0.1
570,2,4,9,0.1
570,2,5,9,0.1
570,2,6,9,0.1
570,2,7,9,0.1
570,2,8,9,0.1
570,2,9,9,0.1
571,2,0,4,0.049247
571,2,1,4,0.049247
571,2,2,7,0.065336
571,2,3,7,0.065336
571,2,4,4,0.049247
571,2,5,4,0.049247
571,2,6,4,0.049247
571,2,7,7,0.065336
571,2,8,4,0.049247
571,2,9,7,0.065336
571,2,10,4,0.049247
571,2,11,4,0.049247
571,2,12,7,0.065336
571,2,13,7,0.065336
571,2,14,15,0.148676
571,2,15,7,0.065336
572,2,0,8,0.111111
572,2,1,8,0.111111
572,2,2,8,0.111111
572,2,3,8,0.111111
572,2,4,8,0.111111
572,2,5,8,0.111111
572,2,6,8,0.111111
572,2,7,8,0.111111
572,2,8,8,0.111111
573,2,0,6,0.142857
573,2,1,6,0.142857
573,2,2,6,0.142857
573,2,3,6,0.142857
573,2,4,6,0.142857
573,2,5,6,0.142857
573,2,6,6,0.142857
574,2,0,6,0.104227
574,2,1,3,0.070391
574,2,2,6,0.104227
574,2,3,3,0.070391
574,2,4,6,0.104227
574,2,5,6,0.104227
574,2,6,3,0.070391
574,2,7,6,0.104227
574,2,8,9,0.163462
574,2,9,6,0.104227
575,2,0,7,0.125
575,2,1,7,0.125
575,2,2,7,0.125
575,2,3,7,0.125
575,2,4,7,0.125
575,2,5,7,0.125
575,2,6,7,0.125
575,2,7,7,0.125
576,2,0,29,0.033333
576,2,1,29,0.033333
576,2,2,29,0.033333
576,2,3,29,0.033333
576,2,4,29,0.033333
576,2,5,29,0.033333
576,2,6,29,0.033333
576,2,7,29,0.033333
576,2,8,29,0.033333
576,2,9,29,0.033333
576,2,10,29,0.033333
576,2,11,29,0.033333
576,2,12,29,0.033333
576,2,13,29,0.033333
576,2,14,29,0.033333
576,2,15,29,0.033333
576,2,16,29,0.033333
576,2,17,29,0.033333
576,2,18,29,0.033333
576,2,19,29,0.033333
576,2,20,29,0.033333
576,2,21,29,0.033333
576,2,22,29,0.033333
576,2,23,29,0.033333
576,2,24,29,0.033333
576,2,25,29,0.033333
576,2,26,29,0.033333
576,2,27,29,0.033333
576,2,28,29,0.033333
576,2,29,29,0.033333
577,2,0,31,0.03125
577,2,1,31,0.03125
577,2,2,31,0.03125
577,2,3,31,0.03125
577,2,4,31,0.03125
577,2,5,31,0.03125
577,2,6,31,0.03125
577,2,7,31,0.03125
577,2,8,31,0.03125
577,2,9,31,0.03125
577,2,10,31,0.03125
577,2,11,31,0.03125
577,2,12,31,0.03125
577,2,13,31,0.03125
577,2,14,31,0.03125
577,2,15,31,0.03125
577,2,16,31,0.03125
577,2,17,31,0.03125
577,2,18,31,0.03125
577,2,19,31,0.03125
577,2,20,31,0.03125
577,2,21,31,0.03125
577,2,22,31,0.03125
577,2,23,31,0.03125
577,2,24,31,0.03125
577,2,25,31,0.03125
577,2,26,31,0.03125
577,2,27,31,0.03125
577,2,28,31,0.03125
577,2,29,31,0.03125
577,2,30,31,0.03125
577,2,31,31,0.03125
578,2,0,7,0.125
578,2,1,7,0.125
578,2,2,7,0.125
578,2,3,7,0.125
578,2,4,7,0.125
578,2,5,7,0.125
578,2,6,7,0.125
578,2,7,7,0.125
579,2,0,4,0.049247
579,2,1,4,0.049247
579,2,2,7,0.065336
579,2,3,4,0.049247
579,2,4,15,0.148676
579,2,5,4,0.049247
579,2,6,7,0.065336
579,2,7,7,0.065336
579,2,8,4,0.049247
579,2,9,7,0.065336
579,2,10,7,0.065336
579,2,11,4,0.049247
579,2,12,4,0.049247
579,2,13,7,0.065336
579,2,14,4,0.049247
579,2,15,7,0.065336
580,2,0,11,0.083333
580,2,1,11,0.083333
580,2,2,11,0.083333
580,2,3,11,0.083333
580,2,4,11,0.083333
580,2,5,11,0.083333
580,2,6,11,0.083333
580,2,7,11,0.083333
580,2,8,11,0.083333
580,2,9,11,0.083333
580,2,10,11,0.083333
580,2,11,11,0.083333
581,2,0,6,0.142857
581,2,1,6,0.142857
581,2,2,6,0.142857
581,2,3,6,0.142857
581,2,4,6,0.142857
581,2,5,6,0.142857
581,2,6,6,0.142857
582,2,0,9,0.163462
582,2,1,6,0.104227
582,2,2,6,0.104227
582,2,3,6,0.104227
582,2,4,3,0.070391
582,2,5,6,0.104227
582,2,6,3,0.070391
582,2,7,3,0.070391
582,2,8,6,0.104227
582,2,9,6,0.104227
583,2,0,9,0.170632
583,2,1,5,0.097048
583,2,2,5,0.097048
583,2,3,5,0.097048
583,2,4,4,0.086031
583,2,5,5,0.097048
583,2,6,4,0.086031
583,2,7,4,0.086031
583,2,8,5,0.097048
583,2,9,4,0.086031
584,2,0,6,0.142857
584,2,1,6,0.142857
584,2,2,6,0.142857
584,2,3,6,0.142857
584,2,4,6,0.142857
584,2,5,6,0.142857
584,2,6,6,0.142857
585,2,0,6,0.142857
585,2,1,6,0.142857
585,2,2,6,0.142857
585,2,3,6,0.142857
585,2,4,6,0.142857
585,2,5,6,0.142857
585,2,6,6,0.142857
586,2,0,7,0.125
586,2,1,7,0.125
586,2,2,7,0.125
586,2,3,7,0.125
586,2,4,7,0.125
586,2,5,7,0.125
586,2,6,7,0.125
586,2,7,7,0.125
587,2,0,6,0.056575
587,2,1,3,0.038438
587,2,2,5,0.053018
587,2,3,4,0.044594
587,2,4,4,0.045947
587,2,5,4,0.044594
587,2,6,4,0.044594
587,2,7,3,0.038438
587,2,8,4,0.045947
587,2,9,6,0.056575
587,2,10,17,0.165591
587,2,11,6,0.056575
587,2,12,3,0.038438
587,2,13,6,0.056575
587,2,14,4,0.045947
587,2,15,7,0.065633
587,2,16,4,0.045947
587,2,17,6,0.056575
588,2,0,5,0.052797
588,2,1,4,0.046927
588,2,2,5,0.052797
588,2,3,4,0.046927
588,2,4,5,0.052797
588,2,5,4,0.046927
588,2,6,4,0.046927
588,2,7,4,0.046927
588,2,8,4,0.046927
588,2,9,4,0.046927
588,2,10,4,0.046927
588,2,11,5,0.052797
588,2,12,4,0.046927
588,2,13,4,0.046927
588,2,14,4,0.046927
588,2,15,17,0.172895
588,2,16,5,0.052797
588,2,17,4,0.046927
589,2,0,7,0.077941
589,2,1,3,0.049013
589,2,2,7,0.077941
589,2,3,3,0.049013
589,2,4,7,0.077941
589,2,5,7,0.077941
589,2,6,3,0.049013
589,2,7,7,0.077941
589,2,8,3,0.049013
589,2,9,3,0.049013
589,2,10,3,0.049013
589,2,11,7,0.077941
589,2,12,13,0.160337
589,2,13,7,0.077941
590,2,0,7,0.125
590,2,1,7,0.125
590,2,2,7,0.125
590,2,3,7,0.125
590,2,4,7,0.125
590,2,5,7,0.125
590,2,6,7,0.125
590,2,7,7,0.125
591,2,0,3,0.127095
591,2,1,3,0.127095
591,2,2,3,0.127095
591,2,3,3,0.127095
591,2,4,3,0.127095
591,2,5,3,0.127095
591,2,6,6,0.237428
592,2,0,5,0.02214
592,2,1,5,0.02214
592,2,2,5,0.022954
592,2,3,7,0.032646
592,2,4,4,0.020523
592,2,5,5,0.022552
592,2,6,6,0.024808
592,2,7,5,0.022552
592,2,8,5,0.022954
592,2,9,37,0.147362
592,2,10,5,0.022954
592,2,11,6,0.02631
592,2,12,6,0.024808
592,2,13,5,0.022007
592,2,14,6,0.024808
592,2,15,5,0.022552
592,2,16,6,0.025812
592,2,17,6,0.025812
592,2,18,4,0.020523
592,2,19,4,0.019736
592,2,20,4,0.020523
592,2,21,5,0.022007
592,2,22,6,0.025814
592,2,23,4,0.019736
592,2,24,4,0.019736
592,2,25,6,0.024808
592,2,26,6,0.024808
592,2,27,5,0.02214
592,2,28,6,0.024808
592,2,29,4,0.020523
592,2,30,5,0.022954
592,2,31,7,0.029472
592,2,32,5,0.022007
592,2,33,4,0.019736
592,2,34,4,0.019736
592,2,35,5,0.022552
592,2,36,5,0.022954
592,2,37,4,0.019736
593,2,0,6,0.142857
593,2,1,6,0.142857
593,2,2,6,0.142857
593,2,3,6,0.142857
593,2,4,6,0.142857
593,2,5,6,0.142857
593,2,6,6,0.142857
594,2,0,8,0.111111
594,2,1,8,0.111111
594,2,2,8,0.111111
594,2,3,8,0.111111
594,2,4,8,0.111111
594,2,5,8,0.111111
594,2,6,8,0.111111
594,2,7,8,0.111111
594,2,8,8,0.111111
595,2,0,6,0.142857
595,2,1,6,0.142857
595,2,2,6,0.142857
595,2,3,6,0.142857
595,2,4,6,0.142857
595,2,5,6,0.142857
595,2,6,6,0.142857
596,2,0,6,0.142857
596,2,1,6,0.142857
596,2,2,6,0.142857
596,2,3,6,0.142857
596,2,4,6,0.142857
596,2,5,6,0.142857
596,2,6,6,0.142857
597,2,0,4,0.120424
597,2,1,6,0.172768
597,2,2,4,0.120424
597,2,3,4,0.120424
597,2,4,6,0.172768
597,2,5,4,0.120424
597,2,6,6,0.172768
598,2,0,6,0.142857
598,2,1,6,0.142857
598,2,2,6,0.142857
598,2,3,6,0.142857
598,2,4,6,0.142857
598,2,5,6,0.142857
598,2,6,6,0.142857
599,2,0,29,0.031595
599,2,1,3,0.013539
599,2,2,29,0.031595
599,2,3,29,0.031595
599,2,4,29,0.031595
599,2,5,29,0.031595
599,2,6,29,0.031595
599,2,7,3,0.013539
599,2,8,29,0.031595
599,2,9,29,0.031595
599,2,10,29,0.031595
599,2,11,29,0.031595
599,2,12,32,0.043123
599,2,13,29,0.031595
599,2,14,29,0.031595
599,2,15,29,0.031595
599,2,16,29,0.031595
599,2,17,29,0.031595
599,2,18,29,0.031595
599,2,19,29,0.031595
599,2,20,29,0.031595
599,2,21,29,0.031595
599,2,22,29,0.031595
599,2,23,29,0.031595
599,2,24,29,0.031595
599,2,25,3,0.013539
599,2,26,29,0.031595
599,2,27,29,0.031595
599,2,28,29,0.031595
599,2,29,29,0.031595
599,2,30,29,0.031595
599,2,31,29,0.031595
599,2,32,29,0.031595
600,2,0,8,0.111111
600,2,1,8,0.111111
600,2,2,8,0.111111
600,2,3,8,0.111111
600,2,4,8,0.111111
600,2,5,8,0.111111
600,2,6,8,0.111111
600,2,7,8,0.111111
600,2,8,8,0.111111
601,2,0,11,0.144239
601,2,1,6,0.08089
601,2,2,6,0.08089
601,2,3,5,0.074085
601,2,4,6,0.08089
601,2,5,5,0.074085
601,2,6,6,0.08089
601,2,7,6,0.08089
601,2,8,5,0.074085
601,2,9,5,0.074085
601,2,10,5,0.074085
601,2,11,6,0.08089
602,2,0,5,0.08431
602,2,1,5,0.08431
602,2,2,5,0.08431
602,2,3,5,0.08431
602,2,4,5,0.08431
602,2,5,5,0.08431
602,2,6,5,0.08431
602,2,7,10,0.156899
602,2,8,5,0.08431
602,2,9,5,0.08431
602,2,10,5,0.08431
603,2,0,30,0.032258
603,2,1,30,0.032258
603,2,2,30,0.032258
603,2,3,30,0.032258
603,2,4,30,0.032258
603,2,5,30,0.032258
603,2,6,30,0.032258
603,2,7,30,0.032258
603,2,8,30,0.032258
603,2,9,30,0.032258
603,2,10,30,0.032258
603,2,11,30,0.032258
603,2,12,30,0.032258
603,2,13,30,0.032258
603,2,14,30,0.032258
603,2,15,30,0.032258
603,2,16,30,0.032258
603,2,17,30,0.032258
603,2,18,30,0.032258
603,2,19,30,0.032258
603,2,20,30,0.032258
603,2,21,30,0.032258
603,2,22,30,0.032258
603,2,23,30,0.032258
603,2,24,30,0.032258
603,2,25,30,0.032258
603,2,26,30,0.032258
603,2,27,30,0.032258
603,2,28,30,0.032258
603,2,29,30,0.032258
603,2,30,30,0.032258
604,2,0,5,0.097048
604,2,1,5,0.097048
604,2,2,4,0.086031
604,2,3,4,0.086031
604,2,4,5,0.097048
604,2,5,4,0.086031
604,2,6,9,0.170632
604,2,7,5,0.097048
604,2,8,5,0.097048
604,2,9,4,0.086031
605,2,0,5,0.131909
605,2,1,5,0.131909
605,2,2,7,0.193403
605,2,3,5,0.131909
605,2,4,5,0.131909
605,2,5,2,0.073527
605,2,6,5,0.131909
605,2,7,2,0.073527
606,2,0,8,0.160415
606,2,1,4,0.088352
606,2,2,5,0.103528
606,2,3,5,0.103528
606,2,4,8,0.160415
606,2,5,4,0.088352
606,2,6,4,0.088352
606,2,7,5,0.103528
606,2,8,5,0.103528
607,2,0,9,0.170632
607,2,1,5,0.097048
607,2,2,5,0.097048
607,2,3,4,0.086031
607,2,4,5,0.097048
607,2,5,5,0.097048
607,2,6,5,0.097048
607,2,7,4,0.086031
607,2,8,4,0.086031
607,2,9,4,0.086031
608,2,0,6,0.142857
608,2,1,6,0.142857
608,2,2,6,0.142857
608,2,3,6,0.142857
608,2,4,6,0.142857
608,2,5,6,0.142857
608,2,6,6,0.142857
609,2,0,4,0.036229
609,2,1,4,0.035814
609,2,2,4,0.036996
609,2,3,4,0.036229
609,2,4,4,0.036996
609,2,5,4,0.036996
609,2,6,4,0.036996
609,2,7,5,0.043483
609,2,8,4,0.036996
609,2,9,4,0.036996
609,2,10,4,0.036996
609,2,11,4,0.036996
609,2,12,4,0.036996
609,2,13,4,0.036996
609,2,14,5,0.043844
609,2,15,3,0.029062
609,2,16,4,0.036996
609,2,17,4,0.036229
609,2,18,4,0.035814
609,2,19,4,0.036996
609,2,20,3,0.029062
609,2,21,6,0.052416
609,2,22,22,0.177869
610,2,0,4,0.039581
610,2,1,5,0.043025
610,2,2,19,0.151612
610,2,3,4,0.039581
610,2,4,6,0.048098
610,2,5,6,0.048098
610,2,6,4,0.039581
610,2,7,6,0.04989
610,2,8,6,0.048098
610,2,9,4,0.039581
610,2,10,6,0.048098
610,2,11,4,0.039581
610,2,12,6,0.04989
610,2,13,4,0.039581
610,2,14,6,0.048098
610,2,15,5,0.043025
610,2,16,8,0.062401
610,2,17,5,0.043025
610,2,18,4,0.039581
610,2,19,4,0.039581
611,2,0,6,0.072152
611,2,1,6,0.072152
611,2,2,6,0.072152
611,2,3,6,0.072152
611,2,4,12,0.134171
611,2,5,6,0.072152
611,2,6,6,0.072152
611,2,7,6,0.072152
611,2,8,6,0.072152
611,2,9,6,0.072152
611,2,10,6,0.072152
611,2,11,6,0.072152
611,2,12,6,0.072152
612,2,0,6,0.142857
612,2,1,6,0.142857
612,2,2,6,0.142857
612,2,3,6,0.142857
612,2,4,6,0.142857
612,2,5,6,0.142857
612,2,6,6,0.142857
613,2,0,6,0.034772
613,2,1,4,0.028107
613,2,2,8,0.039233
613,2,3,8,0.039233
613,2,4,4,0.028107
613,2,5,4,0.028107
613,2,6,4,0.028107
613,2,7,6,0.034772
613,2,8,8,0.039233
613,2,9,4,0.028107
613,2,10,6,0.034772
613,2,11,6,0.034772
613,2,12,4,0.028107
613,2,13,8,0.039233
613,2,14,4,0.028107
613,2,15,8,0.039233
613,2,16,4,0.028107
613,2,17,4,0.028107
613,2,18,6,0.034772
613,2,19,26,0.140213
613,2,20,4,0.028107
613,2,21,6,0.034772
613,2,22,4,0.028107
613,2,23,8,0.039233
613,2,24,8,0.039233
613,2,25,4,0.028107
613,2,26,8,0.039233
614,2,0,7,0.125
614,2,1,7,0.125
614,2,2,7,0.125
614,2,3,7,0.125
614,2,4,7,0.125
614,2,5,7,0.125
614,2,6,7,0.125
614,2,7,7,0.125
615,2,0,6,0.142857
615,2,1,6,0.142857
615,2,2,6,0.142857
615,2,3,6,0.142857
615,2,4,6,0.142857
615,2,5,6,0.142857
615,2,6,6,0.142857
616,2,0,4,0.121443
616,2,1,4,0.121443
616,2,2,7,0.20859
616,2,3,3,0.101879
616,2,4,3,0.101879
616,2,5,4,0.121443
616,2,6,3,0.101879
616,2,7,4,0.121443
617,2,0,7,0.048954
617,2,1,10,0.055977
617,2,2,17,0.097549
617,2,3,10,0.055977
617,2,4,10,0.055977
617,2,5,7,0.048954
617,2,6,10,0.055977
617,2,7,7,0.048954
617,2,8,10,0.055977
617,2,9,7,0.048954
617,2,10,7,0.048954
617,2,11,10,0.055977
617,2,12,10,0.055977
617,2,13,7,0.048954
617,2,14,10,0.055977
617,2,15,10,0.055977
617,2,16,7,0.048954
617,2,17,10,0.055977
618,2,0,6,0.142857
618,2,1,6,0.142857
618,2,2,6,0.142857
618,2,3,6,0.142857
618,2,4,6,0.142857
618,2,5,6,0.142857
618,2,6,6,0.142857
619,2,0,4,0.107613
619,2,1,3,0.089132
619,2,2,2,0.06385
619,2,3,4,0.107613
619,2,4,4,0.107613
619,2,5,3,0.089132
619,2,6,4,0.116783
619,2,7,4,0.107613
619,2,8,8,0.21065
620,2,0,7,0.125
620,2,1,7,0.125
620,2,2,7,0.125
620,2,3,7,0.125
620,2,4,7,0.125
620,2,5,7,0.125
620,2,6,7,0.125
620,2,7,7,0.125
621,2,0,6,0.142857
621,2,1,6,0.142857
621,2,2,6,0.142857
621,2,3,6,0.142857
621,2,4,6,0.142857
621,2,5,6,0.142857
621,2,6,6,0.142857
622,2,0,4,0.086031
622,2,1,5,0.097048
622,2,2,5,0.097048
622,2,3,4,0.086031
622,2,4,5,0.097048
622,2,5,4,0.086031
622,2,6,9,0.170632
622,2,7,5,0.097048
622,2,8,5,0.097048
622,2,9,4,0.086031
623,2,0,3,0.073174
623,2,1,3,0.073174
623,2,2,3,0.073174
623,2,3,3,0.073174
623,2,4,4,0.087197
623,2,5,3,0.073174
623,2,6,3,0.073174
623,2,7,4,0.087197
623,2,8,4,0.087197
623,2,9,4,0.087197
623,2,10,10,0.212167
624,2,0,8,0.111111
624,2,1,8,0.111111
624,2,2,8,0.111111
624,2,3,8,0.111111
624,2,4,8,0.111111
624,2,5,8,0.111111
624,2,6,8,0.111111
624,2,7,8,0.111111
624,2,8,8,0.111111
625,2,0,6,0.142857
625,2,1,6,0.142857
625,2,2,6,0.142857
625,2,3,6,0.142857
625,2,4,6,0.142857
625,2,5,6,0.142857
625,2,6,6,0.142857
626,2,0,4,0.03067
626,2,1,8,0.0427
626,2,2,6,0.037893
626,2,3,6,0.037893
626,2,4,4,0.03067
626,2,5,5,0.033754
626,2,6,8,0.0427
626,2,7,9,0.048157
626,2,8,6,0.037893
626,2,9,8,0.0427
626,2,10,4,0.03067
626,2,11,8,0.0427
626,2,12,4,0.03067
626,2,13,5,0.033754
626,2,14,8,0.0427
626,2,15,6,0.037893
626,2,16,6,0.038568
626,2,17,6,0.037893
626,2,18,6,0.037893
626,2,19,23,0.129323
626,2,20,5,0.033754
626,2,21,8,0.0427
626,2,22,5,0.033754
626,2,23,8,0.0427
627,2,0,5,0.08431
627,2,1,5,0.08431
627,2,2,5,0.08431
627,2,3,5,0.08431
627,2,4,5,0.08431
627,2,5,5,0.08431
627,2,6,10,0.156899
627,2,7,5,0.08431
627,2,8,5,0.08431
627,2,9,5,0.08431
627,2,10,5,0.08431
628,2,0,6,0.142857
628,2,1,6,0.142857
628,2,2,6,0.142857
628,2,3,6,0.142857
628,2,4,6,0.142857
628,2,5,6,0.142857
628,2,6,6,0.142857
629,2,0,4,0.050802
629,2,1,4,0.050802
629,2,2,5,0.057136
629,2,3,4,0.050802
629,2,4,4,0.050802
629,2,5,3,0.042624
629,2,6,3,0.042624
629,2,7,3,0.042624
629,2,8,5,0.057136
629,2,9,4,0.050802
629,2,10,4,0.050802
629,2,11,5,0.057136
629,2,12,16,0.180033
629,2,13,4,0.050802
629,2,14,4,0.050802
629,2,15,5,0.057136
629,2,16,5,0.057136
630,2,0,7,0.052358
630,2,1,5,0.044773
630,2,2,7,0.052358
630,2,3,4,0.039598
630,2,4,7,0.052358
630,2,5,3,0.033105
630,2,6,7,0.052358
630,2,7,7,0.052358
630,2,8,5,0.044773
630,2,9,3,0.033105
630,2,10,4,0.039598
630,2,11,5,0.044773
630,2,12,5,0.044773
630,2,13,4,0.039598
630,2,14,3,0.033105
630,2,15,7,0.052358
630,2,16,5,0.044773
630,2,17,19,0.151924
630,2,18,4,0.039598
630,2,19,7,0.052358
631,2,0,6,0.142857
631,2,1,6,0.142857
631,2,2,6,0.142857
631,2,3,6,0.142857
631,2,4,6,0.142857
631,2,5,6,0.142857
631,2,6,6,0.142857
632,2,0,6,0.142857
632,2,1,6,0.142857
632,2,2,6,0.142857
632,2,3,6,0.142857
632,2,4,6,0.142857
632,2,5,6,0.142857
632,2,6,6,0.142857
633,2,0,17,0.048295
633,2,1,17,0.048295
633,2,2,4,0.027015
633,2,3,17,0.048295
633,2,4,17,0.048295
633,2,5,17,0.048295
633,2,6,17,0.048295
633,2,7,17,0.048295
633,2,8,17,0.048295
633,2,9,17,0.048295
633,2,10,4,0.027015
633,2,11,17,0.048295
633,2,12,4,0.027015
633,2,13,17,0.048295
633,2,14,17,0.048295
633,2,15,17,0.048295
633,2,16,17,0.048295
633,2,17,21,0.070925
633,2,18,4,0.027015
633,2,19,17,0.048295
633,2,20,17,0.048295
633,2,21,17,0.048295
634,2,0,6,0.142857
634,2,1,6,0.142857
634,2,2,6,0.142857
634,2,3,6,0.142857
634,2,4,6,0.142857
634,2,5,6,0.142857
634,2,6,6,0.142857
635,2,0,31,0.03125
635,2,1,31,0.03125
635,2,2,31,0.03125
635,2,3,31,0.03125
635,2,4,31,0.03125
635,2,5,31,0.03125
635,2,6,31,0.03125
635,2,7,31,0.03125
635,2,8,31,0.03125
635,2,9,31,0.03125
635,2,10,31,0.03125
635,2,11,31,0.03125
635,2,12,31,0.03125
635,2,13,31,0.03125
635,2,14,31,0.03125
635,2,15,31,0.03125
635,2,16,31,0.03125
635,2,17,31,0.03125
635,2,18,31,0.03125
635,2,19,31,0.03125
635,2,20,31,0.03125
635,2,21,31,0.03125
635,2,22,31,0.03125
635,2,23,31,0.03125
635,2,24,31,0.03125
635,2,25,31,0.03125
635,2,26,31,0.03125
635,2,27,31,0.03125
635,2,28,31,0.03125
635,2,29,31,0.03125
635,2,30,31,0.03125
635,2,31,31,0.03125
636,2,0,6,0.142857
636,2,1,6,0.142857
636,2,2,6,0.142857
636,2,3,6,0.142857
636,2,4,6,0.142857
636,2,5,6,0.142857
636,2,6,6,0.142857
637,2,0,6,0.142857
637,2,1,6,0.142857
637,2,2,6,0.142857
637,2,3,6,0.142857
637,2,4,6,0.142857
637,2,5,6,0.142857
637,2,6,6,0.142857
638,2,0,3,0.083736
638,2,1,3,0.083736
638,2,2,5,0.112977
638,2,3,5,0.112977
638,2,4,5,0.112977
638,2,5,8,0.183907
638,2,6,3,0.083736
638,2,7,5,0.112977
638,2,8,5,0.112977
639,2,0,4,0.032153
639,2,1,6,0.038516
639,2,2,5,0.034182
639,2,3,5,0.034858
639,2,4,4,0.032153
639,2,5,5,0.034182
639,2,6,5,0.034858
639,2,7,6,0.038516
639,2,8,5,0.034858
639,2,9,5,0.034182
639,2,10,10,0.061919
639,2,11,4,0.032153
639,2,12,5,0.034858
639,2,13,6,0.038516
639,2,14,5,0.034858
639,2,15,5,0.034182
639,2,16,5,0.034858
639,2,17,6,0.038516
639,2,18,23,0.142382
639,2,19,9,0.058915
639,2,20,5,0.034858
639,2,21,4,0.032153
639,2,22,6,0.038516
639,2,23,5,0.034858
640,2,0,6,0.142857
640,2,1,6,0.142857
640,2,2,6,0.142857
640,2,3,6,0.142857
640,2,4,6,0.142857
640,2,5,6,0.142857
640,2,6,6,0.142857
641,2,0,7,0.125
641,2,1,7,0.125
641,2,2,7,0.125
641,2,3,7,0.125
641,2,4,7,0.125
641,2,5,7,0.125
641,2,6,7,0.125
641,2,7,7,0.125
642,2,0,7,0.125
642,2,1,7,0.125
642,2,2,7,0.125
642,2,3,7,0.125
642,2,4,7,0.125
642,2,5,7,0.125
642,2,6,7,0.125
642,2,7,7,0.125
643,2,0,4,0.047797
643,2,1,5,0.05565
643,2,2,6,0.060589
643,2,3,5,0.05565
643,2,4,5,0.05565
643,2,5,5,0.05565
643,2,6,5,0.05565
643,2,7,6,0.060589
643,2,8,4,0.047797
643,2,9,15,0.148283
643,2,10,4,0.047797
643,2,11,6,0.060589
643,2,12,5,0.056826
643,2,13,6,0.060589
643,2,14,6,0.060589
643,2,15,7,0.070304
644,2,0,7,0.125
644,2,1,7,0.125
644,2,2,7,0.125
644,2,3,7,0.125
644,2,4,7,0.125
644,2,5,7,0.125
644,2,6,7,0.125
644,2,7,7,0.125
645,2,0,6,0.08089
645,2,1,5,0.074085
645,2,2,6,0.08089
645,2,3,5,0.074085
645,2,4,11,0.144239
645,2,5,6,0.08089
645,2,6,5,0.074085
645,2,7,5,0.074085
645,2,8,6,0.08089
645,2,9,6,0.08089
645,2,10,5,0.074085
645,2,11,6,0.08089
646,2,0,6,0.142857
646,2,1,6,0.142857
646,2,2,6,0.142857
646,2,3,6,0.142857
646,2,4,6,0.142857
646,2,5,6,0.142857
646,2,6,6,0.142857
647,2,0,5,0.085365
647,2,1,5,0.085365
647,2,2,6,0.099886
647,2,3,6,0.099886
647,2,4,5,0.085365
647,2,5,5,0.085365
647,2,6,9,0.14402
647,2,7,5,0.085365
647,2,8,5,0.085365
647,2,9,9,0.14402
648,2,0,6,0.142857
648,2,1,6,0.142857
648,2,2,6,0.142857
648,2,3,6,0.142857
648,2,4,6,0.142857
648,2,5,6,0.142857
648,2,6,6,0.142857
649,2,0,6,0.142857
649,2,1,6,0.142857
649,2,2,6,0.142857
649,2,3,6,0.142857
649,2,4,6,0.142857
649,2,5,6,0.142857
649,2,6,6,0.142857
650,2,0,5,0.063947
650,2,1,4,0.054654
650,2,2,13,0.155079
650,2,3,5,0.063947
650,2,4,5,0.063947
650,2,5,4,0.054654
650,2,6,5,0.065185
650,2,7,5,0.065185
650,2,8,5,0.065185
650,2,9,8,0.099244
650,2,10,5,0.063947
650,2,11,5,0.065185
650,2,12,5,0.065185
650,2,13,4,0.054654
651,2,0,7,0.049745
651,2,1,7,0.049422
651,2,2,7,0.049422
651,2,3,7,0.049745
651,2,4,5,0.039842
651,2,5,5,0.039842
651,2,6,5,0.039842
651,2,7,11,0.076664
651,2,8,7,0.049745
651,2,9,7,0.049745
651,2,10,7,0.049422
651,2,11,7,0.049745
651,2,12,7,0.049422
651,2,13,7,0.049745
651,2,14,18,0.119218
651,2,15,5,0.039842
651,2,16,7,0.049745
651,2,17,7,0.049422
651,2,18,7,0.049422
652,2,0,5,0.08431
652,2,1,5,0.08431
652,2,2,10,0.156899
652,2,3,5,0.08431
652,2,4,5,0.08431
652,2,5,5,0.08431
652,2,6,5,0.08431
652,2,7,5,0.08431
652,2,8,5,0.08431
652,2,9,5,0.08431
652,2,10,5,0.08431
653,2,0,7,0.20859
653,2,1,4,0.121443
653,2,2,4,0.121443
653,2,3,3,0.101879
653,2,4,3,0.101879
653,2,5,3,0.101879
653,2,6,4,0.121443
653,2,7,4,0.121443
654,2,0,31,0.015792
654,2,1,33,0.016883
654,2,2,31,0.015792
654,2,3,30,0.015612
654,2,4,31,0.015792
654,2,5,30,0.015612
654,2,6,31,0.015792
654,2,7,39,0.019257
654,2,8,30,0.015612
654,2,9,31,0.015792
654,2,10,30,0.015612
654,2,11,31,0.015792
654,2,12,30,0.015612
654,2,13,30,0.015612
654,2,14,30,0.015612
654,2,15,31,0.015792
654,2,16,31,0.015792
654,2,17,31,0.015792
654,2,18,31,0.015792
654,2,19,31,0.015792
654,2,20,30,0.015612
654,2,21,30,0.015612
654,2,22,31,0.015792
654,2,23,31,0.015792
654,2,24,30,0.015612
654,2,25,31,0.015792
654,2,26,33,0.016883
654,2,27,39,0.019257
654,2,28,31,0.015792
654,2,29,31,0.015792
654,2,30,30,0.015612
654,2,31,33,0.016883
654,2,32,31,0.015792
654,2,33,59,0.028116
654,2,34,30,0.015612
654,2,35,31,0.015792
654,2,36,33,0.016883
654,2,37,30,0.015612
654,2,38,33,0.016883
654,2,39,30,0.015612
654,2,40,31,0.015792
654,2,41,31,0.015792
654,2,42,31,0.015792
654,2,43,31,0.015792
654,2,44,39,0.019257
654,2,45,31,0.015792
654,2,46,30,0.015612
654,2,47,59,0.028116
654,2,48,33,0.016883
654,2,49,31,0.015792
654,2,50,30,0.015612
654,2,51,30,0.015612
654,2,52,33,0.016883
654,2,53,30,0.015612
654,2,54,33,0.016883
654,2,55,59,0.028116
654,2,56,30,0.015612
654,2,57,31,0.015792
654,2,58,31,0.015792
654,2,59,30,0.015612
655,2,0,6,0.142857
655,2,1,6,0.142857
655,2,2,6,0.142857
655,2,3,6,0.142857
655,2,4,6,0.142857
655,2,5,6,0.142857
655,2,6,6,0.142857
656,2,0,5,0.08431
656,2,1,5,0.08431
656,2,2,5,0.08431
656,2,3,5,0.08431
656,2,4,10,0.156899
656,2,5,5,0.08431
656,2,6,5,0.08431
656,2,7,5,0.08431
656,2,8,5,0.08431
656,2,9,5,0.08431
656,2,10,5,0.08431
657,2,0,6,0.142857
657,2,1,6,0.142857
657,2,2,6,0.142857
657,2,3,6,0.142857
657,2,4,6,0.142857
657,2,5,6,0.142857
657,2,6,6,0.142857
658,2,0,6,0.142857
658,2,1,6,0.142857
658,2,2,6,0.142857
658,2,3,6,0.142857
658,2,4,6,0.142857
658,2,5,6,0.142857
658,2,6,6,0.142857
659,2,0,6,0.142857
659,2,1,6,0.142857
659,2,2,6,0.142857
659,2,3,6,0.142857
659,2,4,6,0.142857
659,2,5,6,0.142857
659,2,6,6,0.142857
660,2,0,4,0.053265
660,2,1,8,0.091414
660,2,2,4,0.050349
660,2,3,4,0.053265
660,2,4,4,0.053265
660,2,5,5,0.059026
660,2,6,5,0.059026
660,2,7,5,0.059026
660,2,8,15,0.174551
660,2,9,4,0.050349
660,2,10,3,0.044608
660,2,11,3,0.044608
660,2,12,5,0.059026
660,2,13,4,0.053265
660,2,14,3,0.044608
660,2,15,4,0.050349
661,2,0,5,0.036593
661,2,1,6,0.042052
661,2,2,6,0.041254
661,2,3,5,0.036593
661,2,4,6,0.042052
661,2,5,6,0.041254
661,2,6,6,0.041254
661,2,7,6,0.041254
661,2,8,5,0.038697
661,2,9,5,0.036593
661,2,10,5,0.038697
661,2,11,5,0.038697
661,2,12,6,0.042052
661,2,13,6,0.041254
661,2,14,21,0.135214
661,2,15,5,0.036593
661,2,16,6,0.042052
661,2,17,5,0.038697
661,2,18,5,0.038697
661,2,19,6,0.042052
661,2,20,6,0.042052
661,2,21,10,0.06634
662,2,0,9,0.068947
662,2,1,9,0.068947
662,2,2,14,0.113811
662,2,3,9,0.068947
662,2,4,5,0.053133
662,2,5,9,0.068947
662,2,6,9,0.068947
662,2,7,5,0.053133
662,2,8,5,0.053133
662,2,9,9,0.068947
662,2,10,5,0.053133
662,2,11,9,0.068947
662,2,12,9,0.068947
662,2,13,9,0.068947
662,2,14,5,0.053133
663,2,0,4,0.064644
663,2,1,7,0.085852
663,2,2,11,0.140458
663,2,3,4,0.064644
663,2,4,4,0.064644
663,2,5,7,0.085852
663,2,6,7,0.085852
663,2,7,7,0.085852
663,2,8,4,0.064644
663,2,9,7,0.085852
663,2,10,7,0.085852
663,2,11,7,0.085852
664,2,0,9,0.040046
664,2,1,7,0.036359
664,2,2,7,0.036359
664,2,3,7,0.036359
664,2,4,7,0.036359
664,2,5,9,0.040046
664,2,6,5,0.031017
664,2,7,7,0.036359
664,2,8,9,0.040046
664,2,9,25,0.120429
664,2,10,4,0.027391
664,2,11,5,0.031017
664,2,12,5,0.031017
664,2,13,9,0.040046
664,2,14,9,0.040046
664,2,15,9,0.040046
664,2,16,4,0.027391
664,2,17,9,0.040046
664,2,18,9,0.040046
664,2,19,4,0.027391
664,2,20,4,0.027391
664,2,21,5,0.031017
664,2,22,9,0.040046
664,2,23,5,0.031017
664,2,24,7,0.036359
664,2,25,7,0.036359
665,2,0,6,0.142857
665,2,1,6,0.142857
665,2,2,6,0.142857
665,2,3,6,0.142857
665,2,4,6,0.142857
665,2,5,6,0.142857
665,2,6,6,0.142857
666,2,0,29,0.009628
666,2,1,30,0.010112
666,2,2,30,0.010112
666,2,3,31,0.010362
666,2,4,31,0.010362
666,2,5,31,0.010362
666,2,6,30,0.010112
666,2,7,30,0.010112
666,2,8,31,0.010362
666,2,9,29,0.009628
666,2,10,30,0.010112
666,2,11,31,0.010362
666,2,12,16,0.007961
666,2,13,29,0.009628
666,2,14,31,0.010525
666,2,15,42,0.015294
666,2,16,16,0.007961
666,2,17,30,0.010112
666,2,18,30,0.010112
666,2,19,29,0.009628
666,2,20,31,0.010362
666,2,21,29,0.009628
666,2,22,42,0.015294
666,2,23,29,0.009628
666,2,24,88,0.028265
666,2,25,29,0.009628
666,2,26,31,0.010362
666,2,27,31,0.010362
666,2,28,31,0.010362
666,2,29,31,0.010362
666,2,30,31,0.010525
666,2,31,31,0.010362
666,2,32,31,0.010362
666,2,33,29,0.009628
666,2,34,30,0.010112
666,2,35,31,0.010362
666,2,36,50,0.015682
666,2,37,29,0.009628
666,2,38,30,0.010112
666,2,39,16,0.007961
666,2,40,29,0.009628
666,2,41,30,0.010112
666,2,42,31,0.010362
666,2,43,29,0.009628
666,2,44,56,0.017292
666,2,45,16,0.007961
666,2,46,31,0.010362
666,2,47,29,0.009628
666,2,48,29,0.009628
666,2,49,16,0.007961
666,2,50,29,0.009628
666,2,51,31,0.010362
666,2,52,50,0.015682
666,2,53,56,0.017292
666,2,54,31,0.010362
666,2,55,31,0.010362
666,2,56,31,0.010362
666,2,57,16,0.007961
666,2,58,16,0.007961
666,2,59,31,0.010362
666,2,60,16,0.007961
666,2,61,76,0.023072
666,2,62,16,0.007961
666,2,63,31,0.010362
666,2,64,31,0.010362
666,2,65,50,0.015682
666,2,66,31,0.010362
666,2,67,59,0.018301
666,2,68,29,0.009628
666,2,69,62,0.020869
666,2,70,50,0.015682
666,2,71,30,0.010112
666,2,72,50,0.015682
666,2,73,30,0.010112
666,2,74,16,0.007961
666,2,75,56,0.017292
666,2,76,31,0.010362
666,2,77,30,0.010112
666,2,78,29,0.009628
666,2,79,18,0.008555
666,2,80,29,0.009628
666,2,81,42,0.015294
666,2,82,31,0.010362
666,2,83,50,0.015682
666,2,84,30,0.010112
666,2,85,50,0.015682
666,2,86,30,0.010112
666,2,87,31,0.010362
666,2,88,16,0.007961
667,2,0,6,0.142857
667,2,1,6,0.142857
667,2,2,6,0.142857
667,2,3,6,0.142857
667,2,4,6,0.142857
667,2,5,6,0.142857
667,2,6,6,0.142857
668,2,0,5,0.097048
668,2,1,5,0.097048
668,2,2,9,0.170632
668,2,3,4,0.086031
668,2,4,5,0.097048
668,2,5,4,0.086031
668,2,6,5,0.097048
668,2,7,4,0.086031
668,2,8,4,0.086031
668,2,9,5,0.097048
669,2,0,10,0.090909
669,2,1,10,0.090909
669,2,2,10,0.090909
669,2,3,10,0.090909
669,2,4,10,0.090909
669,2,5,10,0.090909
669,2,6,10,0.090909
669,2,7,10,0.090909
669,2,8,10,0.090909
669,2,9,10,0.090909
669,2,10,10,0.090909
670,2,0,8,0.111111
670,2,1,8,0.111111
670,2,2,8,0.111111
670,2,3,8,0.111111
670,2,4,8,0.111111
670,2,5,8,0.111111
670,2,6,8,0.111111
670,2,7,8,0.111111
670,2,8,8,0.111111
671,2,0,3,0.033559
671,2,1,4,0.040079
671,2,2,4,0.040079
671,2,3,3,0.033559
671,2,4,3,0.033559
671,2,5,6,0.049158
671,2,6,4,0.038865
671,2,7,6,0.049158
671,2,8,5,0.046183
671,2,9,7,0.057043
671,2,10,3,0.033559
671,2,11,4,0.040079
671,2,12,6,0.049158
671,2,13,4,0.040079
671,2,14,20,0.17272
671,2,15,4,0.038865
671,2,16,6,0.049158
671,2,17,3,0.033559
671,2,18,6,0.049158
671,2,19,4,0.038865
671,2,20,3,0.033559
672,2,0,5,0.050609
672,2,1,13,0.107236
672,2,2,5,0.050609
672,2,3,13,0.107236
672,2,4,9,0.072887
672,2,5,9,0.072887
672,2,6,5,0.050609
672,2,7,9,0.072887
672,2,8,9,0.072887
672,2,9,9,0.072887
672,2,10,9,0.072887
672,2,11,9,0.072887
672,2,12,9,0.072887
672,2,13,5,0.050609
673,2,0,5,0.047472
673,2,1,5,0.047472
673,2,2,7,0.055569
673,2,3,5,0.047472
673,2,4,7,0.055569
673,2,5,7,0.055569
673,2,6,17,0.136295
673,2,7,5,0.047472
673,2,8,7,0.055569
673,2,9,5,0.047472
673,2,10,5,0.047472
673,2,11,5,0.047472
673,2,12,7,0.055569
673,2,13,5,0.047472
673,2,14,5,0.047472
673,2,15,5,0.047472
673,2,16,7,0.055569
673,2,17,7,0.055569
674,2,0,6,0.142857
674,2,1,6,0.142857
674,2,2,6,0.142857
674,2,3,6,0.142857
674,2,4,6,0.142857
674,2,5,6,0.142857
674,2,6,6,0.142857
675,2,0,6,0.142857
675,2,1,6,0.142857
675,2,2,6,0.142857
675,2,3,6,0.142857
675,2,4,6,0.142857
675,2,5,6,0.142857
675,2,6,6,0.142857
676,2,0,6,0.142857
676,2,1,6,0.142857
676,2,2,6,0.142857
676,2,3,6,0.142857
676,2,4,6,0.142857
676,2,5,6,0.142857
676,2,6,6,0.142857
677,2,0,7,0.125
677,2,1,7,0.125
677,2,2,7,0.125
677,2,3,7,0.125
677,2,4,7,0.125
677,2,5,7,0.125
677,2,6,7,0.125
677,2,7,7,0.125
678,2,0,5,0.065309
678,2,1,7,0.081193
678,2,2,11,0.125803
678,2,3,7,0.081193
678,2,4,11,0.125803
678,2,5,5,0.065309
678,2,6,7,0.081193
678,2,7,7,0.081193
678,2,8,7,0.081193
678,2,9,5,0.065309
678,2,10,5,0.065309
678,2,11,7,0.081193
679,2,0,30,0.032258
679,2,1,30,0.032258
679,2,2,30,0.032258
679,2,3,30,0.032258
679,2,4,30,0.032258
679,2,5,30,0.032258
679,2,6,30,0.032258
679,2,7,30,0.032258
679,2,8,30,0.032258
679,2,9,30,0.032258
679,2,10,30,0.032258
679,2,11,30,0.032258
679,2,12,30,0.032258
679,2,13,30,0.032258
679,2,14,30,0.032258
679,2,15,30,0.032258
679,2,16,30,0.032258
679,2,17,30,0.032258
679,2,18,30,0.032258
679,2,19,30,0.032258
679,2,20,30,0.032258
679,2,21,30,0.032258
679,2,22,30,0.032258
679,2,23,30,0.032258
679,2,24,30,0.032258
679,2,25,30,0.032258
679,2,26,30,0.032258
679,2,27,30,0.032258
679,2,28,30,0.032258
679,2,29,30,0.032258
679,2,30,30,0.032258
680,2,0,14,0.066667
680,2,1,14,0.066667
680,2,2,14,0.066667
680,2,3,14,0.066667
680,2,4,14,0.066667
680,2,5,14,0.066667
680,2,6,14,0.066667
680,2,7,14,0.066667
680,2,8,14,0.066667
680,2,9,14,0.066667
680,2,10,14,0.066667
680,2,11,14,0.066667
680,2,12,14,0.066667
680,2,13,14,0.066667
680,2,14,14,0.066667
681,2,0,17,0.028555
681,2,1,17,0.028565
681,2,2,18,0.029974
681,2,3,18,0.029974
681,2,4,17,0.028565
681,2,5,17,0.028555
681,2,6,19,0.031423
681,2,7,17,0.028565
681,2,8,17,0.028555
681,2,9,31,0.048658
681,2,10,17,0.028555
681,2,11,17,0.028565
681,2,12,17,0.028565
681,2,13,17,0.028555
681,2,14,17,0.028565
681,2,15,17,0.028555
681,2,16,31,0.048658
681,2,17,17,0.028565
681,2,18,17,0.028565
681,2,19,17,0.028555
681,2,20,31,0.048658
681,2,21,17,0.028565
681,2,22,31,0.048658
681,2,23,17,0.028555
681,2,24,17,0.028555
681,2,25,17,0.028565
681,2,26,17,0.028555
681,2,27,17,0.028565
681,2,28,17,0.028565
681,2,29,17,0.028565
681,2,30,17,0.028555
681,2,31,17,0.028555
682,2,0,3,0.036158
682,2,1,5,0.048596
682,2,2,3,0.036158
682,2,3,3,0.036158
682,2,4,5,0.048596
682,2,5,5,0.048596
682,2,6,18,0.162592
682,2,7,5,0.048596
682,2,8,5,0.048596
682,2,9,5,0.048596
682,2,10,5,0.048596
682,2,11,5,0.048596
682,2,12,5,0.048596
682,2,13,5,0.048596
682,2,14,5,0.048596
682,2,15,5,0.048596
682,2,16,5,0.048596
682,2,17,5,0.048596
682,2,18,5,0.048596
683,2,0,6,0.061352
683,2,1,6,0.061352
683,2,2,6,0.061352
683,2,3,4,0.049787
683,2,4,4,0.049787
683,2,5,5,0.056216
683,2,6,6,0.061352
683,2,7,6,0.061352
683,2,8,4,0.049787
683,2,9,5,0.056216
683,2,10,4,0.049787
683,2,11,6,0.061352
683,2,12,5,0.056216
683,2,13,15,0.151658
683,2,14,5,0.056216
683,2,15,5,0.056216
684,2,0,6,0.142857
684,2,1,6,0.142857
684,2,2,6,0.142857
684,2,3,6,0.142857
684,2,4,6,0.142857
684,2,5,6,0.142857
684,2,6,6,0.142857
685,2,0,16,0.016892
685,2,1,30,0.023882
685,2,2,31,0.024747
685,2,3,16,0.016892
685,2,4,30,0.023882
685,2,5,30,0.023882
685,2,6,30,0.023882
685,2,7,30,0.023882
685,2,8,30,0.023882
685,2,9,30,0.023882
685,2,10,18,0.018281
685,2,11,42,0.03465
685,2,12,30,0.023882
685,2,13,16,0.016892
685,2,14,30,0.023882
685,2,15,30,0.023882
685,2,16,16,0.016892
685,2,17,30,0.023882
685,2,18,16,0.016892
685,2,19,16,0.016892
685,2,20,30,0.023882
685,2,21,30,0.023882
685,2,22,16,0.016892
685,2,23,30,0.023882
685,2,24,30,0.023882
685,2,25,30,0.023882
685,2,26,30,0.023882
685,2,27,31,0.024747
685,2,28,42,0.03465
685,2,29,16,0.016892
685,2,30,30,0.023882
685,2,31,30,0.023882
685,2,32,30,0.023882
685,2,33,16,0.016892
685,2,34,16,0.016892
685,2,35,42,0.03465
685,2,36,42,0.03465
685,2,37,30,0.023882
685,2,38,30,0.023882
685,2,39,30,0.023882
685,2,40,42,0.03465
685,2,41,30,0.023882
685,2,42,16,0.016892
686,2,0,10,0.101964
686,2,1,6,0.063456
686,2,2,4,0.052398
686,2,3,6,0.063456
686,2,4,5,0.05619
686,2,5,4,0.052398
686,2,6,4,0.052398
686,2,7,6,0.063456
686,2,8,5,0.05619
686,2,9,6,0.063456
686,2,10,4,0.052398
686,2,11,14,0.146402
686,2,12,5,0.05619
686,2,13,6,0.063456
686,2,14,5,0.05619
687,2,0,6,0.142857
687,2,1,6,0.142857
687,2,2,6,0.142857
687,2,3,6,0.142857
687,2,4,6,0.142857
687,2,5,6,0.142857
687,2,6,6,0.142857
688,2,0,6,0.142857
688,2,1,6,0.142857
688,2,2,6,0.142857
688,2,3,6,0.142857
688,2,4,6,0.142857
688,2,5,6,0.142857
688,2,6,6,0.142857
689,2,0,5,0.112977
689,2,1,5,0.112977
689,2,2,8,0.183907
689,2,3,5,0.112977
689,2,4,3,0.083736
689,2,5,5,0.112977
689,2,6,3,0.083736
689,2,7,3,0.083736
689,2,8,5,0.112977
690,2,0,8,0.111111
690,2,1,8,0.111111
690,2,2,8,0.111111
690,2,3,8,0.111111
690,2,4,8,0.111111
690,2,5,8,0.111111
690,2,6,8,0.111111
690,2,7,8,0.111111
690,2,8,8,0.111111
691,2,0,6,0.142857
691,2,1,6,0.142857
691,2,2,6,0.142857
691,2,3,6,0.142857
691,2,4,6,0.142857
691,2,5,6,0.142857
691,2,6,6,0.142857
692,2,0,4,0.10137
692,2,1,4,0.10137
692,2,2,4,0.10137
692,2,3,4,0.10137
692,2,4,4,0.10137
692,2,5,4,0.10137
692,2,6,8,0.189037
692,2,7,4,0.10137
692,2,8,4,0.10137
693,2,0,17,0.04395
693,2,1,17,0.04395
693,2,2,17,0.04395
693,2,3,9,0.028363
693,2,4,22,0.057366
693,2,5,17,0.04395
693,2,6,22,0.057366
693,2,7,17,0.04395
693,2,8,17,0.04395
693,2,9,22,0.057366
693,2,10,17,0.04395
693,2,11,9,0.028363
693,2,12,22,0.057366
693,2,13,22,0.057366
693,2,14,17,0.04395
693,2,15,17,0.04395
693,2,16,17,0.04395
693,2,17,9,0.028363
693,2,18,17,0.04395
693,2,19,9,0.028363
693,2,20,9,0.028363
693,2,21,17,0.04395
693,2,22,17,0.04395
694,2,0,6,0.142857
694,2,1,6,0.142857
694,2,2,6,0.142857
694,2,3,6,0.142857
694,2,4,6,0.142857
694,2,5,6,0.142857
694,2,6,6,0.142857
695,2,0,6,0.142857
695,2,1,6,0.142857
695,2,2,6,0.142857
695,2,3,6,0.142857
695,2,4,6,0.142857
695,2,5,6,0.142857
695,2,6,6,0.142857
696,2,0,8,0.111111
696,2,1,8,0.111111
696,2,2,8,0.111111
696,2,3,8,0.111111
696,2,4,8,0.111111
696,2,5,8,0.111111
696,2,6,8,0.111111
696,2,7,8,0.111111
696,2,8,8,0.111111
697,2,0,6,0.142857
697,2,1,6,0.142857
697,2,2,6,0.142857
697,2,3,6,0.142857
697,2,4,6,0.142857
697,2,5,6,0.142857
697,2,6,6,0.142857
698,2,0,6,0.142857
698,2,1,6,0.142857
698,2,2,6,0.142857
698,2,3,6,0.142857
698,2,4,6,0.142857
698,2,5,6,0.142857
698,2,6,6,0.142857
699,2,0,16,0.058824
699,2,1,16,0.058824
699,2,2,16,0.058824
699,2,3,16,0.058824
699,2,4,16,0.058824
699,2,5,16,0.058824
699,2,6,16,0.058824
699,2,7,16,0.058824
699,2,8,16,0.058824
699,2,9,16,0.058824
699,2,10,16,0.058824
699,2,11,16,0.058824
699,2,12,16,0.058824
699,2,13,16,0.058824
699,2,14,16,0.058824
699,2,15,16,0.058824
699,2,16,16,0.058824
700,2,0,6,0.142857
700,2,1,6,0.142857
700,2,2,6,0.142857
700,2,3,6,0.142857
700,2,4,6,0.142857
700,2,5,6,0.142857
700,2,6,6,0.142857
701,2,0,5,0.097048
701,2,1,5,0.097048
701,2,2,9,0.170632
701,2,3,4,0.086031
701,2,4,5,0.097048
701,2,5,4,0.086031
701,2,6,5,0.097048
701,2,7,4,0.086031
701,2,8,4,0.086031
701,2,9,5,0.097048
702,2,0,7,0.081193
702,2,1,7,0.081193
702,2,2,5,0.065309
702,2,3,5,0.065309
702,2,4,11,0.125803
702,2,5,7,0.081193
702,2,6,7,0.081193
702,2,7,7,0.081193
702,2,8,11,0.125803
702,2,9,5,0.065309
702,2,10,5,0.065309
702,2,11,7,0.081193
703,2,0,5,0.045798
703,2,1,6,0.052045
703,2,2,5,0.045798
703,2,3,11,0.093129
703,2,4,6,0.052045
703,2,5,4,0.038013
703,2,6,5,0.045354
703,2,7,5,0.045798
703,2,8,5,0.045354
703,2,9,6,0.052045
703,2,10,5,0.045354
703,2,11,7,0.061688
703,2,12,6,0.052045
703,2,13,17,0.137637
703,2,14,6,0.052045
703,2,15,4,0.038013
703,2,16,5,0.045798
703,2,17,6,0.052045
704,2,0,4,0.051063
704,2,1,9,0.075288
704,2,2,4,0.051063
704,2,3,9,0.075288
704,2,4,9,0.075288
704,2,5,9,0.075288
704,2,6,4,0.051063
704,2,7,9,0.075288
704,2,8,9,0.075288
704,2,9,9,0.075288
704,2,10,4,0.051063
704,2,11,13,0.118156
704,2,12,9,0.075288
704,2,13,9,0.075288
705,2,0,5,0.08431
705,2,1,5,0.08431
705,2,2,5,0.08431
705,2,3,5,0.08431
705,2,4,5,0.08431
705,2,5,5,0.08431
705,2,6,5,0.08431
705,2,7,5,0.08431
705,2,8,5,0.08431
705,2,9,10,0.156899
705,2,10,5,0.08431
706,2,0,5,0.08431
706,2,1,5,0.08431
706,2,2,5,0.08431
706,2,3,5,0.08431
706,2,4,5,0.08431
706,2,5,5,0.08431
706,2,6,5,0.08431
706,2,7,5,0.08431
706,2,8,10,0.156899
706,2,9,5,0.08431
706,2,10,5,0.08431
707,2,0,16,0.058824
707,2,1,16,0.058824
707,2,2,16,0.058824
707,2,3,16,0.058824
707,2,4,16,0.058824
707,2,5,16,0.058824
707,2,6,16,0.058824
707,2,7,16,0.058824
707,2,8,16,0.058824
707,2,9,16,0.058824
707,2,10,16,0.058824
707,2,11,16,0.058824
707,2,12,16,0.058824
707,2,13,16,0.058824
707,2,14,16,0.058824
707,2,15,16,0.058824
707,2,16,16,0.058824
708,2,0,10,0.154411
708,2,1,6,0.091607
708,2,2,4,0.073986
708,2,3,6,0.091607
708,2,4,4,0.073986
708,2,5,6,0.091607
708,2,6,6,0.091607
708,2,7,6,0.091607
708,2,8,6,0.091607
708,2,9,4,0.073986
708,2,10,4,0.073986
709,2,0,31,0.03125
709,2,1,31,0.03125
709,2,2,31,0.03125
709,2,3,31,0.03125
709,2,4,31,0.03125
709,2,5,31,0.03125
709,2,6,31,0.03125
709,2,7,31,0.03125
709,2,8,31,0.03125
709,2,9,31,0.03125
709,2,10,31,0.03125
709,2,11,31,0.03125
709,2,12,31,0.03125
709,2,13,31,0.03125
709,2,14,31,0.03125
709,2,15,31,0.03125
709,2,16,31,0.03125
709,2,17,31,0.03125
709,2,18,31,0.03125
709,2,19,31,0.03125
709,2,20,31,0.03125
709,2,21,31,0.03125
709,2,22,31,0.03125
709,2,23,31,0.03125
709,2,24,31,0.03125
709,2,25,31,0.03125
709,2,26,31,0.03125
709,2,27,31,0.03125
709,2,28,31,0.03125
709,2,29,31,0.03125
709,2,30,31,0.03125
709,2,31,31,0.03125
710,2,0,16,0.058824
710,2,1,16,0.058824
710,2,2,16,0.058824
710,2,3,16,0.058824
710,2,4,16,0.058824
710,2,5,16,0.058824
710,2,6,16,0.058824
710,2,7,16,0.058824
710,2,8,16,0.058824
710,2,9,16,0.058824
710,2,10,16,0.058824
710,2,11,16,0.058824
710,2,12,16,0.058824
710,2,13,16,0.058824
710,2,14,16,0.058824
710,2,15,16,0.058824
710,2,16,16,0.058824
711,2,0,5,0.097048
711,2,1,5,0.097048
711,2,2,5,0.097048
711,2,3,4,0.086031
711,2,4,4,0.086031
711,2,5,5,0.097048
711,2,6,4,0.086031
711,2,7,9,0.170632
711,2,8,4,0.086031
711,2,9,5,0.097048
712,2,0,6,0.142857
712,2,1,6,0.142857
712,2,2,6,0.142857
712,2,3,6,0.142857
712,2,4,6,0.142857
712,2,5,6,0.142857
712,2,6,6,0.142857
713,2,0,6,0.142857
713,2,1,6,0.142857
713,2,2,6,0.142857
713,2,3,6,0.142857
713,2,4,6,0.142857
713,2,5,6,0.142857
713,2,6,6,0.142857
714,2,0,6,0.142857
714,2,1,6,0.142857
714,2,2,6,0.142857
714,2,3,6,0.142857
714,2,4,6,0.142857
714,2,5,6,0.142857
714,2,6,6,0.142857
715,2,0,5,0.097048
715,2,1,5,0.097048
715,2,2,5,0.097048
715,2,3,5,0.097048
715,2,4,4,0.086031
715,2,5,4,0.086031
715,2,6,9,0.170632
715,2,7,5,0.097048
715,2,8,4,0.086031
715,2,9,4,0.086031
716,2,0,5,0.013969
716,2,1,5,0.013969
716,2,2,30,0.024355
716,2,3,30,0.024355
716,2,4,30,0.024355
716,2,5,30,0.024355
716,2,6,30,0.024355
716,2,7,30,0.024355
716,2,8,30,0.024355
716,2,9,30,0.024355
716,2,10,5,0.013969
716,2,11,30,0.024355
716,2,12,30,0.024355
716,2,13,5,0.013969
716,2,14,5,0.013969
716,2,15,5,0.013969
716,2,16,30,0.024355
716,2,17,30,0.024355
716,2,18,30,0.024355
716,2,19,5,0.013969
716,2,20,30,0.024355
716,2,21,30,0.024355
716,2,22,5,0.013969
716,2,23,30,0.024355
716,2,24,5,0.013969
716,2,25,30,0.024355
716,2,26,30,0.024355
716,2,27,30,0.024355
716,2,28,45,0.059807
716,2,29,30,0.024355
716,2,30,30,0.024355
716,2,31,5,0.013969
716,2,32,30,0.024355
716,2,33,30,0.024355
716,2,34,30,0.024355
716,2,35,5,0.013969
716,2,36,30,0.024355
716,2,37,30,0.024355
716,2,38,30,0.024355
716,2,39,30,0.024355
716,2,40,5,0.013969
716,2,41,30,0.024355
716,2,42,5,0.013969
716,2,43,5,0.013969
716,2,44,5,0.013969
716,2,45,30,0.024355
717,2,0,9,0.047284
717,2,1,9,0.047284
717,2,2,9,0.047284
717,2,3,10,0.048549
717,2,4,10,0.048549
717,2,5,10,0.048549
717,2,6,9,0.047284
717,2,7,9,0.047284
717,2,8,10,0.048549
717,2,9,9,0.047284
717,2,10,10,0.048549
717,2,11,10,0.048549
717,2,12,9,0.047284
717,2,13,19,0.088962
717,2,14,10,0.048549
717,2,15,9,0.047284
717,2,16,10,0.048549
717,2,17,9,0.047284
717,2,18,10,0.048549
717,2,19,10,0.048549
718,2,0,9,0.148571
718,2,1,5,0.087857
718,2,2,5,0.087857
718,2,3,5,0.087857
718,2,4,5,0.087857
718,2,5,9,0.148571
718,2,6,5,0.087857
718,2,7,5,0.087857
718,2,8,5,0.087857
718,2,9,5,0.087857
719,2,0,6,0.142857
719,2,1,6,0.142857
719,2,2,6,0.142857
719,2,3,6,0.142857
719,2,4,6,0.142857
719,2,5,6,0.142857
719,2,6,6,0.142857
720,2,0,6,0.142857
720,2,1,6,0.142857
720,2,2,6,0.142857
720,2,3,6,0.142857
720,2,4,6,0.142857
720,2,5,6,0.142857
720,2,6,6,0.142857
721,2,0,5,0.051725
721,2,1,6,0.056347
721,2,2,5,0.051725
721,2,3,6,0.056347
721,2,4,5,0.051725
721,2,5,6,0.056347
721,2,6,6,0.056347
721,2,7,5,0.051725
721,2,8,5,0.051725
721,2,9,5,0.051725
721,2,10,16,0.144666
721,2,11,5,0.051725
721,2,12,5,0.051725
721,2,13,6,0.056347
721,2,14,6,0.056347
721,2,15,5,0.051725
721,2,16,5,0.051725
722,2,0,6,0.064437
722,2,1,5,0.055086
722,2,2,5,0.055086
722,2,3,5,0.055086
722,2,4,5,0.055086
722,2,5,5,0.055086
722,2,6,5,0.056064
722,2,7,5,0.056064
722,2,8,6,0.064437
722,2,9,5,0.055086
722,2,10,15,0.150119
722,2,11,5,0.056064
722,2,12,5,0.056064
722,2,13,5,0.056064
722,2,14,5,0.055086
722,2,15,5,0.055086
723,2,0,3,0.028695
723,2,1,8,0.047994
723,2,2,21,0.137428
723,2,3,3,0.028695
723,2,4,4,0.034352
723,2,5,3,0.028695
723,2,6,8,0.047994
723,2,7,6,0.042522
723,2,8,6,0.042522
723,2,9,4,0.034352
723,2,10,8,0.047994
723,2,11,8,0.047994
723,2,12,6,0.042522
723,2,13,8,0.047994
723,2,14,6,0.042522
723,2,15,8,0.047994
723,2,16,6,0.042522
723,2,17,4,0.034352
723,2,18,8,0.047994
723,2,19,4,0.034352
723,2,20,6,0.042522
723,2,21,8,0.047994
724,2,0,5,0.08431
724,2,1,10,0.156899
724,2,2,5,0.08431
724,2,3,5,0.08431
724,2,4,5,0.08431
724,2,5,5,0.08431
724,2,6,5,0.08431
724,2,7,5,0.08431
724,2,8,5,0.08431
724,2,9,5,0.08431
724,2,10,5,0.08431
725,2,0,6,0.142857
725,2,1,6,0.142857
725,2,2,6,0.142857
725,2,3,6,0.142857
725,2,4,6,0.142857
725,2,5,6,0.142857
725,2,6,6,0.142857
726,2,0,3,0.083736
726,2,1,5,0.112977
726,2,2,5,0.112977
726,2,3,8,0.183907
726,2,4,3,0.083736
726,2,5,5,0.112977
726,2,6,3,0.083736
726,2,7,5,0.112977
726,2,8,5,0.112977
727,2,0,6,0.072152
727,2,1,6,0.072152
727,2,2,6,0.072152
727,2,3,6,0.072152
727,2,4,6,0.072152
727,2,5,6,0.072152
727,2,6,6,0.072152
727,2,7,12,0.134171
727,2,8,6,0.072152
727,2,9,6,0.072152
727,2,10,6,0.072152
727,2,11,6,0.072152
727,2,12,6,0.072152
728,2,0,5,0.038877
728,2,1,5,0.039689
728,2,2,4,0.034503
728,2,3,4,0.034503
728,2,4,7,0.048809
728,2,5,4,0.031821
728,2,6,4,0.034503
728,2,7,4,0.033417
728,2,8,4,0.033417
728,2,9,22,0.152911
728,2,10,5,0.038877
728,2,11,6,0.04203
728,2,12,6,0.04203
728,2,13,4,0.031821
728,2,14,6,0.04203
728,2,15,9,0.062363
728,2,16,5,0.038877
728,2,17,5,0.038877
728,2,18,6,0.04203
728,2,19,5,0.038877
728,2,20,4,0.034503
728,2,21,4,0.031821
728,2,22,4,0.033417
729,2,0,6,0.091607
729,2,1,4,0.073986
729,2,2,6,0.091607
729,2,3,4,0.073986
729,2,4,4,0.073986
729,2,5,6,0.091607
729,2,6,10,0.154411
729,2,7,6,0.091607
729,2,8,6,0.091607
729,2,9,6,0.091607
729,2,10,4,0.073986
730,2,0,5,0.043052
730,2,1,7,0.054709
730,2,2,6,0.047528
730,2,3,7,0.051073
730,2,4,6,0.047528
730,2,5,5,0.043052
730,2,6,6,0.047528
730,2,7,5,0.043052
730,2,8,5,0.043052
730,2,9,7,0.051073
730,2,10,6,0.049945
730,2,11,6,0.047528
730,2,12,7,0.051073
730,2,13,7,0.051073
730,2,14,7,0.051073
730,2,15,6,0.047528
730,2,16,7,0.051073
730,2,17,7,0.051073
730,2,18,18,0.127989
731,2,0,7,0.068427
731,2,1,8,0.077275
731,2,2,6,0.063529
731,2,3,6,0.063529
731,2,4,7,0.071992
731,2,5,13,0.122529
731,2,6,6,0.063529
731,2,7,7,0.068427
731,2,8,7,0.068427
731,2,9,6,0.063529
731,2,10,7,0.068427
731,2,11,7,0.068427
731,2,12,6,0.063529
731,2,13,7,0.068427
732,2,0,8,0.111111
732,2,1,8,0.111111
732,2,2,8,0.111111
732,2,3,8,0.111111
732,2,4,8,0.111111
732,2,5,8,0.111111
732,2,6,8,0.111111
732,2,7,8,0.111111
732,2,8,8,0.111111
733,2,0,6,0.142857
733,2,1,6,0.142857
733,2,2,6,0.142857
733,2,3,6,0.142857
733,2,4,6,0.142857
733,2,5,6,0.142857
733,2,6,6,0.142857
734,2,0,6,0.142857
734,2,1,6,0.142857
734,2,2,6,0.142857
734,2,3,6,0.142857
734,2,4,6,0.142857
734,2,5,6,0.142857
734,2,6,6,0.142857
735,2,0,29,0.017341
735,2,1,30,0.017675
735,2,2,30,0.017675
735,2,3,29,0.017341
735,2,4,30,0.017838
735,2,5,30,0.017675
735,2,6,30,0.017675
735,2,7,29,0.017341
735,2,8,50,0.0279
735,2,9,50,0.0279
735,2,10,30,0.017675
735,2,11,30,0.017675
735,2,12,29,0.017341
735,2,13,29,0.017341
735,2,14,29,0.017341
735,2,15,30,0.017675
735,2,16,30,0.017675
735,2,17,29,0.017341
735,2,18,30,0.017675
735,2,19,50,0.0279
735,2,20,29,0.017341
735,2,21,30,0.017675
735,2,22,50,0.0279
735,2,23,29,0.017341
735,2,24,30,0.017675
735,2,25,50,0.0279
735,2,26,30,0.017675
735,2,27,29,0.017341
735,2,28,50,0.0279
735,2,29,30,0.017675
735,2,30,30,0.017675
735,2,31,30,0.017675
735,2,32,29,0.017341
735,2,33,30,0.017675
735,2,34,30,0.017838
735,2,35,30,0.017675
735,2,36,29,0.017341
735,2,37,33,0.019203
735,2,38,50,0.0279
735,2,39,29,0.017341
735,2,40,30,0.017675
735,2,41,50,0.0279
735,2,42,29,0.017341
735,2,43,30,0.017675
735,2,44,50,0.0279
735,2,45,50,0.0279
735,2,46,29,0.017341
735,2,47,29,0.017341
735,2,48,30,0.017675
735,2,49,29,0.017341
735,2,50,30,0.017838
736,2,0,7,0.125
736,2,1,7,0.125
736,2,2,7,0.125
736,2,3,7,0.125
736,2,4,7,0.125
736,2,5,7,0.125
736,2,6,7,0.125
736,2,7,7,0.125
737,2,0,6,0.142857
737,2,1,6,0.142857
737,2,2,6,0.142857
737,2,3,6,0.142857
737,2,4,6,0.142857
737,2,5,6,0.142857
737,2,6,6,0.142857
738,2,0,5,0.047202
738,2,1,17,0.134064
738,2,2,5,0.047202
738,2,3,7,0.054976
738,2,4,5,0.047202
738,2,5,5,0.046116
738,2,6,7,0.054976
738,2,7,5,0.047202
738,2,8,5,0.047202
738,2,9,7,0.054976
738,2,10,5,0.046116
738,2,11,6,0.053073
738,2,12,5,0.046116
738,2,13,8,0.062531
738,2,14,7,0.054976
738,2,15,7,0.054976
738,2,16,5,0.046116
738,2,17,7,0.054976
739,2,0,4,0.086031
739,2,1,5,0.097048
739,2,2,5,0.097048
739,2,3,4,0.086031
739,2,4,5,0.097048
739,2,5,4,0.086031
739,2,6,5,0.097048
739,2,7,4,0.086031
739,2,8,9,0.170632
739,2,9,5,0.097048
740,2,0,7,0.125
740,2,1,7,0.125
740,2,2,7,0.125
740,2,3,7,0.125
740,2,4,7,0.125
740,2,5,7,0.125
740,2,6,7,0.125
740,2,7,7,0.125
741,2,0,4,0.132869
741,2,1,6,0.194086
741,2,2,4,0.132869
741,2,3,4,0.132869
741,2,4,3,0.106611
741,2,5,6,0.194086
741,2,6,3,0.106611
742,2,0,4,0.022249
742,2,1,4,0.022249
742,2,2,7,0.034498
742,2,3,5,0.024857
742,2,4,4,0.022249
742,2,5,5,0.024857
742,2,6,5,0.024782
742,2,7,4,0.022249
742,2,8,4,0.022249
742,2,9,5,0.024857
742,2,10,5,0.024857
742,2,11,5,0.024857
742,2,12,35,0.157285
742,2,13,3,0.016982
742,2,14,5,0.024782
742,2,15,4,0.022249
742,2,16,5,0.024857
742,2,17,5,0.024857
742,2,18,5,0.024857
742,2,19,5,0.024857
742,2,20,5,0.024782
742,2,21,5,0.024857
742,2,22,5,0.024857
742,2,23,5,0.024857
742,2,24,5,0.024857
742,2,25,5,0.024857
742,2,26,4,0.022249
742,2,27,3,0.016982
742,2,28,5,0.024857
742,2,29,5,0.024857
742,2,30,4,0.022249
742,2,31,5,0.024857
742,2,32,5,0.024857
742,2,33,5,0.024782
742,2,34,5,0.024857
742,2,35,5,0.024857
743,2,0,29,0.033333
743,2,1,29,0.033333
743,2,2,29,0.033333
743,2,3,29,0.033333
743,2,4,29,0.033333
743,2,5,29,0.033333
743,2,6,29,0.033333
743,2,7,29,0.033333
743,2,8,29,0.033333
743,2,9,29,0.033333
743,2,10,29,0.033333
743,2,11,29,0.033333
743,2,12,29,0.033333
743,2,13,29,0.033333
743,2,14,29,0.033333
743,2,15,29,0.033333
743,2,16,29,0.033333
743,2,17,29,0.033333
743,2,18,29,0.033333
743,2,19,29,0.033333
743,2,20,29,0.033333
743,2,21,29,0.033333
743,2,22,29,0.033333
743,2,23,29,0.033333
743,2,24,29,0.033333
743,2,25,29,0.033333
743,2,26,29,0.033333
743,2,27,29,0.033333
743,2,28,29,0.033333
743,2,29,29,0.033333
744,2,0,17,0.055556
744,2,1,17,0.055556
744,2,2,17,0.055556
744,2,3,17,0.055556
744,2,4,17,0.055556
744,2,5,17,0.055556
744,2,6,17,0.055556
744,2,7,17,0.055556
744,2,8,17,0.055556
744,2,9,17,0.055556
744,2,10,17,0.055556
744,2,11,17,0.055556
744,2,12,17,0.055556
744,2,13,17,0.055556
744,2,14,17,0.055556
744,2,15,17,0.055556
744,2,16,17,0.055556
744,2,17,17,0.055556
745,2,0,16,0.058824
745,2,1,16,0.058824
745,2,2,16,0.058824
745,2,3,16,0.058824
745,2,4,16,0.058824
745,2,5,16,0.058824
745,2,6,16,0.058824
745,2,7,16,0.058824
745,2,8,16,0.058824
745,2,9,16,0.058824
745,2,10,16,0.058824
745,2,11,16,0.058824
745,2,12,16,0.058824
745,2,13,16,0.058824
745,2,14,16,0.058824
745,2,15,16,0.058824
745,2,16,16,0.058824
746,2,0,5,0.047472
746,2,1,7,0.055569
746,2,2,7,0.055569
746,2,3,7,0.055569
746,2,4,17,0.136295
746,2,5,5,0.047472
746,2,6,7,0.055569
746,2,7,5,0.047472
746,2,8,5,0.047472
746,2,9,7,0.055569
746,2,10,5,0.047472
746,2,11,5,0.047472
746,2,12,5,0.047472
746,2,13,7,0.055569
746,2,14,5,0.047472
746,2,15,5,0.047472
746,2,16,7,0.055569
746,2,17,5,0.047472
747,2,0,10,0.154411
747,2,1,4,0.073986
747,2,2,6,0.091607
747,2,3,6,0.091607
747,2,4,6,0.091607
747,2,5,4,0.073986
747,2,6,6,0.091607
747,2,7,4,0.073986
747,2,8,4,0.073986
747,2,9,6,0.091607
747,2,10,6,0.091607
748,2,0,4,0.022904
748,2,1,14,0.038877
748,2,2,6,0.028501
748,2,3,14,0.038877
748,2,4,4,0.022904
748,2,5,14,0.038877
748,2,6,14,0.038877
748,2,7,14,0.038877
748,2,8,6,0.028501
748,2,9,14,0.038877
748,2,10,14,0.038877
748,2,11,4,0.022904
748,2,12,14,0.038877
748,2,13,6,0.028501
748,2,14,14,0.038877
748,2,15,28,0.101492
748,2,16,14,0.038877
748,2,17,4,0.022904
748,2,18,14,0.038877
748,2,19,6,0.028501
748,2,20,14,0.038877
748,2,21,4,0.022904
748,2,22,4,0.022904
748,2,23,14,0.038877
748,2,24,6,0.028501
748,2,25,4,0.022904
748,2,26,6,0.028501
748,2,27,14,0.038877
748,2,28,4,0.022904
749,2,0,5,0.074085
749,2,1,6,0.08089
749,2,2,6,0.08089
749,2,3,6,0.08089
749,2,4,5,0.074085
749,2,5,11,0.144239
749,2,6,6,0.08089
749,2,7,6,0.08089
749,2,8,6,0.08089
749,2,9,5,0.074085
749,2,10,5,0.074085
749,2,11,5,0.074085
750,2,0,6,0.142857
750,2,1,6,0.142857
750,2,2,6,0.142857
750,2,3,6,0.142857
750,2,4,6,0.142857
750,2,5,6,0.142857
750,2,6,6,0.142857
751,2,0,6,0.142857
751,2,1,6,0.142857
751,2,2,6,0.142857
751,2,3,6,0.142857
751,2,4,6,0.142857
751,2,5,6,0.142857
751,2,6,6,0.142857
752,2,0,6,0.142857
752,2,1,6,0.142857
752,2,2,6,0.142857
752,2,3,6,0.142857
752,2,4,6,0.142857
752,2,5,6,0.142857
752,2,6,6,0.142857
753,2,0,5,0.033571
753,2,1,3,0.025364
753,2,2,5,0.034069
753,2,3,4,0.030264
753,2,4,4,0.030264
753,2,5,6,0.039267
753,2,6,4,0.030264
753,2,7,4,0.030264
753,2,8,5,0.033571
753,2,9,5,0.034069
753,2,10,4,0.030264
753,2,11,6,0.039267
753,2,12,5,0.033571
753,2,13,5,0.033571
753,2,14,5,0.033571
753,2,15,4,0.030264
753,2,16,4,0.030264
753,2,17,5,0.033571
753,2,18,26,0.164354
753,2,19,5,0.034069
753,2,20,5,0.034069
753,2,21,3,0.025364
753,2,22,5,0.033571
753,2,23,5,0.034069
753,2,24,3,0.025364
753,2,25,4,0.030264
753,2,26,5,0.033571
754,2,0,5,0.112977
754,2,1,8,0.183907
754,2,2,3,0.083736
754,2,3,3,0.083736
754,2,4,3,0.083736
754,2,5,5,0.112977
754,2,6,5,0.112977
754,2,7,5,0.112977
754,2,8,5,0.112977
755,2,0,9,0.1
755,2,1,9,0.1
755,2,2,9,0.1
755,2,3,9,0.1
755,2,4,9,0.1
755,2,5,9,0.1
755,2,6,9,0.1
755,2,7,9,0.1
755,2,8,9,0.1
755,2,9,9,0.1
756,2,0,6,0.142857
756,2,1,6,0.142857
756,2,2,6,0.142857
756,2,3,6,0.142857
756,2,4,6,0.142857
756,2,5,6,0.142857
756,2,6,6,0.142857
757,2,0,9,0.1
757,2,1,9,0.1
757,2,2,9,0.1
757,2,3,9,0.1
757,2,4,9,0.1
757,2,5,9,0.1
757,2,6,9,0.1
757,2,7,9,0.1
757,2,8,9,0.1
757,2,9,9,0.1
758,2,0,10,0.147862
758,2,1,6,0.093347
758,2,2,5,0.079792
758,2,3,5,0.079792
758,2,4,5,0.079792
758,2,5,5,0.079792
758,2,6,6,0.093347
758,2,7,6,0.093347
758,2,8,6,0.093347
758,2,9,5,0.079792
758,2,10,5,0.079792
759,2,0,6,0.142857
759,2,1,6,0.142857
759,2,2,6,0.142857
759,2,3,6,0.142857
759,2,4,6,0.142857
759,2,5,6,0.142857
759,2,6,6,0.142857
760,2,0,10,0.154411
760,2,1,4,0.073986
760,2,2,6,0.091607
760,2,3,6,0.091607
760,2,4,4,0.073986
760,2,5,6,0.091607
760,2,6,4,0.073986
760,2,7,6,0.091607
760,2,8,4,0.073986
760,2,9,6,0.091607
760,2,10,6,0.091607
761,2,0,3,0.101879
761,2,1,4,0.121443
761,2,2,4,0.121443
761,2,3,7,0.20859
761,2,4,4,0.121443
761,2,5,3,0.101879
761,2,6,4,0.121443
761,2,7,3,0.101879
762,2,0,6,0.055523
762,2,1,5,0.051336
762,2,2,6,0.055523
762,2,3,6,0.055523
762,2,4,16,0.142064
762,2,5,6,0.058378
762,2,6,5,0.051336
762,2,7,6,0.055523
762,2,8,6,0.055523
762,2,9,5,0.05034
762,2,10,7,0.063901
762,2,11,5,0.05034
762,2,12,5,0.05034
762,2,13,5,0.051336
762,2,14,5,0.051336
762,2,15,5,0.051336
762,2,16,5,0.05034
763,2,0,6,0.142857
763,2,1,6,0.142857
763,2,2,6,0.142857
763,2,3,6,0.142857
763,2,4,6,0.142857
763,2,5,6,0.142857
763,2,6,6,0.142857
764,2,0,8,0.111111
764,2,1,8,0.111111
764,2,2,8,0.111111
764,2,3,8,0.111111
764,2,4,8,0.111111
764,2,5,8,0.111111
764,2,6,8,0.111111
764,2,7,8,0.111111
764,2,8,8,0.111111
765,2,0,6,0.142857
765,2,1,6,0.142857
765,2,2,6,0.142857
765,2,3,6,0.142857
765,2,4,6,0.142857
765,2,5,6,0.142857
765,2,6,6,0.142857
766,2,0,6,0.142857
766,2,1,6,0.142857
766,2,2,6,0.142857
766,2,3,6,0.142857
766,2,4,6,0.142857
766,2,5,6,0.142857
766,2,6,6,0.142857
767,2,0,5,0.093123
767,2,1,3,0.067912
767,2,2,2,0.04966
767,2,3,3,0.069773
767,2,4,3,0.067912
767,2,5,5,0.093123
767,2,6,5,0.093123
767,2,7,5,0.093123
767,2,8,10,0.190932
767,2,9,5,0.093123
767,2,10,4,0.088197
768,2,0,6,0.142857
768,2,1,6,0.142857
768,2,2,6,0.142857
768,2,3,6,0.142857
768,2,4,6,0.142857
768,2,5,6,0.142857
768,2,6,6,0.142857
769,2,0,6,0.142857
769,2,1,6,0.142857
769,2,2,6,0.142857
769,2,3,6,0.142857
769,2,4,6,0.142857
769,2,5,6,0.142857
769,2,6,6,0.142857
770,2,0,10,0.154411
770,2,1,6,0.091607
770,2,2,6,0.091607
770,2,3,4,0.073986
770,2,4,4,0.073986
770,2,5,6,0.091607
770,2,6,6,0.091607
770,2,7,4,0.073986
770,2,8,6,0.091607
770,2,9,6,0.091607
770,2,10,4,0.073986
771,2,0,7,0.09602
771,2,1,7,0.09602
771,2,2,3,0.060405
771,2,3,7,0.09602
771,2,4,7,0.09602
771,2,5,7,0.09602
771,2,6,3,0.060405
771,2,7,10,0.146646
771,2,8,3,0.060405
771,2,9,7,0.09602
771,2,10,7,0.09602
772,2,0,8,0.111111
772,2,1,8,0.111111
772,2,2,8,0.111111
772,2,3,8,0.111111
772,2,4,8,0.111111
772,2,5,8,0.111111
772,2,6,8,0.111111
772,2,7,8,0.111111
772,2,8,8,0.111111
773,2,0,6,0.142857
773,2,1,6,0.142857
773,2,2,6,0.142857
773,2,3,6,0.142857
773,2,4,6,0.142857
773,2,5,6,0.142857
773,2,6,6,0.142857
774,2,0,14,0.161842
774,2,1,5,0.061847
774,2,2,5,0.061847
774,2,3,4,0.054923
774,2,4,4,0.054923
774,2,5,5,0.061847
774,2,6,5,0.061847
774,2,7,5,0.061847
774,2,8,5,0.061847
774,2,9,4,0.054923
774,2,10,5,0.061847
774,2,11,5,0.061847
774,2,12,5,0.061847
774,2,13,5,0.061847
774,2,14,4,0.054923
775,2,0,29,0.033333
775,2,1,29,0.033333
775,2,2,29,0.033333
775,2,3,29,0.033333
775,2,4,29,0.033333
775,2,5,29,0.033333
775,2,6,29,0.033333
775,2,7,29,0.033333
775,2,8,29,0.033333
775,2,9,29,0.033333
775,2,10,29,0.033333
775,2,11,29,0.033333
775,2,12,29,0.033333
775,2,13,29,0.033333
775,2,14,29,0.033333
775,2,15,29,0.033333
775,2,16,29,0.033333
775,2,17,29,0.033333
775,2,18,29,0.033333
775,2,19,29,0.033333
775,2,20,29,0.033333
775,2,21,29,0.033333
775,2,22,29,0.033333
775,2,23,29,0.033333
775,2,24,29,0.033333
775,2,25,29,0.033333
775,2,26,29,0.033333
775,2,27,29,0.033333
775,2,28,29,0.033333
775,2,29,29,0.033333
776,2,0,7,0.125
776,2,1,7,0.125
776,2,2,7,0.125
776,2,3,7,0.125
776,2,4,7,0.125
776,2,5,7,0.125
776,2,6,7,0.125
776,2,7,7,0.125
777,2,0,6,0.142857
777,2,1,6,0.142857
777,2,2,6,0.142857
777,2,3,6,0.142857
777,2,4,6,0.142857
777,2,5,6,0.142857
777,2,6,6,0.142857
778,2,0,5,0.056851
778,2,1,8,0.072289
778,2,2,8,0.072289
778,2,3,8,0.072289
778,2,4,13,0.120075
778,2,5,9,0.081495
778,2,6,5,0.056851
778,2,7,8,0.072289
778,2,8,6,0.065002
778,2,9,8,0.072289
778,2,10,5,0.056851
778,2,11,5,0.056851
778,2,12,8,0.072289
778,2,13,8,0.072289
779,2,0,7,0.125
779,2,1,7,0.125
779,2,2,7,0.125
779,2,3,7,0.125
779,2,4,7,0.125
779,2,5,7,0.125
779,2,6,7,0.125
779,2,7,7,0.125
780,2,0,6,0.142857
780,2,1,6,0.142857
780,2,2,6,0.142857
780,2,3,6,0.142857
780,2,4,6,0.142857
780,2,5,6,0.142857
780,2,6,6,0.142857
781,2,0,7,0.081193
781,2,1,5,0.065309
781,2,2,5,0.065309
781,2,3,7,0.081193
781,2,4,7,0.081193
781,2,5,11,0.125803
781,2,6,7,0.081193
781,2,7,7,0.081193
781,2,8,5,0.065309
781,2,9,7,0.081193
781,2,10,5,0.065309
781,2,11,11,0.125803
782,2,0,6,0.142857
782,2,1,6,0.142857
782,2,2,6,0.142857
782,2,3,6,0.142857
782,2,4,6,0.142857
782,2,5,6,0.142857
782,2,6,6,0.142857
783,2,0,13,0.172132
783,2,1,5,0.068366
783,2,2,4,0.060755
783,2,3,5,0.068366
783,2,4,5,0.068366
783,2,5,4,0.060755
783,2,6,4,0.060755
783,2,7,4,0.060755
783,2,8,5,0.068366
783,2,9,4,0.060755
783,2,10,4,0.060755
783,2,11,4,0.060755
783,2,12,5,0.068366
783,2,13,4,0.060755
784,2,0,3,0.127095
784,2,1,6,0.237428
784,2,2,3,0.127095
784,2,3,3,0.127095
784,2,4,3,0.127095
784,2,5,3,0.127095
784,2,6,3,0.127095
785,2,0,4,0.067374
785,2,1,5,0.075957
785,2,2,5,0.075957
785,2,3,3,0.056445
785,2,4,5,0.075957
785,2,5,3,0.056445
785,2,6,5,0.075957
785,2,7,3,0.056445
785,2,8,4,0.067374
785,2,9,4,0.067374
785,2,10,12,0.181386
785,2,11,5,0.075957
785,2,12,4,0.067374
786,2,0,6,0.095919
786,2,1,5,0.081988
786,2,2,5,0.081988
786,2,3,6,0.095919
786,2,4,5,0.081988
786,2,5,5,0.081988
786,2,6,5,0.081988
786,2,7,10,0.152256
786,2,8,5,0.081988
786,2,9,5,0.081988
786,2,10,5,0.081988
787,2,0,7,0.125
787,2,1,7,0.125
787,2,2,7,0.125
787,2,3,7,0.125
787,2,4,7,0.125
787,2,5,7,0.125
787,2,6,7,0.125
787,2,7,7,0.125
788,2,0,6,0.142857
788,2,1,6,0.142857
788,2,2,6,0.142857
788,2,3,6,0.142857
788,2,4,6,0.142857
788,2,5,6,0.142857
788,2,6,6,0.142857
789,2,0,7,0.081193
789,2,1,5,0.065309
789,2,2,5,0.065309
789,2,3,7,0.081193
789,2,4,7,0.081193
789,2,5,11,0.125803
789,2,6,7,0.081193
789,2,7,7,0.081193
789,2,8,5,0.065309
789,2,9,7,0.081193
789,2,10,5,0.065309
789,2,11,11,0.125803
790,2,0,5,0.08431
790,2,1,5,0.08431
790,2,2,5,0.08431
790,2,3,5,0.08431
790,2,4,5,0.08431
790,2,5,5,0.08431
790,2,6,5,0.08431
790,2,7,5,0.08431
790,2,8,10,0.156899
790,2,9,5,0.08431
790,2,10,5,0.08431
791,2,0,6,0.142857
791,2,1,6,0.142857
791,2,2,6,0.142857
791,2,3,6,0.142857
791,2,4,6,0.142857
791,2,5,6,0.142857
791,2,6,6,0.142857
792,2,0,7,0.125
792,2,1,7,0.125
792,2,2,7,0.125
792,2,3,7,0.125
792,2,4,7,0.125
792,2,5,7,0.125
792,2,6,7,0.125
792,2,7,7,0.125
793,2,0,4,0.040782
793,2,1,4,0.040782
793,2,2,3,0.034305
793,2,3,5,0.045704
793,2,4,4,0.040782
793,2,5,20,0.179188
793,2,6,4,0.040782
793,2,7,4,0.040782
793,2,8,4,0.040782
793,2,9,5,0.045704
793,2,10,4,0.040782
793,2,11,4,0.040782
793,2,12,5,0.045704
793,2,13,4,0.040782
793,2,14,4,0.040782
793,2,15,5,0.045704
793,2,16,3,0.034305
793,2,17,5,0.045704
793,2,18,4,0.040782
793,2,19,4,0.040782
793,2,20,3,0.034305
794,2,0,6,0.142857
794,2,1,6,0.142857
794,2,2,6,0.142857
794,2,3,6,0.142857
794,2,4,6,0.142857
794,2,5,6,0.142857
794,2,6,6,0.142857
795,2,0,6,0.142857
795,2,1,6,0.142857
795,2,2,6,0.142857
795,2,3,6,0.142857
795,2,4,6,0.142857
795,2,5,6,0.142857
795,2,6,6,0.142857
796,2,0,6,0.142857
796,2,1,6,0.142857
796,2,2,6,0.142857
796,2,3,6,0.142857
796,2,4,6,0.142857
796,2,5,6,0.142857
796,2,6,6,0.142857
797,2,0,4,0.086031
797,2,1,5,0.097048
797,2,2,4,0.086031
797,2,3,5,0.097048
797,2,4,5,0.097048
797,2,5,9,0.170632
797,2,6,4,0.086031
797,2,7,4,0.086031
797,2,8,5,0.097048
797,2,9,5,0.097048
798,2,0,6,0.142857
798,2,1,6,0.142857
798,2,2,6,0.142857
798,2,3,6,0.142857
798,2,4,6,0.142857
798,2,5,6,0.142857
798,2,6,6,0.142857
799,2,0,5,0.074085
799,2,1,6,0.08089
799,2,2,6,0.08089
799,2,3,6,0.08089
799,2,4,6,0.08089
799,2,5,5,0.074085
799,2,6,5,0.074085
799,2,7,11,0.144239
799,2,8,5,0.074085
799,2,9,6,0.08089
799,2,10,5,0.074085
799,2,11,6,0.08089
800,2,0,5,0.080433
800,2,1,5,0.080433
800,2,2,3,0.056308
800,2,3,6,0.102528
800,2,4,4,0.070208
800,2,5,5,0.080433
800,2,6,5,0.080433
800,2,7,4,0.070208
800,2,8,11,0.172065
800,2,9,3,0.056308
800,2,10,4,0.070208
800,2,11,5,0.080433
801,2,0,7,0.09602
801,2,1,7,0.09602
801,2,2,3,0.060405
801,2,3,7,0.09602
801,2,4,7,0.09602
801,2,5,10,0.146646
801,2,6,3,0.060405
801,2,7,7,0.09602
801,2,8,3,0.060405
801,2,9,7,0.09602
801,2,10,7,0.09602
802,2,0,5,0.052661
802,2,1,9,0.086737
802,2,2,5,0.052661
802,2,3,5,0.052661
802,2,4,13,0.121022
802,2,5,6,0.06006
802,2,6,6,0.06006
802,2,7,6,0.06006
802,2,8,6,0.059637
802,2,9,10,0.094086
802,2,10,6,0.059637
802,2,11,6,0.059637
802,2,12,6,0.06006
802,2,13,13,0.121022
803,2,0,6,0.142857
803,2,1,6,0.142857
803,2,2,6,0.142857
803,2,3,6,0.142857
803,2,4,6,0.142857
803,2,5,6,0.142857
803,2,6,6,0.142857
804,2,0,6,0.142857
804,2,1,6,0.142857
804,2,2,6,0.142857
804,2,3,6,0.142857
804,2,4,6,0.142857
804,2,5,6,0.142857
804,2,6,6,0.142857
805,2,0,7,0.125
805,2,1,7,0.125
805,2,2,7,0.125
805,2,3,7,0.125
805,2,4,7,0.125
805,2,5,7,0.125
805,2,6,7,0.125
805,2,7,7,0.125
806,2,0,29,0.033333
806,2,1,29,0.033333
806,2,2,29,0.033333
806,2,3,29,0.033333
806,2,4,29,0.033333
806,2,5,29,0.033333
806,2,6,29,0.033333
806,2,7,29,0.033333
806,2,8,29,0.033333
806,2,9,29,0.033333
806,2,10,29,0.033333
806,2,11,29,0.033333
806,2,12,29,0.033333
806,2,13,29,0.033333
806,2,14,29,0.033333
806,2,15,29,0.033333
806,2,16,29,0.033333
806,2,17,29,0.033333
806,2,18,29,0.033333
806,2,19,29,0.033333
806,2,20,29,0.033333
806,2,21,29,0.033333
806,2,22,29,0.033333
806,2,23,29,0.033333
806,2,24,29,0.033333
806,2,25,29,0.033333
806,2,26,29,0.033333
806,2,27,29,0.033333
806,2,28,29,0.033333
806,2,29,29,0.033333
807,2,0,6,0.142857
807,2,1,6,0.142857
807,2,2,6,0.142857
807,2,3,6,0.142857
807,2,4,6,0.142857
807,2,5,6,0.142857
807,2,6,6,0.142857
808,2,0,8,0.111111
808,2,1,8,0.111111
808,2,2,8,0.111111
808,2,3,8,0.111111
808,2,4,8,0.111111
808,2,5,8,0.111111
808,2,6,8,0.111111
808,2,7,8,0.111111
808,2,8,8,0.111111
809,2,0,6,0.142857
809,2,1,6,0.142857
809,2,2,6,0.142857
809,2,3,6,0.142857
809,2,4,6,0.142857
809,2,5,6,0.142857
809,2,6,6,0.142857
810,2,0,5,0.08431
810,2,1,5,0.08431
810,2,2,5,0.08431
810,2,3,5,0.08431
810,2,4,5,0.08431
810,2,5,5,0.08431
810,2,6,5,0.08431
810,2,7,10,0.156899
810,2,8,5,0.08431
810,2,9,5,0.08431
810,2,10,5,0.08431
811,2,0,7,0.125
811,2,1,7,0.125
811,2,2,7,0.125
811,2,3,7,0.125
811,2,4,7,0.125
811,2,5,7,0.125
811,2,6,7,0.125
811,2,7,7,0.125
812,2,0,6,0.072152
812,2,1,6,0.072152
812,2,2,12,0.134171
812,2,3,6,0.072152
812,2,4,6,0.072152
812,2,5,6,0.072152
812,2,6,6,0.072152
812,2,7,6,0.072152
812,2,8,6,0.072152
812,2,9,6,0.072152
812,2,10,6,0.072152
812,2,11,6,0.072152
812,2,12,6,0.072152
813,2,0,6,0.142857
813,2,1,6,0.142857
813,2,2,6,0.142857
813,2,3,6,0.142857
813,2,4,6,0.142857
813,2,5,6,0.142857
813,2,6,6,0.142857
814,2,0,7,0.125
814,2,1,7,0.125
814,2,2,7,0.125
814,2,3,7,0.125
814,2,4,7,0.125
814,2,5,7,0.125
814,2,6,7,0.125
814,2,7,7,0.125
815,2,0,14,0.066667
815,2,1,14,0.066667
815,2,2,14,0.066667
815,2,3,14,0.066667
815,2,4,14,0.066667
815,2,5,14,0.066667
815,2,6,14,0.066667
815,2,7,14,0.066667
815,2,8,14,0.066667
815,2,9,14,0.066667
815,2,10,14,0.066667
815,2,11,14,0.066667
815,2,12,14,0.066667
815,2,13,14,0.066667
815,2,14,14,0.066667
816,2,0,6,0.142857
816,2,1,6,0.142857
816,2,2,6,0.142857
816,2,3,6,0.142857
816,2,4,6,0.142857
816,2,5,6,0.142857
816,2,6,6,0.142857
817,2,0,7,0.125
817,2,1,7,0.125
817,2,2,7,0.125
817,2,3,7,0.125
817,2,4,7,0.125
817,2,5,7,0.125
817,2,6,7,0.125
817,2,7,7,0.125
818,2,0,6,0.142857
818,2,1,6,0.142857
818,2,2,6,0.142857
818,2,3,6,0.142857
818,2,4,6,0.142857
818,2,5,6,0.142857
818,2,6,6,0.142857
819,2,0,10,0.090909
819,2,1,10,0.090909
819,2,2,10,0.090909
819,2,3,10,0.090909
819,2,4,10,0.090909
819,2,5,10,0.090909
819,2,6,10,0.090909
819,2,7,10,0.090909
819,2,8,10,0.090909
819,2,9,10,0.090909
819,2,10,10,0.090909
820,2,0,3,0.047919
820,2,1,3,0.047919
820,2,2,6,0.069396
820,2,3,6,0.069396
820,2,4,5,0.061452
820,2,5,6,0.069396
820,2,6,5,0.061452
820,2,7,3,0.047919
820,2,8,13,0.151936
820,2,9,6,0.069396
820,2,10,5,0.061452
820,2,11,10,0.111516
820,2,12,5,0.061452
820,2,13,6,0.069396
821,2,0,6,0.142857
821,2,1,6,0.142857
821,2,2,6,0.142857
821,2,3,6,0.142857
821,2,4,6,0.142857
821,2,5,6,0.142857
821,2,6,6,0.142857
822,2,0,6,0.142857
822,2,1,6,0.142857
822,2,2,6,0.142857
822,2,3,6,0.142857
822,2,4,6,0.142857
822,2,5,6,0.142857
822,2,6,6,0.142857
823,2,0,4,0.107548
823,2,1,4,0.107548
823,2,2,4,0.107548
823,2,3,7,0.177356
823,2,4,4,0.107548
823,2,5,7,0.177356
823,2,6,4,0.107548
823,2,7,4,0.107548
824,2,0,9,0.1
824,2,1,9,0.1
824,2,2,9,0.1
824,2,3,9,0.1
824,2,4,9,0.1
824,2,5,9,0.1
824,2,6,9,0.1
824,2,7,9,0.1
824,2,8,9,0.1
824,2,9,9,0.1
825,2,0,6,0.142857
825,2,1,6,0.142857
825,2,2,6,0.142857
825,2,3,6,0.142857
825,2,4,6,0.142857
825,2,5,6,0.142857
825,2,6,6,0.142857
826,2,0,5,0.065706
826,2,1,5,0.065706
826,2,2,7,0.07695
826,2,3,5,0.065706
826,2,4,7,0.07695
826,2,5,5,0.065706
826,2,6,7,0.07695
826,2,7,7,0.07695
826,2,8,7,0.07695
826,2,9,5,0.065706
826,2,10,12,0.13282
826,2,11,7,0.07695
826,2,12,7,0.07695
827,2,0,29,0.017341
827,2,1,30,0.017675
827,2,2,30,0.017675
827,2,3,29,0.017341
827,2,4,30,0.017838
827,2,5,30,0.017675
827,2,6,30,0.017675
827,2,7,29,0.017341
827,2,8,50,0.0279
827,2,9,50,0.0279
827,2,10,30,0.017675
827,2,11,30,0.017675
827,2,12,29,0.017341
827,2,13,29,0.017341
827,2,14,29,0.017341
827,2,15,30,0.017675
827,2,16,30,0.017675
827,2,17,29,0.017341
827,2,18,30,0.017675
827,2,19,50,0.0279
827,2,20,29,0.017341
827,2,21,30,0.017675
827,2,22,50,0.0279
827,2,23,29,0.017341
827,2,24,30,0.017675
827,2,25,50,0.0279
827,2,26,30,0.017675
827,2,27,29,0.017341
827,2,28,50,0.0279
827,2,29,30,0.017675
827,2,30,30,0.017675
827,2,31,30,0.017675
827,2,32,29,0.017341
827,2,33,30,0.017675
827,2,34,30,0.017838
827,2,35,30,0.017675
827,2,36,29,0.017341
827,2,37,33,0.019203
827,2,38,50,0.0279
827,2,39,29,0.017341
827,2,40,30,0.017675
827,2,41,50,0.0279
827,2,42,29,0.017341
827,2,43,30,0.017675
827,2,44,50,0.0279
827,2,45,50,0.0279
827,2,46,29,0.017341
827,2,47,29,0.017341
827,2,48,30,0.017675
827,2,49,29,0.017341
827,2,50,30,0.017838
828,2,0,5,0.08431
828,2,1,5,0.08431
828,2,2,5,0.08431
828,2,3,5,0.08431
828,2,4,5,0.08431
828,2,5,5,0.08431
828,2,6,5,0.08431
828,2,7,5,0.08431
828,2,8,10,0.156899
828,2,9,5,0.08431
828,2,10,5,0.08431
829,2,0,17,0.055556
829,2,1,17,0.055556
829,2,2,17,0.055556
829,2,3,17,0.055556
829,2,4,17,0.055556
829,2,5,17,0.055556
829,2,6,17,0.055556
829,2,7,17,0.055556
829,2,8,17,0.055556
829,2,9,17,0.055556
829,2,10,17,0.055556
829,2,11,17,0.055556
829,2,12,17,0.055556
829,2,13,17,0.055556
829,2,14,17,0.055556
829,2,15,17,0.055556
829,2,16,17,0.055556
829,2,17,17,0.055556
830,2,0,4,0.121443
830,2,1,3,0.101879
830,2,2,3,0.101879
830,2,3,7,0.20859
830,2,4,3,0.101879
830,2,5,4,0.121443
830,2,6,4,0.121443
830,2,7,4,0.121443
831,2,0,7,0.125
831,2,1,7,0.125
831,2,2,7,0.125
831,2,3,7,0.125
831,2,4,7,0.125
831,2,5,7,0.125
831,2,6,7,0.125
831,2,7,7,0.125
832,2,0,6,0.142857
832,2,1,6,0.142857
832,2,2,6,0.142857
832,2,3,6,0.142857
832,2,4,6,0.142857
832,2,5,6,0.142857
832,2,6,6,0.142857
833,2,0,10,0.131466
833,2,1,10,0.131466
833,2,2,4,0.062687
833,2,3,4,0.062687
833,2,4,7,0.091501
833,2,5,7,0.091501
833,2,6,7,0.091501
833,2,7,7,0.091501
833,2,8,7,0.091501
833,2,9,4,0.062687
833,2,10,7,0.091501
834,2,0,9,0.1
834,2,1,9,0.1
834,2,2,9,0.1
834,2,3,9,0.1
834,2,4,9,0.1
834,2,5,9,0.1
834,2,6,9,0.1
834,2,7,9,0.1
834,2,8,9,0.1
834,2,9,9,0.1
835,2,0,6,0.142857
835,2,1,6,0.142857
835,2,2,6,0.142857
835,2,3,6,0.142857
835,2,4,6,0.142857
835,2,5,6,0.142857
835,2,6,6,0.142857
836,2,0,7,0.125
836,2,1,7,0.125
836,2,2,7,0.125
836,2,3,7,0.125
836,2,4,7,0.125
836,2,5,7,0.125
836,2,6,7,0.125
836,2,7,7,0.125
837,2,0,5,0.061847
837,2,1,5,0.061847
837,2,2,5,0.061847
837,2,3,14,0.161842
837,2,4,4,0.054923
837,2,5,4,0.054923
837,2,6,5,0.061847
837,2,7,4,0.054923
837,2,8,5,0.061847
837,2,9,5,0.061847
837,2,10,4,0.054923
837,2,11,5,0.061847
837,2,12,5,0.061847
837,2,13,5,0.061847
837,2,14,5,0.061847
838,2,0,5,0.075379
838,2,1,5,0.075379
838,2,2,6,0.085005
838,2,3,5,0.075379
838,2,4,6,0.085005
838,2,5,6,0.085005
838,2,6,6,0.085005
838,2,7,10,0.136729
838,2,8,5,0.075379
838,2,9,6,0.085005
838,2,10,10,0.136729
839,2,0,9,0.170632
839,2,1,5,0.097048
839,2,2,5,0.097048
839,2,3,4,0.086031
839,2,4,5,0.097048
839,2,5,5,0.097048
839,2,6,4,0.086031
839,2,7,4,0.086031
839,2,8,4,0.086031
839,2,9,5,0.097048
840,2,0,6,0.142857
840,2,1,6,0.142857
840,2,2,6,0.142857
840,2,3,6,0.142857
840,2,4,6,0.142857
840,2,5,6,0.142857
840,2,6,6,0.142857
841,2,0,6,0.142857
841,2,1,6,0.142857
841,2,2,6,0.142857
841,2,3,6,0.142857
841,2,4,6,0.142857
841,2,5,6,0.142857
841,2,6,6,0.142857
842,2,0,7,0.063058
842,2,1,7,0.063058
842,2,2,7,0.063058
842,2,3,7,0.063058
842,2,4,14,0.117186
842,2,5,7,0.063058
842,2,6,7,0.063058
842,2,7,7,0.063058
842,2,8,7,0.063058
842,2,9,7,0.063058
842,2,10,7,0.063058
842,2,11,7,0.063058
842,2,12,7,0.063058
842,2,13,7,0.063058
842,2,14,7,0.063058
843,2,0,4,0.086031
843,2,1,4,0.086031
843,2,2,5,0.097048
843,2,3,5,0.097048
843,2,4,4,0.086031
843,2,5,9,0.170632
843,2,6,5,0.097048
843,2,7,5,0.097048
843,2,8,4,0.086031
843,2,9,5,0.097048
844,2,0,4,0.087197
844,2,1,4,0.087197
844,2,2,4,0.087197
844,2,3,10,0.212167
844,2,4,3,0.073174
844,2,5,3,0.073174
844,2,6,3,0.073174
844,2,7,3,0.073174
844,2,8,4,0.087197
844,2,9,3,0.073174
844,2,10,3,0.073174
845,2,0,6,0.091607
845,2,1,6,0.091607
845,2,2,6,0.091607
845,2,3,6,0.091607
845,2,4,6,0.091607
845,2,5,10,0.154411
845,2,6,4,0.073986
845,2,7,4,0.073986
845,2,8,6,0.091607
845,2,9,4,0.073986
845,2,10,4,0.073986
846,2,0,7,0.125
846,2,1,7,0.125
846,2,2,7,0.125
846,2,3,7,0.125
846,2,4,7,0.125
846,2,5,7,0.125
846,2,6,7,0.125
846,2,7,7,0.125
847,2,0,6,0.142857
847,2,1,6,0.142857
847,2,2,6,0.142857
847,2,3,6,0.142857
847,2,4,6,0.142857
847,2,5,6,0.142857
847,2,6,6,0.142857
848,2,0,10,0.154411
848,2,1,4,0.073986
848,2,2,6,0.091607
848,2,3,6,0.091607
848,2,4,6,0.091607
848,2,5,4,0.073986
848,2,6,6,0.091607
848,2,7,6,0.091607
848,2,8,4,0.073986
848,2,9,4,0.073986
848,2,10,6,0.091607
849,2,0,7,0.125
849,2,1,7,0.125
849,2,2,7,0.125
849,2,3,7,0.125
849,2,4,7,0.125
849,2,5,7,0.125
849,2,6,7,0.125
849,2,7,7,0.125
850,2,0,4,0.10137
850,2,1,4,0.10137
850,2,2,8,0.189037
850,2,3,4,0.10137
850,2,4,4,0.10137
850,2,5,4,0.10137
850,2,6,4,0.10137
850,2,7,4,0.10137
850,2,8,4,0.10137
851,2,0,5,0.097048
851,2,1,4,0.086031
851,2,2,4,0.086031
851,2,3,5,0.097048
851,2,4,9,0.170632
851,2,5,4,0.086031
851,2,6,5,0.097048
851,2,7,4,0.086031
851,2,8,5,0.097048
851,2,9,5,0.097048
852,2,0,6,0.142857
852,2,1,6,0.142857
852,2,2,6,0.142857
852,2,3,6,0.142857
852,2,4,6,0.142857
852,2,5,6,0.142857
852,2,6,6,0.142857
853,2,0,6,0.142857
853,2,1,6,0.142857
853,2,2,6,0.142857
853,2,3,6,0.142857
853,2,4,6,0.142857
853,2,5,6,0.142857
853,2,6,6,0.142857
854,2,0,9,0.1
854,2,1,9,0.1
854,2,2,9,0.1
854,2,3,9,0.1
854,2,4,9,0.1
854,2,5,9,0.1
854,2,6,9,0.1
854,2,7,9,0.1
854,2,8,9,0.1
854,2,9,9,0.1
855,2,0,14,0.066667
855,2,1,14,0.066667
855,2,2,14,0.066667
855,2,3,14,0.066667
855,2,4,14,0.066667
855,2,5,14,0.066667
855,2,6,14,0.066667
855,2,7,14,0.066667
855,2,8,14,0.066667
855,2,9,14,0.066667
855,2,10,14,0.066667
855,2,11,14,0.066667
855,2,12,14,0.066667
855,2,13,14,0.066667
855,2,14,14,0.066667
856,2,0,9,0.1
856,2,1,9,0.1
856,2,2,9,0.1
856,2,3,9,0.1
856,2,4,9,0.1
856,2,5,9,0.1
856,2,6,9,0.1
856,2,7,9,0.1
856,2,8,9,0.1
856,2,9,9,0.1
857,2,0,6,0.142857
857,2,1,6,0.142857
857,2,2,6,0.142857
857,2,3,6,0.142857
857,2,4,6,0.142857
857,2,5,6,0.142857
857,2,6,6,0.142857
858,2,0,5,0.031247
858,2,1,5,0.032718
858,2,2,7,0.037876
858,2,3,4,0.027943
858,2,4,5,0.031247
858,2,5,8,0.043462
858,2,6,5,0.032718
858,2,7,7,0.037876
858,2,8,5,0.031247
858,2,9,5,0.031247
858,2,10,5,0.031247
858,2,11,5,0.032718
858,2,12,4,0.027943
858,2,13,10,0.05747
858,2,14,7,0.037876
858,2,15,8,0.04281
858,2,16,5,0.031247
858,2,17,4,0.027943
858,2,18,5,0.031247
858,2,19,5,0.032899
858,2,20,5,0.031247
858,2,21,7,0.037876
858,2,22,5,0.032718
858,2,23,5,0.032718
858,2,24,25,0.136584
858,2,25,7,0.037876
859,2,0,6,0.142857
859,2,1,6,0.142857
859,2,2,6,0.142857
859,2,3,6,0.142857
859,2,4,6,0.142857
859,2,5,6,0.142857
859,2,6,6,0.142857
860,2,0,17,0.055556
860,2,1,17,0.055556
860,2,2,17,0.055556
860,2,3,17,0.055556
860,2,4,17,0.055556
860,2,5,17,0.055556
860,2,6,17,0.055556
860,2,7,17,0.055556
860,2,8,17,0.055556
860,2,9,17,0.055556
860,2,10,17,0.055556
860,2,11,17,0.055556
860,2,12,17,0.055556
860,2,13,17,0.055556
860,2,14,17,0.055556
860,2,15,17,0.055556
860,2,16,17,0.055556
860,2,17,17,0.055556
861,2,0,4,0.063495
861,2,1,4,0.064524
861,2,2,4,0.064524
861,2,3,6,0.092747
861,2,4,4,0.063495
861,2,5,3,0.05419
861,2,6,3,0.050965
861,2,7,4,0.064524
861,2,8,4,0.064524
861,2,9,4,0.063495
861,2,10,3,0.05419
861,2,11,3,0.05419
861,2,12,13,0.194173
861,2,13,3,0.050965
862,2,0,5,0.034063
862,2,1,3,0.02535
862,2,2,5,0.034063
862,2,3,5,0.034063
862,2,4,6,0.037064
862,2,5,6,0.037064
862,2,6,5,0.034063
862,2,7,3,0.02535
862,2,8,6,0.037064
862,2,9,5,0.034063
862,2,10,3,0.02535
862,2,11,26,0.163874
862,2,12,5,0.034063
862,2,13,4,0.030254
862,2,14,5,0.034063
862,2,15,5,0.034063
862,2,16,3,0.02535
862,2,17,6,0.037064
862,2,18,3,0.02535
862,2,19,6,0.037064
862,2,20,4,0.030254
862,2,21,5,0.034063
862,2,22,4,0.030254
862,2,23,6,0.037064
862,2,24,5,0.034063
862,2,25,3,0.02535
862,2,26,4,0.030254
863,2,0,4,0.060755
863,2,1,5,0.068366
863,2,2,5,0.068366
863,2,3,4,0.060755
863,2,4,4,0.060755
863,2,5,4,0.060755
863,2,6,5,0.068366
863,2,7,4,0.060755
863,2,8,4,0.060755
863,2,9,13,0.172132
863,2,10,4,0.060755
863,2,11,5,0.068366
863,2,12,4,0.060755
863,2,13,5,0.068366
864,2,0,7,0.125
864,2,1,7,0.125
864,2,2,7,0.125
864,2,3,7,0.125
864,2,4,7,0.125
864,2,5,7,0.125
864,2,6,7,0.125
864,2,7,7,0.125
865,2,0,7,0.125
865,2,1,7,0.125
865,2,2,7,0.125
865,2,3,7,0.125
865,2,4,7,0.125
865,2,5,7,0.125
865,2,6,7,0.125
865,2,7,7,0.125
866,2,0,8,0.183907
866,2,1,5,0.112977
866,2,2,5,0.112977
866,2,3,5,0.112977
866,2,4,3,0.083736
866,2,5,3,0.083736
866,2,6,3,0.083736
866,2,7,5,0.112977
866,2,8,5,0.112977
867,2,0,7,0.125
867,2,1,7,0.125
867,2,2,7,0.125
867,2,3,7,0.125
867,2,4,7,0.125
867,2,5,7,0.125
867,2,6,7,0.125
867,2,7,7,0.125
868,2,0,8,0.111111
868,2,1,8,0.111111
868,2,2,8,0.111111
868,2,3,8,0.111111
868,2,4,8,0.111111
868,2,5,8,0.111111
868,2,6,8,0.111111
868,2,7,8,0.111111
868,2,8,8,0.111111
869,2,0,6,0.142857
869,2,1,6,0.142857
869,2,2,6,0.142857
869,2,3,6,0.142857
869,2,4,6,0.142857
869,2,5,6,0.142857
869,2,6,6,0.142857
870,2,0,5,0.112977
870,2,1,5,0.112977
870,2,2,3,0.083736
870,2,3,3,0.083736
870,2,4,3,0.083736
870,2,5,5,0.112977
870,2,6,8,0.183907
870,2,7,5,0.112977
870,2,8,5,0.112977
871,2,0,6,0.142857
871,2,1,6,0.142857
871,2,2,6,0.142857
871,2,3,6,0.142857
871,2,4,6,0.142857
871,2,5,6,0.142857
871,2,6,6,0.142857
872,2,0,7,0.125
872,2,1,7,0.125
872,2,2,7,0.125
872,2,3,7,0.125
872,2,4,7,0.125
872,2,5,7,0.125
872,2,6,7,0.125
872,2,7,7,0.125
873,2,0,7,0.125
873,2,1,7,0.125
873,2,2,7,0.125
873,2,3,7,0.125
873,2,4,7,0.125
873,2,5,7,0.125
873,2,6,7,0.125
873,2,7,7,0.125
874,2,0,17,0.017791
874,2,1,30,0.021736
874,2,2,17,0.017791
874,2,3,30,0.021736
874,2,4,46,0.035854
874,2,5,30,0.021736
874,2,6,30,0.021736
874,2,7,17,0.017791
874,2,8,30,0.021736
874,2,9,30,0.021736
874,2,10,34,0.025225
874,2,11,22,0.020955
874,2,12,31,0.022547
874,2,13,30,0.021736
874,2,14,18,0.01844
874,2,15,17,0.017791
874,2,16,17,0.017791
874,2,17,30,0.021736
874,2,18,17,0.017791
874,2,19,18,0.01844
874,2,20,30,0.021736
874,2,21,30,0.021736
874,2,22,17,0.017791
874,2,23,18,0.01844
874,2,24,30,0.021736
874,2,25,30,0.021736
874,2,26,30,0.021736
874,2,27,30,0.021736
874,2,28,46,0.035854
874,2,29,31,0.022547
874,2,30,30,0.021736
874,2,31,17,0.017791
874,2,32,30,0.021736
874,2,33,30,0.021736
874,2,34,30,0.021736
874,2,35,31,0.022547
874,2,36,17,0.017791
874,2,37,31,0.022547
874,2,38,30,0.021736
874,2,39,17,0.017791
874,2,40,30,0.021736
874,2,41,30,0.021736
874,2,42,31,0.022547
874,2,43,18,0.01844
874,2,44,17,0.017791
874,2,45,30,0.021736
874,2,46,30,0.021736
875,2,0,6,0.142857
875,2,1,6,0.142857
875,2,2,6,0.142857
875,2,3,6,0.142857
875,2,4,6,0.142857
875,2,5,6,0.142857
875,2,6,6,0.142857
876,2,0,8,0.111111
876,2,1,8,0.111111
876,2,2,8,0.111111
876,2,3,8,0.111111
876,2,4,8,0.111111
876,2,5,8,0.111111
876,2,6,8,0.111111
876,2,7,8,0.111111
876,2,8,8,0.111111
877,2,0,6,0.142857
877,2,1,6,0.142857
877,2,2,6,0.142857
877,2,3,6,0.142857
877,2,4,6,0.142857
877,2,5,6,0.142857
877,2,6,6,0.142857
878,2,0,6,0.142857
878,2,1,6,0.142857
878,2,2,6,0.142857
878,2,3,6,0.142857
878,2,4,6,0.142857
878,2,5,6,0.142857
878,2,6,6,0.142857
879,2,0,5,0.131909
879,2,1,5,0.131909
879,2,2,5,0.131909
879,2,3,5,0.131909
879,2,4,7,0.193403
879,2,5,2,0.073527
879,2,6,2,0.073527
879,2,7,5,0.131909
880,2,0,17,0.055556
880,2,1,17,0.055556
880,2,2,17,0.055556
880,2,3,17,0.055556
880,2,4,17,0.055556
880,2,5,17,0.055556
880,2,6,17,0.055556
880,2,7,17,0.055556
880,2,8,17,0.055556
880,2,9,17,0.055556
880,2,10,17,0.055556
880,2,11,17,0.055556
880,2,12,17,0.055556
880,2,13,17,0.055556
880,2,14,17,0.055556
880,2,15,17,0.055556
880,2,16,17,0.055556
880,2,17,17,0.055556
881,2,0,6,0.142857
881,2,1,6,0.142857
881,2,2,6,0.142857
881,2,3,6,0.142857
881,2,4,6,0.142857
881,2,5,6,0.142857
881,2,6,6,0.142857
882,2,0,17,0.055556
882,2,1,17,0.055556
882,2,2,17,0.055556
882,2,3,17,0.055556
882,2,4,17,0.055556
882,2,5,17,0.055556
882,2,6,17,0.055556
882,2,7,17,0.055556
882,2,8,17,0.055556
882,2,9,17,0.055556
882,2,10,17,0.055556
882,2,11,17,0.055556
882,2,12,17,0.055556
882,2,13,17,0.055556
882,2,14,17,0.055556
882,2,15,17,0.055556
882,2,16,17,0.055556
882,2,17,17,0.055556
883,2,0,5,0.103528
883,2,1,5,0.103528
883,2,2,5,0.103528
883,2,3,4,0.088352
883,2,4,4,0.088352
883,2,5,8,0.160415
883,2,6,5,0.103528
883,2,7,8,0.160415
883,2,8,4,0.088352
884,2,0,11,0.083333
884,2,1,11,0.083333
884,2,2,11,0.083333
884,2,3,11,0.083333
884,2,4,11,0.083333
884,2,5,11,0.083333
884,2,6,11,0.083333
884,2,7,11,0.083333
884,2,8,11,0.083333
884,2,9,11,0.083333
884,2,10,11,0.083333
884,2,11,11,0.083333
885,2,0,6,0.072152
885,2,1,6,0.072152
885,2,2,6,0.072152
885,2,3,6,0.072152
885,2,4,6,0.072152
885,2,5,6,0.072152
885,2,6,6,0.072152
885,2,7,6,0.072152
885,2,8,6,0.072152
885,2,9,12,0.134171
885,2,10,6,0.072152
885,2,11,6,0.072152
885,2,12,6,0.072152
886,2,0,5,0.043143
886,2,1,4,0.038304
886,2,2,5,0.043143
886,2,3,20,0.157173
886,2,4,6,0.050727
886,2,5,5,0.043143
886,2,6,4,0.035332
886,2,7,5,0.043143
886,2,8,6,0.050727
886,2,9,4,0.038304
886,2,10,4,0.035332
886,2,11,4,0.038304
886,2,12,5,0.043143
886,2,13,5,0.043143
886,2,14,4,0.035332
886,2,15,4,0.038304
886,2,16,5,0.043143
886,2,17,5,0.043143
886,2,18,5,0.043143
886,2,19,5,0.043143
886,2,20,6,0.050727
887,2,0,9,0.01094
887,2,1,29,0.01552
887,2,2,30,0.015861
887,2,3,9,0.01094
887,2,4,30,0.015861
887,2,5,29,0.01552
887,2,6,30,0.015964
887,2,7,30,0.015861
887,2,8,30,0.015861
887,2,9,29,0.01552
887,2,10,50,0.024951
887,2,11,50,0.024951
887,2,12,30,0.015861
887,2,13,30,0.015861
887,2,14,29,0.01552
887,2,15,29,0.01552
887,2,16,29,0.01552
887,2,17,30,0.015861
887,2,18,30,0.015861
887,2,19,9,0.01094
887,2,20,29,0.01552
887,2,21,9,0.01094
887,2,22,30,0.015861
887,2,23,50,0.024951
887,2,24,29,0.01552
887,2,25,9,0.01094
887,2,26,9,0.01094
887,2,27,30,0.015861
887,2,28,50,0.024951
887,2,29,29,0.01552
887,2,30,30,0.015861
887,2,31,9,0.01094
887,2,32,58,0.033355
887,2,33,30,0.015861
887,2,34,29,0.01552
887,2,35,58,0.033355
887,2,36,30,0.015861
887,2,37,30,0.015861
887,2,38,30,0.015861
887,2,39,29,0.01552
887,2,40,30,0.015861
887,2,41,30,0.015964
887,2,42,30,0.015861
887,2,43,29,0.01552
887,2,44,33,0.01722
887,2,45,50,0.024951
887,2,46,29,0.01552
887,2,47,30,0.015861
887,2,48,50,0.024951
887,2,49,29,0.01552
887,2,50,30,0.015861
887,2,51,50,0.024951
887,2,52,50,0.024951
887,2,53,29,0.01552
887,2,54,29,0.01552
887,2,55,30,0.015861
887,2,56,29,0.01552
887,2,57,30,0.015964
887,2,58,9,0.01094
888,2,0,7,0.125
888,2,1,7,0.125
888,2,2,7,0.125
888,2,3,7,0.125
888,2,4,7,0.125
888,2,5,7,0.125
888,2,6,7,0.125
888,2,7,7,0.125
889,2,0,14,0.066667
889,2,1,14,0.066667
889,2,2,14,0.066667
889,2,3,14,0.066667
889,2,4,14,0.066667
889,2,5,14,0.066667
889,2,6,14,0.066667
889,2,7,14,0.066667
889,2,8,14,0.066667
889,2,9,14,0.066667
889,2,10,14,0.066667
889,2,11,14,0.066667
889,2,12,14,0.066667
889,2,13,14,0.066667
889,2,14,14,0.066667
890,2,0,5,0.097048
890,2,1,4,0.086031
890,2,2,5,0.097048
890,2,3,5,0.097048
890,2,4,9,0.170632
890,2,5,5,0.097048
890,2,6,5,0.097048
890,2,7,4,0.086031
890,2,8,4,0.086031
890,2,9,4,0.086031
891,2,0,6,0.142857
891,2,1,6,0.142857
891,2,2,6,0.142857
891,2,3,6,0.142857
891,2,4,6,0.142857
891,2,5,6,0.142857
891,2,6,6,0.142857
892,2,0,6,0.142857
892,2,1,6,0.142857
892,2,2,6,0.142857
892,2,3,6,0.142857
892,2,4,6,0.142857
892,2,5,6,0.142857
892,2,6,6,0.142857
893,2,0,6,0.046275
893,2,1,4,0.035066
893,2,2,5,0.039559
893,2,3,4,0.035066
893,2,4,5,0.039067
893,2,5,5,0.039559
893,2,6,19,0.135372
893,2,7,16,0.113014
893,2,8,5,0.039559
893,2,9,5,0.039167
893,2,10,6,0.046275
893,2,11,4,0.035066
893,2,12,5,0.039167
893,2,13,5,0.039559
893,2,14,5,0.039559
893,2,15,5,0.039559
893,2,16,8,0.05932
893,2,17,5,0.039167
893,2,18,8,0.06156
893,2,19,5,0.039067
894,2,0,9,0.068947
894,2,1,14,0.113811
894,2,2,5,0.053133
894,2,3,5,0.053133
894,2,4,9,0.068947
894,2,5,5,0.053133
894,2,6,5,0.053133
894,2,7,9,0.068947
894,2,8,9,0.068947
894,2,9,9,0.068947
894,2,10,9,0.068947
894,2,11,9,0.068947
894,2,12,9,0.068947
894,2,13,5,0.053133
894,2,14,9,0.068947
895,2,0,8,0.111111
895,2,1,8,0.111111
895,2,2,8,0.111111
895,2,3,8,0.111111
895,2,4,8,0.111111
895,2,5,8,0.111111
895,2,6,8,0.111111
895,2,7,8,0.111111
895,2,8,8,0.111111
896,2,0,10,0.156899
896,2,1,5,0.08431
896,2,2,5,0.08431
896,2,3,5,0.08431
896,2,4,5,0.08431
896,2,5,5,0.08431
896,2,6,5,0.08431
896,2,7,5,0.08431
896,2,8,5,0.08431
896,2,9,5,0.08431
896,2,10,5,0.08431
897,2,0,6,0.142857
897,2,1,6,0.142857
897,2,2,6,0.142857
897,2,3,6,0.142857
897,2,4,6,0.142857
897,2,5,6,0.142857
897,2,6,6,0.142857
898,2,0,11,0.083333
898,2,1,11,0.083333
898,2,2,11,0.083333
898,2,3,11,0.083333
898,2,4,11,0.083333
898,2,5,11,0.083333
898,2,6,11,0.083333
898,2,7,11,0.083333
898,2,8,11,0.083333
898,2,9,11,0.083333
898,2,10,11,0.083333
898,2,11,11,0.083333
899,2,0,14,0.066667
899,2,1,14,0.066667
899,2,2,14,0.066667
899,2,3,14,0.066667
899,2,4,14,0.066667
899,2,5,14,0.066667
899,2,6,14,0.066667
899,2,7,14,0.066667
899,2,8,14,0.066667
899,2,9,14,0.066667
899,2,10,14,0.066667
899,2,11,14,0.066667
899,2,12,14,0.066667
899,2,13,14,0.066667
899,2,14,14,0.066667
900,2,0,29,0.033333
900,2,1,29,0.033333
900,2,2,29,0.033333
900,2,3,29,0.033333
900,2,4,29,0.033333
900,2,5,29,0.033333
900,2,6,29,0.033333
900,2,7,29,0.033333
900,2,8,29,0.033333
900,2,9,29,0.033333
900,2,10,29,0.033333
900,2,11,29,0.033333
900,2,12,29,0.033333
900,2,13,29,0.033333
900,2,14,29,0.033333
900,2,15,29,0.033333
900,2,16,29,0.033333
900,2,17,29,0.033333
900,2,18,29,0.033333
900,2,19,29,0.033333
900,2,20,29,0.033333
900,2,21,29,0.033333
900,2,22,29,0.033333
900,2,23,29,0.033333
900,2,24,29,0.033333
900,2,25,29,0.033333
900,2,26,29,0.033333
900,2,27,29,0.033333
900,2,28,29,0.033333
900,2,29,29,0.033333
901,2,0,9,0.1
901,2,1,9,0.1
901,2,2,9,0.1
901,2,3,9,0.1
901,2,4,9,0.1
901,2,5,9,0.1
901,2,6,9,0.1
901,2,7,9,0.1
901,2,8,9,0.1
901,2,9,9,0.1
902,2,0,9,0.170632
902,2,1,5,0.097048
902,2,2,5,0.097048
902,2,3,4,0.086031
902,2,4,4,0.086031
902,2,5,5,0.097048
902,2,6,5,0.097048
902,2,7,4,0.086031
902,2,8,4,0.086031
902,2,9,5,0.097048
903,2,0,6,0.104227
903,2,1,3,0.070391
903,2,2,6,0.104227
903,2,3,6,0.104227
903,2,4,9,0.163462
903,2,5,3,0.070391
903,2,6,6,0.104227
903,2,7,6,0.104227
903,2,8,3,0.070391
903,2,9,6,0.104227
904,2,0,5,0.051725
904,2,1,6,0.056347
904,2,2,5,0.051725
904,2,3,5,0.051725
904,2,4,5,0.051725
904,2,5,16,0.144666
904,2,6,5,0.051725
904,2,7,6,0.056347
904,2,8,5,0.051725
904,2,9,6,0.056347
904,2,10,5,0.051725
904,2,11,5,0.051725
904,2,12,6,0.056347
904,2,13,5,0.051725
904,2,14,6,0.056347
904,2,15,5,0.051725
904,2,16,6,0.056347
905,2,0,14,0.019024
905,2,1,29,0.024088
905,2,2,14,0.019024
905,2,3,29,0.024088
905,2,4,14,0.019024
905,2,5,42,0.039112
905,2,6,29,0.024088
905,2,7,14,0.019024
905,2,8,29,0.024088
905,2,9,29,0.024088
905,2,10,29,0.024088
905,2,11,29,0.024088
905,2,12,14,0.019024
905,2,13,29,0.024088
905,2,14,29,0.024088
905,2,15,14,0.019024
905,2,16,29,0.024088
905,2,17,14,0.019024
905,2,18,29,0.024088
905,2,19,14,0.019024
905,2,20,29,0.024088
905,2,21,14,0.019024
905,2,22,29,0.024088
905,2,23,29,0.024088
905,2,24,14,0.019024
905,2,25,29,0.024088
905,2,26,14,0.019024
905,2,27,14,0.019024
905,2,28,29,0.024088
905,2,29,29,0.024088
905,2,30,29,0.024088
905,2,31,29,0.024088
905,2,32,29,0.024088
905,2,33,29,0.024088
905,2,34,29,0.024088
905,2,35,42,0.039112
905,2,36,29,0.024088
905,2,37,29,0.024088
905,2,38,29,0.024088
905,2,39,29,0.024088
905,2,40,14,0.019024
905,2,41,29,0.024088
905,2,42,29,0.024088
906,2,0,4,0.121443
906,2,1,3,0.101879
906,2,2,7,0.20859
906,2,3,4,0.121443
906,2,4,3,0.101879
906,2,5,3,0.101879
906,2,6,4,0.121443
906,2,7,4,0.121443
907,2,0,6,0.142857
907,2,1,6,0.142857
907,2,2,6,0.142857
907,2,3,6,0.142857
907,2,4,6,0.142857
907,2,5,6,0.142857
907,2,6,6,0.142857
908,2,0,7,0.085852
908,2,1,7,0.085852
908,2,2,7,0.085852
908,2,3,11,0.140458
908,2,4,4,0.064644
908,2,5,4,0.064644
908,2,6,4,0.064644
908,2,7,4,0.064644
908,2,8,7,0.085852
908,2,9,7,0.085852
908,2,10,7,0.085852
908,2,11,7,0.085852
909,2,0,3,0.085289
909,2,1,9,0.232399
909,2,2,3,0.085289
909,2,3,3,0.085289
909,2,4,3,0.085289
909,2,5,3,0.085289
909,2,6,3,0.085289
909,2,7,3,0.085289
909,2,8,3,0.085289
909,2,9,3,0.085289
910,2,0,6,0.142857
910,2,1,6,0.142857
910,2,2,6,0.142857
910,2,3,6,0.142857
910,2,4,6,0.142857
910,2,5,6,0.142857
910,2,6,6,0.142857
911,2,0,6,0.142857
911,2,1,6,0.142857
911,2,2,6,0.142857
911,2,3,6,0.142857
911,2,4,6,0.142857
911,2,5,6,0.142857
911,2,6,6,0.142857
912,2,0,5,0.097048
912,2,1,5,0.097048
912,2,2,5,0.097048
912,2,3,4,0.086031
912,2,4,5,0.097048
912,2,5,4,0.086031
912,2,6,4,0.086031
912,2,7,5,0.097048
912,2,8,9,0.170632
912,2,9,4,0.086031
913,2,0,7,0.125
913,2,1,7,0.125
913,2,2,7,0.125
913,2,3,7,0.125
913,2,4,7,0.125
913,2,5,7,0.125
913,2,6,7,0.125
913,2,7,7,0.125
914,2,0,6,0.142857
914,2,1,6,0.142857
914,2,2,6,0.142857
914,2,3,6,0.142857
914,2,4,6,0.142857
914,2,5,6,0.142857
914,2,6,6,0.142857
915,2,0,5,0.08431
915,2,1,10,0.156899
915,2,2,5,0.08431
915,2,3,5,0.08431
915,2,4,5,0.08431
915,2,5,5,0.08431
915,2,6,5,0.08431
915,2,7,5,0.08431
915,2,8,5,0.08431
915,2,9,5,0.08431
915,2,10,5,0.08431
916,2,0,4,0.023369
916,2,1,6,0.02847
916,2,2,5,0.026239
916,2,3,5,0.026239
916,2,4,4,0.023369
916,2,5,6,0.02847
916,2,6,6,0.02847
916,2,7,4,0.023369
916,2,8,5,0.026239
916,2,9,4,0.023369
916,2,10,4,0.023369
916,2,11,6,0.02847
916,2,12,5,0.026239
916,2,13,4,0.023369
916,2,14,5,0.026239
916,2,15,5,0.026239
916,2,16,4,0.023369
916,2,17,5,0.026239
916,2,18,5,0.026239
916,2,19,5,0.026239
916,2,20,4,0.023369
916,2,21,4,0.023369
916,2,22,5,0.026239
916,2,23,5,0.026239
916,2,24,5,0.026239
916,2,25,5,0.026239
916,2,26,4,0.023369
916,2,27,6,0.02847
916,2,28,4,0.023369
916,2,29,6,0.02847
916,2,30,4,0.023369
916,2,31,5,0.026239
916,2,32,5,0.026239
916,2,33,33,0.155165
917,2,0,5,0.112977
917,2,1,3,0.083736
917,2,2,5,0.112977
917,2,3,3,0.083736
917,2,4,8,0.183907
917,2,5,5,0.112977
917,2,6,5,0.112977
917,2,7,5,0.112977
917,2,8,3,0.083736
918,2,0,9,0.170632
918,2,1,4,0.086031
918,2,2,5,0.097048
918,2,3,5,0.097048
918,2,4,5,0.097048
918,2,5,5,0.097048
918,2,6,5,0.097048
918,2,7,4,0.086031
918,2,8,4,0.086031
918,2,9,4,0.086031
919,2,0,7,0.125
919,2,1,7,0.125
919,2,2,7,0.125
919,2,3,7,0.125
919,2,4,7,0.125
919,2,5,7,0.125
919,2,6,7,0.125
919,2,7,7,0.125
920,2,0,29,0.017341
920,2,1,30,0.017675
920,2,2,30,0.017675
920,2,3,29,0.017341
920,2,4,30,0.017838
920,2,5,30,0.017675
920,2,6,30,0.017675
920,2,7,29,0.017341
920,2,8,50,0.0279
920,2,9,50,0.0279
920,2,10,30,0.017675
920,2,11,30,0.017675
920,2,12,29,0.017341
920,2,13,29,0.017341
920,2,14,29,0.017341
920,2,15,30,0.017675
920,2,16,30,0.017675
920,2,17,29,0.017341
920,2,18,30,0.017675
920,2,19,50,0.0279
920,2,20,29,0.017341
920,2,21,30,0.017675
920,2,22,50,0.0279
920,2,23,29,0.017341
920,2,24,30,0.017675
920,2,25,50,0.0279
920,2,26,30,0.017675
920,2,27,29,0.017341
920,2,28,50,0.0279
920,2,29,30,0.017675
920,2,30,30,0.017675
920,2,31,30,0.017675
920,2,32,29,0.017341
920,2,33,30,0.017675
920,2,34,30,0.017838
920,2,35,30,0.017675
920,2,36,29,0.017341
920,2,37,33,0.019203
920,2,38,50,0.0279
920,2,39,29,0.017341
920,2,40,30,0.017675
920,2,41,50,0.0279
920,2,42,29,0.017341
920,2,43,30,0.017675
920,2,44,50,0.0279
920,2,45,50,0.0279
920,2,46,29,0.017341
920,2,47,29,0.017341
920,2,48,30,0.017675
920,2,49,29,0.017341
920,2,50,30,0.017838
921,2,0,4,0.073986
921,2,1,6,0.091607
921,2,2,4,0.073986
921,2,3,10,0.154411
921,2,4,6,0.091607
921,2,5,4,0.073986
921,2,6,6,0.091607
921,2,7,4,0.073986
921,2,8,6,0.091607
921,2,9,6,0.091607
921,2,10,6,0.091607
922,2,0,6,0.142857
922,2,1,6,0.142857
922,2,2,6,0.142857
922,2,3,6,0.142857
922,2,4,6,0.142857
922,2,5,6,0.142857
922,2,6,6,0.142857
923,2,0,4,0.10137
923,2,1,4,0.10137
923,2,2,4,0.10137
923,2,3,4,0.10137
923,2,4,4,0.10137
923,2,5,4,0.10137
923,2,6,4,0.10137
923,2,7,4,0.10137
923,2,8,8,0.189037
924,2,0,31,0.03125
924,2,1,31,0.03125
924,2,2,31,0.03125
924,2,3,31,0.03125
924,2,4,31,0.03125
924,2,5,31,0.03125
924,2,6,31,0.03125
924,2,7,31,0.03125
924,2,8,31,0.03125
924,2,9,31,0.03125
924,2,10,31,0.03125
924,2,11,31,0.03125
924,2,12,31,0.03125
924,2,13,31,0.03125
924,2,14,31,0.03125
924,2,15,31,0.03125
924,2,16,31,0.03125
924,2,17,31,0.03125
924,2,18,31,0.03125
924,2,19,31,0.03125
924,2,20,31,0.03125
924,2,21,31,0.03125
924,2,22,31,0.03125
924,2,23,31,0.03125
924,2,24,31,0.03125
924,2,25,31,0.03125
924,2,26,31,0.03125
924,2,27,31,0.03125
924,2,28,31,0.03125
924,2,29,31,0.03125
924,2,30,31,0.03125
924,2,31,31,0.03125
925,2,0,5,0.074085
925,2,1,5,0.074085
925,2,2,5,0.074085
925,2,3,11,0.144239
925,2,4,5,0.074085
925,2,5,6,0.08089
925,2,6,6,0.08089
925,2,7,6,0.08089
925,2,8,6,0.08089
925,2,9,5,0.074085
925,2,10,6,0.08089
925,2,11,6,0.08089
926,2,0,5,0.094745
926,2,1,8,0.143844
926,2,2,5,0.094745
926,2,3,5,0.094745
926,2,4,5,0.094745
926,2,5,5,0.094745
926,2,6,8,0.143844
926,2,7,8,0.143844
926,2,8,5,0.094745
927,2,0,6,0.142857
927,2,1,6,0.142857
927,2,2,6,0.142857
927,2,3,6,0.142857
927,2,4,6,0.142857
927,2,5,6,0.142857
927,2,6,6,0.142857
928,2,0,8,0.111111
928,2,1,8,0.111111
928,2,2,8,0.111111
928,2,3,8,0.111111
928,2,4,8,0.111111
928,2,5,8,0.111111
928,2,6,8,0.111111
928,2,7,8,0.111111
928,2,8,8,0.111111
929,2,0,6,0.142857
929,2,1,6,0.142857
929,2,2,6,0.142857
929,2,3,6,0.142857
929,2,4,6,0.142857
929,2,5,6,0.142857
929,2,6,6,0.142857
930,2,0,5,0.100294
930,2,1,5,0.100294
930,2,2,6,0.118019
930,2,3,5,0.100294
930,2,4,4,0.084957
930,2,5,8,0.154429
930,2,6,8,0.154429
930,2,7,4,0.084957
930,2,8,5,0.102327
931,2,0,6,0.142857
931,2,1,6,0.142857
931,2,2,6,0.142857
931,2,3,6,0.142857
931,2,4,6,0.142857
931,2,5,6,0.142857
931,2,6,6,0.142857
932,2,0,4,0.046675
932,2,1,5,0.052528
932,2,2,4,0.046675
932,2,3,17,0.170621
932,2,4,5,0.052528
932,2,5,5,0.052528
932,2,6,5,0.052528
932,2,7,5,0.052528
932,2,8,5,0.052528
932,2,9,5,0.052528
932,2,10,5,0.052528
932,2,11,5,0.052528
932,2,12,5,0.052528
932,2,13,3,0.039131
932,2,14,3,0.039131
932,2,15,3,0.039131
932,2,16,4,0.046675
932,2,17,4,0.046675
933,2,0,6,0.142857
933,2,1,6,0.142857
933,2,2,6,0.142857
933,2,3,6,0.142857
933,2,4,6,0.142857
933,2,5,6,0.142857
933,2,6,6,0.142857
934,2,0,8,0.111111
934,2,1,8,0.111111
934,2,2,8,0.111111
934,2,3,8,0.111111
934,2,4,8,0.111111
934,2,5,8,0.111111
934,2,6,8,0.111111
934,2,7,8,0.111111
934,2,8,8,0.111111
935,2,0,6,0.142857
935,2,1,6,0.142857
935,2,2,6,0.142857
935,2,3,6,0.142857
935,2,4,6,0.142857
935,2,5,6,0.142857
935,2,6,6,0.142857
936,2,0,7,0.125
936,2,1,7,0.125
936,2,2,7,0.125
936,2,3,7,0.125
936,2,4,7,0.125
936,2,5,7,0.125
936,2,6,7,0.125
936,2,7,7,0.125
937,2,0,16,0.058824
937,2,1,16,0.058824
937,2,2,16,0.058824
937,2,3,16,0.058824
937,2,4,16,0.058824
937,2,5,16,0.058824
937,2,6,16,0.058824
937,2,7,16,0.058824
937,2,8,16,0.058824
937,2,9,16,0.058824
937,2,10,16,0.058824
937,2,11,16,0.058824
937,2,12,16,0.058824
937,2,13,16,0.058824
937,2,14,16,0.058824
937,2,15,16,0.058824
937,2,16,16,0.058824
938,2,0,4,0.086031
938,2,1,9,0.170632
938,2,2,5,0.097048
938,2,3,5,0.097048
938,2,4,4,0.086031
938,2,5,5,0.097048
938,2,6,5,0.097048
938,2,7,4,0.086031
938,2,8,5,0.097048
938,2,9,4,0.086031
939,2,0,17,0.127869
939,2,1,5,0.045191
939,2,2,8,0.05724
939,2,3,4,0.039186
939,2,4,6,0.053126
939,2,5,6,0.053126
939,2,6,8,0.05724
939,2,7,8,0.05724
939,2,8,8,0.05724
939,2,9,4,0.039186
939,2,10,8,0.05724
939,2,11,6,0.054822
939,2,12,5,0.045191
939,2,13,8,0.05724
939,2,14,4,0.039186
939,2,15,8,0.05724
939,2,16,5,0.045191
939,2,17,8,0.05724
940,2,0,5,0.087857
940,2,1,9,0.148571
940,2,2,5,0.087857
940,2,3,5,0.087857
940,2,4,5,0.087857
940,2,5,9,0.148571
940,2,6,5,0.087857
940,2,7,5,0.087857
940,2,8,5,0.087857
940,2,9,5,0.087857
941,2,0,17,0.019888
941,2,1,16,0.019501
941,2,2,14,0.019766
941,2,3,22,0.024981
941,2,4,16,0.019501
941,2,5,16,0.019501
941,2,6,17,0.019888
941,2,7,18,0.021445
941,2,8,47,0.053253
941,2,9,18,0.021445
941,2,10,16,0.019501
941,2,11,14,0.019766
941,2,12,17,0.019888
941,2,13,14,0.019766
941,2,14,17,0.019888
941,2,15,14,0.019766
941,2,16,17,0.019888
941,2,17,14,0.019766
941,2,18,14,0.019766
941,2,19,17,0.019888
941,2,20,14,0.019766
941,2,21,16,0.019501
941,2,22,17,0.019888
941,2,23,16,0.019501
941,2,24,14,0.019766
941,2,25,17,0.019888
941,2,26,17,0.019888
941,2,27,14,0.019766
941,2,28,22,0.024981
941,2,29,14,0.019766
941,2,30,14,0.019766
941,2,31,14,0.019766
941,2,32,17,0.019888
941,2,33,17,0.019888
941,2,34,16,0.019501
941,2,35,16,0.019501
941,2,36,17,0.019888
941,2,37,16,0.019501
941,2,38,14,0.019766
941,2,39,16,0.019501
941,2,40,18,0.021445
941,2,41,18,0.021445
941,2,42,14,0.019766
941,2,43,18,0.021445
941,2,44,17,0.019888
941,2,45,17,0.019888
941,2,46,17,0.019888
941,2,47,16,0.019501
942,2,0,4,0.035752
942,2,1,4,0.035752
942,2,2,18,0.11863
942,2,3,10,0.057629
942,2,4,11,0.064569
942,2,5,10,0.057629
942,2,6,4,0.037392
942,2,7,10,0.057629
942,2,8,4,0.035752
942,2,9,5,0.041314
942,2,10,10,0.057629
942,2,11,4,0.037392
942,2,12,4,0.037392
942,2,13,4,0.037392
942,2,14,10,0.057629
942,2,15,10,0.057629
942,2,16,10,0.057629
942,2,17,10,0.057629
942,2,18,10,0.057629
943,2,0,17,0.055556
943,2,1,17,0.055556
943,2,2,17,0.055556
943,2,3,17,0.055556
943,2,4,17,0.055556
943,2,5,17,0.055556
943,2,6,17,0.055556
943,2,7,17,0.055556
943,2,8,17,0.055556
943,2,9,17,0.055556
943,2,10,17,0.055556
943,2,11,17,0.055556
943,2,12,17,0.055556
943,2,13,17,0.055556
943,2,14,17,0.055556
943,2,15,17,0.055556
943,2,16,17,0.055556
943,2,17,17,0.055556
944,2,0,8,0.111111
944,2,1,8,0.111111
944,2,2,8,0.111111
944,2,3,8,0.111111
944,2,4,8,0.111111
944,2,5,8,0.111111
944,2,6,8,0.111111
944,2,7,8,0.111111
944,2,8,8,0.111111
945,2,0,5,0.08431
945,2,1,5,0.08431
945,2,2,5,0.08431
945,2,3,5,0.08431
945,2,4,5,0.08431
945,2,5,5,0.08431
945,2,6,5,0.08431
945,2,7,5,0.08431
945,2,8,5,0.08431
945,2,9,5,0.08431
945,2,10,10,0.156899
946,2,0,29,0.017341
946,2,1,30,0.017675
946,2,2,30,0.017675
946,2,3,29,0.017341
946,2,4,30,0.017838
946,2,5,30,0.017675
946,2,6,30,0.017675
946,2,7,29,0.017341
946,2,8,50,0.0279
946,2,9,30,0.017675
946,2,10,30,0.017675
946,2,11,30,0.017675
946,2,12,29,0.017341
946,2,13,29,0.017341
946,2,14,29,0.017341
946,2,15,30,0.017675
946,2,16,30,0.017675
946,2,17,29,0.017341
946,2,18,30,0.017675
946,2,19,50,0.0279
946,2,20,29,0.017341
946,2,21,30,0.017675
946,2,22,50,0.0279
946,2,23,29,0.017341
946,2,24,30,0.017675
946,2,25,50,0.0279
946,2,26,30,0.017675
946,2,27,29,0.017341
946,2,28,50,0.0279
946,2,29,30,0.017675
946,2,30,30,0.017675
946,2,31,50,0.0279
946,2,32,29,0.017341
946,2,33,30,0.017675
946,2,34,30,0.017838
946,2,35,30,0.017675
946,2,36,29,0.017341
946,2,37,33,0.019203
946,2,38,50,0.0279
946,2,39,29,0.017341
946,2,40,30,0.017675
946,2,41,50,0.0279
946,2,42,29,0.017341
946,2,43,30,0.017675
946,2,44,50,0.0279
946,2,45,50,0.0279
946,2,46,29,0.017341
946,2,47,29,0.017341
946,2,48,30,0.017675
946,2,49,29,0.017341
946,2,50,30,0.017838
947,2,0,5,0.08431
947,2,1,5,0.08431
947,2,2,5,0.08431
947,2,3,5,0.08431
947,2,4,5,0.08431
947,2,5,10,0.156899
947,2,6,5,0.08431
947,2,7,5,0.08431
947,2,8,5,0.08431
947,2,9,5,0.08431
947,2,10,5,0.08431
948,2,0,5,0.097048
948,2,1,4,0.086031
948,2,2,5,0.097048
948,2,3,5,0.097048
948,2,4,4,0.086031
948,2,5,5,0.097048
948,2,6,4,0.086031
948,2,7,9,0.170632
948,2,8,4,0.086031
948,2,9,5,0.097048
949,2,0,6,0.142857
949,2,1,6,0.142857
949,2,2,6,0.142857
949,2,3,6,0.142857
949,2,4,6,0.142857
949,2,5,6,0.142857
949,2,6,6,0.142857
950,2,0,5,0.050609
950,2,1,9,0.072887
950,2,2,5,0.050609
950,2,3,13,0.107236
950,2,4,13,0.107236
950,2,5,9,0.072887
950,2,6,5,0.050609
950,2,7,9,0.072887
950,2,8,9,0.072887
950,2,9,9,0.072887
950,2,10,9,0.072887
950,2,11,9,0.072887
950,2,12,9,0.072887
950,2,13,5,0.050609
951,2,0,6,0.045492
951,2,1,6,0.045492
951,2,2,5,0.040948
951,2,3,6,0.045492
951,2,4,5,0.040948
951,2,5,20,0.145082
951,2,6,6,0.045158
951,2,7,6,0.045158
951,2,8,6,0.045492
951,2,9,6,0.045492
951,2,10,6,0.045158
951,2,11,6,0.045492
951,2,12,3,0.030976
951,2,13,3,0.030976
951,2,14,3,0.030976
951,2,15,6,0.045158
951,2,16,6,0.047486
951,2,17,5,0.040948
951,2,18,7,0.051973
951,2,19,5,0.040948
951,2,20,6,0.045158
952,2,0,6,0.164138
952,2,1,4,0.114483
952,2,2,4,0.114483
952,2,3,6,0.164138
952,2,4,4,0.114483
952,2,5,6,0.164138
952,2,6,6,0.164138
953,2,0,5,0.042651
953,2,1,18,0.119449
953,2,2,8,0.052153
953,2,3,6,0.043791
953,2,4,8,0.052153
953,2,5,13,0.083265
953,2,6,6,0.043791
953,2,7,5,0.042651
953,2,8,5,0.042651
953,2,9,5,0.042651
953,2,10,8,0.052153
953,2,11,8,0.052153
953,2,12,6,0.043791
953,2,13,5,0.042651
953,2,14,6,0.043791
953,2,15,8,0.052153
953,2,16,8,0.052153
953,2,17,6,0.043791
953,2,18,8,0.052153
954,2,0,8,0.072918
954,2,1,8,0.072918
954,2,2,5,0.058792
954,2,3,8,0.072918
954,2,4,13,0.122698
954,2,5,5,0.058792
954,2,6,8,0.072918
954,2,7,5,0.058792
954,2,8,8,0.072918
954,2,9,5,0.058792
954,2,10,8,0.072918
954,2,11,8,0.072918
954,2,12,8,0.072918
954,2,13,5,0.058792
955,2,0,6,0.142857
955,2,1,6,0.142857
955,2,2,6,0.142857
955,2,3,6,0.142857
955,2,4,6,0.142857
955,2,5,6,0.142857
955,2,6,6,0.142857
956,2,0,17,0.048295
956,2,1,17,0.048295
956,2,2,17,0.048295
956,2,3,4,0.027015
956,2,4,17,0.048295
956,2,5,4,0.027015
956,2,6,17,0.048295
956,2,7,4,0.027015
956,2,8,17,0.048295
956,2,9,17,0.048295
956,2,10,17,0.048295
956,2,11,17,0.048295
956,2,12,17,0.048295
956,2,13,17,0.048295
956,2,14,17,0.048295
956,2,15,4,0.027015
956,2,16,17,0.048295
956,2,17,17,0.048295
956,2,18,17,0.048295
956,2,19,17,0.048295
956,2,20,21,0.070925
956,2,21,17,0.048295
957,2,0,5,0.074085
957,2,1,11,0.144239
957,2,2,5,0.074085
957,2,3,6,0.08089
957,2,4,6,0.08089
957,2,5,6,0.08089
957,2,6,5,0.074085
957,2,7,6,0.08089
957,2,8,5,0.074085
957,2,9,6,0.08089
957,2,10,5,0.074085
957,2,11,6,0.08089
958,2,0,3,0.029816
958,2,1,5,0.03948
958,2,2,5,0.039857
958,2,3,5,0.039857
958,2,4,4,0.034574
958,2,5,5,0.039857
958,2,6,5,0.03948
958,2,7,6,0.04664
958,2,8,5,0.039857
958,2,9,5,0.039857
958,2,10,5,0.041471
958,2,11,5,0.039857
958,2,12,5,0.03948
958,2,13,4,0.034574
958,2,14,5,0.039857
958,2,15,5,0.039857
958,2,16,3,0.029816
958,2,17,5,0.039857
958,2,18,4,0.034574
958,2,19,22,0.162226
958,2,20,5,0.039857
958,2,21,5,0.03948
958,2,22,3,0.029816
959,2,0,7,0.125
959,2,1,7,0.125
959,2,2,7,0.125
959,2,3,7,0.125
959,2,4,7,0.125
959,2,5,7,0.125
959,2,6,7,0.125
959,2,7,7,0.125
960,2,0,6,0.172768
960,2,1,4,0.120424
960,2,2,6,0.172768
960,2,3,4,0.120424
960,2,4,6,0.172768
960,2,5,4,0.120424
960,2,6,4,0.120424
961,2,0,8,0.069493
961,2,1,8,0.069493
961,2,2,4,0.049357
961,2,3,8,0.069493
961,2,4,14,0.128692
961,2,5,8,0.069493
961,2,6,8,0.069493
961,2,7,4,0.049357
961,2,8,4,0.0414
961,2,9,4,0.0414
961,2,10,4,0.049357
961,2,11,10,0.087063
961,2,12,8,0.069493
961,2,13,4,0.049357
961,2,14,10,0.087063
962,2,0,4,0.073781
962,2,1,6,0.09774
962,2,2,9,0.144977
962,2,3,6,0.09774
962,2,4,6,0.09774
962,2,5,9,0.144977
962,2,6,4,0.073781
962,2,7,6,0.09774
962,2,8,4,0.073781
962,2,9,6,0.09774
963,2,0,17,0.055556
963,2,1,17,0.055556
963,2,2,17,0.055556
963,2,3,17,0.055556
963,2,4,17,0.055556
963,2,5,17,0.055556
963,2,6,17,0.055556
963,2,7,17,0.055556
963,2,8,17,0.055556
963,2,9,17,0.055556
963,2,10,17,0.055556
963,2,11,17,0.055556
963,2,12,17,0.055556
963,2,13,17,0.055556
963,2,14,17,0.055556
963,2,15,17,0.055556
963,2,16,17,0.055556
963,2,17,17,0.055556
964,2,0,6,0.142857
964,2,1,6,0.142857
964,2,2,6,0.142857
964,2,3,6,0.142857
964,2,4,6,0.142857
964,2,5,6,0.142857
964,2,6,6,0.142857
965,2,0,6,0.08089
965,2,1,5,0.074085
965,2,2,5,0.074085
965,2,3,11,0.144239
965,2,4,6,0.08089
965,2,5,5,0.074085
965,2,6,6,0.08089
965,2,7,5,0.074085
965,2,8,6,0.08089
965,2,9,5,0.074085
965,2,10,6,0.08089
965,2,11,6,0.08089
966,2,0,5,0.097048
966,2,1,9,0.170632
966,2,2,4,0.086031
966,2,3,5,0.097048
966,2,4,4,0.086031
966,2,5,4,0.086031
966,2,6,4,0.086031
966,2,7,5,0.097048
966,2,8,5,0.097048
966,2,9,5,0.097048
967,2,0,6,0.142857
967,2,1,6,0.142857
967,2,2,6,0.142857
967,2,3,6,0.142857
967,2,4,6,0.142857
967,2,5,6,0.142857
967,2,6,6,0.142857
968,2,0,6,0.142857
968,2,1,6,0.142857
968,2,2,6,0.142857
968,2,3,6,0.142857
968,2,4,6,0.142857
968,2,5,6,0.142857
968,2,6,6,0.142857
969,2,0,6,0.142857
969,2,1,6,0.142857
969,2,2,6,0.142857
969,2,3,6,0.142857
969,2,4,6,0.142857
969,2,5,6,0.142857
969,2,6,6,0.142857
970,2,0,3,0.083736
970,2,1,5,0.112977
970,2,2,5,0.112977
970,2,3,3,0.083736
970,2,4,5,0.112977
970,2,5,3,0.083736
970,2,6,5,0.112977
970,2,7,8,0.183907
970,2,8,5,0.112977
971,2,0,31,0.03125
971,2,1,31,0.03125
971,2,2,31,0.03125
971,2,3,31,0.03125
971,2,4,31,0.03125
971,2,5,31,0.03125
971,2,6,31,0.03125
971,2,7,31,0.03125
971,2,8,31,0.03125
971,2,9,31,0.03125
971,2,10,31,0.03125
971,2,11,31,0.03125
971,2,12,31,0.03125
971,2,13,31,0.03125
971,2,14,31,0.03125
971,2,15,31,0.03125
971,2,16,31,0.03125
971,2,17,31,0.03125
971,2,18,31,0.03125
971,2,19,31,0.03125
971,2,20,31,0.03125
971,2,21,31,0.03125
971,2,22,31,0.03125
971,2,23,31,0.03125
971,2,24,31,0.03125
971,2,25,31,0.03125
971,2,26,31,0.03125
971,2,27,31,0.03125
971,2,28,31,0.03125
971,2,29,31,0.03125
971,2,30,31,0.03125
971,2,31,31,0.03125
972,2,0,8,0.111111
972,2,1,8,0.111111
972,2,2,8,0.111111
972,2,3,8,0.111111
972,2,4,8,0.111111
972,2,5,8,0.111111
972,2,6,8,0.111111
972,2,7,8,0.111111
972,2,8,8,0.111111
973,2,0,6,0.091607
973,2,1,4,0.073986
973,2,2,4,0.073986
973,2,3,6,0.091607
973,2,4,6,0.091607
973,2,5,10,0.154411
973,2,6,4,0.073986
973,2,7,6,0.091607
973,2,8,4,0.073986
973,2,9,6,0.091607
973,2,10,6,0.091607
974,2,0,4,0.076347
974,2,1,4,0.076347
974,2,2,4,0.076347
974,2,3,4,0.076347
974,2,4,3,0.064132
974,2,5,4,0.076347
974,2,6,4,0.076347
974,2,7,4,0.076347
974,2,8,3,0.064132
974,2,9,11,0.196829
974,2,10,3,0.064132
974,2,11,4,0.076347
975,2,0,5,0.065706
975,2,1,5,0.065706
975,2,2,7,0.07695
975,2,3,7,0.07695
975,2,4,5,0.065706
975,2,5,5,0.065706
975,2,6,5,0.065706
975,2,7,7,0.07695
975,2,8,12,0.13282
975,2,9,7,0.07695
975,2,10,7,0.07695
975,2,11,7,0.07695
975,2,12,7,0.07695
976,2,0,5,0.08431
976,2,1,5,0.08431
976,2,2,10,0.156899
976,2,3,5,0.08431
976,2,4,5,0.08431
976,2,5,5,0.08431
976,2,6,5,0.08431
976,2,7,5,0.08431
976,2,8,5,0.08431
976,2,9,5,0.08431
976,2,10,5,0.08431
977,2,0,4,0.088352
977,2,1,5,0.103528
977,2,2,8,0.160415
977,2,3,8,0.160415
977,2,4,5,0.103528
977,2,5,5,0.103528
977,2,6,5,0.103528
977,2,7,4,0.088352
977,2,8,4,0.088352
978,2,0,9,0.1
978,2,1,9,0.1
978,2,2,9,0.1
978,2,3,9,0.1
978,2,4,9,0.1
978,2,5,9,0.1
978,2,6,9,0.1
978,2,7,9,0.1
978,2,8,9,0.1
978,2,9,9,0.1
979,2,0,6,0.08089
979,2,1,11,0.144239
979,2,2,5,0.074085
979,2,3,5,0.074085
979,2,4,5,0.074085
979,2,5,6,0.08089
979,2,6,6,0.08089
979,2,7,5,0.074085
979,2,8,6,0.08089
979,2,9,5,0.074085
979,2,10,6,0.08089
979,2,11,6,0.08089
980,2,0,7,0.125
980,2,1,7,0.125
980,2,2,7,0.125
980,2,3,7,0.125
980,2,4,7,0.125
980,2,5,7,0.125
980,2,6,7,0.125
980,2,7,7,0.125
981,2,0,5,0.069832
981,2,1,8,0.101285
981,2,2,11,0.1371
981,2,3,6,0.078029
981,2,4,6,0.078029
981,2,5,6,0.078029
981,2,6,6,0.078029
981,2,7,6,0.080989
981,2,8,6,0.078029
981,2,9,5,0.069832
981,2,10,5,0.069832
981,2,11,6,0.080989
982,2,0,6,0.022884
982,2,1,11,0.02742
982,2,2,6,0.01953
982,2,3,11,0.02742
982,2,4,16,0.041179
982,2,5,5,0.019548
982,2,6,11,0.02742
982,2,7,11,0.02742
982,2,8,6,0.01953
982,2,9,5,0.019548
982,2,10,8,0.028501
982,2,11,5,0.018753
982,2,12,5,0.019821
982,2,13,5,0.019548
982,2,14,5,0.019821
982,2,15,11,0.02742
982,2,16,6,0.01953
982,2,17,11,0.02742
982,2,18,39,0.116188
982,2,19,5,0.018753
982,2,20,5,0.019821
982,2,21,8,0.028501
982,2,22,11,0.02742
982,2,23,11,0.02742
982,2,24,5,0.019821
982,2,25,6,0.022884
982,2,26,5,0.019548
982,2,27,5,0.018753
982,2,28,5,0.018753
982,2,29,11,0.02742
982,2,30,5,0.018753
982,2,31,5,0.019548
982,2,32,5,0.019548
982,2,33,11,0.02742
982,2,34,5,0.019821
982,2,35,5,0.019548
982,2,36,5,0.018753
982,2,37,6,0.01953
982,2,38,5,0.019548
982,2,39,6,0.01953
983,2,0,6,0.142857
983,2,1,6,0.142857
983,2,2,6,0.142857
983,2,3,6,0.142857
983,2,4,6,0.142857
983,2,5,6,0.142857
983,2,6,6,0.142857
984,2,0,5,0.097048
984,2,1,5,0.097048
984,2,2,4,0.086031
984,2,3,5,0.097048
984,2,4,5,0.097048
984,2,5,4,0.086031
984,2,6,5,0.097048
984,2,7,9,0.170632
984,2,8,4,0.086031
984,2,9,4,0.086031
985,2,0,4,0.073986
985,2,1,6,0.091607
985,2,2,6,0.091607
985,2,3,6,0.091607
985,2,4,4,0.073986
985,2,5,4,0.073986
985,2,6,4,0.073986
985,2,7,6,0.091607
985,2,8,6,0.091607
985,2,9,10,0.154411
985,2,10,6,0.091607
986,2,0,6,0.142857
986,2,1,6,0.142857
986,2,2,6,0.142857
986,2,3,6,0.142857
986,2,4,6,0.142857
986,2,5,6,0.142857
986,2,6,6,0.142857
987,2,0,5,0.08431
987,2,1,5,0.08431
987,2,2,5,0.08431
987,2,3,10,0.156899
987,2,4,5,0.08431
987,2,5,5,0.08431
987,2,6,5,0.08431
987,2,7,5,0.08431
987,2,8,5,0.08431
987,2,9,5,0.08431
987,2,10,5,0.08431
988,2,0,3,0.101879
988,2,1,3,0.101879
988,2,2,4,0.121443
988,2,3,7,0.20859
988,2,4,4,0.121443
988,2,5,3,0.101879
988,2,6,4,0.121443
988,2,7,4,0.121443
989,2,0,6,0.142857
989,2,1,6,0.142857
989,2,2,6,0.142857
989,2,3,6,0.142857
989,2,4,6,0.142857
989,2,5,6,0.142857
989,2,6,6,0.142857
990,2,0,7,0.028205
990,2,1,5,0.024688
990,2,2,5,0.024688
990,2,3,5,0.024688
990,2,4,7,0.028205
990,2,5,5,0.024688
990,2,6,5,0.024688
990,2,7,5,0.024688
990,2,8,5,0.024688
990,2,9,6,0.025691
990,2,10,5,0.024688
990,2,11,5,0.024688
990,2,12,5,0.024688
990,2,13,5,0.024688
990,2,14,7,0.029092
990,2,15,5,0.024688
990,2,16,5,0.024688
990,2,17,7,0.028205
990,2,18,5,0.024688
990,2,19,5,0.024688
990,2,20,5,0.024688
990,2,21,7,0.029092
990,2,22,6,0.025691
990,2,23,10,0.038893
990,2,24,5,0.024688
990,2,25,7,0.028205
990,2,26,7,0.029092
990,2,27,33,0.133774
990,2,28,5,0.024688
990,2,29,5,0.024688
990,2,30,6,0.025691
990,2,31,5,0.024688
990,2,32,7,0.028205
990,2,33,7,0.028205
991,2,0,17,0.016954
991,2,1,17,0.016954
991,2,2,30,0.019366
991,2,3,34,0.022602
991,2,4,6,0.012549
991,2,5,17,0.016954
991,2,6,30,0.019366
991,2,7,30,0.019366
991,2,8,30,0.019366
991,2,9,53,0.044375
991,2,10,6,0.012549
991,2,11,17,0.016954
991,2,12,30,0.019366
991,2,13,30,0.019366
991,2,14,19,0.018117
991,2,15,17,0.016954
991,2,16,17,0.016954
991,2,17,30,0.019366
991,2,18,30,0.019366
991,2,19,17,0.016954
991,2,20,17,0.016954
991,2,21,30,0.019366
991,2,22,6,0.012549
991,2,23,17,0.016954
991,2,24,17,0.016954
991,2,25,30,0.019366
991,2,26,30,0.019366
991,2,27,17,0.016954
991,2,28,19,0.018117
991,2,29,17,0.016954
991,2,30,6,0.012549
991,2,31,30,0.019366
991,2,32,30,0.019366
991,2,33,30,0.019366
991,2,34,34,0.022602
991,2,35,30,0.019366
991,2,36,6,0.012549
991,2,37,17,0.016954
991,2,38,30,0.019366
991,2,39,30,0.019366
991,2,40,30,0.019366
991,2,41,30,0.019366
991,2,42,30,0.019366
991,2,43,6,0.012549
991,2,44,30,0.019366
991,2,45,30,0.019366
991,2,46,30,0.019366
991,2,47,19,0.018117
991,2,48,30,0.019366
991,2,49,30,0.019366
991,2,50,30,0.019366
991,2,51,30,0.019366
991,2,52,19,0.018117
991,2,53,30,0.019366
992,2,0,5,0.059672
992,2,1,8,0.090604
992,2,2,5,0.063233
992,2,3,5,0.059672
992,2,4,5,0.059672
992,2,5,5,0.059672
992,2,6,5,0.059672
992,2,7,8,0.090604
992,2,8,5,0.063233
992,2,9,5,0.063233
992,2,10,5,0.063233
992,2,11,5,0.059672
992,2,12,5,0.063233
992,2,13,13,0.144597
993,2,0,5,0.08431
993,2,1,5,0.08431
993,2,2,5,0.08431
993,2,3,5,0.08431
993,2,4,5,0.08431
993,2,5,5,0.08431
993,2,6,5,0.08431
993,2,7,5,0.08431
993,2,8,5,0.08431
993,2,9,5,0.08431
993,2,10,10,0.156899
994,2,0,31,0.03125
994,2,1,31,0.03125
994,2,2,31,0.03125
994,2,3,31,0.03125
994,2,4,31,0.03125
994,2,5,31,0.03125
994,2,6,31,0.03125
994,2,7,31,0.03125
994,2,8,31,0.03125
994,2,9,31,0.03125
994,2,10,31,0.03125
994,2,11,31,0.03125
994,2,12,31,0.03125
994,2,13,31,0.03125
994,2,14,31,0.03125
994,2,15,31,0.03125
994,2,16,31,0.03125
994,2,17,31,0.03125
994,2,18,31,0.03125
994,2,19,31,0.03125
994,2,20,31,0.03125
994,2,21,31,0.03125
994,2,22,31,0.03125
994,2,23,31,0.03125
994,2,24,31,0.03125
994,2,25,31,0.03125
994,2,26,31,0.03125
994,2,27,31,0.03125
994,2,28,31,0.03125
994,2,29,31,0.03125
994,2,30,31,0.03125
994,2,31,31,0.03125
995,2,0,6,0.142857
995,2,1,6,0.142857
995,2,2,6,0.142857
995,2,3,6,0.142857
995,2,4,6,0.142857
995,2,5,6,0.142857
995,2,6,6,0.142857
996,2,0,4,0.086031
996,2,1,4,0.086031
996,2,2,5,0.097048
996,2,3,5,0.097048
996,2,4,4,0.086031
996,2,5,9,0.170632
996,2,6,5,0.097048
996,2,7,4,0.086031
996,2,8,5,0.097048
996,2,9,5,0.097048
997,2,0,6,0.142857
997,2,1,6,0.142857
997,2,2,6,0.142857
997,2,3,6,0.142857
997,2,4,6,0.142857
997,2,5,6,0.142857
997,2,6,6,0.142857
998,2,0,6,0.142857
998,2,1,6,0.142857
998,2,2,6,0.142857
998,2,3,6,0.142857
998,2,4,6,0.142857
998,2,5,6,0.142857
998,2,6,6,0.142857
999,2,0,7,0.125
999,2,1,7,0.125
999,2,2,7,0.125
999,2,3,7,0.125
999,2,4,7,0.125
999,2,5,7,0.125
999,2,6,7,0.125
999,2,7,7,0.125
1000,3,0,6,0.064968
1000,3,1,7,0.06933
1000,3,2,7,0.06933
1000,3,3,7,0.06933
1000,3,4,6,0.064968
1000,3,5,6,0.064968
1000,3,6,6,0.064968
1000,3,7,7,0.06933
1000,3,8,13,0.124878
1000,3,9,7,0.06933
1000,3,10,6,0.064968
1000,3,11,7,0.06933
1000,3,12,7,0.06933
1000,3,13,6,0.064968
1001,3,0,17,0.027261
1001,3,1,17,0.028324
1001,3,2,17,0.027261
1001,3,3,21,0.033103
1001,3,4,11,0.019765
1001,3,5,33,0.051695
1001,3,6,17,0.027261
1001,3,7,11,0.019765
1001,3,8,33,0.051695
1001,3,9,24,0.03776
1001,3,10,17,0.027261
1001,3,11,13,0.022854
1001,3,12,10,0.018605
1001,3,13,15,0.025608
1001,3,14,33,0.051695
1001,3,15,11,0.020107
1001,3,16,16,0.027505
1001,3,17,11,0.020107
1001,3,18,12,0.021243
1001,3,19,33,0.051695
1001,3,20,18,0.028687
1001,3,21,11,0.020107
1001,3,22,18,0.028687
1001,3,23,10,0.018605
1001,3,24,33,0.051695
1001,3,25,18,0.03058
1001,3,26,11,0.019765
1001,3,27,17,0.027261
1001,3,28,11,0.020107
1001,3,29,19,0.03019
1001,3,30,18,0.028687
1001,3,31,24,0.037731
1001,3,32,18,0.028723
1001,3,33,10,0.018605
1002,3,0,4,0.03515
1002,3,1,8,0.051624
1002,3,2,4,0.03515
1002,3,3,8,0.051624
1002,3,4,7,0.056453
1002,3,5,8,0.051624
1002,3,6,4,0.034161
1002,3,7,4,0.03515
1002,3,8,6,0.04855
1002,3,9,8,0.051624
1002,3,10,4,0.033719
1002,3,11,4,0.034161
1002,3,12,8,0.051624
1002,3,13,8,0.051624
1002,3,14,8,0.062799
1002,3,15,19,0.129903
1002,3,16,8,0.051624
1002,3,17,6,0.048112
1002,3,18,8,0.051624
1002,3,19,4,0.033699
1003,3,0,10,0.090909
1003,3,1,10,0.090909
1003,3,2,10,0.090909
1003,3,3,10,0.090909
1003,3,4,10,0.090909
1003,3,5,10,0.090909
1003,3,6,10,0.090909
1003,3,7,10,0.090909
1003,3,8,10,0.090909
1003,3,9,10,0.090909
1003,3,10,10,0.090909
1004,3,0,13,0.071429
1004,3,1,13,0.071429
1004,3,2,13,0.071429
1004,3,3,13,0.071429
1004,3,4,13,0.071429
1004,3,5,13,0.071429
1004,3,6,13,0.071429
1004,3,7,13,0.071429
1004,3,8,13,0.071429
1004,3,9,13,0.071429
1004,3,10,13,0.071429
1004,3,11,13,0.071429
1004,3,12,13,0.071429
1004,3,13,13,0.071429
1005,3,0,10,0.090909
1005,3,1,10,0.090909
1005,3,2,10,0.090909
1005,3,3,10,0.090909
1005,3,4,10,0.090909
1005,3,5,10,0.090909
1005,3,6,10,0.090909
1005,3,7,10,0.090909
1005,3,8,10,0.090909
1005,3,9,10,0.090909
1005,3,10,10,0.090909
1006,3,0,10,0.076383
1006,3,1,10,0.076383
1006,3,2,3,0.041678
1006,3,3,10,0.076383
1006,3,4,3,0.041678
1006,3,5,10,0.076383
1006,3,6,10,0.076383
1006,3,7,10,0.076383
1006,3,8,10,0.076383
1006,3,9,10,0.076383
1006,3,10,10,0.076383
1006,3,11,10,0.076383
1006,3,12,13,0.111133
1006,3,13,3,0.041678
1007,3,0,11,0.083333
1007,3,1,11,0.083333
1007,3,2,11,0.083333
1007,3,3,11,0.083333
1007,3,4,11,0.083333
1007,3,5,11,0.083333
1007,3,6,11,0.083333
1007,3,7,11,0.083333
1007,3,8,11,0.083333
1007,3,9,11,0.083333
1007,3,10,11,0.083333
1007,3,11,11,0.083333
1008,3,0,9,0.1
1008,3,1,9,0.1
1008,3,2,9,0.1
1008,3,3,9,0.1
1008,3,4,9,0.1
1008,3,5,9,0.1
1008,3,6,9,0.1
1008,3,7,9,0.1
1008,3,8,9,0.1
1008,3,9,9,0.1
1009,3,0,7,0.125
1009,3,1,7,0.125
1009,3,2,7,0.125
1009,3,3,7,0.125
1009,3,4,7,0.125
1009,3,5,7,0.125
1009,3,6,7,0.125
1009,3,7,7,0.125
1010,3,0,6,0.149177
1010,3,1,5,0.127058
1010,3,2,6,0.149177
1010,3,3,6,0.149177
1010,3,4,6,0.149177
1010,3,5,6,0.149177
1010,3,6,5,0.127058
1011,3,0,8,0.111111
1011,3,1,8,0.111111
1011,3,2,8,0.111111
1011,3,3,8,0.111111
1011,3,4,8,0.111111
1011,3,5,8,0.111111
1011,3,6,8,0.111111
1011,3,7,8,0.111111
1011,3,8,8,0.111111
1012,3,0,10,0.090909
1012,3,1,10,0.090909
1012,3,2,10,0.090909
1012,3,3,10,0.090909
1012,3,4,10,0.090909
1012,3,5,10,0.090909
1012,3,6,10,0.090909
1012,3,7,10,0.090909
1012,3,8,10,0.090909
1012,3,9,10,0.090909
1012,3,10,10,0.090909
1013,3,0,16,0.058824
1013,3,1,16,0.058824
1013,3,2,16,0.058824
1013,3,3,16,0.058824
1013,3,4,16,0.058824
1013,3,5,16,0.058824
1013,3,6,16,0.058824
1013,3,7,16,0.058824
1013,3,8,16,0.058824
1013,3,9,16,0.058824
1013,3,10,16,0.058824
1013,3,11,16,0.058824
1013,3,12,16,0.058824
1013,3,13,16,0.058824
1013,3,14,16,0.058824
1013,3,15,16,0.058824
1013,3,16,16,0.058824
1014,3,0,7,0.125
1014,3,1,7,0.125
1014,3,2,7,0.125
1014,3,3,7,0.125
1014,3,4,7,0.125
1014,3,5,7,0.125
1014,3,6,7,0.125
1014,3,7,7,0.125
1015,3,0,9,0.059793
1015,3,1,14,0.087945
1015,3,2,14,0.087945
1015,3,3,9,0.059111
1015,3,4,9,0.059111
1015,3,5,9,0.059111
1015,3,6,9,0.059793
1015,3,7,9,0.059111
1015,3,8,8,0.054173
1015,3,9,10,0.064835
1015,3,10,10,0.064835
1015,3,11,14,0.087945
1015,3,12,14,0.087945
1015,3,13,8,0.054173
1015,3,14,8,0.054173
1016,3,0,7,0.125
1016,3,1,7,0.125
1016,3,2,7,0.125
1016,3,3,7,0.125
1016,3,4,7,0.125
1016,3,5,7,0.125
1016,3,6,7,0.125
1016,3,7,7,0.125
1017,3,0,19,0.05
1017,3,1,19,0.05
1017,3,2,19,0.05
1017,3,3,19,0.05
1017,3,4,19,0.05
1017,3,5,19,0.05
1017,3,6,19,0.05
1017,3,7,19,0.05
1017,3,8,19,0.05
1017,3,9,19,0.05
1017,3,10,19,0.05
1017,3,11,19,0.05
1017,3,12,19,0.05
1017,3,13,19,0.05
1017,3,14,19,0.05
1017,3,15,19,0.05
1017,3,16,19,0.05
1017,3,17,19,0.05
1017,3,18,19,0.05
1017,3,19,19,0.05
1018,3,0,7,0.125
1018,3,1,7,0.125
1018,3,2,7,0.125
1018,3,3,7,0.125
1018,3,4,7,0.125
1018,3,5,7,0.125
1018,3,6,7,0.125
1018,3,7,7,0.125
1019,3,0,7,0.125
1019,3,1,7,0.125
1019,3,2,7,0.125
1019,3,3,7,0.125
1019,3,4,7,0.125
1019,3,5,7,0.125
1019,3,6,7,0.125
1019,3,7,7,0.125
1020,3,0,10,0.090909
1020,3,1,10,0.090909
1020,3,2,10,0.090909
1020,3,3,10,0.090909
1020,3,4,10,0.090909
1020,3,5,10,0.090909
1020,3,6,10,0.090909
1020,3,7,10,0.090909
1020,3,8,10,0.090909
1020,3,9,10,0.090909
1020,3,10,10,0.090909
1021,3,0,4,0.086031
1021,3,1,5,0.097048
1021,3,2,5,0.097048
1021,3,3,9,0.170632
1021,3,4,4,0.086031
1021,3,5,5,0.097048
1021,3,6,4,0.086031
1021,3,7,4,0.086031
1021,3,8,5,0.097048
1021,3,9,5,0.097048
1022,3,0,19,0.038388
1022,3,1,19,0.038388
1022,3,2,20,0.04025
1022,3,3,13,0.028781
1022,3,4,19,0.038388
1022,3,5,24,0.047803
1022,3,6,14,0.030518
1022,3,7,24,0.047803
1022,3,8,19,0.038388
1022,3,9,19,0.038388
1022,3,10,24,0.047803
1022,3,11,19,0.038388
1022,3,12,19,0.038388
1022,3,13,24,0.047803
1022,3,14,24,0.047803
1022,3,15,19,0.038388
1022,3,16,13,0.028781
1022,3,17,19,0.038388
1022,3,18,24,0.047803
1022,3,19,19,0.038388
1022,3,20,24,0.047803
1022,3,21,24,0.047803
1022,3,22,13,0.028781
1022,3,23,24,0.047803
1022,3,24,13,0.028781
1023,3,0,6,0.142857
1023,3,1,6,0.142857
1023,3,2,6,0.142857
1023,3,3,6,0.142857
1023,3,4,6,0.142857
1023,3,5,6,0.142857
1023,3,6,6,0.142857
1024,3,0,6,0.142857
1024,3,1,6,0.142857
1024,3,2,6,0.142857
1024,3,3,6,0.142857
1024,3,4,6,0.142857
1024,3,5,6,0.142857
1024,3,6,6,0.142857
1025,3,0,8,0.111111
1025,3,1,8,0.111111
1025,3,2,8,0.111111
1025,3,3,8,0.111111
1025,3,4,8,0.111111
1025,3,5,8,0.111111
1025,3,6,8,0.111111
1025,3,7,8,0.111111
1025,3,8,8,0.111111
1026,3,0,8,0.189037
1026,3,1,4,0.10137
1026,3,2,4,0.10137
1026,3,3,4,0.10137
1026,3,4,4,0.10137
1026,3,5,4,0.10137
1026,3,6,4,0.10137
1026,3,7,4,0.10137
1026,3,8,4,0.10137
1027,3,0,8,0.111111
1027,3,1,8,0.111111
1027,3,2,8,0.111111
1027,3,3,8,0.111111
1027,3,4,8,0.111111
1027,3,5,8,0.111111
1027,3,6,8,0.111111
1027,3,7,8,0.111111
1027,3,8,8,0.111111
1028,3,0,7,0.125
1028,3,1,7,0.125
1028,3,2,7,0.125
1028,3,3,7,0.125
1028,3,4,7,0.125
1028,3,5,7,0.125
1028,3,6,7,0.125
1028,3,7,7,0.125
1029,3,0,6,0.142857
1029,3,1,6,0.142857
1029,3,2,6,0.142857
1029,3,3,6,0.142857
1029,3,4,6,0.142857
1029,3,5,6,0.142857
1029,3,6,6,0.142857
1030,3,0,6,0.142857
1030,3,1,6,0.142857
1030,3,2,6,0.142857
1030,3,3,6,0.142857
1030,3,4,6,0.142857
1030,3,5,6,0.142857
1030,3,6,6,0.142857
1031,3,0,6,0.142857
1031,3,1,6,0.142857
1031,3,2,6,0.142857
1031,3,3,6,0.142857
1031,3,4,6,0.142857
1031,3,5,6,0.142857
1031,3,6,6,0.142857
1032,3,0,8,0.092066
1032,3,1,9,0.101983
1032,3,2,9,0.101983
1032,3,3,9,0.101983
1032,3,4,8,0.092066
1032,3,5,9,0.101983
1032,3,6,9,0.101983
1032,3,7,9,0.101983
1032,3,8,9,0.101983
1032,3,9,9,0.101983
1033,3,0,9,0.1
1033,3,1,9,0.1
1033,3,2,9,0.1
1033,3,3,9,0.1
1033,3,4,9,0.1
1033,3,5,9,0.1
1033,3,6,9,0.1
1033,3,7,9,0.1
1033,3,8,9,0.1
1033,3,9,9,0.1
1034,3,0,8,0.111111
1034,3,1,8,0.111111
1034,3,2,8,0.111111
1034,3,3,8,0.111111
1034,3,4,8,0.111111
1034,3,5,8,0.111111
1034,3,6,8,0.111111
1034,3,7,8,0.111111
1034,3,8,8,0.111111
1035,3,0,7,0.125
1035,3,1,7,0.125
1035,3,2,7,0.125
1035,3,3,7,0.125
1035,3,4,7,0.125
1035,3,5,7,0.125
1035,3,6,7,0.125
1035,3,7,7,0.125
1036,3,0,10,0.090909
1036,3,1,10,0.090909
1036,3,2,10,0.090909
1036,3,3,10,0.090909
1036,3,4,10,0.090909
1036,3,5,10,0.090909
1036,3,6,10,0.090909
1036,3,7,10,0.090909
1036,3,8,10,0.090909
1036,3,9,10,0.090909
1036,3,10,10,0.090909
1037,3,0,17,0.022351
1037,3,1,32,0.03937
1037,3,2,22,0.028107
1037,3,3,10,0.015928
1037,3,4,16,0.021453
1037,3,5,21,0.031176
1037,3,6,17,0.022351
1037,3,7,17,0.022351
1037,3,8,20,0.026262
1037,3,9,7,0.01388
1037,3,10,16,0.021453
1037,3,11,17,0.022351
1037,3,12,16,0.021453
1037,3,13,20,0.026262
1037,3,14,18,0.023811
1037,3,15,8,0.013605
1037,3,16,18,0.023811
1037,3,17,17,0.022351
1037,3,18,17,0.022351
1037,3,19,17,0.022351
1037,3,20,42,0.054823
1037,3,21,17,0.022351
1037,3,22,16,0.021453
1037,3,23,7,0.01388
1037,3,24,7,0.01388
1037,3,25,7,0.01388
1037,3,26,17,0.022351
1037,3,27,17,0.022351
1037,3,28,19,0.024905
1037,3,29,17,0.022351
1037,3,30,8,0.013605
1037,3,31,7,0.01388
1037,3,32,16,0.021453
1037,3,33,29,0.040097
1037,3,34,16,0.021453
1037,3,35,16,0.021453
1037,3,36,19,0.024905
1037,3,37,22,0.029613
1037,3,38,8,0.013605
1037,3,39,24,0.030362
1037,3,40,22,0.029613
1037,3,41,17,0.022351
1037,3,42,17,0.022351
1038,3,0,19,0.016496
1038,3,1,19,0.016496
1038,3,2,17,0.015156
1038,3,3,7,0.012886
1038,3,4,27,0.022992
1038,3,5,17,0.015156
1038,3,6,13,0.012468
1038,3,7,16,0.015122
1038,3,8,14,0.013217
1038,3,9,19,0.016496
1038,3,10,31,0.026649
1038,3,11,28,0.023945
1038,3,12,16,0.015122
1038,3,13,24,0.020517
1038,3,14,16,0.015122
1038,3,15,31,0.026649
1038,3,16,17,0.015156
1038,3,17,28,0.023945
1038,3,18,17,0.015437
1038,3,19,7,0.012886
1038,3,20,19,0.016496
1038,3,21,19,0.016496
1038,3,22,19,0.017303
1038,3,23,7,0.012886
1038,3,24,19,0.016496
1038,3,25,19,0.01666
1038,3,26,12,0.016857
1038,3,27,17,0.015827
1038,3,28,13,0.012468
1038,3,29,47,0.038686
1038,3,30,16,0.015122
1038,3,31,30,0.024702
1038,3,32,30,0.024702
1038,3,33,36,0.02992
1038,3,34,16,0.015122
1038,3,35,24,0.020517
1038,3,36,19,0.016496
1038,3,37,17,0.015156
1038,3,38,5,0.00958
1038,3,39,16,0.015122
1038,3,40,6,0.011203
1038,3,41,53,0.04832
1038,3,42,16,0.015122
1038,3,43,30,0.024702
1038,3,44,24,0.020517
1038,3,45,6,0.011203
1038,3,46,24,0.020517
1038,3,47,13,0.012468
1038,3,48,21,0.018254
1038,3,49,38,0.031071
1038,3,50,17,0.015827
1038,3,51,24,0.020517
1038,3,52,17,0.015156
1038,3,53,18,0.016601
1039,3,0,4,0.035035
1039,3,1,10,0.051603
1039,3,2,3,0.029248
1039,3,3,12,0.060816
1039,3,4,10,0.051603
1039,3,5,8,0.043025
1039,3,6,4,0.035035
1039,3,7,12,0.060816
1039,3,8,3,0.029248
1039,3,9,10,0.051603
1039,3,10,12,0.060816
1039,3,11,12,0.060816
1039,3,12,4,0.035035
1039,3,13,12,0.060816
1039,3,14,3,0.029248
1039,3,15,4,0.035035
1039,3,16,8,0.043025
1039,3,17,12,0.060816
1039,3,18,19,0.114755
1039,3,19,10,0.051603
1040,3,0,6,0.142857
1040,3,1,6,0.142857
1040,3,2,6,0.142857
1040,3,3,6,0.142857
1040,3,4,6,0.142857
1040,3,5,6,0.142857
1040,3,6,6,0.142857
1041,3,0,8,0.111111
1041,3,1,8,0.111111
1041,3,2,8,0.111111
1041,3,3,8,0.111111
1041,3,4,8,0.111111
1041,3,5,8,0.111111
1041,3,6,8,0.111111
1041,3,7,8,0.111111
1041,3,8,8,0.111111
1042,3,0,16,0.087069
1042,3,1,10,0.055944
1042,3,2,10,0.055944
1042,3,3,10,0.055944
1042,3,4,10,0.055944
1042,3,5,8,0.04854
1042,3,6,8,0.04854
1042,3,7,8,0.04854
1042,3,8,10,0.055944
1042,3,9,8,0.04854
1042,3,10,8,0.04854
1042,3,11,10,0.055944
1042,3,12,16,0.087069
1042,3,13,8,0.04854
1042,3,14,10,0.055944
1042,3,15,16,0.087069
1042,3,16,10,0.055944
1043,3,0,18,0.052632
1043,3,1,18,0.052632
1043,3,2,18,0.052632
1043,3,3,18,0.052632
1043,3,4,18,0.052632
1043,3,5,18,0.052632
1043,3,6,18,0.052632
1043,3,7,18,0.052632
1043,3,8,18,0.052632
1043,3,9,18,0.052632
1043,3,10,18,0.052632
1043,3,11,18,0.052632
1043,3,12,18,0.052632
1043,3,13,18,0.052632
1043,3,14,18,0.052632
1043,3,15,18,0.052632
1043,3,16,18,0.052632
1043,3,17,18,0.052632
1043,3,18,18,0.052632
1044,3,0,11,0.083333
1044,3,1,11,0.083333
1044,3,2,11,0.083333
1044,3,3,11,0.083333
1044,3,4,11,0.083333
1044,3,5,11,0.083333
1044,3,6,11,0.083333
1044,3,7,11,0.083333
1044,3,8,11,0.083333
1044,3,9,11,0.083333
1044,3,10,11,0.083333
1044,3,11,11,0.083333
1045,3,0,6,0.142857
1045,3,1,6,0.142857
1045,3,2,6,0.142857
1045,3,3,6,0.142857
1045,3,4,6,0.142857
1045,3,5,6,0.142857
1045,3,6,6,0.142857
1046,3,0,9,0.079867
1046,3,1,9,0.079867
1046,3,2,4,0.047182
1046,3,3,4,0.047182
1046,3,4,12,0.109759
1046,3,5,9,0.079867
1046,3,6,9,0.079867
1046,3,7,12,0.109759
1046,3,8,9,0.079867
1046,3,9,4,0.047182
1046,3,10,9,0.079867
1046,3,11,9,0.079867
1046,3,12,9,0.079867
1047,3,0,6,0.142857
1047,3,1,6,0.142857
1047,3,2,6,0.142857
1047,3,3,6,0.142857
1047,3,4,6,0.142857
1047,3,5,6,0.142857
1047,3,6,6,0.142857
1048,3,0,19,0.029283
1048,3,1,19,0.029283
1048,3,2,17,0.02718
1048,3,3,23,0.034695
1048,3,4,17,0.02718
1048,3,5,19,0.029283
1048,3,6,18,0.028476
1048,3,7,17,0.02718
1048,3,8,19,0.029283
1048,3,9,18,0.028476
1048,3,10,17,0.02718
1048,3,11,17,0.02718
1048,3,12,19,0.029283
1048,3,13,19,0.029283
1048,3,14,19,0.029283
1048,3,15,18,0.028476
1048,3,16,30,0.044249
1048,3,17,30,0.044249
1048,3,18,30,0.044249
1048,3,19,30,0.044249
1048,3,20,19,0.029283
1048,3,21,19,0.029283
1048,3,22,17,0.02718
1048,3,23,19,0.029283
1048,3,24,30,0.044249
1048,3,25,30,0.044249
1048,3,26,19,0.029283
1048,3,27,19,0.029283
1048,3,28,18,0.028476
1048,3,29,30,0.044249
1048,3,30,17,0.02718
1049,3,0,7,0.125
1049,3,1,7,0.125
1049,3,2,7,0.125
1049,3,3,7,0.125
1049,3,4,7,0.125
1049,3,5,7,0.125
1049,3,6,7,0.125
1049,3,7,7,0.125
1050,3,0,6,0.142857
1050,3,1,6,0.142857
1050,3,2,6,0.142857
1050,3,3,6,0.142857
1050,3,4,6,0.142857
1050,3,5,6,0.142857
1050,3,6,6,0.142857
1051,3,0,7,0.133537
1051,3,1,7,0.133537
1051,3,2,6,0.116267
1051,3,3,7,0.133537
1051,3,4,7,0.133537
1051,3,5,5,0.09978
1051,3,6,7,0.133537
1051,3,7,6,0.116267
1052,3,0,4,0.110005
1052,3,1,5,0.13252
1052,3,2,6,0.156239
1052,3,3,6,0.156239
1052,3,4,5,0.13252
1052,3,5,6,0.156239
1052,3,6,6,0.156239
1053,3,0,8,0.111111
1053,3,1,8,0.111111
1053,3,2,8,0.111111
1053,3,3,8,0.111111
1053,3,4,8,0.111111
1053,3,5,8,0.111111
1053,3,6,8,0.111111
1053,3,7,8,0.111111
1053,3,8,8,0.111111
1054,3,0,6,0.142857
1054,3,1,6,0.142857
1054,3,2,6,0.142857
1054,3,3,6,0.142857
1054,3,4,6,0.142857
1054,3,5,6,0.142857
1054,3,6,6,0.142857
1055,3,0,7,0.125
1055,3,1,7,0.125
1055,3,2,7,0.125
1055,3,3,7,0.125
1055,3,4,7,0.125
1055,3,5,7,0.125
1055,3,6,7,0.125
1055,3,7,7,0.125
1056,3,0,7,0.063058
1056,3,1,7,0.063058
1056,3,2,7,0.063058
1056,3,3,7,0.063058
1056,3,4,7,0.063058
1056,3,5,14,0.117186
1056,3,6,7,0.063058
1056,3,7,7,0.063058
1056,3,8,7,0.063058
1056,3,9,7,0.063058
1056,3,10,7,0.063058
1056,3,11,7,0.063058
1056,3,12,7,0.063058
1056,3,13,7,0.063058
1056,3,14,7,0.063058
1057,3,0,9,0.113602
1057,3,1,9,0.113602
1057,3,2,7,0.090673
1057,3,3,7,0.090673
1057,3,4,6,0.079986
1057,3,5,9,0.113602
1057,3,6,7,0.090673
1057,3,7,9,0.113602
1057,3,8,9,0.113602
1057,3,9,6,0.079986
1058,3,0,7,0.125
1058,3,1,7,0.125
1058,3,2,7,0.125
1058,3,3,7,0.125
1058,3,4,7,0.125
1058,3,5,7,0.125
1058,3,6,7,0.125
1058,3,7,7,0.125
1059,3,0,10,0.060356
1059,3,1,6,0.049092
1059,3,2,6,0.049092
1059,3,3,6,0.049092
1059,3,4,10,0.060356
1059,3,5,10,0.060356
1059,3,6,6,0.049092
1059,3,7,10,0.060356
1059,3,8,10,0.060356
1059,3,9,10,0.060356
1059,3,10,16,0.101889
1059,3,11,6,0.049092
1059,3,12,10,0.060356
1059,3,13,10,0.060356
1059,3,14,10,0.060356
1059,3,15,6,0.049092
1059,3,16,10,0.060356
1060,3,0,8,0.111111
1060,3,1,8,0.111111
1060,3,2,8,0.111111
1060,3,3,8,0.111111
1060,3,4,8,0.111111
1060,3,5,8,0.111111
1060,3,6,8,0.111111
1060,3,7,8,0.111111
1060,3,8,8,0.111111
1061,3,0,10,0.022978
1061,3,1,12,0.025031
1061,3,2,10,0.022582
1061,3,3,10,0.022582
1061,3,4,14,0.02873
1061,3,5,32,0.06386
1061,3,6,11,0.025495
1061,3,7,14,0.02873
1061,3,8,10,0.022582
1061,3,9,17,0.037155
1061,3,10,7,0.017019
1061,3,11,6,0.015937
1061,3,12,14,0.031409
1061,3,13,11,0.024733
1061,3,14,14,0.02873
1061,3,15,10,0.022978
1061,3,16,23,0.046539
1061,3,17,14,0.02873
1061,3,18,10,0.022582
1061,3,19,10,0.022582
1061,3,20,14,0.02873
1061,3,21,10,0.022978
1061,3,22,30,0.060182
1061,3,23,10,0.022978
1061,3,24,10,0.021681
1061,3,25,10,0.022978
1061,3,26,12,0.025031
1061,3,27,6,0.015937
1061,3,28,14,0.02873
1061,3,29,10,0.021681
1061,3,30,14,0.02873
1061,3,31,14,0.031409
1061,3,32,34,0.068393
1061,3,33,10,0.022582
1061,3,34,7,0.017019
1062,3,0,7,0.085852
1062,3,1,4,0.064644
1062,3,2,7,0.085852
1062,3,3,4,0.064644
1062,3,4,7,0.085852
1062,3,5,7,0.085852
1062,3,6,7,0.085852
1062,3,7,4,0.064644
1062,3,8,7,0.085852
1062,3,9,11,0.140458
1062,3,10,4,0.064644
1062,3,11,7,0.085852
1063,3,0,8,0.111111
1063,3,1,8,0.111111
1063,3,2,8,0.111111
1063,3,3,8,0.111111
1063,3,4,8,0.111111
1063,3,5,8,0.111111
1063,3,6,8,0.111111
1063,3,7,8,0.111111
1063,3,8,8,0.111111
1064,3,0,9,0.163462
1064,3,1,3,0.070391
1064,3,2,6,0.104227
1064,3,3,3,0.070391
1064,3,4,6,0.104227
1064,3,5,6,0.104227
1064,3,6,6,0.104227
1064,3,7,6,0.104227
1064,3,8,3,0.070391
1064,3,9,6,0.104227
1065,3,0,7,0.125
1065,3,1,7,0.125
1065,3,2,7,0.125
1065,3,3,7,0.125
1065,3,4,7,0.125
1065,3,5,7,0.125
1065,3,6,7,0.125
1065,3,7,7,0.125
1066,3,0,5,0.038283
1066,3,1,8,0.04717
1066,3,2,7,0.044766
1066,3,3,8,0.04717
1066,3,4,8,0.04717
1066,3,5,7,0.044766
1066,3,6,8,0.04717
1066,3,7,8,0.04717
1066,3,8,5,0.038283
1066,3,9,7,0.044766
1066,3,10,7,0.044766
1066,3,11,8,0.04717
1066,3,12,20,0.117867
1066,3,13,7,0.044766
1066,3,14,8,0.04717
1066,3,15,7,0.044766
1066,3,16,5,0.038283
1066,3,17,5,0.038283
1066,3,18,7,0.044766
1066,3,19,8,0.04717
1066,3,20,5,0.038283
1067,3,0,8,0.111111
1067,3,1,8,0.111111
1067,3,2,8,0.111111
1067,3,3,8,0.111111
1067,3,4,8,0.111111
1067,3,5,8,0.111111
1067,3,6,8,0.111111
1067,3,7,8,0.111111
1067,3,8,8,0.111111
1068,3,0,16,0.058824
1068,3,1,16,0.058824
1068,3,2,16,0.058824
1068,3,3,16,0.058824
1068,3,4,16,0.058824
1068,3,5,16,0.058824
1068,3,6,16,0.058824
1068,3,7,16,0.058824
1068,3,8,16,0.058824
1068,3,9,16,0.058824
1068,3,10,16,0.058824
1068,3,11,16,0.058824
1068,3,12,16,0.058824
1068,3,13,16,0.058824
1068,3,14,16,0.058824
1068,3,15,16,0.058824
1068,3,16,16,0.058824
1069,3,0,9,0.079867
1069,3,1,9,0.079867
1069,3,2,4,0.047182
1069,3,3,4,0.047182
1069,3,4,12,0.109759
1069,3,5,9,0.079867
1069,3,6,9,0.079867
1069,3,7,12,0.109759
1069,3,8,9,0.079867
1069,3,9,4,0.047182
1069,3,10,9,0.079867
1069,3,11,9,0.079867
1069,3,12,9,0.079867
1070,3,0,6,0.142857
1070,3,1,6,0.142857
1070,3,2,6,0.142857
1070,3,3,6,0.142857
1070,3,4,6,0.142857
1070,3,5,6,0.142857
1070,3,6,6,0.142857
1071,3,0,11,0.083333
1071,3,1,11,0.083333
1071,3,2,11,0.083333
1071,3,3,11,0.083333
1071,3,4,11,0.083333
1071,3,5,11,0.083333
1071,3,6,11,0.083333
1071,3,7,11,0.083333
1071,3,8,11,0.083333
1071,3,9,11,0.083333
1071,3,10,11,0.083333
1071,3,11,11,0.083333
1072,3,0,6,0.072152
1072,3,1,6,0.072152
1072,3,2,6,0.072152
1072,3,3,6,0.072152
1072,3,4,6,0.072152
1072,3,5,6,0.072152
1072,3,6,6,0.072152
1072,3,7,6,0.072152
1072,3,8,6,0.072152
1072,3,9,6,0.072152
1072,3,10,6,0.072152
1072,3,11,6,0.072152
1072,3,12,12,0.134171
1073,3,0,7,0.096512
1073,3,1,4,0.06748
1073,3,2,5,0.071689
1073,3,3,11,0.153791
1073,3,4,4,0.06748
1073,3,5,7,0.096512
1073,3,6,5,0.071689
1073,3,7,5,0.071689
1073,3,8,7,0.096512
1073,3,9,4,0.06748
1073,3,10,5,0.071689
1073,3,11,4,0.06748
1074,3,0,11,0.041417
1074,3,1,11,0.041417
1074,3,2,22,0.07674
1074,3,3,12,0.044525
1074,3,4,11,0.04136
1074,3,5,11,0.04136
1074,3,6,12,0.044525
1074,3,7,11,0.041417
1074,3,8,11,0.041417
1074,3,9,11,0.04136
1074,3,10,11,0.041417
1074,3,11,11,0.04136
1074,3,12,11,0.04136
1074,3,13,11,0.04136
1074,3,14,11,0.041417
1074,3,15,11,0.04136
1074,3,16,11,0.04136
1074,3,17,11,0.041417
1074,3,18,13,0.047805
1074,3,19,11,0.04136
1074,3,20,11,0.041417
1074,3,21,11,0.041417
1074,3,22,11,0.041417
1075,3,0,5,0.074085
1075,3,1,6,0.08089
1075,3,2,6,0.08089
1075,3,3,11,0.144239
1075,3,4,6,0.08089
1075,3,5,5,0.074085
1075,3,6,6,0.08089
1075,3,7,5,0.074085
1075,3,8,6,0.08089
1075,3,9,5,0.074085
1075,3,10,5,0.074085
1075,3,11,6,0.08089
1076,3,0,7,0.125
1076,3,1,7,0.125
1076,3,2,7,0.125
1076,3,3,7,0.125
1076,3,4,7,0.125
1076,3,5,7,0.125
1076,3,6,7,0.125
1076,3,7,7,0.125
1077,3,0,6,0.058371
1077,3,1,6,0.058371
1077,3,2,13,0.110989
1077,3,3,6,0.058371
1077,3,4,8,0.069452
1077,3,5,8,0.069452
1077,3,6,8,0.069452
1077,3,7,8,0.069452
1077,3,8,6,0.058371
1077,3,9,13,0.110989
1077,3,10,8,0.069452
1077,3,11,8,0.069452
1077,3,12,6,0.058371
1077,3,13,8,0.069452
1078,3,0,13,0.095197
1078,3,1,8,0.061921
1078,3,2,8,0.061921
1078,3,3,8,0.061921
1078,3,4,8,0.061921
1078,3,5,8,0.061921
1078,3,6,8,0.061921
1078,3,7,13,0.095197
1078,3,8,13,0.095197
1078,3,9,8,0.061921
1078,3,10,13,0.095197
1078,3,11,8,0.061921
1078,3,12,8,0.061921
1078,3,13,8,0.061921
1079,3,0,7,0.050508
1079,3,1,15,0.09554
1079,3,2,15,0.09554
1079,3,3,10,0.064744
1079,3,4,9,0.058947
1079,3,5,7,0.050508
1079,3,6,9,0.058947
1079,3,7,9,0.058947
1079,3,8,10,0.067412
1079,3,9,7,0.050508
1079,3,10,9,0.058947
1079,3,11,7,0.050508
1079,3,12,9,0.058947
1079,3,13,10,0.064744
1079,3,14,7,0.050508
1079,3,15,10,0.064744
1080,3,0,12,0.058497
1080,3,1,9,0.044795
1080,3,2,9,0.044795
1080,3,3,9,0.044795
1080,3,4,20,0.09255
1080,3,5,13,0.062842
1080,3,6,9,0.044795
1080,3,7,9,0.044668
1080,3,8,9,0.044668
1080,3,9,9,0.044795
1080,3,10,9,0.044795
1080,3,11,9,0.044668
1080,3,12,9,0.044668
1080,3,13,9,0.044668
1080,3,14,9,0.044795
1080,3,15,5,0.028288
1080,3,16,9,0.044795
1080,3,17,5,0.028288
1080,3,18,9,0.044668
1080,3,19,9,0.044668
1080,3,20,12,0.058497
1081,3,0,6,0.142857
1081,3,1,6,0.142857
1081,3,2,6,0.142857
1081,3,3,6,0.142857
1081,3,4,6,0.142857
1081,3,5,6,0.142857
1081,3,6,6,0.142857
1082,3,0,7,0.125
1082,3,1,7,0.125
1082,3,2,7,0.125
1082,3,3,7,0.125
1082,3,4,7,0.125
1082,3,5,7,0.125
1082,3,6,7,0.125
1082,3,7,7,0.125
1083,3,0,3,0.034753
1083,3,1,6,0.045711
1083,3,2,13,0.086546
1083,3,3,9,0.060585
1083,3,4,16,0.115711
1083,3,5,3,0.034753
1083,3,6,9,0.060585
1083,3,7,6,0.045711
1083,3,8,6,0.045711
1083,3,9,9,0.060585
1083,3,10,9,0.060585
1083,3,11,9,0.060585
1083,3,12,3,0.034753
1083,3,13,13,0.086546
1083,3,14,6,0.045711
1083,3,15,9,0.060585
1083,3,16,9,0.060585
1084,3,0,7,0.125
1084,3,1,7,0.125
1084,3,2,7,0.125
1084,3,3,7,0.125
1084,3,4,7,0.125
1084,3,5,7,0.125
1084,3,6,7,0.125
1084,3,7,7,0.125
1085,3,0,7,0.125
1085,3,1,7,0.125
1085,3,2,7,0.125
1085,3,3,7,0.125
1085,3,4,7,0.125
1085,3,5,7,0.125
1085,3,6,7,0.125
1085,3,7,7,0.125
1086,3,0,11,0.083527
1086,3,1,8,0.065393
1086,3,2,8,0.065393
1086,3,3,8,0.062479
1086,3,4,8,0.062479
1086,3,5,6,0.05206
1086,3,6,8,0.065393
1086,3,7,8,0.062479
1086,3,8,6,0.05206
1086,3,9,6,0.05206
1086,3,10,11,0.083527
1086,3,11,8,0.062479
1086,3,12,14,0.105717
1086,3,13,8,0.062479
1086,3,14,8,0.062479
1087,3,0,8,0.111111
1087,3,1,8,0.111111
1087,3,2,8,0.111111
1087,3,3,8,0.111111
1087,3,4,8,0.111111
1087,3,5,8,0.111111
1087,3,6,8,0.111111
1087,3,7,8,0.111111
1087,3,8,8,0.111111
1088,3,0,8,0.111111
1088,3,1,8,0.111111
1088,3,2,8,0.111111
1088,3,3,8,0.111111
1088,3,4,8,0.111111
1088,3,5,8,0.111111
1088,3,6,8,0.111111
1088,3,7,8,0.111111
1088,3,8,8,0.111111
1089,3,0,7,0.067363
1089,3,1,8,0.074861
1089,3,2,11,0.099694
1089,3,3,8,0.074861
1089,3,4,8,0.074861
1089,3,5,7,0.067363
1089,3,6,11,0.099694
1089,3,7,11,0.099694
1089,3,8,11,0.099694
1089,3,9,7,0.067363
1089,3,10,11,0.099694
1089,3,11,8,0.074861
1090,3,0,4,0.121443
1090,3,1,4,0.121443
1090,3,2,3,0.101879
1090,3,3,4,0.121443
1090,3,4,4,0.121443
1090,3,5,7,0.20859
1090,3,6,3,0.101879
1090,3,7,3,0.101879
1091,3,0,8,0.111111
1091,3,1,8,0.111111
1091,3,2,8,0.111111
1091,3,3,8,0.111111
1091,3,4,8,0.111111
1091,3,5,8,0.111111
1091,3,6,8,0.111111
1091,3,7,8,0.111111
1091,3,8,8,0.111111
1092,3,0,6,0.068848
1092,3,1,6,0.068848
1092,3,2,5,0.059378
1092,3,3,5,0.059378
1092,3,4,6,0.068848
1092,3,5,12,0.129207
1092,3,6,5,0.059378
1092,3,7,5,0.059378
1092,3,8,7,0.079917
1092,3,9,6,0.068848
1092,3,10,6,0.068848
1092,3,11,12,0.129207
1092,3,12,7,0.079917
1093,3,0,8,0.111111
1093,3,1,8,0.111111
1093,3,2,8,0.111111
1093,3,3,8,0.111111
1093,3,4,8,0.111111
1093,3,5,8,0.111111
1093,3,6,8,0.111111
1093,3,7,8,0.111111
1093,3,8,8,0.111111
1094,3,0,13,0.071429
1094,3,1,13,0.071429
1094,3,2,13,0.071429
1094,3,3,13,0.071429
1094,3,4,13,0.071429
1094,3,5,13,0.071429
1094,3,6,13,0.071429
1094,3,7,13,0.071429
1094,3,8,13,0.071429
1094,3,9,13,0.071429
1094,3,10,13,0.071429
1094,3,11,13,0.071429
1094,3,12,13,0.071429
1094,3,13,13,0.071429
1095,3,0,7,0.125
1095,3,1,7,0.125
1095,3,2,7,0.125
1095,3,3,7,0.125
1095,3,4,7,0.125
1095,3,5,7,0.125
1095,3,6,7,0.125
1095,3,7,7,0.125
1096,3,0,7,0.042056
1096,3,1,7,0.041602
1096,3,2,7,0.041602
1096,3,3,7,0.042056
1096,3,4,7,0.042056
1096,3,5,8,0.046651
1096,3,6,7,0.041602
1096,3,7,7,0.042056
1096,3,8,8,0.046651
1096,3,9,7,0.041602
1096,3,10,7,0.041602
1096,3,11,7,0.041602
1096,3,12,7,0.042056
1096,3,13,7,0.041602
1096,3,14,7,0.041602
1096,3,15,7,0.041602
1096,3,16,7,0.041602
1096,3,17,21,0.113083
1096,3,18,7,0.042056
1096,3,19,7,0.041602
1096,3,20,7,0.042056
1096,3,21,7,0.041602
1097,3,0,5,0.075891
1097,3,1,5,0.075891
1097,3,2,11,0.151885
1097,3,3,6,0.086773
1097,3,4,5,0.075891
1097,3,5,6,0.086773
1097,3,6,5,0.073611
1097,3,7,6,0.086773
1097,3,8,4,0.061117
1097,3,9,5,0.075891
1097,3,10,5,0.073611
1097,3,11,5,0.075891
1098,3,0,7,0.072204
1098,3,1,7,0.072204
1098,3,2,6,0.065704
1098,3,3,6,0.065704
1098,3,4,7,0.072204
1098,3,5,12,0.119128
1098,3,6,12,0.119128
1098,3,7,6,0.065704
1098,3,8,6,0.065704
1098,3,9,7,0.072204
1098,3,10,7,0.072204
1098,3,11,7,0.072204
1098,3,12,6,0.065704
1099,3,0,3,0.070391
1099,3,1,6,0.104227
1099,3,2,6,0.104227
1099,3,3,6,0.104227
1099,3,4,6,0.104227
1099,3,5,3,0.070391
1099,3,6,3,0.070391
1099,3,7,6,0.104227
1099,3,8,9,0.163462
1099,3,9,6,0.104227
1100,3,0,6,0.142857
1100,3,1,6,0.142857
1100,3,2,6,0.142857
1100,3,3,6,0.142857
1100,3,4,6,0.142857
1100,3,5,6,0.142857
1100,3,6,6,0.142857
1101,3,0,8,0.072918
1101,3,1,5,0.058792
1101,3,2,5,0.058792
1101,3,3,5,0.058792
1101,3,4,5,0.058792
1101,3,5,13,0.122698
1101,3,6,8,0.072918
1101,3,7,8,0.072918
1101,3,8,8,0.072918
1101,3,9,8,0.072918
1101,3,10,8,0.072918
1101,3,11,8,0.072918
1101,3,12,8,0.072918
1101,3,13,5,0.058792
1102,3,0,6,0.072152
1102,3,1,6,0.072152
1102,3,2,6,0.072152
1102,3,3,6,0.072152
1102,3,4,12,0.134171
1102,3,5,6,0.072152
1102,3,6,6,0.072152
1102,3,7,6,0.072152
1102,3,8,6,0.072152
1102,3,9,6,0.072152
1102,3,10,6,0.072152
1102,3,11,6,0.072152
1102,3,12,6,0.072152
1103,3,0,7,0.125
1103,3,1,7,0.125
1103,3,2,7,0.125
1103,3,3,7,0.125
1103,3,4,7,0.125
1103,3,5,7,0.125
1103,3,6,7,0.125
1103,3,7,7,0.125
1104,3,0,9,0.1
1104,3,1,9,0.1
1104,3,2,9,0.1
1104,3,3,9,0.1
1104,3,4,9,0.1
1104,3,5,9,0.1
1104,3,6,9,0.1
1104,3,7,9,0.1
1104,3,8,9,0.1
1104,3,9,9,0.1
1105,3,0,10,0.090909
1105,3,1,10,0.090909
1105,3,2,10,0.090909
1105,3,3,10,0.090909
1105,3,4,10,0.090909
1105,3,5,10,0.090909
1105,3,6,10,0.090909
1105,3,7,10,0.090909
1105,3,8,10,0.090909
1105,3,9,10,0.090909
1105,3,10,10,0.090909
1106,3,0,5,0.13252
1106,3,1,4,0.110005
1106,3,2,6,0.156239
1106,3,3,6,0.156239
1106,3,4,6,0.156239
1106,3,5,5,0.13252
1106,3,6,6,0.156239
1107,3,0,6,0.142857
1107,3,1,6,0.142857
1107,3,2,6,0.142857
1107,3,3,6,0.142857
1107,3,4,6,0.142857
1107,3,5,6,0.142857
1107,3,6,6,0.142857
1108,3,0,7,0.04887
1108,3,1,7,0.051475
1108,3,2,7,0.04887
1108,3,3,7,0.051475
1108,3,4,17,0.11151
1108,3,5,10,0.067523
1108,3,6,6,0.043371
1108,3,7,6,0.043371
1108,3,8,7,0.051475
1108,3,9,7,0.051475
1108,3,10,10,0.067523
1108,3,11,7,0.051475
1108,3,12,7,0.051475
1108,3,13,7,0.051475
1108,3,14,7,0.04887
1108,3,15,6,0.043371
1108,3,16,10,0.067523
1108,3,17,7,0.04887
1109,3,0,19,0.05
1109,3,1,19,0.05
1109,3,2,19,0.05
1109,3,3,19,0.05
1109,3,4,19,0.05
1109,3,5,19,0.05
1109,3,6,19,0.05
1109,3,7,19,0.05
1109,3,8,19,0.05
1109,3,9,19,0.05
1109,3,10,19,0.05
1109,3,11,19,0.05
1109,3,12,19,0.05
1109,3,13,19,0.05
1109,3,14,19,0.05
1109,3,15,19,0.05
1109,3,16,19,0.05
1109,3,17,19,0.05
1109,3,18,19,0.05
1109,3,19,19,0.05
1110,3,0,8,0.111111
1110,3,1,8,0.111111
1110,3,2,8,0.111111
1110,3,3,8,0.111111
1110,3,4,8,0.111111
1110,3,5,8,0.111111
1110,3,6,8,0.111111
1110,3,7,8,0.111111
1110,3,8,8,0.111111
1111,3,0,16,0.058824
1111,3,1,16,0.058824
1111,3,2,16,0.058824
1111,3,3,16,0.058824
1111,3,4,16,0.058824
1111,3,5,16,0.058824
1111,3,6,16,0.058824
1111,3,7,16,0.058824
1111,3,8,16,0.058824
1111,3,9,16,0.058824
1111,3,10,16,0.058824
1111,3,11,16,0.058824
1111,3,12,16,0.058824
1111,3,13,16,0.058824
1111,3,14,16,0.058824
1111,3,15,16,0.058824
1111,3,16,16,0.058824
1112,3,0,6,0.098718
1112,3,1,6,0.098718
1112,3,2,1,0.02884
1112,3,3,10,0.178783
1112,3,4,6,0.098718
1112,3,5,6,0.098718
1112,3,6,3,0.06669
1112,3,7,6,0.098718
1112,3,8,3,0.06669
1112,3,9,6,0.098718
1112,3,10,3,0.06669
1113,3,0,16,0.058824
1113,3,1,16,0.058824
1113,3,2,16,0.058824
1113,3,3,16,0.058824
1113,3,4,16,0.058824
1113,3,5,16,0.058824
1113,3,6,16,0.058824
1113,3,7,16,0.058824
1113,3,8,16,0.058824
1113,3,9,16,0.058824
1113,3,10,16,0.058824
1113,3,11,16,0.058824
1113,3,12,16,0.058824
1113,3,13,16,0.058824
1113,3,14,16,0.058824
1113,3,15,16,0.058824
1113,3,16,16,0.058824
1114,3,0,8,0.111111
1114,3,1,8,0.111111
1114,3,2,8,0.111111
1114,3,3,8,0.111111
1114,3,4,8,0.111111
1114,3,5,8,0.111111
1114,3,6,8,0.111111
1114,3,7,8,0.111111
1114,3,8,8,0.111111
1115,3,0,8,0.111111
1115,3,1,8,0.111111
1115,3,2,8,0.111111
1115,3,3,8,0.111111
1115,3,4,8,0.111111
1115,3,5,8,0.111111
1115,3,6,8,0.111111
1115,3,7,8,0.111111
1115,3,8,8,0.111111
1116,3,0,6,0.08089
1116,3,1,6,0.08089
1116,3,2,5,0.074085
1116,3,3,5,0.074085
1116,3,4,5,0.074085
1116,3,5,6,0.08089
1116,3,6,5,0.074085
1116,3,7,6,0.08089
1116,3,8,11,0.144239
1116,3,9,6,0.08089
1116,3,10,6,0.08089
1116,3,11,5,0.074085
1117,3,0,6,0.142857
1117,3,1,6,0.142857
1117,3,2,6,0.142857
1117,3,3,6,0.142857
1117,3,4,6,0.142857
1117,3,5,6,0.142857
1117,3,6,6,0.142857
1118,3,0,6,0.142857
1118,3,1,6,0.142857
1118,3,2,6,0.142857
1118,3,3,6,0.142857
1118,3,4,6,0.142857
1118,3,5,6,0.142857
1118,3,6,6,0.142857
1119,3,0,6,0.142857
1119,3,1,6,0.142857
1119,3,2,6,0.142857
1119,3,3,6,0.142857
1119,3,4,6,0.142857
1119,3,5,6,0.142857
1119,3,6,6,0.142857
1120,3,0,8,0.111111
1120,3,1,8,0.111111
1120,3,2,8,0.111111
1120,3,3,8,0.111111
1120,3,4,8,0.111111
1120,3,5,8,0.111111
1120,3,6,8,0.111111
1120,3,7,8,0.111111
1120,3,8,8,0.111111
1121,3,0,13,0.071429
1121,3,1,13,0.071429
1121,3,2,13,0.071429
1121,3,3,13,0.071429
1121,3,4,13,0.071429
1121,3,5,13,0.071429
1121,3,6,13,0.071429
1121,3,7,13,0.071429
1121,3,8,13,0.071429
1121,3,9,13,0.071429
1121,3,10,13,0.071429
1121,3,11,13,0.071429
1121,3,12,13,0.071429
1121,3,13,13,0.071429
1122,3,0,6,0.142857
1122,3,1,6,0.142857
1122,3,2,6,0.142857
1122,3,3,6,0.142857
1122,3,4,6,0.142857
1122,3,5,6,0.142857
1122,3,6,6,0.142857
1123,3,0,18,0.052632
1123,3,1,18,0.052632
1123,3,2,18,0.052632
1123,3,3,18,0.052632
1123,3,4,18,0.052632
1123,3,5,18,0.052632
1123,3,6,18,0.052632
1123,3,7,18,0.052632
1123,3,8,18,0.052632
1123,3,9,18,0.052632
1123,3,10,18,0.052632
1123,3,11,18,0.052632
1123,3,12,18,0.052632
1123,3,13,18,0.052632
1123,3,14,18,0.052632
1123,3,15,18,0.052632
1123,3,16,18,0.052632
1123,3,17,18,0.052632
1123,3,18,18,0.052632
1124,3,0,6,0.142857
1124,3,1,6,0.142857
1124,3,2,6,0.142857
1124,3,3,6,0.142857
1124,3,4,6,0.142857
1124,3,5,6,0.142857
1124,3,6,6,0.142857
1125,3,0,4,0.120424
1125,3,1,6,0.172768
1125,3,2,4,0.120424
1125,3,3,4,0.120424
1125,3,4,4,0.120424
1125,3,5,6,0.172768
1125,3,6,6,0.172768
1126,3,0,8,0.111111
1126,3,1,8,0.111111
1126,3,2,8,0.111111
1126,3,3,8,0.111111
1126,3,4,8,0.111111
1126,3,5,8,0.111111
1126,3,6,8,0.111111
1126,3,7,8,0.111111
1126,3,8,8,0.111111
1127,3,0,6,0.142857
1127,3,1,6,0.142857
1127,3,2,6,0.142857
1127,3,3,6,0.142857
1127,3,4,6,0.142857
1127,3,5,6,0.142857
1127,3,6,6,0.142857
1128,3,0,9,0.1
1128,3,1,9,0.1
1128,3,2,9,0.1
1128,3,3,9,0.1
1128,3,4,9,0.1
1128,3,5,9,0.1
1128,3,6,9,0.1
1128,3,7,9,0.1
1128,3,8,9,0.1
1128,3,9,9,0.1
1129,3,0,9,0.119302
1129,3,1,7,0.094503
1129,3,2,9,0.119302
1129,3,3,7,0.094503
1129,3,4,5,0.07239
1129,3,5,9,0.119302
1129,3,6,7,0.094503
1129,3,7,5,0.07239
1129,3,8,9,0.119302
1129,3,9,7,0.094503
1130,3,0,8,0.111111
1130,3,1,8,0.111111
1130,3,2,8,0.111111
1130,3,3,8,0.111111
1130,3,4,8,0.111111
1130,3,5,8,0.111111
1130,3,6,8,0.111111
1130,3,7,8,0.111111
1130,3,8,8,0.111111
1131,3,0,19,0.05
1131,3,1,19,0.05
1131,3,2,19,0.05
1131,3,3,19,0.05
1131,3,4,19,0.05
1131,3,5,19,0.05
1131,3,6,19,0.05
1131,3,7,19,0.05
1131,3,8,19,0.05
1131,3,9,19,0.05
1131,3,10,19,0.05
1131,3,11,19,0.05
1131,3,12,19,0.05
1131,3,13,19,0.05
1131,3,14,19,0.05
1131,3,15,19,0.05
1131,3,16,19,0.05
1131,3,17,19,0.05
1131,3,18,19,0.05
1131,3,19,19,0.05
1132,3,0,6,0.142857
1132,3,1,6,0.142857
1132,3,2,6,0.142857
1132,3,3,6,0.142857
1132,3,4,6,0.142857
1132,3,5,6,0.142857
1132,3,6,6,0.142857
1133,3,0,11,0.083333
1133,3,1,11,0.083333
1133,3,2,11,0.083333
1133,3,3,11,0.083333
1133,3,4,11,0.083333
1133,3,5,11,0.083333
1133,3,6,11,0.083333
1133,3,7,11,0.083333
1133,3,8,11,0.083333
1133,3,9,11,0.083333
1133,3,10,11,0.083333
1133,3,11,11,0.083333
1134,3,0,7,0.125
1134,3,1,7,0.125
1134,3,2,7,0.125
1134,3,3,7,0.125
1134,3,4,7,0.125
1134,3,5,7,0.125
1134,3,6,7,0.125
1134,3,7,7,0.125
1135,3,0,8,0.111111
1135,3,1,8,0.111111
1135,3,2,8,0.111111
1135,3,3,8,0.111111
1135,3,4,8,0.111111
1135,3,5,8,0.111111
1135,3,6,8,0.111111
1135,3,7,8,0.111111
1135,3,8,8,0.111111
1136,3,0,8,0.111111
1136,3,1,8,0.111111
1136,3,2,8,0.111111
1136,3,3,8,0.111111
1136,3,4,8,0.111111
1136,3,5,8,0.111111
1136,3,6,8,0.111111
1136,3,7,8,0.111111
1136,3,8,8,0.111111
1137,3,0,6,0.065704
1137,3,1,7,0.072204
1137,3,2,6,0.065704
1137,3,3,12,0.119128
1137,3,4,7,0.072204
1137,3,5,7,0.072204
1137,3,6,7,0.072204
1137,3,7,7,0.072204
1137,3,8,6,0.065704
1137,3,9,6,0.065704
1137,3,10,12,0.119128
1137,3,11,7,0.072204
1137,3,12,6,0.065704
1138,3,0,4,0.048293
1138,3,1,4,0.048293
1138,3,2,8,0.067908
1138,3,3,8,0.067908
1138,3,4,8,0.067908
1138,3,5,4,0.048293
1138,3,6,3,0.040355
1138,3,7,15,0.142503
1138,3,8,8,0.067908
1138,3,9,8,0.067908
1138,3,10,8,0.067908
1138,3,11,8,0.067908
1138,3,12,8,0.067908
1138,3,13,3,0.040355
1138,3,14,4,0.048293
1138,3,15,3,0.040355
1139,3,0,15,0.102117
1139,3,1,10,0.064581
1139,3,2,5,0.045287
1139,3,3,10,0.064581
1139,3,4,5,0.045287
1139,3,5,10,0.064581
1139,3,6,5,0.045287
1139,3,7,5,0.045287
1139,3,8,7,0.057099
1139,3,9,10,0.064581
1139,3,10,10,0.064581
1139,3,11,10,0.064581
1139,3,12,10,0.064581
1139,3,13,10,0.064581
1139,3,14,11,0.071494
1139,3,15,11,0.071494
1140,3,0,7,0.125
1140,3,1,7,0.125
1140,3,2,7,0.125
1140,3,3,7,0.125
1140,3,4,7,0.125
1140,3,5,7,0.125
1140,3,6,7,0.125
1140,3,7,7,0.125
1141,3,0,12,0.062322
1141,3,1,14,0.071491
1141,3,2,12,0.062322
1141,3,3,14,0.071491
1141,3,4,14,0.071491
1141,3,5,14,0.071491
1141,3,6,14,0.071491
1141,3,7,12,0.062322
1141,3,8,12,0.062322
1141,3,9,14,0.071491
1141,3,10,14,0.071491
1141,3,11,14,0.071491
1141,3,12,10,0.053647
1141,3,13,14,0.071491
1141,3,14,10,0.053647
1142,3,0,6,0.104227
1142,3,1,3,0.070391
1142,3,2,9,0.163462
1142,3,3,6,0.104227
1142,3,4,6,0.104227
1142,3,5,3,0.070391
1142,3,6,6,0.104227
1142,3,7,3,0.070391
1142,3,8,6,0.104227
1142,3,9,6,0.104227
1143,3,0,8,0.111111
1143,3,1,8,0.111111
1143,3,2,8,0.111111
1143,3,3,8,0.111111
1143,3,4,8,0.111111
1143,3,5,8,0.111111
1143,3,6,8,0.111111
1143,3,7,8,0.111111
1143,3,8,8,0.111111
1144,3,0,7,0.04717
1144,3,1,7,0.04717
1144,3,2,11,0.060804
1144,3,3,10,0.055411
1144,3,4,17,0.095171
1144,3,5,10,0.055411
1144,3,6,10,0.055411
1144,3,7,7,0.04717
1144,3,8,10,0.055411
1144,3,9,7,0.04717
1144,3,10,9,0.056914
1144,3,11,10,0.055411
1144,3,12,10,0.055411
1144,3,13,7,0.04717
1144,3,14,10,0.055411
1144,3,15,10,0.055411
1144,3,16,7,0.04717
1144,3,17,11,0.060804
1145,3,0,8,0.055473
1145,3,1,14,0.091178
1145,3,2,8,0.055989
1145,3,3,8,0.055989
1145,3,4,9,0.061159
1145,3,5,9,0.061159
1145,3,6,9,0.061159
1145,3,7,8,0.055989
1145,3,8,13,0.085249
1145,3,9,14,0.091178
1145,3,10,9,0.061159
1145,3,11,14,0.091178
1145,3,12,8,0.055989
1145,3,13,9,0.061159
1145,3,14,8,0.055989
1146,3,0,18,0.052632
1146,3,1,18,0.052632
1146,3,2,18,0.052632
1146,3,3,18,0.052632
1146,3,4,18,0.052632
1146,3,5,18,0.052632
1146,3,6,18,0.052632
1146,3,7,18,0.052632
1146,3,8,18,0.052632
1146,3,9,18,0.052632
1146,3,10,18,0.052632
1146,3,11,18,0.052632
1146,3,12,18,0.052632
1146,3,13,18,0.052632
1146,3,14,18,0.052632
1146,3,15,18,0.052632
1146,3,16,18,0.052632
1146,3,17,18,0.052632
1146,3,18,18,0.052632
1147,3,0,6,0.064968
1147,3,1,6,0.064968
1147,3,2,13,0.124878
1147,3,3,7,0.06933
1147,3,4,7,0.06933
1147,3,5,7,0.06933
1147,3,6,7,0.06933
1147,3,7,7,0.06933
1147,3,8,6,0.064968
1147,3,9,6,0.064968
1147,3,10,7,0.06933
1147,3,11,6,0.064968
1147,3,12,6,0.064968
1147,3,13,7,0.06933
1148,3,0,7,0.033602
1148,3,1,6,0.031504
1148,3,2,7,0.033602
1148,3,3,7,0.033602
1148,3,4,28,0.1319
1148,3,5,7,0.033602
1148,3,6,3,0.021388
1148,3,7,6,0.031504
1148,3,8,7,0.033602
1148,3,9,5,0.028896
1148,3,10,7,0.033602
1148,3,11,7,0.033602
1148,3,12,6,0.031504
1148,3,13,7,0.033602
1148,3,14,7,0.033602
1148,3,15,6,0.031504
1148,3,16,7,0.033602
1148,3,17,5,0.028896
1148,3,18,7,0.033602
1148,3,19,7,0.033602
1148,3,20,5,0.028896
1148,3,21,6,0.031504
1148,3,22,7,0.033602
1148,3,23,6,0.031504
1148,3,24,7,0.033602
1148,3,25,5,0.028896
1148,3,26,3,0.021388
1148,3,27,5,0.028896
1148,3,28,3,0.021388
1149,3,0,26,0.092555
1149,3,1,8,0.031527
1149,3,2,6,0.024964
1149,3,3,7,0.029523
1149,3,4,8,0.031527
1149,3,5,10,0.035887
1149,3,6,10,0.035887
1149,3,7,6,0.026152
1149,3,8,6,0.025791
1149,3,9,6,0.026152
1149,3,10,10,0.035887
1149,3,11,10,0.035887
1149,3,12,10,0.035887
1149,3,13,9,0.034973
1149,3,14,6,0.026152
1149,3,15,7,0.029523
1149,3,16,12,0.047878
1149,3,17,15,0.052698
1149,3,18,8,0.031527
1149,3,19,6,0.025791
1149,3,20,26,0.092555
1149,3,21,7,0.027945
1149,3,22,7,0.029523
1149,3,23,10,0.035887
1149,3,24,10,0.035887
1149,3,25,10,0.035887
1149,3,26,6,0.026152
1150,3,0,13,0.071429
1150,3,1,13,0.071429
1150,3,2,13,0.071429
1150,3,3,13,0.071429
1150,3,4,13,0.071429
1150,3,5,13,0.071429
1150,3,6,13,0.071429
1150,3,7,13,0.071429
1150,3,8,13,0.071429
1150,3,9,13,0.071429
1150,3,10,13,0.071429
1150,3,11,13,0.071429
1150,3,12,13,0.071429
1150,3,13,13,0.071429
1151,3,0,7,0.125
1151,3,1,7,0.125
1151,3,2,7,0.125
1151,3,3,7,0.125
1151,3,4,7,0.125
1151,3,5,7,0.125
1151,3,6,7,0.125
1151,3,7,7,0.125
1152,3,0,5,0.112977
1152,3,1,3,0.083736
1152,3,2,3,0.083736
1152,3,3,3,0.083736
1152,3,4,8,0.183907
1152,3,5,5,0.112977
1152,3,6,5,0.112977
1152,3,7,5,0.112977
1152,3,8,5,0.112977
1153,3,0,6,0.142857
1153,3,1,6,0.142857
1153,3,2,6,0.142857
1153,3,3,6,0.142857
1153,3,4,6,0.142857
1153,3,5,6,0.142857
1153,3,6,6,0.142857
1154,3,0,7,0.125
1154,3,1,7,0.125
1154,3,2,7,0.125
1154,3,3,7,0.125
1154,3,4,7,0.125
1154,3,5,7,0.125
1154,3,6,7,0.125
1154,3,7,7,0.125
1155,3,0,6,0.142857
1155,3,1,6,0.142857
1155,3,2,6,0.142857
1155,3,3,6,0.142857
1155,3,4,6,0.142857
1155,3,5,6,0.142857
1155,3,6,6,0.142857
1156,3,0,10,0.090909
1156,3,1,10,0.090909
1156,3,2,10,0.090909
1156,3,3,10,0.090909
1156,3,4,10,0.090909
1156,3,5,10,0.090909
1156,3,6,10,0.090909
1156,3,7,10,0.090909
1156,3,8,10,0.090909
1156,3,9,10,0.090909
1156,3,10,10,0.090909
1157,3,0,6,0.142857
1157,3,1,6,0.142857
1157,3,2,6,0.142857
1157,3,3,6,0.142857
1157,3,4,6,0.142857
1157,3,5,6,0.142857
1157,3,6,6,0.142857
1158,3,0,7,0.125
1158,3,1,7,0.125
1158,3,2,7,0.125
1158,3,3,7,0.125
1158,3,4,7,0.125
1158,3,5,7,0.125
1158,3,6,7,0.125
1158,3,7,7,0.125
1159,3,0,7,0.125
1159,3,1,7,0.125
1159,3,2,7,0.125
1159,3,3,7,0.125
1159,3,4,7,0.125
1159,3,5,7,0.125
1159,3,6,7,0.125
1159,3,7,7,0.125
1160,3,0,7,0.125
1160,3,1,7,0.125
1160,3,2,7,0.125
1160,3,3,7,0.125
1160,3,4,7,0.125
1160,3,5,7,0.125
1160,3,6,7,0.125
1160,3,7,7,0.125
1161,3,0,19,0.05
1161,3,1,19,0.05
1161,3,2,19,0.05
1161,3,3,19,0.05
1161,3,4,19,0.05
1161,3,5,19,0.05
1161,3,6,19,0.05
1161,3,7,19,0.05
1161,3,8,19,0.05
1161,3,9,19,0.05
1161,3,10,19,0.05
1161,3,11,19,0.05
1161,3,12,19,0.05
1161,3,13,19,0.05
1161,3,14,19,0.05
1161,3,15,19,0.05
1161,3,16,19,0.05
1161,3,17,19,0.05
1161,3,18,19,0.05
1161,3,19,19,0.05
1162,3,0,7,0.125
1162,3,1,7,0.125
1162,3,2,7,0.125
1162,3,3,7,0.125
1162,3,4,7,0.125
1162,3,5,7,0.125
1162,3,6,7,0.125
1162,3,7,7,0.125
1163,3,0,6,0.142857
1163,3,1,6,0.142857
1163,3,2,6,0.142857
1163,3,3,6,0.142857
1163,3,4,6,0.142857
1163,3,5,6,0.142857
1163,3,6,6,0.142857
1164,3,0,4,0.073986
1164,3,1,6,0.091607
1164,3,2,6,0.091607
1164,3,3,4,0.073986
1164,3,4,6,0.091607
1164,3,5,6,0.091607
1164,3,6,4,0.073986
1164,3,7,10,0.154411
1164,3,8,6,0.091607
1164,3,9,4,0.073986
1164,3,10,6,0.091607
1165,3,0,6,0.061352
1165,3,1,4,0.049787
1165,3,2,6,0.061352
1165,3,3,5,0.056216
1165,3,4,6,0.061352
1165,3,5,4,0.049787
1165,3,6,5,0.056216
1165,3,7,5,0.056216
1165,3,8,4,0.049787
1165,3,9,6,0.061352
1165,3,10,6,0.061352
1165,3,11,6,0.061352
1165,3,12,4,0.049787
1165,3,13,5,0.056216
1165,3,14,5,0.056216
1165,3,15,15,0.151658
1166,3,0,19,0.05
1166,3,1,19,0.05
1166,3,2,19,0.05
1166,3,3,19,0.05
1166,3,4,19,0.05
1166,3,5,19,0.05
1166,3,6,19,0.05
1166,3,7,19,0.05
1166,3,8,19,0.05
1166,3,9,19,0.05
1166,3,10,19,0.05
1166,3,11,19,0.05
1166,3,12,19,0.05
1166,3,13,19,0.05
1166,3,14,19,0.05
1166,3,15,19,0.05
1166,3,16,19,0.05
1166,3,17,19,0.05
1166,3,18,19,0.05
1166,3,19,19,0.05
1167,3,0,7,0.067368
1167,3,1,7,0.067368
1167,3,2,7,0.067368
1167,3,3,7,0.067368
1167,3,4,12,0.108773
1167,3,5,7,0.067368
1167,3,6,7,0.067368
1167,3,7,7,0.067368
1167,3,8,12,0.108773
1167,3,9,7,0.067368
1167,3,10,12,0.108773
1167,3,11,7,0.067368
1167,3,12,7,0.067368
1168,3,0,8,0.111111
1168,3,1,8,0.111111
1168,3,2,8,0.111111
1168,3,3,8,0.111111
1168,3,4,8,0.111111
1168,3,5,8,0.111111
1168,3,6,8,0.111111
1168,3,7,8,0.111111
1168,3,8,8,0.111111
1169,3,0,8,0.069452
1169,3,1,8,0.069452
1169,3,2,6,0.058371
1169,3,3,6,0.058371
1169,3,4,8,0.069452
1169,3,5,6,0.058371
1169,3,6,8,0.069452
1169,3,7,8,0.069452
1169,3,8,13,0.110989
1169,3,9,13,0.110989
1169,3,10,8,0.069452
1169,3,11,6,0.058371
1169,3,12,6,0.058371
1169,3,13,8,0.069452
1170,3,0,4,0.0572
1170,3,1,12,0.128497
1170,3,2,8,0.080338
1170,3,3,8,0.080338
1170,3,4,4,0.0572
1170,3,5,8,0.080338
1170,3,6,8,0.080338
1170,3,7,8,0.080338
1170,3,8,8,0.080338
1170,3,9,4,0.0572
1170,3,10,8,0.080338
1170,3,11,4,0.0572
1170,3,12,8,0.080338
1171,3,0,13,0.123565
1171,3,1,9,0.086103
1171,3,2,9,0.086103
1171,3,3,5,0.054934
1171,3,4,6,0.060155
1171,3,5,5,0.054934
1171,3,6,6,0.060155
1171,3,7,5,0.054934
1171,3,8,6,0.060155
1171,3,9,13,0.123565
1171,3,10,6,0.060155
1171,3,11,5,0.054934
1171,3,12,6,0.060155
1171,3,13,6,0.060155
1172,3,0,6,0.142857
1172,3,1,6,0.142857
1172,3,2,6,0.142857
1172,3,3,6,0.142857
1172,3,4,6,0.142857
1172,3,5,6,0.142857
1172,3,6,6,0.142857
1173,3,0,7,0.125
1173,3,1,7,0.125
1173,3,2,7,0.125
1173,3,3,7,0.125
1173,3,4,7,0.125
1173,3,5,7,0.125
1173,3,6,7,0.125
1173,3,7,7,0.125
1174,3,0,8,0.111111
1174,3,1,8,0.111111
1174,3,2,8,0.111111
1174,3,3,8,0.111111
1174,3,4,8,0.111111
1174,3,5,8,0.111111
1174,3,6,8,0.111111
1174,3,7,8,0.111111
1174,3,8,8,0.111111
1175,3,0,9,0.1
1175,3,1,9,0.1
1175,3,2,9,0.1
1175,3,3,9,0.1
1175,3,4,9,0.1
1175,3,5,9,0.1
1175,3,6,9,0.1
1175,3,7,9,0.1
1175,3,8,9,0.1
1175,3,9,9,0.1
1176,3,0,5,0.08431
1176,3,1,10,0.156899
1176,3,2,5,0.08431
1176,3,3,5,0.08431
1176,3,4,5,0.08431
1176,3,5,5,0.08431
1176,3,6,5,0.08431
1176,3,7,5,0.08431
1176,3,8,5,0.08431
1176,3,9,5,0.08431
1176,3,10,5,0.08431
1177,3,0,8,0.111111
1177,3,1,8,0.111111
1177,3,2,8,0.111111
1177,3,3,8,0.111111
1177,3,4,8,0.111111
1177,3,5,8,0.111111
1177,3,6,8,0.111111
1177,3,7,8,0.111111
1177,3,8,8,0.111111
1178,3,0,19,0.039834
1178,3,1,7,0.031235
1178,3,2,19,0.039834
1178,3,3,19,0.039834
1178,3,4,5,0.023363
1178,3,5,19,0.039834
1178,3,6,19,0.039834
1178,3,7,4,0.019007
1178,3,8,19,0.039834
1178,3,9,19,0.039834
1178,3,10,19,0.039834
1178,3,11,19,0.039834
1178,3,12,5,0.021276
1178,3,13,19,0.039834
1178,3,14,19,0.039834
1178,3,15,5,0.023363
1178,3,16,7,0.031235
1178,3,17,26,0.066736
1178,3,18,19,0.039834
1178,3,19,5,0.023363
1178,3,20,19,0.039834
1178,3,21,19,0.039834
1178,3,22,19,0.039834
1178,3,23,19,0.039834
1178,3,24,20,0.043404
1178,3,25,19,0.039834
1178,3,26,19,0.039834
1179,3,0,9,0.1
1179,3,1,9,0.1
1179,3,2,9,0.1
1179,3,3,9,0.1
1179,3,4,9,0.1
1179,3,5,9,0.1
1179,3,6,9,0.1
1179,3,7,9,0.1
1179,3,8,9,0.1
1179,3,9,9,0.1
1180,3,0,8,0.054137
1180,3,1,8,0.054137
1180,3,2,13,0.086127
1180,3,3,8,0.054137
1180,3,4,5,0.041574
1180,3,5,6,0.045155
1180,3,6,17,0.11437
1180,3,7,5,0.041574
1180,3,8,8,0.054137
1180,3,9,6,0.045155
1180,3,10,8,0.054137
1180,3,11,6,0.045155
1180,3,12,6,0.045155
1180,3,13,5,0.041574
1180,3,14,8,0.054137
1180,3,15,8,0.054137
1180,3,16,5,0.041574
1180,3,17,10,0.073624
1181,3,0,18,0.052632
1181,3,1,18,0.052632
1181,3,2,18,0.052632
1181,3,3,18,0.052632
1181,3,4,18,0.052632
1181,3,5,18,0.052632
1181,3,6,18,0.052632
1181,3,7,18,0.052632
1181,3,8,18,0.052632
1181,3,9,18,0.052632
1181,3,10,18,0.052632
1181,3,11,18,0.052632
1181,3,12,18,0.052632
1181,3,13,18,0.052632
1181,3,14,18,0.052632
1181,3,15,18,0.052632
1181,3,16,18,0.052632
1181,3,17,18,0.052632
1181,3,18,18,0.052632
1182,3,0,3,0.127095
1182,3,1,3,0.127095
1182,3,2,3,0.127095
1182,3,3,3,0.127095
1182,3,4,3,0.127095
1182,3,5,6,0.237428
1182,3,6,3,0.127095
1183,3,0,16,0.022375
1183,3,1,16,0.022375
1183,3,2,5,0.014393
1183,3,3,7,0.016285
1183,3,4,19,0.027195
1183,3,5,7,0.016924
1183,3,6,7,0.016924
1183,3,7,7,0.016924
1183,3,8,16,0.022375
1183,3,9,5,0.014393
1183,3,10,16,0.022375
1183,3,11,5,0.014393
1183,3,12,11,0.020609
1183,3,13,16,0.022375
1183,3,14,7,0.015072
1183,3,15,7,0.016924
1183,3,16,11,0.020609
1183,3,17,7,0.016285
1183,3,18,7,0.015072
1183,3,19,16,0.022375
1183,3,20,7,0.016924
1183,3,21,16,0.022375
1183,3,22,7,0.016285
1183,3,23,7,0.015072
1183,3,24,7,0.016924
1183,3,25,49,0.08925
1183,3,26,5,0.014393
1183,3,27,16,0.022375
1183,3,28,19,0.027195
1183,3,29,7,0.015072
1183,3,30,7,0.016924
1183,3,31,7,0.015072
1183,3,32,16,0.022375
1183,3,33,19,0.027195
1183,3,34,7,0.016924
1183,3,35,5,0.014393
1183,3,36,16,0.022375
1183,3,37,5,0.012165
1183,3,38,7,0.016924
1183,3,39,6,0.01418
1183,3,40,12,0.023429
1183,3,41,16,0.022375
1183,3,42,7,0.016924
1183,3,43,7,0.016924
1183,3,44,6,0.01418
1183,3,45,7,0.016924
1183,3,46,16,0.022375
1183,3,47,7,0.016924
1183,3,48,16,0.022375
1183,3,49,7,0.016924
1184,3,0,6,0.142857
1184,3,1,6,0.142857
1184,3,2,6,0.142857
1184,3,3,6,0.142857
1184,3,4,6,0.142857
1184,3,5,6,0.142857
1184,3,6,6,0.142857
1185,3,0,10,0.105825
1185,3,1,11,0.115661
1185,3,2,5,0.05915
1185,3,3,9,0.095469
1185,3,4,6,0.068519
1185,3,5,8,0.085678
1185,3,6,7,0.075801
1185,3,7,5,0.057607
1185,3,8,8,0.085678
1185,3,9,5,0.05915
1185,3,10,7,0.075801
1185,3,11,11,0.115661
1186,3,0,11,0.083333
1186,3,1,11,0.083333
1186,3,2,11,0.083333
1186,3,3,11,0.083333
1186,3,4,11,0.083333
1186,3,5,11,0.083333
1186,3,6,11,0.083333
1186,3,7,11,0.083333
1186,3,8,11,0.083333
1186,3,9,11,0.083333
1186,3,10,11,0.083333
1186,3,11,11,0.083333
1187,3,0,6,0.142857
1187,3,1,6,0.142857
1187,3,2,6,0.142857
1187,3,3,6,0.142857
1187,3,4,6,0.142857
1187,3,5,6,0.142857
1187,3,6,6,0.142857
1188,3,0,9,0.1
1188,3,1,9,0.1
1188,3,2,9,0.1
1188,3,3,9,0.1
1188,3,4,9,0.1
1188,3,5,9,0.1
1188,3,6,9,0.1
1188,3,7,9,0.1
1188,3,8,9,0.1
1188,3,9,9,0.1
1189,3,0,7,0.125
1189,3,1,7,0.125
1189,3,2,7,0.125
1189,3,3,7,0.125
1189,3,4,7,0.125
1189,3,5,7,0.125
1189,3,6,7,0.125
1189,3,7,7,0.125
1190,3,0,17,0.055556
1190,3,1,17,0.055556
1190,3,2,17,0.055556
1190,3,3,17,0.055556
1190,3,4,17,0.055556
1190,3,5,17,0.055556
1190,3,6,17,0.055556
1190,3,7,17,0.055556
1190,3,8,17,0.055556
1190,3,9,17,0.055556
1190,3,10,17,0.055556
1190,3,11,17,0.055556
1190,3,12,17,0.055556
1190,3,13,17,0.055556
1190,3,14,17,0.055556
1190,3,15,17,0.055556
1190,3,16,17,0.055556
1190,3,17,17,0.055556
1191,3,0,8,0.111111
1191,3,1,8,0.111111
1191,3,2,8,0.111111
1191,3,3,8,0.111111
1191,3,4,8,0.111111
1191,3,5,8,0.111111
1191,3,6,8,0.111111
1191,3,7,8,0.111111
1191,3,8,8,0.111111
1192,3,0,8,0.111111
1192,3,1,8,0.111111
1192,3,2,8,0.111111
1192,3,3,8,0.111111
1192,3,4,8,0.111111
1192,3,5,8,0.111111
1192,3,6,8,0.111111
1192,3,7,8,0.111111
1192,3,8,8,0.111111
1193,3,0,16,0.058824
1193,3,1,16,0.058824
1193,3,2,16,0.058824
1193,3,3,16,0.058824
1193,3,4,16,0.058824
1193,3,5,16,0.058824
1193,3,6,16,0.058824
1193,3,7,16,0.058824
1193,3,8,16,0.058824
1193,3,9,16,0.058824
1193,3,10,16,0.058824
1193,3,11,16,0.058824
1193,3,12,16,0.058824
1193,3,13,16,0.058824
1193,3,14,16,0.058824
1193,3,15,16,0.058824
1193,3,16,16,0.058824
1194,3,0,9,0.1
1194,3,1,9,0.1
1194,3,2,9,0.1
1194,3,3,9,0.1
1194,3,4,9,0.1
1194,3,5,9,0.1
1194,3,6,9,0.1
1194,3,7,9,0.1
1194,3,8,9,0.1
1194,3,9,9,0.1
1195,3,0,9,0.1
1195,3,1,9,0.1
1195,3,2,9,0.1
1195,3,3,9,0.1
1195,3,4,9,0.1
1195,3,5,9,0.1
1195,3,6,9,0.1
1195,3,7,9,0.1
1195,3,8,9,0.1
1195,3,9,9,0.1
1196,3,0,6,0.142857
1196,3,1,6,0.142857
1196,3,2,6,0.142857
1196,3,3,6,0.142857
1196,3,4,6,0.142857
1196,3,5,6,0.142857
1196,3,6,6,0.142857
1197,3,0,9,0.072887
1197,3,1,9,0.072887
1197,3,2,9,0.072887
1197,3,3,9,0.072887
1197,3,4,13,0.107236
1197,3,5,13,0.107236
1197,3,6,9,0.072887
1197,3,7,5,0.050609
1197,3,8,9,0.072887
1197,3,9,5,0.050609
1197,3,10,9,0.072887
1197,3,11,5,0.050609
1197,3,12,9,0.072887
1197,3,13,5,0.050609
1198,3,0,7,0.125
1198,3,1,7,0.125
1198,3,2,7,0.125
1198,3,3,7,0.125
1198,3,4,7,0.125
1198,3,5,7,0.125
1198,3,6,7,0.125
1198,3,7,7,0.125
1199,3,0,12,0.13282
1199,3,1,7,0.07695
1199,3,2,7,0.07695
1199,3,3,7,0.07695
1199,3,4,7,0.07695
1199,3,5,5,0.065706
1199,3,6,7,0.07695
1199,3,7,5,0.065706
1199,3,8,7,0.07695
1199,3,9,5,0.065706
1199,3,10,7,0.07695
1199,3,11,5,0.065706
1199,3,12,5,0.065706
1200,3,0,6,0.142857
1200,3,1,6,0.142857
1200,3,2,6,0.142857
1200,3,3,6,0.142857
1200,3,4,6,0.142857
1200,3,5,6,0.142857
1200,3,6,6,0.142857
1201,3,0,8,0.111111
1201,3,1,8,0.111111
1201,3,2,8,0.111111
1201,3,3,8,0.111111
1201,3,4,8,0.111111
1201,3,5,8,0.111111
1201,3,6,8,0.111111
1201,3,7,8,0.111111
1201,3,8,8,0.111111
1202,3,0,16,0.058824
1202,3,1,16,0.058824
1202,3,2,16,0.058824
1202,3,3,16,0.058824
1202,3,4,16,0.058824
1202,3,5,16,0.058824
1202,3,6,16,0.058824
1202,3,7,16,0.058824
1202,3,8,16,0.058824
1202,3,9,16,0.058824
1202,3,10,16,0.058824
1202,3,11,16,0.058824
1202,3,12,16,0.058824
1202,3,13,16,0.058824
1202,3,14,16,0.058824
1202,3,15,16,0.058824
1202,3,16,16,0.058824
1203,3,0,4,0.064644
1203,3,1,7,0.085852
1203,3,2,4,0.064644
1203,3,3,7,0.085852
1203,3,4,7,0.085852
1203,3,5,7,0.085852
1203,3,6,11,0.140458
1203,3,7,7,0.085852
1203,3,8,4,0.064644
1203,3,9,4,0.064644
1203,3,10,7,0.085852
1203,3,11,7,0.085852
1204,3,0,6,0.142857
1204,3,1,6,0.142857
1204,3,2,6,0.142857
1204,3,3,6,0.142857
1204,3,4,6,0.142857
1204,3,5,6,0.142857
1204,3,6,6,0.142857
1205,3,0,8,0.111111
1205,3,1,8,0.111111
1205,3,2,8,0.111111
1205,3,3,8,0.111111
1205,3,4,8,0.111111
1205,3,5,8,0.111111
1205,3,6,8,0.111111
1205,3,7,8,0.111111
1205,3,8,8,0.111111
1206,3,0,6,0.068277
1206,3,1,6,0.068277
1206,3,2,7,0.076194
1206,3,3,6,0.068277
1206,3,4,11,0.115307
1206,3,5,11,0.115307
1206,3,6,7,0.076194
1206,3,7,11,0.115307
1206,3,8,7,0.076194
1206,3,9,7,0.076194
1206,3,10,7,0.076194
1206,3,11,6,0.068277
1207,3,0,4,0.053564
1207,3,1,7,0.071055
1207,3,2,7,0.071055
1207,3,3,4,0.053564
1207,3,4,3,0.044773
1207,3,5,14,0.154042
1207,3,6,7,0.071055
1207,3,7,3,0.044773
1207,3,8,4,0.053564
1207,3,9,4,0.053564
1207,3,10,7,0.071055
1207,3,11,7,0.071055
1207,3,12,3,0.044773
1207,3,13,7,0.071055
1207,3,14,7,0.071055
1208,3,0,7,0.04279
1208,3,1,9,0.050244
1208,3,2,9,0.050244
1208,3,3,10,0.059107
1208,3,4,9,0.050244
1208,3,5,18,0.09742
1208,3,6,7,0.04279
1208,3,7,7,0.04279
1208,3,8,6,0.037944
1208,3,9,9,0.050244
1208,3,10,10,0.059107
1208,3,11,9,0.050244
1208,3,12,9,0.050244
1208,3,13,6,0.037944
1208,3,14,6,0.037944
1208,3,15,7,0.04279
1208,3,16,18,0.09742
1208,3,17,9,0.050244
1208,3,18,9,0.050244
1209,3,0,17,0.024721
1209,3,1,39,0.061315
1209,3,2,21,0.029774
1209,3,3,16,0.024035
1209,3,4,17,0.024721
1209,3,5,17,0.024721
1209,3,6,6,0.013041
1209,3,7,19,0.028177
1209,3,8,21,0.032483
1209,3,9,3,0.012027
1209,3,10,16,0.024035
1209,3,11,17,0.024721
1209,3,12,16,0.024035
1209,3,13,19,0.028177
1209,3,14,17,0.025292
1209,3,15,17,0.024721
1209,3,16,17,0.024721
1209,3,17,17,0.024721
1209,3,18,32,0.043849
1209,3,19,17,0.024721
1209,3,20,6,0.013041
1209,3,21,16,0.024035
1209,3,22,17,0.025266
1209,3,23,3,0.012027
1209,3,24,17,0.024721
1209,3,25,17,0.024721
1209,3,26,18,0.026508
1209,3,27,17,0.024721
1209,3,28,16,0.024035
1209,3,29,16,0.024035
1209,3,30,19,0.027262
1209,3,31,8,0.015739
1209,3,32,18,0.026508
1209,3,33,6,0.013041
1209,3,34,16,0.024035
1209,3,35,27,0.039554
1209,3,36,17,0.025266
1209,3,37,17,0.024721
1209,3,38,3,0.012027
1209,3,39,17,0.024721
1210,3,0,4,0.073986
1210,3,1,6,0.091607
1210,3,2,6,0.091607
1210,3,3,4,0.073986
1210,3,4,6,0.091607
1210,3,5,6,0.091607
1210,3,6,6,0.091607
1210,3,7,4,0.073986
1210,3,8,10,0.154411
1210,3,9,6,0.091607
1210,3,10,4,0.073986
1211,3,0,8,0.111111
1211,3,1,8,0.111111
1211,3,2,8,0.111111
1211,3,3,8,0.111111
1211,3,4,8,0.111111
1211,3,5,8,0.111111
1211,3,6,8,0.111111
1211,3,7,8,0.111111
1211,3,8,8,0.111111
1212,3,0,7,0.125
1212,3,1,7,0.125
1212,3,2,7,0.125
1212,3,3,7,0.125
1212,3,4,7,0.125
1212,3,5,7,0.125
1212,3,6,7,0.125
1212,3,7,7,0.125
1213,3,0,7,0.125
1213,3,1,7,0.125
1213,3,2,7,0.125
1213,3,3,7,0.125
1213,3,4,7,0.125
1213,3,5,7,0.125
1213,3,6,7,0.125
1213,3,7,7,0.125
1214,3,0,8,0.111111
1214,3,1,8,0.111111
1214,3,2,8,0.111111
1214,3,3,8,0.111111
1214,3,4,8,0.111111
1214,3,5,8,0.111111
1214,3,6,8,0.111111
1214,3,7,8,0.111111
1214,3,8,8,0.111111
1215,3,0,6,0.142857
1215,3,1,6,0.142857
1215,3,2,6,0.142857
1215,3,3,6,0.142857
1215,3,4,6,0.142857
1215,3,5,6,0.142857
1215,3,6,6,0.142857
1216,3,0,7,0.125
1216,3,1,7,0.125
1216,3,2,7,0.125
1216,3,3,7,0.125
1216,3,4,7,0.125
1216,3,5,7,0.125
1216,3,6,7,0.125
1216,3,7,7,0.125
1217,3,0,9,0.1
1217,3,1,9,0.1
1217,3,2,9,0.1
1217,3,3,9,0.1
1217,3,4,9,0.1
1217,3,5,9,0.1
1217,3,6,9,0.1
1217,3,7,9,0.1
1217,3,8,9,0.1
1217,3,9,9,0.1
1218,3,0,11,0.066377
1218,3,1,11,0.066377
1218,3,2,11,0.066377
1218,3,3,11,0.066377
1218,3,4,11,0.066377
1218,3,5,11,0.066377
1218,3,6,4,0.042058
1218,3,7,11,0.066377
1218,3,8,4,0.042058
1218,3,9,11,0.066377
1218,3,10,11,0.066377
1218,3,11,11,0.066377
1218,3,12,4,0.042058
1218,3,13,4,0.042058
1218,3,14,11,0.066377
1218,3,15,15,0.101625
1219,3,0,7,0.07695
1219,3,1,5,0.065706
1219,3,2,7,0.07695
1219,3,3,7,0.07695
1219,3,4,7,0.07695
1219,3,5,5,0.065706
1219,3,6,12,0.13282
1219,3,7,5,0.065706
1219,3,8,5,0.065706
1219,3,9,7,0.07695
1219,3,10,7,0.07695
1219,3,11,7,0.07695
1219,3,12,5,0.065706
1220,3,0,6,0.142857
1220,3,1,6,0.142857
1220,3,2,6,0.142857
1220,3,3,6,0.142857
1220,3,4,6,0.142857
1220,3,5,6,0.142857
1220,3,6,6,0.142857
1221,3,0,8,0.111111
1221,3,1,8,0.111111
1221,3,2,8,0.111111
1221,3,3,8,0.111111
1221,3,4,8,0.111111
1221,3,5,8,0.111111
1221,3,6,8,0.111111
1221,3,7,8,0.111111
1221,3,8,8,0.111111
1222,3,0,9,0.1
1222,3,1,9,0.1
1222,3,2,9,0.1
1222,3,3,9,0.1
1222,3,4,9,0.1
1222,3,5,9,0.1
1222,3,6,9,0.1
1222,3,7,9,0.1
1222,3,8,9,0.1
1222,3,9,9,0.1
1223,3,0,8,0.111111
1223,3,1,8,0.111111
1223,3,2,8,0.111111
1223,3,3,8,0.111111
1223,3,4,8,0.111111
1223,3,5,8,0.111111
1223,3,6,8,0.111111
1223,3,7,8,0.111111
1223,3,8,8,0.111111
1224,3,0,10,0.008
1224,3,1,30,0.017103
1224,3,2,19,0.011366
1224,3,3,17,0.010902
1224,3,4,27,0.016171
1224,3,5,8,0.007773
1224,3,6,17,0.010902
1224,3,7,13,0.00862
1224,3,8,10,0.008942
1224,3,9,9,0.009154
1224,3,10,77,0.050369
1224,3,11,33,0.021349
1224,3,12,67,0.041492
1224,3,13,18,0.011079
1224,3,14,10,0.008
1224,3,15,9,0.009154
1224,3,16,10,0.008
1224,3,17,13,0.00862
1224,3,18,33,0.021349
1224,3,19,17,0.010902
1224,3,20,8,0.007773
1224,3,21,10,0.007663
1224,3,22,20,0.012958
1224,3,23,21,0.017034
1224,3,24,35,0.019875
1224,3,25,18,0.011079
1224,3,26,30,0.017103
1224,3,27,13,0.009323
1224,3,28,9,0.009154
1224,3,29,10,0.007663
1224,3,30,10,0.008
1224,3,31,19,0.011366
1224,3,32,7,0.007845
1224,3,33,30,0.017378
1224,3,34,21,0.013174
1224,3,35,35,0.019875
1224,3,36,7,0.007845
1224,3,37,18,0.011079
1224,3,38,13,0.00862
1224,3,39,7,0.007845
1224,3,40,18,0.011079
1224,3,41,8,0.007773
1224,3,42,7,0.007845
1224,3,43,19,0.011366
1224,3,44,9,0.009154
1224,3,45,30,0.017378
1224,3,46,48,0.027093
1224,3,47,15,0.010733
1224,3,48,18,0.011079
1224,3,49,15,0.013716
1224,3,50,9,0.009154
1224,3,51,17,0.010902
1224,3,52,14,0.00917
1224,3,53,18,0.011079
1224,3,54,9,0.009154
1224,3,55,19,0.011366
1224,3,56,38,0.022206
1224,3,57,9,0.009154
1224,3,58,10,0.007663
1224,3,59,7,0.007845
1224,3,60,30,0.017378
1224,3,61,35,0.019875
1224,3,62,9,0.009154
1224,3,63,18,0.011079
1224,3,64,24,0.014143
1224,3,65,18,0.011393
1224,3,66,30,0.019535
1224,3,67,25,0.01466
1224,3,68,14,0.011153
1224,3,69,18,0.011079
1224,3,70,25,0.016013
1224,3,71,19,0.011579
1224,3,72,14,0.011153
1224,3,73,10,0.008
1224,3,74,21,0.013465
1224,3,75,19,0.011366
1224,3,76,18,0.011079
1224,3,77,18,0.011079
1225,3,0,5,0.038758
1225,3,1,6,0.044274
1225,3,2,4,0.032176
1225,3,3,6,0.044274
1225,3,4,20,0.144271
1225,3,5,6,0.044274
1225,3,6,6,0.04571
1225,3,7,6,0.04571
1225,3,8,6,0.044274
1225,3,9,4,0.036913
1225,3,10,5,0.041622
1225,3,11,5,0.041622
1225,3,12,11,0.077485
1225,3,13,5,0.038758
1225,3,14,5,0.041622
1225,3,15,4,0.036913
1225,3,16,4,0.036913
1225,3,17,4,0.036913
1225,3,18,6,0.044274
1225,3,19,5,0.041622
1225,3,20,5,0.041622
1226,3,0,6,0.142857
1226,3,1,6,0.142857
1226,3,2,6,0.142857
1226,3,3,6,0.142857
1226,3,4,6,0.142857
1226,3,5,6,0.142857
1226,3,6,6,0.142857
1227,3,0,9,0.025513
1227,3,1,7,0.021312
1227,3,2,45,0.13591
1227,3,3,8,0.028581
1227,3,4,4,0.016251
1227,3,5,3,0.013582
1227,3,6,4,0.016251
1227,3,7,6,0.019985
1227,3,8,5,0.01568
1227,3,9,3,0.013582
1227,3,10,7,0.020161
1227,3,11,6,0.018265
1227,3,12,4,0.016251
1227,3,13,5,0.018616
1227,3,14,4,0.016251
1227,3,15,7,0.021312
1227,3,16,11,0.030562
1227,3,17,9,0.025513
1227,3,18,6,0.019985
1227,3,19,11,0.030562
1227,3,20,7,0.020161
1227,3,21,3,0.012044
1227,3,22,6,0.018265
1227,3,23,7,0.021312
1227,3,24,6,0.018265
1227,3,25,4,0.015127
1227,3,26,4,0.016251
1227,3,27,6,0.021678
1227,3,28,5,0.018616
1227,3,29,6,0.018265
1227,3,30,4,0.015127
1227,3,31,4,0.016251
1227,3,32,6,0.019985
1227,3,33,7,0.021312
1227,3,34,6,0.019985
1227,3,35,6,0.019985
1227,3,36,7,0.021312
1227,3,37,3,0.012044
1227,3,38,3,0.013582
1227,3,39,4,0.016251
1227,3,40,7,0.021312
1227,3,41,5,0.01568
1227,3,42,7,0.021312
1227,3,43,6,0.019985
1227,3,44,9,0.025513
1227,3,45,4,0.016251
1228,3,0,6,0.142857
1228,3,1,6,0.142857
1228,3,2,6,0.142857
1228,3,3,6,0.142857
1228,3,4,6,0.142857
1228,3,5,6,0.142857
1228,3,6,6,0.142857
1229,3,0,4,0.067932
1229,3,1,4,0.067932
1229,3,2,4,0.067932
1229,3,3,4,0.067932
1229,3,4,4,0.067932
1229,3,5,4,0.067932
1229,3,6,4,0.067932
1229,3,7,4,0.067932
1229,3,8,12,0.184821
1229,3,9,4,0.067932
1229,3,10,4,0.067932
1229,3,11,4,0.067932
1229,3,12,4,0.067932
1230,3,0,10,0.036639
1230,3,1,8,0.033681
1230,3,2,4,0.024261
1230,3,3,8,0.033681
1230,3,4,6,0.028246
1230,3,5,8,0.033681
1230,3,6,4,0.024261
1230,3,7,10,0.036639
1230,3,8,13,0.053784
1230,3,9,8,0.033681
1230,3,10,10,0.036639
1230,3,11,4,0.024261
1230,3,12,27,0.105782
1230,3,13,10,0.036639
1230,3,14,8,0.033681
1230,3,15,6,0.028246
1230,3,16,8,0.033681
1230,3,17,6,0.028246
1230,3,18,10,0.036639
1230,3,19,10,0.036639
1230,3,20,8,0.033681
1230,3,21,4,0.024261
1230,3,22,6,0.028246
1230,3,23,10,0.036639
1230,3,24,10,0.036639
1230,3,25,6,0.028246
1230,3,26,10,0.036639
1230,3,27,10,0.036639
1231,3,0,7,0.125
1231,3,1,7,0.125
1231,3,2,7,0.125
1231,3,3,7,0.125
1231,3,4,7,0.125
1231,3,5,7,0.125
1231,3,6,7,0.125
1231,3,7,7,0.125
1232,3,0,13,0.113427
1232,3,1,7,0.063549
1232,3,2,13,0.113427
1232,3,3,5,0.048682
1232,3,4,7,0.063549
1232,3,5,5,0.048682
1232,3,6,5,0.048682
1232,3,7,13,0.113427
1232,3,8,7,0.063549
1232,3,9,5,0.048682
1232,3,10,5,0.048682
1232,3,11,5,0.048682
1232,3,12,7,0.063549
1232,3,13,13,0.113427
1233,3,0,6,0.142857
1233,3,1,6,0.142857
1233,3,2,6,0.142857
1233,3,3,6,0.142857
1233,3,4,6,0.142857
1233,3,5,6,0.142857
1233,3,6,6,0.142857
1234,3,0,10,0.090909
1234,3,1,10,0.090909
1234,3,2,10,0.090909
1234,3,3,10,0.090909
1234,3,4,10,0.090909
1234,3,5,10,0.090909
1234,3,6,10,0.090909
1234,3,7,10,0.090909
1234,3,8,10,0.090909
1234,3,9,10,0.090909
1234,3,10,10,0.090909
1235,3,0,13,0.071429
1235,3,1,13,0.071429
1235,3,2,13,0.071429
1235,3,3,13,0.071429
1235,3,4,13,0.071429
1235,3,5,13,0.071429
1235,3,6,13,0.071429
1235,3,7,13,0.071429
1235,3,8,13,0.071429
1235,3,9,13,0.071429
1235,3,10,13,0.071429
1235,3,11,13,0.071429
1235,3,12,13,0.071429
1235,3,13,13,0.071429
1236,3,0,7,0.125
1236,3,1,7,0.125
1236,3,2,7,0.125
1236,3,3,7,0.125
1236,3,4,7,0.125
1236,3,5,7,0.125
1236,3,6,7,0.125
1236,3,7,7,0.125
1237,3,0,11,0.066377
1237,3,1,4,0.042058
1237,3,2,11,0.066377
1237,3,3,11,0.066377
1237,3,4,4,0.042058
1237,3,5,11,0.066377
1237,3,6,11,0.066377
1237,3,7,11,0.066377
1237,3,8,4,0.042058
1237,3,9,11,0.066377
1237,3,10,11,0.066377
1237,3,11,11,0.066377
1237,3,12,15,0.101625
1237,3,13,11,0.066377
1237,3,14,11,0.066377
1237,3,15,4,0.042058
1238,3,0,5,0.081988
1238,3,1,5,0.081988
1238,3,2,10,0.152256
1238,3,3,6,0.095919
1238,3,4,6,0.095919
1238,3,5,5,0.081988
1238,3,6,5,0.081988
1238,3,7,5,0.081988
1238,3,8,5,0.081988
1238,3,9,5,0.081988
1238,3,10,5,0.081988
1239,3,0,7,0.125
1239,3,1,7,0.125
1239,3,2,7,0.125
1239,3,3,7,0.125
1239,3,4,7,0.125
1239,3,5,7,0.125
1239,3,6,7,0.125
1239,3,7,7,0.125
1240,3,0,12,0.109759
1240,3,1,9,0.079867
1240,3,2,9,0.079867
1240,3,3,9,0.079867
1240,3,4,9,0.079867
1240,3,5,9,0.079867
1240,3,6,4,0.047182
1240,3,7,9,0.079867
1240,3,8,12,0.109759
1240,3,9,9,0.079867
1240,3,10,4,0.047182
1240,3,11,4,0.047182
1240,3,12,9,0.079867
1241,3,0,8,0.080338
1241,3,1,8,0.080338
1241,3,2,8,0.080338
1241,3,3,4,0.0572
1241,3,4,12,0.128497
1241,3,5,8,0.080338
1241,3,6,8,0.080338
1241,3,7,4,0.0572
1241,3,8,8,0.080338
1241,3,9,8,0.080338
1241,3,10,4,0.0572
1241,3,11,8,0.080338
1241,3,12,4,0.0572
1242,3,0,9,0.1
1242,3,1,9,0.1
1242,3,2,9,0.1
1242,3,3,9,0.1
1242,3,4,9,0.1
1242,3,5,9,0.1
1242,3,6,9,0.1
1242,3,7,9,0.1
1242,3,8,9,0.1
1242,3,9,9,0.1
1243,3,0,6,0.142857
1243,3,1,6,0.142857
1243,3,2,6,0.142857
1243,3,3,6,0.142857
1243,3,4,6,0.142857
1243,3,5,6,0.142857
1243,3,6,6,0.142857
1244,3,0,7,0.125
1244,3,1,7,0.125
1244,3,2,7,0.125
1244,3,3,7,0.125
1244,3,4,7,0.125
1244,3,5,7,0.125
1244,3,6,7,0.125
1244,3,7,7,0.125
1245,3,0,6,0.091607
1245,3,1,4,0.073986
1245,3,2,6,0.091607
1245,3,3,6,0.091607
1245,3,4,4,0.073986
1245,3,5,6,0.091607
1245,3,6,6,0.091607
1245,3,7,10,0.154411
1245,3,8,4,0.073986
1245,3,9,4,0.073986
1245,3,10,6,0.091607
1246,3,0,19,0.05
1246,3,1,19,0.05
1246,3,2,19,0.05
1246,3,3,19,0.05
1246,3,4,19,0.05
1246,3,5,19,0.05
1246,3,6,19,0.05
1246,3,7,19,0.05
1246,3,8,19,0.05
1246,3,9,19,0.05
1246,3,10,19,0.05
1246,3,11,19,0.05
1246,3,12,19,0.05
1246,3,13,19,0.05
1246,3,14,19,0.05
1246,3,15,19,0.05
1246,3,16,19,0.05
1246,3,17,19,0.05
1246,3,18,19,0.05
1246,3,19,19,0.05
1247,3,0,6,0.142857
1247,3,1,6,0.142857
1247,3,2,6,0.142857
1247,3,3,6,0.142857
1247,3,4,6,0.142857
1247,3,5,6,0.142857
1247,3,6,6,0.142857
1248,3,0,17,0.055556
1248,3,1,17,0.055556
1248,3,2,17,0.055556
1248,3,3,17,0.055556
1248,3,4,17,0.055556
1248,3,5,17,0.055556
1248,3,6,17,0.055556
1248,3,7,17,0.055556
1248,3,8,17,0.055556
1248,3,9,17,0.055556
1248,3,10,17,0.055556
1248,3,11,17,0.055556
1248,3,12,17,0.055556
1248,3,13,17,0.055556
1248,3,14,17,0.055556
1248,3,15,17,0.055556
1248,3,16,17,0.055556
1248,3,17,17,0.055556
1249,3,0,30,0.043282
1249,3,1,19,0.028808
1249,3,2,19,0.028808
1249,3,3,19,0.028808
1249,3,4,18,0.027768
1249,3,5,30,0.043282
1249,3,6,30,0.043282
1249,3,7,30,0.043282
1249,3,8,19,0.028808
1249,3,9,30,0.043282
1249,3,10,18,0.027768
1249,3,11,18,0.027768
1249,3,12,19,0.028808
1249,3,13,19,0.028808
1249,3,14,30,0.043282
1249,3,15,18,0.027768
1249,3,16,18,0.027768
1249,3,17,18,0.027768
1249,3,18,19,0.028808
1249,3,19,19,0.028808
1249,3,20,19,0.028808
1249,3,21,30,0.043282
1249,3,22,18,0.027768
1249,3,23,19,0.028808
1249,3,24,30,0.043282
1249,3,25,20,0.030117
1249,3,26,18,0.027768
1249,3,27,19,0.029057
1249,3,28,19,0.028808
1249,3,29,18,0.027768
1249,3,30,18,0.027768
1250,3,0,10,0.090909
1250,3,1,10,0.090909
1250,3,2,10,0.090909
1250,3,3,10,0.090909
1250,3,4,10,0.090909
1250,3,5,10,0.090909
1250,3,6,10,0.090909
1250,3,7,10,0.090909
1250,3,8,10,0.090909
1250,3,9,10,0.090909
1250,3,10,10,0.090909
1251,3,0,5,0.060873
1251,3,1,10,0.111207
1251,3,2,6,0.070929
1251,3,3,10,0.111207
1251,3,4,10,0.111207
1251,3,5,7,0.080412
1251,3,6,10,0.111207
1251,3,7,10,0.111207
1251,3,8,6,0.070929
1251,3,9,7,0.080412
1251,3,10,7,0.080412
1252,3,0,8,0.111111
1252,3,1,8,0.111111
1252,3,2,8,0.111111
1252,3,3,8,0.111111
1252,3,4,8,0.111111
1252,3,5,8,0.111111
1252,3,6,8,0.111111
1252,3,7,8,0.111111
1252,3,8,8,0.111111
1253,3,0,7,0.07695
1253,3,1,5,0.065706
1253,3,2,7,0.07695
1253,3,3,5,0.065706
1253,3,4,5,0.065706
1253,3,5,7,0.07695
1253,3,6,5,0.065706
1253,3,7,7,0.07695
1253,3,8,7,0.07695
1253,3,9,7,0.07695
1253,3,10,5,0.065706
1253,3,11,12,0.13282
1253,3,12,7,0.07695
1254,3,0,8,0.183907
1254,3,1,5,0.112977
1254,3,2,3,0.083736
1254,3,3,5,0.112977
1254,3,4,3,0.083736
1254,3,5,5,0.112977
1254,3,6,5,0.112977
1254,3,7,3,0.083736
1254,3,8,5,0.112977
1255,3,0,7,0.125
1255,3,1,7,0.125
1255,3,2,7,0.125
1255,3,3,7,0.125
1255,3,4,7,0.125
1255,3,5,7,0.125
1255,3,6,7,0.125
1255,3,7,7,0.125
1256,3,0,6,0.142857
1256,3,1,6,0.142857
1256,3,2,6,0.142857
1256,3,3,6,0.142857
1256,3,4,6,0.142857
1256,3,5,6,0.142857
1256,3,6,6,0.142857
1257,3,0,13,0.123565
1257,3,1,9,0.086103
1257,3,2,9,0.086103
1257,3,3,5,0.054934
1257,3,4,6,0.060155
1257,3,5,5,0.054934
1257,3,6,6,0.060155
1257,3,7,5,0.054934
1257,3,8,6,0.060155
1257,3,9,13,0.123565
1257,3,10,6,0.060155
1257,3,11,5,0.054934
1257,3,12,6,0.060155
1257,3,13,6,0.060155
1258,3,0,30,0.036801
1258,3,1,19,0.024493
1258,3,2,20,0.025687
1258,3,3,13,0.018506
1258,3,4,19,0.024493
1258,3,5,18,0.023668
1258,3,6,18,0.023668
1258,3,7,14,0.019613
1258,3,8,35,0.042831
1258,3,9,30,0.036801
1258,3,10,19,0.024493
1258,3,11,35,0.042831
1258,3,12,18,0.023668
1258,3,13,13,0.018506
1258,3,14,35,0.042831
1258,3,15,19,0.024493
1258,3,16,19,0.024493
1258,3,17,35,0.042831
1258,3,18,18,0.023668
1258,3,19,19,0.024493
1258,3,20,13,0.018506
1258,3,21,18,0.023668
1258,3,22,19,0.024493
1258,3,23,24,0.030531
1258,3,24,19,0.024493
1258,3,25,35,0.042831
1258,3,26,18,0.023668
1258,3,27,24,0.030531
1258,3,28,35,0.042831
1258,3,29,25,0.031641
1258,3,30,18,0.023668
1258,3,31,19,0.024758
1258,3,32,13,0.018506
1258,3,33,18,0.023668
1258,3,34,18,0.023668
1258,3,35,18,0.023668
1259,3,0,6,0.142857
1259,3,1,6,0.142857
1259,3,2,6,0.142857
1259,3,3,6,0.142857
1259,3,4,6,0.142857
1259,3,5,6,0.142857
1259,3,6,6,0.142857
1260,3,0,10,0.090909
1260,3,1,10,0.090909
1260,3,2,10,0.090909
1260,3,3,10,0.090909
1260,3,4,10,0.090909
1260,3,5,10,0.090909
1260,3,6,10,0.090909
1260,3,7,10,0.090909
1260,3,8,10,0.090909
1260,3,9,10,0.090909
1260,3,10,10,0.090909
1261,3,0,6,0.142857
1261,3,1,6,0.142857
1261,3,2,6,0.142857
1261,3,3,6,0.142857
1261,3,4,6,0.142857
1261,3,5,6,0.142857
1261,3,6,6,0.142857
1262,3,0,10,0.090909
1262,3,1,10,0.090909
1262,3,2,10,0.090909
1262,3,3,10,0.090909
1262,3,4,10,0.090909
1262,3,5,10,0.090909
1262,3,6,10,0.090909
1262,3,7,10,0.090909
1262,3,8,10,0.090909
1262,3,9,10,0.090909
1262,3,10,10,0.090909
1263,3,0,6,0.142857
1263,3,1,6,0.142857
1263,3,2,6,0.142857
1263,3,3,6,0.142857
1263,3,4,6,0.142857
1263,3,5,6,0.142857
1263,3,6,6,0.142857
1264,3,0,7,0.125
1264,3,1,7,0.125
1264,3,2,7,0.125
1264,3,3,7,0.125
1264,3,4,7,0.125
1264,3,5,7,0.125
1264,3,6,7,0.125
1264,3,7,7,0.125
1265,3,0,6,0.142857
1265,3,1,6,0.142857
1265,3,2,6,0.142857
1265,3,3,6,0.142857
1265,3,4,6,0.142857
1265,3,5,6,0.142857
1265,3,6,6,0.142857
1266,3,0,6,0.142857
1266,3,1,6,0.142857
1266,3,2,6,0.142857
1266,3,3,6,0.142857
1266,3,4,6,0.142857
1266,3,5,6,0.142857
1266,3,6,6,0.142857
1267,3,0,8,0.111111
1267,3,1,8,0.111111
1267,3,2,8,0.111111
1267,3,3,8,0.111111
1267,3,4,8,0.111111
1267,3,5,8,0.111111
1267,3,6,8,0.111111
1267,3,7,8,0.111111
1267,3,8,8,0.111111
1268,3,0,6,0.142857
1268,3,1,6,0.142857
1268,3,2,6,0.142857
1268,3,3,6,0.142857
1268,3,4,6,0.142857
1268,3,5,6,0.142857
1268,3,6,6,0.142857
1269,3,0,17,0.018988
1269,3,1,17,0.018988
1269,3,2,16,0.018322
1269,3,3,30,0.032967
1269,3,4,11,0.013903
1269,3,5,6,0.010383
1269,3,6,44,0.047484
1269,3,7,17,0.018988
1269,3,8,10,0.013365
1269,3,9,11,0.013903
1269,3,10,21,0.025068
1269,3,11,10,0.013365
1269,3,12,16,0.018322
1269,3,13,44,0.047484
1269,3,14,47,0.051946
1269,3,15,10,0.012855
1269,3,16,28,0.029732
1269,3,17,10,0.013365
1269,3,18,15,0.017969
1269,3,19,10,0.012855
1269,3,20,18,0.020238
1269,3,21,16,0.018322
1269,3,22,6,0.010383
1269,3,23,24,0.026427
1269,3,24,8,0.012369
1269,3,25,16,0.018322
1269,3,26,17,0.019263
1269,3,27,13,0.016011
1269,3,28,17,0.019263
1269,3,29,12,0.01494
1269,3,30,43,0.046151
1269,3,31,16,0.018322
1269,3,32,10,0.012855
1269,3,33,17,0.018988
1269,3,34,17,0.018988
1269,3,35,24,0.026427
1269,3,36,14,0.017384
1269,3,37,16,0.018322
1269,3,38,11,0.013903
1269,3,39,17,0.018988
1269,3,40,16,0.018322
1269,3,41,28,0.029732
1269,3,42,17,0.018988
1269,3,43,6,0.010383
1269,3,44,32,0.036422
1269,3,45,10,0.013365
1269,3,46,10,0.013365
1269,3,47,21,0.023306
1270,3,0,7,0.019693
1270,3,1,6,0.019639
1270,3,2,8,0.021338
1270,3,3,9,0.023615
1270,3,4,8,0.02236
1270,3,5,6,0.018485
1270,3,6,8,0.022529
1270,3,7,4,0.016298
1270,3,8,6,0.019945
1270,3,9,6,0.018485
1270,3,10,8,0.02236
1270,3,11,8,0.02236
1270,3,12,7,0.019693
1270,3,13,4,0.016298
1270,3,14,8,0.02236
1270,3,15,6,0.018485
1270,3,16,6,0.019945
1270,3,17,6,0.019639
1270,3,18,4,0.016298
1270,3,19,8,0.02236
1270,3,20,7,0.022111
1270,3,21,5,0.017419
1270,3,22,6,0.018485
1270,3,23,8,0.021338
1270,3,24,8,0.022529
1270,3,25,8,0.021338
1270,3,26,9,0.023615
1270,3,27,8,0.021338
1270,3,28,14,0.035593
1270,3,29,42,0.112824
1270,3,30,6,0.019639
1270,3,31,6,0.019639
1270,3,32,14,0.036718
1270,3,33,8,0.02236
1270,3,34,4,0.016298
1270,3,35,10,0.026489
1270,3,36,8,0.022396
1270,3,37,8,0.02236
1270,3,38,5,0.017419
1270,3,39,5,0.017419
1270,3,40,6,0.018485
1270,3,41,6,0.019639
1270,3,42,8,0.02236
1271,3,0,6,0.142857
1271,3,1,6,0.142857
1271,3,2,6,0.142857
1271,3,3,6,0.142857
1271,3,4,6,0.142857
1271,3,5,6,0.142857
1271,3,6,6,0.142857
1272,3,0,16,0.058824
1272,3,1,16,0.058824
1272,3,2,16,0.058824
1272,3,3,16,0.058824
1272,3,4,16,0.058824
1272,3,5,16,0.058824
1272,3,6,16,0.058824
1272,3,7,16,0.058824
1272,3,8,16,0.058824
1272,3,9,16,0.058824
1272,3,10,16,0.058824
1272,3,11,16,0.058824
1272,3,12,16,0.058824
1272,3,13,16,0.058824
1272,3,14,16,0.058824
1272,3,15,16,0.058824
1272,3,16,16,0.058824
1273,3,0,6,0.142857
1273,3,1,6,0.142857
1273,3,2,6,0.142857
1273,3,3,6,0.142857
1273,3,4,6,0.142857
1273,3,5,6,0.142857
1273,3,6,6,0.142857
1274,3,0,7,0.125
1274,3,1,7,0.125
1274,3,2,7,0.125
1274,3,3,7,0.125
1274,3,4,7,0.125
1274,3,5,7,0.125
1274,3,6,7,0.125
1274,3,7,7,0.125
1275,3,0,7,0.082067
1275,3,1,6,0.072806
1275,3,2,7,0.082067
1275,3,3,10,0.113328
1275,3,4,10,0.113328
1275,3,5,6,0.072806
1275,3,6,10,0.113328
1275,3,7,7,0.082067
1275,3,8,6,0.072806
1275,3,9,10,0.113328
1275,3,10,7,0.082067
1276,3,0,17,0.055556
1276,3,1,17,0.055556
1276,3,2,17,0.055556
1276,3,3,17,0.055556
1276,3,4,17,0.055556
1276,3,5,17,0.055556
1276,3,6,17,0.055556
1276,3,7,17,0.055556
1276,3,8,17,0.055556
1276,3,9,17,0.055556
1276,3,10,17,0.055556
1276,3,11,17,0.055556
1276,3,12,17,0.055556
1276,3,13,17,0.055556
1276,3,14,17,0.055556
1276,3,15,17,0.055556
1276,3,16,17,0.055556
1276,3,17,17,0.055556
1277,3,0,7,0.125
1277,3,1,7,0.125
1277,3,2,7,0.125
1277,3,3,7,0.125
1277,3,4,7,0.125
1277,3,5,7,0.125
1277,3,6,7,0.125
1277,3,7,7,0.125
1278,3,0,5,0.051725
1278,3,1,5,0.051725
1278,3,2,16,0.144666
1278,3,3,6,0.056347
1278,3,4,5,0.051725
1278,3,5,5,0.051725
1278,3,6,5,0.051725
1278,3,7,6,0.056347
1278,3,8,5,0.051725
1278,3,9,6,0.056347
1278,3,10,5,0.051725
1278,3,11,6,0.056347
1278,3,12,6,0.056347
1278,3,13,6,0.056347
1278,3,14,5,0.051725
1278,3,15,5,0.051725
1278,3,16,5,0.051725
1279,3,0,6,0.142857
1279,3,1,6,0.142857
1279,3,2,6,0.142857
1279,3,3,6,0.142857
1279,3,4,6,0.142857
1279,3,5,6,0.142857
1279,3,6,6,0.142857
1280,3,0,8,0.069452
1280,3,1,8,0.069452
1280,3,2,13,0.110989
1280,3,3,8,0.069452
1280,3,4,6,0.058371
1280,3,5,13,0.110989
1280,3,6,8,0.069452
1280,3,7,8,0.069452
1280,3,8,6,0.058371
1280,3,9,8,0.069452
1280,3,10,6,0.058371
1280,3,11,8,0.069452
1280,3,12,6,0.058371
1280,3,13,6,0.058371
1281,3,0,17,0.046293
1281,3,1,10,0.032345
1281,3,2,16,0.043457
1281,3,3,14,0.041751
1281,3,4,18,0.048764
1281,3,5,17,0.046007
1281,3,6,16,0.043457
1281,3,7,16,0.043457
1281,3,8,18,0.048764
1281,3,9,8,0.027561
1281,3,10,17,0.046007
1281,3,11,22,0.0604
1281,3,12,16,0.043457
1281,3,13,22,0.0604
1281,3,14,16,0.043457
1281,3,15,17,0.046007
1281,3,16,8,0.027561
1281,3,17,16,0.043457
1281,3,18,9,0.029973
1281,3,19,16,0.043457
1281,3,20,17,0.046007
1281,3,21,8,0.027561
1281,3,22,22,0.0604
1282,3,0,8,0.080338
1282,3,1,4,0.0572
1282,3,2,8,0.080338
1282,3,3,4,0.0572
1282,3,4,8,0.080338
1282,3,5,8,0.080338
1282,3,6,4,0.0572
1282,3,7,8,0.080338
1282,3,8,8,0.080338
1282,3,9,8,0.080338
1282,3,10,4,0.0572
1282,3,11,8,0.080338
1282,3,12,12,0.128497
1283,3,0,13,0.04641
1283,3,1,13,0.04641
1283,3,2,8,0.03959
1283,3,3,8,0.03959
1283,3,4,21,0.079954
1283,3,5,8,0.03959
1283,3,6,13,0.04641
1283,3,7,8,0.03959
1283,3,8,8,0.03959
1283,3,9,13,0.04641
1283,3,10,13,0.04641
1283,3,11,13,0.04641
1283,3,12,13,0.04641
1283,3,13,8,0.03959
1283,3,14,8,0.03959
1283,3,15,13,0.04641
1283,3,16,13,0.04641
1283,3,17,13,0.04641
1283,3,18,8,0.03959
1283,3,19,13,0.04641
1283,3,20,13,0.04641
1283,3,21,13,0.04641
1284,3,0,6,0.142857
1284,3,1,6,0.142857
1284,3,2,6,0.142857
1284,3,3,6,0.142857
1284,3,4,6,0.142857
1284,3,5,6,0.142857
1284,3,6,6,0.142857
1285,3,0,8,0.111111
1285,3,1,8,0.111111
1285,3,2,8,0.111111
1285,3,3,8,0.111111
1285,3,4,8,0.111111
1285,3,5,8,0.111111
1285,3,6,8,0.111111
1285,3,7,8,0.111111
1285,3,8,8,0.111111
1286,3,0,5,0.074085
1286,3,1,5,0.074085
1286,3,2,6,0.08089
1286,3,3,5,0.074085
1286,3,4,6,0.08089
1286,3,5,6,0.08089
1286,3,6,5,0.074085
1286,3,7,5,0.074085
1286,3,8,11,0.144239
1286,3,9,6,0.08089
1286,3,10,6,0.08089
1286,3,11,6,0.08089
1287,3,0,8,0.111111
1287,3,1,8,0.111111
1287,3,2,8,0.111111
1287,3,3,8,0.111111
1287,3,4,8,0.111111
1287,3,5,8,0.111111
1287,3,6,8,0.111111
1287,3,7,8,0.111111
1287,3,8,8,0.111111
1288,3,0,6,0.057403
1288,3,1,8,0.065758
1288,3,2,7,0.064637
1288,3,3,8,0.065758
1288,3,4,8,0.065758
1288,3,5,6,0.057403
1288,3,6,6,0.057403
1288,3,7,8,0.065758
1288,3,8,9,0.073649
1288,3,9,8,0.065758
1288,3,10,6,0.057403
1288,3,11,14,0.114392
1288,3,12,6,0.057403
1288,3,13,8,0.065758
1288,3,14,8,0.065758
1289,3,0,8,0.111111
1289,3,1,8,0.111111
1289,3,2,8,0.111111
1289,3,3,8,0.111111
1289,3,4,8,0.111111
1289,3,5,8,0.111111
1289,3,6,8,0.111111
1289,3,7,8,0.111111
1289,3,8,8,0.111111
1290,3,0,13,0.04396
1290,3,1,7,0.027686
1290,3,2,7,0.026028
1290,3,3,9,0.031275
1290,3,4,7,0.027686
1290,3,5,7,0.027686
1290,3,6,9,0.031275
1290,3,7,7,0.027686
1290,3,8,5,0.022252
1290,3,9,7,0.026028
1290,3,10,29,0.099537
1290,3,11,7,0.027686
1290,3,12,5,0.022252
1290,3,13,7,0.027686
1290,3,14,7,0.026028
1290,3,15,7,0.027686
1290,3,16,9,0.031275
1290,3,17,9,0.031275
1290,3,18,5,0.022252
1290,3,19,5,0.022252
1290,3,20,9,0.031275
1290,3,21,7,0.027686
1290,3,22,7,0.027686
1290,3,23,13,0.04396
1290,3,24,9,0.031275
1290,3,25,7,0.027686
1290,3,26,7,0.027686
1290,3,27,29,0.099537
1290,3,28,7,0.026028
1290,3,29,7,0.027686
1291,3,0,8,0.111111
1291,3,1,8,0.111111
1291,3,2,8,0.111111
1291,3,3,8,0.111111
1291,3,4,8,0.111111
1291,3,5,8,0.111111
1291,3,6,8,0.111111
1291,3,7,8,0.111111
1291,3,8,8,0.111111
1292,3,0,10,0.090909
1292,3,1,10,0.090909
1292,3,2,10,0.090909
1292,3,3,10,0.090909
1292,3,4,10,0.090909
1292,3,5,10,0.090909
1292,3,6,10,0.090909
1292,3,7,10,0.090909
1292,3,8,10,0.090909
1292,3,9,10,0.090909
1292,3,10,10,0.090909
1293,3,0,9,0.170632
1293,3,1,5,0.097048
1293,3,2,4,0.086031
1293,3,3,5,0.097048
1293,3,4,5,0.097048
1293,3,5,4,0.086031
1293,3,6,4,0.086031
1293,3,7,5,0.097048
1293,3,8,5,0.097048
1293,3,9,4,0.086031
1294,3,0,16,0.058824
1294,3,1,16,0.058824
1294,3,2,16,0.058824
1294,3,3,16,0.058824
1294,3,4,16,0.058824
1294,3,5,16,0.058824
1294,3,6,16,0.058824
1294,3,7,16,0.058824
1294,3,8,16,0.058824
1294,3,9,16,0.058824
1294,3,10,16,0.058824
1294,3,11,16,0.058824
1294,3,12,16,0.058824
1294,3,13,16,0.058824
1294,3,14,16,0.058824
1294,3,15,16,0.058824
1294,3,16,16,0.058824
1295,3,0,7,0.125
1295,3,1,7,0.125
1295,3,2,7,0.125
1295,3,3,7,0.125
1295,3,4,7,0.125
1295,3,5,7,0.125
1295,3,6,7,0.125
1295,3,7,7,0.125
1296,3,0,8,0.111111
1296,3,1,8,0.111111
1296,3,2,8,0.111111
1296,3,3,8,0.111111
1296,3,4,8,0.111111
1296,3,5,8,0.111111
1296,3,6,8,0.111111
1296,3,7,8,0.111111
1296,3,8,8,0.111111
1297,3,0,9,0.071544
1297,3,1,7,0.058814
1297,3,2,9,0.071544
1297,3,3,12,0.093167
1297,3,4,9,0.071544
1297,3,5,9,0.071544
1297,3,6,12,0.093167
1297,3,7,7,0.058814
1297,3,8,12,0.093167
1297,3,9,9,0.071544
1297,3,10,7,0.058814
1297,3,11,12,0.093167
1297,3,12,12,0.093167
1298,3,0,6,0.142857
1298,3,1,6,0.142857
1298,3,2,6,0.142857
1298,3,3,6,0.142857
1298,3,4,6,0.142857
1298,3,5,6,0.142857
1298,3,6,6,0.142857
1299,3,0,8,0.183907
1299,3,1,5,0.112977
1299,3,2,3,0.083736
1299,3,3,5,0.112977
1299,3,4,3,0.083736
1299,3,5,5,0.112977
1299,3,6,3,0.083736
1299,3,7,5,0.112977
1299,3,8,5,0.112977
1300,3,0,6,0.065704
1300,3,1,6,0.065704
1300,3,2,12,0.119128
1300,3,3,7,0.072204
1300,3,4,6,0.065704
1300,3,5,7,0.072204
1300,3,6,7,0.072204
1300,3,7,7,0.072204
1300,3,8,6,0.065704
1300,3,9,6,0.065704
1300,3,10,7,0.072204
1300,3,11,12,0.119128
1300,3,12,7,0.072204
1301,3,0,7,0.125
1301,3,1,7,0.125
1301,3,2,7,0.125
1301,3,3,7,0.125
1301,3,4,7,0.125
1301,3,5,7,0.125
1301,3,6,7,0.125
1301,3,7,7,0.125
1302,3,0,9,0.1
1302,3,1,9,0.1
1302,3,2,9,0.1
1302,3,3,9,0.1
1302,3,4,9,0.1
1302,3,5,9,0.1
1302,3,6,9,0.1
1302,3,7,9,0.1
1302,3,8,9,0.1
1302,3,9,9,0.1
1303,3,0,8,0.111111
1303,3,1,8,0.111111
1303,3,2,8,0.111111
1303,3,3,8,0.111111
1303,3,4,8,0.111111
1303,3,5,8,0.111111
1303,3,6,8,0.111111
1303,3,7,8,0.111111
1303,3,8,8,0.111111
1304,3,0,9,0.1
1304,3,1,9,0.1
1304,3,2,9,0.1
1304,3,3,9,0.1
1304,3,4,9,0.1
1304,3,5,9,0.1
1304,3,6,9,0.1
1304,3,7,9,0.1
1304,3,8,9,0.1
1304,3,9,9,0.1
1305,3,0,5,0.112977
1305,3,1,3,0.083736
1305,3,2,5,0.112977
1305,3,3,5,0.112977
1305,3,4,3,0.083736
1305,3,5,3,0.083736
1305,3,6,5,0.112977
1305,3,7,8,0.183907
1305,3,8,5,0.112977
1306,3,0,7,0.125
1306,3,1,7,0.125
1306,3,2,7,0.125
1306,3,3,7,0.125
1306,3,4,7,0.125
1306,3,5,7,0.125
1306,3,6,7,0.125
1306,3,7,7,0.125
1307,3,0,7,0.125
1307,3,1,7,0.125
1307,3,2,7,0.125
1307,3,3,7,0.125
1307,3,4,7,0.125
1307,3,5,7,0.125
1307,3,6,7,0.125
1307,3,7,7,0.125
1308,3,0,6,0.08089
1308,3,1,6,0.08089
1308,3,2,11,0.144239
1308,3,3,6,0.08089
1308,3,4,5,0.074085
1308,3,5,5,0.074085
1308,3,6,6,0.08089
1308,3,7,5,0.074085
1308,3,8,5,0.074085
1308,3,9,6,0.08089
1308,3,10,5,0.074085
1308,3,11,6,0.08089
1309,3,0,17,0.134969
1309,3,1,6,0.051735
1309,3,2,6,0.051735
1309,3,3,7,0.055289
1309,3,4,6,0.051735
1309,3,5,6,0.051735
1309,3,6,7,0.055289
1309,3,7,4,0.041899
1309,3,8,7,0.055289
1309,3,9,6,0.051735
1309,3,10,6,0.051735
1309,3,11,4,0.041899
1309,3,12,4,0.041899
1309,3,13,7,0.055289
1309,3,14,7,0.055289
1309,3,15,4,0.041899
1309,3,16,7,0.055289
1309,3,17,7,0.055289
1310,3,0,6,0.142857
1310,3,1,6,0.142857
1310,3,2,6,0.142857
1310,3,3,6,0.142857
1310,3,4,6,0.142857
1310,3,5,6,0.142857
1310,3,6,6,0.142857
1311,3,0,7,0.079079
1311,3,1,7,0.079079
1311,3,2,7,0.079079
1311,3,3,12,0.140889
1311,3,4,5,0.07154
1311,3,5,4,0.058296
1311,3,6,4,0.058296
1311,3,7,7,0.079079
1311,3,8,7,0.079079
1311,3,9,3,0.045888
1311,3,10,7,0.079079
1311,3,11,5,0.07154
1311,3,12,7,0.079079
1312,3,0,11,0.140569
1312,3,1,5,0.071944
1312,3,2,6,0.079371
1312,3,3,5,0.071944
1312,3,4,5,0.071944
1312,3,5,6,0.083442
1312,3,6,6,0.079371
1312,3,7,7,0.091354
1312,3,8,6,0.079371
1312,3,9,6,0.079371
1312,3,10,5,0.071944
1312,3,11,6,0.079371
1313,3,0,17,0.014916
1313,3,1,19,0.014863
1313,3,2,19,0.014863
1313,3,3,21,0.017664
1313,3,4,16,0.014078
1313,3,5,62,0.049232
1313,3,6,16,0.014078
1313,3,7,19,0.014863
1313,3,8,17,0.014916
1313,3,9,17,0.014916
1313,3,10,19,0.01617
1313,3,11,20,0.016686
1313,3,12,16,0.014078
1313,3,13,18,0.015576
1313,3,14,16,0.014078
1313,3,15,17,0.014916
1313,3,16,20,0.016686
1313,3,17,17,0.014916
1313,3,18,4,0.006752
1313,3,19,17,0.014916
1313,3,20,17,0.014916
1313,3,21,16,0.014078
1313,3,22,19,0.014863
1313,3,23,17,0.014916
1313,3,24,17,0.014521
1313,3,25,11,0.010439
1313,3,26,20,0.015579
1313,3,27,16,0.014078
1313,3,28,17,0.014916
1313,3,29,17,0.014916
1313,3,30,16,0.014078
1313,3,31,45,0.0344
1313,3,32,17,0.014916
1313,3,33,23,0.017762
1313,3,34,11,0.010439
1313,3,35,23,0.017762
1313,3,36,16,0.014078
1313,3,37,12,0.011108
1313,3,38,20,0.015579
1313,3,39,19,0.014863
1313,3,40,16,0.014078
1313,3,41,4,0.006752
1313,3,42,43,0.032974
1313,3,43,19,0.014863
1313,3,44,11,0.010439
1313,3,45,27,0.02063
1313,3,46,19,0.014863
1313,3,47,4,0.006752
1313,3,48,23,0.017762
1313,3,49,20,0.015579
1313,3,50,16,0.014078
1313,3,51,20,0.015579
1313,3,52,18,0.015118
1313,3,53,27,0.020713
1313,3,54,16,0.014078
1313,3,55,30,0.026046
1313,3,56,16,0.014078
1313,3,57,22,0.01832
1313,3,58,17,0.014916
1313,3,59,20,0.015579
1313,3,60,16,0.014078
1313,3,61,11,0.010439
1313,3,62,17,0.014916
1314,3,0,7,0.125
1314,3,1,7,0.125
1314,3,2,7,0.125
1314,3,3,7,0.125
1314,3,4,7,0.125
1314,3,5,7,0.125
1314,3,6,7,0.125
1314,3,7,7,0.125
1315,3,0,7,0.125
1315,3,1,7,0.125
1315,3,2,7,0.125
1315,3,3,7,0.125
1315,3,4,7,0.125
1315,3,5,7,0.125
1315,3,6,7,0.125
1315,3,7,7,0.125
1316,3,0,6,0.065704
1316,3,1,7,0.072204
1316,3,2,12,0.119128
1316,3,3,6,0.065704
1316,3,4,7,0.072204
1316,3,5,7,0.072204
1316,3,6,7,0.072204
1316,3,7,7,0.072204
1316,3,8,6,0.065704
1316,3,9,7,0.072204
1316,3,10,6,0.065704
1316,3,11,12,0.119128
1316,3,12,6,0.065704
1317,3,0,6,0.142857
1317,3,1,6,0.142857
1317,3,2,6,0.142857
1317,3,3,6,0.142857
1317,3,4,6,0.142857
1317,3,5,6,0.142857
1317,3,6,6,0.142857
1318,3,0,9,0.1
1318,3,1,9,0.1
1318,3,2,9,0.1
1318,3,3,9,0.1
1318,3,4,9,0.1
1318,3,5,9,0.1
1318,3,6,9,0.1
1318,3,7,9,0.1
1318,3,8,9,0.1
1318,3,9,9,0.1
1319,3,0,17,0.041957
1319,3,1,17,0.041957
1319,3,2,17,0.041957
1319,3,3,17,0.041957
1319,3,4,17,0.041957
1319,3,5,7,0.030492
1319,3,6,17,0.041957
1319,3,7,17,0.041957
1319,3,8,17,0.041957
1319,3,9,17,0.041957
1319,3,10,17,0.041957
1319,3,11,18,0.045413
1319,3,12,17,0.041957
1319,3,13,17,0.041957
1319,3,14,7,0.030492
1319,3,15,17,0.041957
1319,3,16,17,0.041957
1319,3,17,7,0.030492
1319,3,18,7,0.030492
1319,3,19,7,0.030492
1319,3,20,17,0.041957
1319,3,21,8,0.032849
1319,3,22,17,0.041957
1319,3,23,7,0.030492
1319,3,24,24,0.067477
1320,3,0,6,0.142857
1320,3,1,6,0.142857
1320,3,2,6,0.142857
1320,3,3,6,0.142857
1320,3,4,6,0.142857
1320,3,5,6,0.142857
1320,3,6,6,0.142857
1321,3,0,10,0.045732
1321,3,1,8,0.037783
1321,3,2,10,0.045732
1321,3,3,8,0.038672
1321,3,4,22,0.09619
1321,3,5,7,0.035426
1321,3,6,7,0.035426
1321,3,7,7,0.035426
1321,3,8,7,0.035426
1321,3,9,9,0.042745
1321,3,10,5,0.026311
1321,3,11,8,0.037783
1321,3,12,8,0.037783
1321,3,13,8,0.037678
1321,3,14,7,0.035426
1321,3,15,12,0.055912
1321,3,16,8,0.038672
1321,3,17,10,0.045732
1321,3,18,12,0.055912
1321,3,19,8,0.038243
1321,3,20,10,0.045732
1321,3,21,8,0.037783
1321,3,22,13,0.05848
1322,3,0,7,0.125
1322,3,1,7,0.125
1322,3,2,7,0.125
1322,3,3,7,0.125
1322,3,4,7,0.125
1322,3,5,7,0.125
1322,3,6,7,0.125
1322,3,7,7,0.125
1323,3,0,9,0.1
1323,3,1,9,0.1
1323,3,2,9,0.1
1323,3,3,9,0.1
1323,3,4,9,0.1
1323,3,5,9,0.1
1323,3,6,9,0.1
1323,3,7,9,0.1
1323,3,8,9,0.1
1323,3,9,9,0.1
1324,3,0,7,0.081193
1324,3,1,5,0.065309
1324,3,2,5,0.065309
1324,3,3,7,0.081193
1324,3,4,7,0.081193
1324,3,5,11,0.125803
1324,3,6,11,0.125803
1324,3,7,5,0.065309
1324,3,8,7,0.081193
1324,3,9,7,0.081193
1324,3,10,5,0.065309
1324,3,11,7,0.081193
1325,3,0,7,0.125
1325,3,1,7,0.125
1325,3,2,7,0.125
1325,3,3,7,0.125
1325,3,4,7,0.125
1325,3,5,7,0.125
1325,3,6,7,0.125
1325,3,7,7,0.125
1326,3,0,8,0.111111
1326,3,1,8,0.111111
1326,3,2,8,0.111111
1326,3,3,8,0.111111
1326,3,4,8,0.111111
1326,3,5,8,0.111111
1326,3,6,8,0.111111
1326,3,7,8,0.111111
1326,3,8,8,0.111111
1327,3,0,9,0.057173
1327,3,1,12,0.076326
1327,3,2,5,0.044135
1327,3,3,5,0.044135
1327,3,4,5,0.037594
1327,3,5,9,0.057173
1327,3,6,9,0.057173
1327,3,7,12,0.076326
1327,3,8,5,0.044135
1327,3,9,9,0.057173
1327,3,10,9,0.057173
1327,3,11,5,0.044135
1327,3,12,5,0.037594
1327,3,13,5,0.044135
1327,3,14,5,0.037594
1327,3,15,9,0.057173
1327,3,16,9,0.057173
1327,3,17,17,0.113681
1328,3,0,6,0.142857
1328,3,1,6,0.142857
1328,3,2,6,0.142857
1328,3,3,6,0.142857
1328,3,4,6,0.142857
1328,3,5,6,0.142857
1328,3,6,6,0.142857
1329,3,0,3,0.060405
1329,3,1,7,0.09602
1329,3,2,7,0.09602
1329,3,3,7,0.09602
1329,3,4,7,0.09602
1329,3,5,7,0.09602
1329,3,6,3,0.060405
1329,3,7,3,0.060405
1329,3,8,10,0.146646
1329,3,9,7,0.09602
1329,3,10,7,0.09602
1330,3,0,7,0.085852
1330,3,1,4,0.064644
1330,3,2,7,0.085852
1330,3,3,4,0.064644
1330,3,4,7,0.085852
1330,3,5,7,0.085852
1330,3,6,4,0.064644
1330,3,7,11,0.140458
1330,3,8,4,0.064644
1330,3,9,7,0.085852
1330,3,10,7,0.085852
1330,3,11,7,0.085852
1331,3,0,8,0.06207
1331,3,1,5,0.048753
1331,3,2,3,0.036906
1331,3,3,5,0.048753
1331,3,4,3,0.036906
1331,3,5,6,0.055747
1331,3,6,8,0.06207
1331,3,7,8,0.06207
1331,3,8,16,0.134067
1331,3,9,9,0.069962
1331,3,10,8,0.06207
1331,3,11,3,0.036906
1331,3,12,8,0.06207
1331,3,13,8,0.06207
1331,3,14,5,0.048753
1331,3,15,8,0.06207
1331,3,16,5,0.048753
1332,3,0,13,0.071429
1332,3,1,13,0.071429
1332,3,2,13,0.071429
1332,3,3,13,0.071429
1332,3,4,13,0.071429
1332,3,5,13,0.071429
1332,3,6,13,0.071429
1332,3,7,13,0.071429
1332,3,8,13,0.071429
1332,3,9,13,0.071429
1332,3,10,13,0.071429
1332,3,11,13,0.071429
1332,3,12,13,0.071429
1332,3,13,13,0.071429
1333,3,0,4,0.120424
1333,3,1,6,0.172768
1333,3,2,4,0.120424
1333,3,3,4,0.120424
1333,3,4,6,0.172768
1333,3,5,6,0.172768
1333,3,6,4,0.120424
1334,3,0,4,0.058045
1334,3,1,8,0.084019
1334,3,2,8,0.084019
1334,3,3,4,0.058045
1334,3,4,8,0.084019
1334,3,5,6,0.065555
1334,3,6,7,0.074607
1334,3,7,12,0.13296
1334,3,8,7,0.074607
1334,3,9,4,0.058045
1334,3,10,4,0.058045
1334,3,11,8,0.084019
1334,3,12,8,0.084019
1335,3,0,6,0.142857
1335,3,1,6,0.142857
1335,3,2,6,0.142857
1335,3,3,6,0.142857
1335,3,4,6,0.142857
1335,3,5,6,0.142857
1335,3,6,6,0.142857
1336,3,0,8,0.111111
1336,3,1,8,0.111111
1336,3,2,8,0.111111
1336,3,3,8,0.111111
1336,3,4,8,0.111111
1336,3,5,8,0.111111
1336,3,6,8,0.111111
1336,3,7,8,0.111111
1336,3,8,8,0.111111
1337,3,0,6,0.142857
1337,3,1,6,0.142857
1337,3,2,6,0.142857
1337,3,3,6,0.142857
1337,3,4,6,0.142857
1337,3,5,6,0.142857
1337,3,6,6,0.142857
1338,3,0,6,0.142857
1338,3,1,6,0.142857
1338,3,2,6,0.142857
1338,3,3,6,0.142857
1338,3,4,6,0.142857
1338,3,5,6,0.142857
1338,3,6,6,0.142857
1339,3,0,6,0.142857
1339,3,1,6,0.142857
1339,3,2,6,0.142857
1339,3,3,6,0.142857
1339,3,4,6,0.142857
1339,3,5,6,0.142857
1339,3,6,6,0.142857
1340,3,0,6,0.043834
1340,3,1,7,0.044463
1340,3,2,19,0.116651
1340,3,3,5,0.034073
1340,3,4,13,0.079353
1340,3,5,7,0.044463
1340,3,6,5,0.034073
1340,3,7,6,0.043834
1340,3,8,13,0.079353
1340,3,9,6,0.043834
1340,3,10,6,0.043834
1340,3,11,5,0.034073
1340,3,12,7,0.044463
1340,3,13,6,0.043834
1340,3,14,5,0.034073
1340,3,15,5,0.034073
1340,3,16,7,0.044463
1340,3,17,13,0.079353
1340,3,18,6,0.043834
1340,3,19,5,0.034073
1341,3,0,6,0.142857
1341,3,1,6,0.142857
1341,3,2,6,0.142857
1341,3,3,6,0.142857
1341,3,4,6,0.142857
1341,3,5,6,0.142857
1341,3,6,6,0.142857
1342,3,0,10,0.104686
1342,3,1,10,0.104686
1342,3,2,8,0.085296
1342,3,3,8,0.085296
1342,3,4,8,0.085296
1342,3,5,10,0.104686
1342,3,6,10,0.104686
1342,3,7,10,0.104686
1342,3,8,8,0.085296
1342,3,9,6,0.067694
1342,3,10,6,0.067694
1343,3,0,7,0.067363
1343,3,1,8,0.074861
1343,3,2,11,0.099694
1343,3,3,8,0.074861
1343,3,4,8,0.074861
1343,3,5,7,0.067363
1343,3,6,7,0.067363
1343,3,7,11,0.099694
1343,3,8,11,0.099694
1343,3,9,11,0.099694
1343,3,10,11,0.099694
1343,3,11,8,0.074861
1344,3,0,7,0.057794
1344,3,1,8,0.06067
1344,3,2,7,0.057794
1344,3,3,8,0.06067
1344,3,4,8,0.06067
1344,3,5,7,0.057794
1344,3,6,7,0.057794
1344,3,7,7,0.057794
1344,3,8,8,0.06067
1344,3,9,8,0.06067
1344,3,10,7,0.057794
1344,3,11,8,0.06067
1344,3,12,15,0.110079
1344,3,13,7,0.057794
1344,3,14,8,0.06067
1344,3,15,8,0.06067
1345,3,0,18,0.052632
1345,3,1,18,0.052632
1345,3,2,18,0.052632
1345,3,3,18,0.052632
1345,3,4,18,0.052632
1345,3,5,18,0.052632
1345,3,6,18,0.052632
1345,3,7,18,0.052632
1345,3,8,18,0.052632
1345,3,9,18,0.052632
1345,3,10,18,0.052632
1345,3,11,18,0.052632
1345,3,12,18,0.052632
1345,3,13,18,0.052632
1345,3,14,18,0.052632
1345,3,15,18,0.052632
1345,3,16,18,0.052632
1345,3,17,18,0.052632
1345,3,18,18,0.052632
1346,3,0,30,0.036801
1346,3,1,19,0.024493
1346,3,2,20,0.025687
1346,3,3,13,0.018506
1346,3,4,19,0.024493
1346,3,5,18,0.023668
1346,3,6,18,0.023668
1346,3,7,14,0.019613
1346,3,8,35,0.042831
1346,3,9,30,0.036801
1346,3,10,19,0.024493
1346,3,11,35,0.042831
1346,3,12,18,0.023668
1346,3,13,13,0.018506
1346,3,14,35,0.042831
1346,3,15,19,0.024493
1346,3,16,19,0.024493
1346,3,17,35,0.042831
1346,3,18,18,0.023668
1346,3,19,19,0.024493
1346,3,20,13,0.018506
1346,3,21,18,0.023668
1346,3,22,19,0.024493
1346,3,23,24,0.030531
1346,3,24,19,0.024493
1346,3,25,35,0.042831
1346,3,26,18,0.023668
1346,3,27,24,0.030531
1346,3,28,35,0.042831
1346,3,29,25,0.031641
1346,3,30,18,0.023668
1346,3,31,19,0.024758
1346,3,32,13,0.018506
1346,3,33,18,0.023668
1346,3,34,18,0.023668
1346,3,35,18,0.023668
1347,3,0,6,0.142857
1347,3,1,6,0.142857
1347,3,2,6,0.142857
1347,3,3,6,0.142857
1347,3,4,6,0.142857
1347,3,5,6,0.142857
1347,3,6,6,0.142857
1348,3,0,3,0.127095
1348,3,1,6,0.237428
1348,3,2,3,0.127095
1348,3,3,3,0.127095
1348,3,4,3,0.127095
1348,3,5,3,0.127095
1348,3,6,3,0.127095
1349,3,0,11,0.046105
1349,3,1,10,0.04289
1349,3,2,8,0.035402
1349,3,3,18,0.071775
1349,3,4,10,0.04289
1349,3,5,12,0.050219
1349,3,6,14,0.057092
1349,3,7,10,0.04289
1349,3,8,12,0.050219
1349,3,9,11,0.046105
1349,3,10,11,0.046105
1349,3,11,11,0.046105
1349,3,12,18,0.071775
1349,3,13,18,0.071775
1349,3,14,11,0.046105
1349,3,15,18,0.071775
1349,3,16,11,0.046105
1349,3,17,10,0.04289
1349,3,18,18,0.071775
1350,3,0,17,0.055556
1350,3,1,17,0.055556
1350,3,2,17,0.055556
1350,3,3,17,0.055556
1350,3,4,17,0.055556
1350,3,5,17,0.055556
1350,3,6,17,0.055556
1350,3,7,17,0.055556
1350,3,8,17,0.055556
1350,3,9,17,0.055556
1350,3,10,17,0.055556
1350,3,11,17,0.055556
1350,3,12,17,0.055556
1350,3,13,17,0.055556
1350,3,14,17,0.055556
1350,3,15,17,0.055556
1350,3,16,17,0.055556
1350,3,17,17,0.055556
1351,3,0,10,0.090909
1351,3,1,10,0.090909
1351,3,2,10,0.090909
1351,3,3,10,0.090909
1351,3,4,10,0.090909
1351,3,5,10,0.090909
1351,3,6,10,0.090909
1351,3,7,10,0.090909
1351,3,8,10,0.090909
1351,3,9,10,0.090909
1351,3,10,10,0.090909
1352,3,0,10,0.090909
1352,3,1,10,0.090909
1352,3,2,10,0.090909
1352,3,3,10,0.090909
1352,3,4,10,0.090909
1352,3,5,10,0.090909
1352,3,6,10,0.090909
1352,3,7,10,0.090909
1352,3,8,10,0.090909
1352,3,9,10,0.090909
1352,3,10,10,0.090909
1353,3,0,6,0.08089
1353,3,1,11,0.144239
1353,3,2,6,0.08089
1353,3,3,5,0.074085
1353,3,4,5,0.074085
1353,3,5,6,0.08089
1353,3,6,5,0.074085
1353,3,7,5,0.074085
1353,3,8,6,0.08089
1353,3,9,5,0.074085
1353,3,10,6,0.08089
1353,3,11,6,0.08089
1354,3,0,7,0.125
1354,3,1,7,0.125
1354,3,2,7,0.125
1354,3,3,7,0.125
1354,3,4,7,0.125
1354,3,5,7,0.125
1354,3,6,7,0.125
1354,3,7,7,0.125
1355,3,0,6,0.142857
1355,3,1,6,0.142857
1355,3,2,6,0.142857
1355,3,3,6,0.142857
1355,3,4,6,0.142857
1355,3,5,6,0.142857
1355,3,6,6,0.142857
1356,3,0,8,0.111111
1356,3,1,8,0.111111
1356,3,2,8,0.111111
1356,3,3,8,0.111111
1356,3,4,8,0.111111
1356,3,5,8,0.111111
1356,3,6,8,0.111111
1356,3,7,8,0.111111
1356,3,8,8,0.111111
1357,3,0,7,0.04279
1357,3,1,9,0.050244
1357,3,2,9,0.050244
1357,3,3,6,0.037944
1357,3,4,10,0.059107
1357,3,5,9,0.050244
1357,3,6,18,0.09742
1357,3,7,7,0.04279
1357,3,8,6,0.037944
1357,3,9,9,0.050244
1357,3,10,10,0.059107
1357,3,11,9,0.050244
1357,3,12,9,0.050244
1357,3,13,7,0.04279
1357,3,14,6,0.037944
1357,3,15,7,0.04279
1357,3,16,18,0.09742
1357,3,17,9,0.050244
1357,3,18,9,0.050244
1358,3,0,19,0.05
1358,3,1,19,0.05
1358,3,2,19,0.05
1358,3,3,19,0.05
1358,3,4,19,0.05
1358,3,5,19,0.05
1358,3,6,19,0.05
1358,3,7,19,0.05
1358,3,8,19,0.05
1358,3,9,19,0.05
1358,3,10,19,0.05
1358,3,11,19,0.05
1358,3,12,19,0.05
1358,3,13,19,0.05
1358,3,14,19,0.05
1358,3,15,19,0.05
1358,3,16,19,0.05
1358,3,17,19,0.05
1358,3,18,19,0.05
1358,3,19,19,0.05
1359,3,0,7,0.073091
1359,3,1,6,0.066013
1359,3,2,6,0.066013
1359,3,3,7,0.073091
1359,3,4,6,0.063636
1359,3,5,13,0.129666
1359,3,6,6,0.066013
1359,3,7,7,0.073091
1359,3,8,6,0.066013
1359,3,9,5,0.05462
1359,3,10,7,0.073091
1359,3,11,6,0.066013
1359,3,12,6,0.066013
1359,3,13,6,0.063636
1360,3,0,9,0.119302
1360,3,1,7,0.094503
1360,3,2,9,0.119302
1360,3,3,7,0.094503
1360,3,4,5,0.07239
1360,3,5,9,0.119302
1360,3,6,7,0.094503
1360,3,7,5,0.07239
1360,3,8,9,0.119302
1360,3,9,7,0.094503
1361,3,0,14,0.161842
1361,3,1,5,0.061847
1361,3,2,5,0.061847
1361,3,3,4,0.054923
1361,3,4,5,0.061847
1361,3,5,4,0.054923
1361,3,6,5,0.061847
1361,3,7,5,0.061847
1361,3,8,5,0.061847
1361,3,9,5,0.061847
1361,3,10,4,0.054923
1361,3,11,5,0.061847
1361,3,12,5,0.061847
1361,3,13,5,0.061847
1361,3,14,4,0.054923
1362,3,0,4,0.086031
1362,3,1,4,0.086031
1362,3,2,5,0.097048
1362,3,3,5,0.097048
1362,3,4,5,0.097048
1362,3,5,5,0.097048
1362,3,6,4,0.086031
1362,3,7,5,0.097048
1362,3,8,9,0.170632
1362,3,9,4,0.086031
1363,3,0,18,0.140315
1363,3,1,4,0.040197
1363,3,2,4,0.040197
1363,3,3,10,0.072343
1363,3,4,4,0.040197
1363,3,5,5,0.04025
1363,3,6,4,0.040197
1363,3,7,6,0.046695
1363,3,8,7,0.051909
1363,3,9,7,0.051909
1363,3,10,4,0.040197
1363,3,11,7,0.051909
1363,3,12,5,0.04025
1363,3,13,7,0.051909
1363,3,14,4,0.040197
1363,3,15,4,0.040197
1363,3,16,8,0.058595
1363,3,17,4,0.040197
1363,3,18,10,0.072343
1364,3,0,4,0.121443
1364,3,1,3,0.101879
1364,3,2,4,0.121443
1364,3,3,4,0.121443
1364,3,4,4,0.121443
1364,3,5,3,0.101879
1364,3,6,3,0.101879
1364,3,7,7,0.20859
1365,3,0,7,0.125
1365,3,1,7,0.125
1365,3,2,7,0.125
1365,3,3,7,0.125
1365,3,4,7,0.125
1365,3,5,7,0.125
1365,3,6,7,0.125
1365,3,7,7,0.125
1366,3,0,4,0.060755
1366,3,1,4,0.060755
1366,3,2,4,0.060755
1366,3,3,5,0.068366
1366,3,4,4,0.060755
1366,3,5,5,0.068366
1366,3,6,5,0.068366
1366,3,7,4,0.060755
1366,3,8,13,0.172132
1366,3,9,4,0.060755
1366,3,10,4,0.060755
1366,3,11,5,0.068366
1366,3,12,5,0.068366
1366,3,13,4,0.060755
1367,3,0,13,0.071429
1367,3,1,13,0.071429
1367,3,2,13,0.071429
1367,3,3,13,0.071429
1367,3,4,13,0.071429
1367,3,5,13,0.071429
1367,3,6,13,0.071429
1367,3,7,13,0.071429
1367,3,8,13,0.071429
1367,3,9,13,0.071429
1367,3,10,13,0.071429
1367,3,11,13,0.071429
1367,3,12,13,0.071429
1367,3,13,13,0.071429
1368,3,0,7,0.125
1368,3,1,7,0.125
1368,3,2,7,0.125
1368,3,3,7,0.125
1368,3,4,7,0.125
1368,3,5,7,0.125
1368,3,6,7,0.125
1368,3,7,7,0.125
1369,3,0,10,0.090909
1369,3,1,10,0.090909
1369,3,2,10,0.090909
1369,3,3,10,0.090909
1369,3,4,10,0.090909
1369,3,5,10,0.090909
1369,3,6,10,0.090909
1369,3,7,10,0.090909
1369,3,8,10,0.090909
1369,3,9,10,0.090909
1369,3,10,10,0.090909
1370,3,0,17,0.055556
1370,3,1,17,0.055556
1370,3,2,17,0.055556
1370,3,3,17,0.055556
1370,3,4,17,0.055556
1370,3,5,17,0.055556
1370,3,6,17,0.055556
1370,3,7,17,0.055556
1370,3,8,17,0.055556
1370,3,9,17,0.055556
1370,3,10,17,0.055556
1370,3,11,17,0.055556
1370,3,12,17,0.055556
1370,3,13,17,0.055556
1370,3,14,17,0.055556
1370,3,15,17,0.055556
1370,3,16,17,0.055556
1370,3,17,17,0.055556
1371,3,0,6,0.142857
1371,3,1,6,0.142857
1371,3,2,6,0.142857
1371,3,3,6,0.142857
1371,3,4,6,0.142857
1371,3,5,6,0.142857
1371,3,6,6,0.142857
1372,3,0,30,0.036801
1372,3,1,19,0.024493
1372,3,2,20,0.025687
1372,3,3,13,0.018506
1372,3,4,19,0.024493
1372,3,5,18,0.023668
1372,3,6,35,0.042831
1372,3,7,14,0.019613
1372,3,8,35,0.042831
1372,3,9,30,0.036801
1372,3,10,19,0.024493
1372,3,11,35,0.042831
1372,3,12,18,0.023668
1372,3,13,13,0.018506
1372,3,14,18,0.023668
1372,3,15,19,0.024493
1372,3,16,19,0.024493
1372,3,17,35,0.042831
1372,3,18,18,0.023668
1372,3,19,19,0.024493
1372,3,20,13,0.018506
1372,3,21,18,0.023668
1372,3,22,19,0.024493
1372,3,23,24,0.030531
1372,3,24,19,0.024493
1372,3,25,35,0.042831
1372,3,26,18,0.023668
1372,3,27,24,0.030531
1372,3,28,35,0.042831
1372,3,29,25,0.031641
1372,3,30,18,0.023668
1372,3,31,19,0.024758
1372,3,32,13,0.018506
1372,3,33,18,0.023668
1372,3,34,18,0.023668
1372,3,35,18,0.023668
1373,3,0,6,0.142857
1373,3,1,6,0.142857
1373,3,2,6,0.142857
1373,3,3,6,0.142857
1373,3,4,6,0.142857
1373,3,5,6,0.142857
1373,3,6,6,0.142857
1374,3,0,6,0.142857
1374,3,1,6,0.142857
1374,3,2,6,0.142857
1374,3,3,6,0.142857
1374,3,4,6,0.142857
1374,3,5,6,0.142857
1374,3,6,6,0.142857
1375,3,0,9,0.028699
1375,3,1,7,0.027556
1375,3,2,9,0.028699
1375,3,3,7,0.027556
1375,3,4,7,0.027556
1375,3,5,9,0.029682
1375,3,6,9,0.029682
1375,3,7,8,0.026795
1375,3,8,9,0.029682
1375,3,9,7,0.027556
1375,3,10,7,0.023607
1375,3,11,7,0.027556
1375,3,12,9,0.028699
1375,3,13,9,0.028699
1375,3,14,21,0.063506
1375,3,15,31,0.099196
1375,3,16,7,0.027556
1375,3,17,10,0.03324
1375,3,18,4,0.019224
1375,3,19,7,0.027556
1375,3,20,12,0.037345
1375,3,21,6,0.025144
1375,3,22,4,0.019224
1375,3,23,7,0.023607
1375,3,24,9,0.029682
1375,3,25,9,0.028699
1375,3,26,12,0.037345
1375,3,27,8,0.026795
1375,3,28,9,0.029682
1375,3,29,7,0.023607
1375,3,30,4,0.019224
1375,3,31,12,0.037345
1376,3,0,4,0.10137
1376,3,1,4,0.10137
1376,3,2,4,0.10137
1376,3,3,4,0.10137
1376,3,4,4,0.10137
1376,3,5,8,0.189037
1376,3,6,4,0.10137
1376,3,7,4,0.10137
1376,3,8,4,0.10137
1377,3,0,6,0.142857
1377,3,1,6,0.142857
1377,3,2,6,0.142857
1377,3,3,6,0.142857
1377,3,4,6,0.142857
1377,3,5,6,0.142857
1377,3,6,6,0.142857
1378,3,0,6,0.142857
1378,3,1,6,0.142857
1378,3,2,6,0.142857
1378,3,3,6,0.142857
1378,3,4,6,0.142857
1378,3,5,6,0.142857
1378,3,6,6,0.142857
1379,3,0,10,0.090909
1379,3,1,10,0.090909
1379,3,2,10,0.090909
1379,3,3,10,0.090909
1379,3,4,10,0.090909
1379,3,5,10,0.090909
1379,3,6,10,0.090909
1379,3,7,10,0.090909
1379,3,8,10,0.090909
1379,3,9,10,0.090909
1379,3,10,10,0.090909
1380,3,0,7,0.125
1380,3,1,7,0.125
1380,3,2,7,0.125
1380,3,3,7,0.125
1380,3,4,7,0.125
1380,3,5,7,0.125
1380,3,6,7,0.125
1380,3,7,7,0.125
1381,3,0,6,0.064968
1381,3,1,7,0.06933
1381,3,2,7,0.06933
1381,3,3,6,0.064968
1381,3,4,13,0.124878
1381,3,5,7,0.06933
1381,3,6,7,0.06933
1381,3,7,7,0.06933
1381,3,8,7,0.06933
1381,3,9,7,0.06933
1381,3,10,6,0.064968
1381,3,11,6,0.064968
1381,3,12,6,0.064968
1381,3,13,6,0.064968
1382,3,0,8,0.111111
1382,3,1,8,0.111111
1382,3,2,8,0.111111
1382,3,3,8,0.111111
1382,3,4,8,0.111111
1382,3,5,8,0.111111
1382,3,6,8,0.111111
1382,3,7,8,0.111111
1382,3,8,8,0.111111
1383,3,0,19,0.05
1383,3,1,19,0.05
1383,3,2,19,0.05
1383,3,3,19,0.05
1383,3,4,19,0.05
1383,3,5,19,0.05
1383,3,6,19,0.05
1383,3,7,19,0.05
1383,3,8,19,0.05
1383,3,9,19,0.05
1383,3,10,19,0.05
1383,3,11,19,0.05
1383,3,12,19,0.05
1383,3,13,19,0.05
1383,3,14,19,0.05
1383,3,15,19,0.05
1383,3,16,19,0.05
1383,3,17,19,0.05
1383,3,18,19,0.05
1383,3,19,19,0.05
1384,3,0,7,0.125
1384,3,1,7,0.125
1384,3,2,7,0.125
1384,3,3,7,0.125
1384,3,4,7,0.125
1384,3,5,7,0.125
1384,3,6,7,0.125
1384,3,7,7,0.125
1385,3,0,6,0.142857
1385,3,1,6,0.142857
1385,3,2,6,0.142857
1385,3,3,6,0.142857
1385,3,4,6,0.142857
1385,3,5,6,0.142857
1385,3,6,6,0.142857
1386,3,0,7,0.125
1386,3,1,7,0.125
1386,3,2,7,0.125
1386,3,3,7,0.125
1386,3,4,7,0.125
1386,3,5,7,0.125
1386,3,6,7,0.125
1386,3,7,7,0.125
1387,3,0,26,0.092555
1387,3,1,8,0.031527
1387,3,2,6,0.024964
1387,3,3,7,0.029523
1387,3,4,8,0.031527
1387,3,5,10,0.035887
1387,3,6,10,0.035887
1387,3,7,6,0.026152
1387,3,8,6,0.025791
1387,3,9,6,0.026152
1387,3,10,10,0.035887
1387,3,11,10,0.035887
1387,3,12,10,0.035887
1387,3,13,9,0.034973
1387,3,14,6,0.026152
1387,3,15,7,0.029523
1387,3,16,12,0.047878
1387,3,17,15,0.052698
1387,3,18,8,0.031527
1387,3,19,6,0.025791
1387,3,20,26,0.092555
1387,3,21,7,0.027945
1387,3,22,7,0.029523
1387,3,23,10,0.035887
1387,3,24,10,0.035887
1387,3,25,10,0.035887
1387,3,26,6,0.026152
1388,3,0,7,0.056815
1388,3,1,8,0.060065
1388,3,2,7,0.056815
1388,3,3,7,0.056815
1388,3,4,8,0.063298
1388,3,5,7,0.056815
1388,3,6,8,0.060065
1388,3,7,8,0.060065
1388,3,8,7,0.056815
1388,3,9,15,0.108491
1388,3,10,9,0.066865
1388,3,11,8,0.060065
1388,3,12,8,0.060065
1388,3,13,7,0.056815
1388,3,14,8,0.060065
1388,3,15,8,0.060065
1389,3,0,10,0.068897
1389,3,1,5,0.045216
1389,3,2,5,0.045216
1389,3,3,10,0.068897
1389,3,4,10,0.068897
1389,3,5,10,0.068897
1389,3,6,10,0.068897
1389,3,7,14,0.099531
1389,3,8,10,0.068897
1389,3,9,5,0.045216
1389,3,10,5,0.045216
1389,3,11,14,0.099531
1389,3,12,10,0.068897
1389,3,13,10,0.068897
1389,3,14,10,0.068897
1390,3,0,9,0.1
1390,3,1,9,0.1
1390,3,2,9,0.1
1390,3,3,9,0.1
1390,3,4,9,0.1
1390,3,5,9,0.1
1390,3,6,9,0.1
1390,3,7,9,0.1
1390,3,8,9,0.1
1390,3,9,9,0.1
1391,3,0,8,0.092066
1391,3,1,9,0.101983
1391,3,2,9,0.101983
1391,3,3,9,0.101983
1391,3,4,8,0.092066
1391,3,5,9,0.101983
1391,3,6,9,0.101983
1391,3,7,9,0.101983
1391,3,8,9,0.101983
1391,3,9,9,0.101983
1392,3,0,11,0.083333
1392,3,1,11,0.083333
1392,3,2,11,0.083333
1392,3,3,11,0.083333
1392,3,4,11,0.083333
1392,3,5,11,0.083333
1392,3,6,11,0.083333
1392,3,7,11,0.083333
1392,3,8,11,0.083333
1392,3,9,11,0.083333
1392,3,10,11,0.083333
1392,3,11,11,0.083333
1393,3,0,6,0.142857
1393,3,1,6,0.142857
1393,3,2,6,0.142857
1393,3,3,6,0.142857
1393,3,4,6,0.142857
1393,3,5,6,0.142857
1393,3,6,6,0.142857
1394,3,0,10,0.090909
1394,3,1,10,0.090909
1394,3,2,10,0.090909
1394,3,3,10,0.090909
1394,3,4,10,0.090909
1394,3,5,10,0.090909
1394,3,6,10,0.090909
1394,3,7,10,0.090909
1394,3,8,10,0.090909
1394,3,9,10,0.090909
1394,3,10,10,0.090909
1395,3,0,10,0.104686
1395,3,1,10,0.104686
1395,3,2,8,0.085296
1395,3,3,8,0.085296
1395,3,4,8,0.085296
1395,3,5,10,0.104686
1395,3,6,10,0.104686
1395,3,7,10,0.104686
1395,3,8,8,0.085296
1395,3,9,6,0.067694
1395,3,10,6,0.067694
1396,3,0,5,0.097048
1396,3,1,4,0.086031
1396,3,2,4,0.086031
1396,3,3,5,0.097048
1396,3,4,5,0.097048
1396,3,5,4,0.086031
1396,3,6,4,0.086031
1396,3,7,9,0.170632
1396,3,8,5,0.097048
1396,3,9,5,0.097048
1397,3,0,8,0.111111
1397,3,1,8,0.111111
1397,3,2,8,0.111111
1397,3,3,8,0.111111
1397,3,4,8,0.111111
1397,3,5,8,0.111111
1397,3,6,8,0.111111
1397,3,7,8,0.111111
1397,3,8,8,0.111111
1398,3,0,7,0.125
1398,3,1,7,0.125
1398,3,2,7,0.125
1398,3,3,7,0.125
1398,3,4,7,0.125
1398,3,5,7,0.125
1398,3,6,7,0.125
1398,3,7,7,0.125
1399,3,0,6,0.142857
1399,3,1,6,0.142857
1399,3,2,6,0.142857
1399,3,3,6,0.142857
1399,3,4,6,0.142857
1399,3,5,6,0.142857
1399,3,6,6,0.142857
1400,3,0,7,0.032807
1400,3,1,5,0.027171
1400,3,2,10,0.038634
1400,3,3,14,0.0558
1400,3,4,5,0.025372
1400,3,5,10,0.038634
1400,3,6,12,0.046666
1400,3,7,7,0.032807
1400,3,8,5,0.027171
1400,3,9,5,0.027171
1400,3,10,7,0.032807
1400,3,11,10,0.038634
1400,3,12,5,0.025372
1400,3,13,5,0.025372
1400,3,14,10,0.038634
1400,3,15,10,0.038634
1400,3,16,7,0.032807
1400,3,17,5,0.025372
1400,3,18,7,0.032807
1400,3,19,7,0.032807
1400,3,20,10,0.038634
1400,3,21,7,0.034709
1400,3,22,10,0.038634
1400,3,23,10,0.038634
1400,3,24,9,0.040494
1400,3,25,5,0.027171
1400,3,26,26,0.106248
1401,3,0,9,0.1
1401,3,1,9,0.1
1401,3,2,9,0.1
1401,3,3,9,0.1
1401,3,4,9,0.1
1401,3,5,9,0.1
1401,3,6,9,0.1
1401,3,7,9,0.1
1401,3,8,9,0.1
1401,3,9,9,0.1
1402,3,0,7,0.125
1402,3,1,7,0.125
1402,3,2,7,0.125
1402,3,3,7,0.125
1402,3,4,7,0.125
1402,3,5,7,0.125
1402,3,6,7,0.125
1402,3,7,7,0.125
1403,3,0,8,0.111111
1403,3,1,8,0.111111
1403,3,2,8,0.111111
1403,3,3,8,0.111111
1403,3,4,8,0.111111
1403,3,5,8,0.111111
1403,3,6,8,0.111111
1403,3,7,8,0.111111
1403,3,8,8,0.111111
1404,3,0,7,0.125
1404,3,1,7,0.125
1404,3,2,7,0.125
1404,3,3,7,0.125
1404,3,4,7,0.125
1404,3,5,7,0.125
1404,3,6,7,0.125
1404,3,7,7,0.125
1405,3,0,6,0.142857
1405,3,1,6,0.142857
1405,3,2,6,0.142857
1405,3,3,6,0.142857
1405,3,4,6,0.142857
1405,3,5,6,0.142857
1405,3,6,6,0.142857
1406,3,0,8,0.111111
1406,3,1,8,0.111111
1406,3,2,8,0.111111
1406,3,3,8,0.111111
1406,3,4,8,0.111111
1406,3,5,8,0.111111
1406,3,6,8,0.111111
1406,3,7,8,0.111111
1406,3,8,8,0.111111
1407,3,0,7,0.125
1407,3,1,7,0.125
1407,3,2,7,0.125
1407,3,3,7,0.125
1407,3,4,7,0.125
1407,3,5,7,0.125
1407,3,6,7,0.125
1407,3,7,7,0.125
1408,3,0,6,0.142857
1408,3,1,6,0.142857
1408,3,2,6,0.142857
1408,3,3,6,0.142857
1408,3,4,6,0.142857
1408,3,5,6,0.142857
1408,3,6,6,0.142857
1409,3,0,8,0.111111
1409,3,1,8,0.111111
1409,3,2,8,0.111111
1409,3,3,8,0.111111
1409,3,4,8,0.111111
1409,3,5,8,0.111111
1409,3,6,8,0.111111
1409,3,7,8,0.111111
1409,3,8,8,0.111111
1410,3,0,6,0.072152
1410,3,1,6,0.072152
1410,3,2,6,0.072152
1410,3,3,6,0.072152
1410,3,4,6,0.072152
1410,3,5,12,0.134171
1410,3,6,6,0.072152
1410,3,7,6,0.072152
1410,3,8,6,0.072152
1410,3,9,6,0.072152
1410,3,10,6,0.072152
1410,3,11,6,0.072152
1410,3,12,6,0.072152
1411,3,0,9,0.1
1411,3,1,9,0.1
1411,3,2,9,0.1
1411,3,3,9,0.1
1411,3,4,9,0.1
1411,3,5,9,0.1
1411,3,6,9,0.1
1411,3,7,9,0.1
1411,3,8,9,0.1
1411,3,9,9,0.1
1412,3,0,9,0.1
1412,3,1,9,0.1
1412,3,2,9,0.1
1412,3,3,9,0.1
1412,3,4,9,0.1
1412,3,5,9,0.1
1412,3,6,9,0.1
1412,3,7,9,0.1
1412,3,8,9,0.1
1412,3,9,9,0.1
1413,3,0,6,0.048546
1413,3,1,7,0.052801
1413,3,2,6,0.047699
1413,3,3,6,0.047699
1413,3,4,7,0.052801
1413,3,5,6,0.048546
1413,3,6,5,0.041767
1413,3,7,8,0.061697
1413,3,8,17,0.121244
1413,3,9,7,0.052801
1413,3,10,5,0.041767
1413,3,11,6,0.047699
1413,3,12,6,0.047699
1413,3,13,7,0.052801
1413,3,14,7,0.052801
1413,3,15,7,0.052801
1413,3,16,7,0.052801
1413,3,17,10,0.076026
1414,3,0,8,0.111111
1414,3,1,8,0.111111
1414,3,2,8,0.111111
1414,3,3,8,0.111111
1414,3,4,8,0.111111
1414,3,5,8,0.111111
1414,3,6,8,0.111111
1414,3,7,8,0.111111
1414,3,8,8,0.111111
1415,3,0,7,0.125
1415,3,1,7,0.125
1415,3,2,7,0.125
1415,3,3,7,0.125
1415,3,4,7,0.125
1415,3,5,7,0.125
1415,3,6,7,0.125
1415,3,7,7,0.125
1416,3,0,6,0.142857
1416,3,1,6,0.142857
1416,3,2,6,0.142857
1416,3,3,6,0.142857
1416,3,4,6,0.142857
1416,3,5,6,0.142857
1416,3,6,6,0.142857
1417,3,0,13,0.071429
1417,3,1,13,0.071429
1417,3,2,13,0.071429
1417,3,3,13,0.071429
1417,3,4,13,0.071429
1417,3,5,13,0.071429
1417,3,6,13,0.071429
1417,3,7,13,0.071429
1417,3,8,13,0.071429
1417,3,9,13,0.071429
1417,3,10,13,0.071429
1417,3,11,13,0.071429
1417,3,12,13,0.071429
1417,3,13,13,0.071429
1418,3,0,13,0.071429
1418,3,1,13,0.071429
1418,3,2,13,0.071429
1418,3,3,13,0.071429
1418,3,4,13,0.071429
1418,3,5,13,0.071429
1418,3,6,13,0.071429
1418,3,7,13,0.071429
1418,3,8,13,0.071429
1418,3,9,13,0.071429
1418,3,10,13,0.071429
1418,3,11,13,0.071429
1418,3,12,13,0.071429
1418,3,13,13,0.071429
1419,3,0,6,0.142857
1419,3,1,6,0.142857
1419,3,2,6,0.142857
1419,3,3,6,0.142857
1419,3,4,6,0.142857
1419,3,5,6,0.142857
1419,3,6,6,0.142857
1420,3,0,19,0.042409
1420,3,1,19,0.042409
1420,3,2,19,0.042409
1420,3,3,19,0.042409
1420,3,4,5,0.024992
1420,3,5,19,0.042409
1420,3,6,19,0.042409
1420,3,7,19,0.042409
1420,3,8,19,0.042409
1420,3,9,19,0.042409
1420,3,10,5,0.024992
1420,3,11,6,0.027337
1420,3,12,19,0.042409
1420,3,13,19,0.042409
1420,3,14,20,0.046241
1420,3,15,19,0.042409
1420,3,16,19,0.042409
1420,3,17,19,0.042409
1420,3,18,5,0.024992
1420,3,19,19,0.042409
1420,3,20,19,0.042409
1420,3,21,24,0.063097
1420,3,22,5,0.024992
1420,3,23,19,0.042409
1420,3,24,19,0.042409
1421,3,0,7,0.125
1421,3,1,7,0.125
1421,3,2,7,0.125
1421,3,3,7,0.125
1421,3,4,7,0.125
1421,3,5,7,0.125
1421,3,6,7,0.125
1421,3,7,7,0.125
1422,3,0,4,0.06252
1422,3,1,12,0.175079
1422,3,2,4,0.066155
1422,3,3,4,0.06252
1422,3,4,4,0.06252
1422,3,5,4,0.06252
1422,3,6,4,0.066155
1422,3,7,4,0.066155
1422,3,8,4,0.066155
1422,3,9,3,0.050987
1422,3,10,6,0.08964
1422,3,11,3,0.050987
1422,3,12,8,0.118606
1423,3,0,4,0.107548
1423,3,1,4,0.107548
1423,3,2,4,0.107548
1423,3,3,7,0.177356
1423,3,4,4,0.107548
1423,3,5,7,0.177356
1423,3,6,4,0.107548
1423,3,7,4,0.107548
1424,3,0,8,0.111111
1424,3,1,8,0.111111
1424,3,2,8,0.111111
1424,3,3,8,0.111111
1424,3,4,8,0.111111
1424,3,5,8,0.111111
1424,3,6,8,0.111111
1424,3,7,8,0.111111
1424,3,8,8,0.111111
1425,3,0,8,0.111111
1425,3,1,8,0.111111
1425,3,2,8,0.111111
1425,3,3,8,0.111111
1425,3,4,8,0.111111
1425,3,5,8,0.111111
1425,3,6,8,0.111111
1425,3,7,8,0.111111
1425,3,8,8,0.111111
1426,3,0,5,0.027104
1426,3,1,5,0.027104
1426,3,2,8,0.033195
1426,3,3,5,0.022894
1426,3,4,5,0.022894
1426,3,5,5,0.022894
1426,3,6,3,0.020013
1426,3,7,8,0.033195
1426,3,8,5,0.027104
1426,3,9,7,0.029877
1426,3,10,5,0.027104
1426,3,11,13,0.053408
1426,3,12,8,0.033195
1426,3,13,29,0.121787
1426,3,14,3,0.020013
1426,3,15,5,0.022894
1426,3,16,5,0.022894
1426,3,17,8,0.033195
1426,3,18,7,0.029877
1426,3,19,8,0.033195
1426,3,20,7,0.029877
1426,3,21,5,0.022894
1426,3,22,3,0.020013
1426,3,23,5,0.027104
1426,3,24,8,0.033195
1426,3,25,13,0.053408
1426,3,26,8,0.033195
1426,3,27,7,0.029877
1426,3,28,13,0.053408
1426,3,29,8,0.033195
1427,3,0,7,0.033787
1427,3,1,7,0.034468
1427,3,2,7,0.034468
1427,3,3,7,0.033787
1427,3,4,6,0.032024
1427,3,5,26,0.117057
1427,3,6,7,0.036397
1427,3,7,7,0.034468
1427,3,8,6,0.032024
1427,3,9,7,0.034468
1427,3,10,5,0.02686
1427,3,11,7,0.03556
1427,3,12,8,0.040058
1427,3,13,6,0.032024
1427,3,14,7,0.03556
1427,3,15,7,0.033787
1427,3,16,7,0.034468
1427,3,17,7,0.034468
1427,3,18,6,0.032024
1427,3,19,7,0.033787
1427,3,20,6,0.032024
1427,3,21,7,0.033787
1427,3,22,5,0.02686
1427,3,23,11,0.051293
1427,3,24,5,0.026235
1427,3,25,7,0.034468
1427,3,26,7,0.033787
1428,3,0,5,0.112977
1428,3,1,3,0.083736
1428,3,2,5,0.112977
1428,3,3,3,0.083736
1428,3,4,5,0.112977
1428,3,5,3,0.083736
1428,3,6,8,0.183907
1428,3,7,5,0.112977
1428,3,8,5,0.112977
1429,3,0,7,0.125
1429,3,1,7,0.125
1429,3,2,7,0.125
1429,3,3,7,0.125
1429,3,4,7,0.125
1429,3,5,7,0.125
1429,3,6,7,0.125
1429,3,7,7,0.125
1430,3,0,11,0.066377
1430,3,1,11,0.066377
1430,3,2,11,0.066377
1430,3,3,11,0.066377
1430,3,4,4,0.042058
1430,3,5,4,0.042058
1430,3,6,4,0.042058
1430,3,7,11,0.066377
1430,3,8,11,0.066377
1430,3,9,15,0.101625
1430,3,10,11,0.066377
1430,3,11,11,0.066377
1430,3,12,11,0.066377
1430,3,13,11,0.066377
1430,3,14,11,0.066377
1430,3,15,4,0.042058
1431,3,0,6,0.142857
1431,3,1,6,0.142857
1431,3,2,6,0.142857
1431,3,3,6,0.142857
1431,3,4,6,0.142857
1431,3,5,6,0.142857
1431,3,6,6,0.142857
1432,3,0,6,0.142857
1432,3,1,6,0.142857
1432,3,2,6,0.142857
1432,3,3,6,0.142857
1432,3,4,6,0.142857
1432,3,5,6,0.142857
1432,3,6,6,0.142857
1433,3,0,10,0.090909
1433,3,1,10,0.090909
1433,3,2,10,0.090909
1433,3,3,10,0.090909
1433,3,4,10,0.090909
1433,3,5,10,0.090909
1433,3,6,10,0.090909
1433,3,7,10,0.090909
1433,3,8,10,0.090909
1433,3,9,10,0.090909
1433,3,10,10,0.090909
1434,3,0,8,0.111111
1434,3,1,8,0.111111
1434,3,2,8,0.111111
1434,3,3,8,0.111111
1434,3,4,8,0.111111
1434,3,5,8,0.111111
1434,3,6,8,0.111111
1434,3,7,8,0.111111
1434,3,8,8,0.111111
1435,3,0,6,0.142857
1435,3,1,6,0.142857
1435,3,2,6,0.142857
1435,3,3,6,0.142857
1435,3,4,6,0.142857
1435,3,5,6,0.142857
1435,3,6,6,0.142857
1436,3,0,9,0.1
1436,3,1,9,0.1
1436,3,2,9,0.1
1436,3,3,9,0.1
1436,3,4,9,0.1
1436,3,5,9,0.1
1436,3,6,9,0.1
1436,3,7,9,0.1
1436,3,8,9,0.1
1436,3,9,9,0.1
1437,3,0,6,0.142857
1437,3,1,6,0.142857
1437,3,2,6,0.142857
1437,3,3,6,0.142857
1437,3,4,6,0.142857
1437,3,5,6,0.142857
1437,3,6,6,0.142857
1438,3,0,10,0.090909
1438,3,1,10,0.090909
1438,3,2,10,0.090909
1438,3,3,10,0.090909
1438,3,4,10,0.090909
1438,3,5,10,0.090909
1438,3,6,10,0.090909
1438,3,7,10,0.090909
1438,3,8,10,0.090909
1438,3,9,10,0.090909
1438,3,10,10,0.090909
1439,3,0,10,0.024274
1439,3,1,12,0.02651
1439,3,2,10,0.023873
1439,3,3,10,0.023873
1439,3,4,14,0.03043
1439,3,5,32,0.067543
1439,3,6,9,0.02212
1439,3,7,14,0.03043
1439,3,8,10,0.023873
1439,3,9,15,0.03447
1439,3,10,7,0.017988
1439,3,11,12,0.028378
1439,3,12,11,0.026132
1439,3,13,14,0.03043
1439,3,14,10,0.024274
1439,3,15,23,0.049242
1439,3,16,14,0.03043
1439,3,17,10,0.023873
1439,3,18,10,0.023873
1439,3,19,14,0.03043
1439,3,20,10,0.024274
1439,3,21,30,0.063645
1439,3,22,10,0.024274
1439,3,23,10,0.022965
1439,3,24,10,0.024274
1439,3,25,12,0.02651
1439,3,26,14,0.03043
1439,3,27,10,0.022965
1439,3,28,14,0.03043
1439,3,29,12,0.028378
1439,3,30,32,0.067543
1439,3,31,10,0.023873
1439,3,32,7,0.017988
1440,3,0,8,0.080338
1440,3,1,4,0.0572
1440,3,2,12,0.128497
1440,3,3,4,0.0572
1440,3,4,8,0.080338
1440,3,5,8,0.080338
1440,3,6,8,0.080338
1440,3,7,8,0.080338
1440,3,8,8,0.080338
1440,3,9,8,0.080338
1440,3,10,8,0.080338
1440,3,11,4,0.0572
1440,3,12,4,0.0572
1441,3,0,6,0.142857
1441,3,1,6,0.142857
1441,3,2,6,0.142857
1441,3,3,6,0.142857
1441,3,4,6,0.142857
1441,3,5,6,0.142857
1441,3,6,6,0.142857
1442,3,0,7,0.125
1442,3,1,7,0.125
1442,3,2,7,0.125
1442,3,3,7,0.125
1442,3,4,7,0.125
1442,3,5,7,0.125
1442,3,6,7,0.125
1442,3,7,7,0.125
1443,3,0,8,0.111111
1443,3,1,8,0.111111
1443,3,2,8,0.111111
1443,3,3,8,0.111111
1443,3,4,8,0.111111
1443,3,5,8,0.111111
1443,3,6,8,0.111111
1443,3,7,8,0.111111
1443,3,8,8,0.111111
1444,3,0,6,0.072152
1444,3,1,6,0.072152
1444,3,2,6,0.072152
1444,3,3,6,0.072152
1444,3,4,6,0.072152
1444,3,5,6,0.072152
1444,3,6,12,0.134171
1444,3,7,6,0.072152
1444,3,8,6,0.072152
1444,3,9,6,0.072152
1444,3,10,6,0.072152
1444,3,11,6,0.072152
1444,3,12,6,0.072152
1445,3,0,9,0.069013
1445,3,1,12,0.089255
1445,3,2,8,0.062807
1445,3,3,12,0.089255
1445,3,4,12,0.089255
1445,3,5,8,0.062807
1445,3,6,9,0.069013
1445,3,7,9,0.069013
1445,3,8,12,0.089255
1445,3,9,8,0.062807
1445,3,10,12,0.089255
1445,3,11,9,0.069013
1445,3,12,12,0.089255
1446,3,0,10,0.090909
1446,3,1,10,0.090909
1446,3,2,10,0.090909
1446,3,3,10,0.090909
1446,3,4,10,0.090909
1446,3,5,10,0.090909
1446,3,6,10,0.090909
1446,3,7,10,0.090909
1446,3,8,10,0.090909
1446,3,9,10,0.090909
1446,3,10,10,0.090909
1447,3,0,6,0.142857
1447,3,1,6,0.142857
1447,3,2,6,0.142857
1447,3,3,6,0.142857
1447,3,4,6,0.142857
1447,3,5,6,0.142857
1447,3,6,6,0.142857
1448,3,0,8,0.183907
1448,3,1,5,0.112977
1448,3,2,5,0.112977
1448,3,3,5,0.112977
1448,3,4,3,0.083736
1448,3,5,3,0.083736
1448,3,6,5,0.112977
1448,3,7,3,0.083736
1448,3,8,5,0.112977
1449,3,0,6,0.142857
1449,3,1,6,0.142857
1449,3,2,6,0.142857
1449,3,3,6,0.142857
1449,3,4,6,0.142857
1449,3,5,6,0.142857
1449,3,6,6,0.142857
1450,3,0,7,0.125
1450,3,1,7,0.125
1450,3,2,7,0.125
1450,3,3,7,0.125
1450,3,4,7,0.125
1450,3,5,7,0.125
1450,3,6,7,0.125
1450,3,7,7,0.125
1451,3,0,6,0.142857
1451,3,1,6,0.142857
1451,3,2,6,0.142857
1451,3,3,6,0.142857
1451,3,4,6,0.142857
1451,3,5,6,0.142857
1451,3,6,6,0.142857
1452,3,0,10,0.076998
1452,3,1,5,0.045489
1452,3,2,12,0.09251
1452,3,3,10,0.076998
1452,3,4,10,0.076998
1452,3,5,5,0.045489
1452,3,6,12,0.09251
1452,3,7,10,0.076998
1452,3,8,10,0.076998
1452,3,9,12,0.09251
1452,3,10,10,0.076998
1452,3,11,10,0.076998
1452,3,12,12,0.09251
1453,3,0,13,0.071429
1453,3,1,13,0.071429
1453,3,2,13,0.071429
1453,3,3,13,0.071429
1453,3,4,13,0.071429
1453,3,5,13,0.071429
1453,3,6,13,0.071429
1453,3,7,13,0.071429
1453,3,8,13,0.071429
1453,3,9,13,0.071429
1453,3,10,13,0.071429
1453,3,11,13,0.071429
1453,3,12,13,0.071429
1453,3,13,13,0.071429
1454,3,0,6,0.142857
1454,3,1,6,0.142857
1454,3,2,6,0.142857
1454,3,3,6,0.142857
1454,3,4,6,0.142857
1454,3,5,6,0.142857
1454,3,6,6,0.142857
1455,3,0,8,0.111111
1455,3,1,8,0.111111
1455,3,2,8,0.111111
1455,3,3,8,0.111111
1455,3,4,8,0.111111
1455,3,5,8,0.111111
1455,3,6,8,0.111111
1455,3,7,8,0.111111
1455,3,8,8,0.111111
1456,3,0,8,0.037313
1456,3,1,10,0.040304
1456,3,2,8,0.037313
1456,3,3,10,0.040304
1456,3,4,10,0.040304
1456,3,5,6,0.033056
1456,3,6,8,0.037313
1456,3,7,10,0.040304
1456,3,8,8,0.037313
1456,3,9,6,0.033056
1456,3,10,10,0.040304
1456,3,11,6,0.033056
1456,3,12,8,0.037313
1456,3,13,6,0.033056
1456,3,14,6,0.033056
1456,3,15,6,0.033056
1456,3,16,10,0.040304
1456,3,17,8,0.037313
1456,3,18,8,0.037313
1456,3,19,8,0.037313
1456,3,20,10,0.040304
1456,3,21,10,0.040304
1456,3,22,24,0.100116
1456,3,23,10,0.040304
1456,3,24,10,0.040304
1457,3,0,7,0.125
1457,3,1,7,0.125
1457,3,2,7,0.125
1457,3,3,7,0.125
1457,3,4,7,0.125
1457,3,5,7,0.125
1457,3,6,7,0.125
1457,3,7,7,0.125
1458,3,0,11,0.083333
1458,3,1,11,0.083333
1458,3,2,11,0.083333
1458,3,3,11,0.083333
1458,3,4,11,0.083333
1458,3,5,11,0.083333
1458,3,6,11,0.083333
1458,3,7,11,0.083333
1458,3,8,11,0.083333
1458,3,9,11,0.083333
1458,3,10,11,0.083333
1458,3,11,11,0.083333
1459,3,0,4,0.079237
1459,3,1,3,0.072727
1459,3,2,9,0.17399
1459,3,3,6,0.112562
1459,3,4,3,0.072727
1459,3,5,3,0.072727
1459,3,6,5,0.095452
1459,3,7,5,0.095452
1459,3,8,6,0.112562
1459,3,9,6,0.112562
1460,3,0,9,0.1
1460,3,1,9,0.1
1460,3,2,9,0.1
1460,3,3,9,0.1
1460,3,4,9,0.1
1460,3,5,9,0.1
1460,3,6,9,0.1
1460,3,7,9,0.1
1460,3,8,9,0.1
1460,3,9,9,0.1
1461,3,0,10,0.090909
1461,3,1,10,0.090909
1461,3,2,10,0.090909
1461,3,3,10,0.090909
1461,3,4,10,0.090909
1461,3,5,10,0.090909
1461,3,6,10,0.090909
1461,3,7,10,0.090909
1461,3,8,10,0.090909
1461,3,9,10,0.090909
1461,3,10,10,0.090909
1462,3,0,7,0.125
1462,3,1,7,0.125
1462,3,2,7,0.125
1462,3,3,7,0.125
1462,3,4,7,0.125
1462,3,5,7,0.125
1462,3,6,7,0.125
1462,3,7,7,0.125
1463,3,0,7,0.125
1463,3,1,7,0.125
1463,3,2,7,0.125
1463,3,3,7,0.125
1463,3,4,7,0.125
1463,3,5,7,0.125
1463,3,6,7,0.125
1463,3,7,7,0.125
1464,3,0,8,0.03959
1464,3,1,13,0.04641
1464,3,2,13,0.04641
1464,3,3,8,0.03959
1464,3,4,13,0.04641
1464,3,5,8,0.03959
1464,3,6,13,0.04641
1464,3,7,13,0.04641
1464,3,8,8,0.03959
1464,3,9,8,0.03959
1464,3,10,13,0.04641
1464,3,11,8,0.03959
1464,3,12,13,0.04641
1464,3,13,13,0.04641
1464,3,14,8,0.03959
1464,3,15,13,0.04641
1464,3,16,13,0.04641
1464,3,17,13,0.04641
1464,3,18,13,0.04641
1464,3,19,21,0.079954
1464,3,20,13,0.04641
1464,3,21,8,0.03959
1465,3,0,9,0.058351
1465,3,1,7,0.053045
1465,3,2,9,0.058351
1465,3,3,7,0.053045
1465,3,4,7,0.053045
1465,3,5,7,0.053045
1465,3,6,7,0.053045
1465,3,7,9,0.058351
1465,3,8,9,0.058351
1465,3,9,7,0.053045
1465,3,10,9,0.058351
1465,3,11,16,0.103527
1465,3,12,9,0.058351
1465,3,13,9,0.058351
1465,3,14,9,0.058351
1465,3,15,7,0.053045
1465,3,16,9,0.058351
1466,3,0,11,0.083333
1466,3,1,11,0.083333
1466,3,2,11,0.083333
1466,3,3,11,0.083333
1466,3,4,11,0.083333
1466,3,5,11,0.083333
1466,3,6,11,0.083333
1466,3,7,11,0.083333
1466,3,8,11,0.083333
1466,3,9,11,0.083333
1466,3,10,11,0.083333
1466,3,11,11,0.083333
1467,3,0,7,0.125
1467,3,1,7,0.125
1467,3,2,7,0.125
1467,3,3,7,0.125
1467,3,4,7,0.125
1467,3,5,7,0.125
1467,3,6,7,0.125
1467,3,7,7,0.125
1468,3,0,6,0.091607
1468,3,1,6,0.091607
1468,3,2,4,0.073986
1468,3,3,10,0.154411
1468,3,4,6,0.091607
1468,3,5,4,0.073986
1468,3,6,4,0.073986
1468,3,7,6,0.091607
1468,3,8,6,0.091607
1468,3,9,4,0.073986
1468,3,10,6,0.091607
1469,3,0,10,0.090909
1469,3,1,10,0.090909
1469,3,2,10,0.090909
1469,3,3,10,0.090909
1469,3,4,10,0.090909
1469,3,5,10,0.090909
1469,3,6,10,0.090909
1469,3,7,10,0.090909
1469,3,8,10,0.090909
1469,3,9,10,0.090909
1469,3,10,10,0.090909
1470,3,0,11,0.083333
1470,3,1,11,0.083333
1470,3,2,11,0.083333
1470,3,3,11,0.083333
1470,3,4,11,0.083333
1470,3,5,11,0.083333
1470,3,6,11,0.083333
1470,3,7,11,0.083333
1470,3,8,11,0.083333
1470,3,9,11,0.083333
1470,3,10,11,0.083333
1470,3,11,11,0.083333
1471,3,0,5,0.074085
1471,3,1,6,0.08089
1471,3,2,5,0.074085
1471,3,3,6,0.08089
1471,3,4,5,0.074085
1471,3,5,6,0.08089
1471,3,6,5,0.074085
1471,3,7,6,0.08089
1471,3,8,11,0.144239
1471,3,9,6,0.08089
1471,3,10,6,0.08089
1471,3,11,5,0.074085
1472,3,0,5,0.024432
1472,3,1,6,0.024401
1472,3,2,7,0.028449
1472,3,3,5,0.024432
1472,3,4,5,0.024432
1472,3,5,6,0.024401
1472,3,6,5,0.024432
1472,3,7,8,0.030227
1472,3,8,13,0.047365
1472,3,9,6,0.024401
1472,3,10,5,0.024432
1472,3,11,11,0.040562
1472,3,12,5,0.020746
1472,3,13,7,0.028449
1472,3,14,5,0.020356
1472,3,15,7,0.028449
1472,3,16,10,0.037943
1472,3,17,5,0.024432
1472,3,18,7,0.026738
1472,3,19,8,0.030227
1472,3,20,6,0.024401
1472,3,21,7,0.026738
1472,3,22,5,0.024432
1472,3,23,10,0.03709
1472,3,24,7,0.028449
1472,3,25,7,0.028449
1472,3,26,7,0.028449
1472,3,27,5,0.020746
1472,3,28,5,0.024432
1472,3,29,7,0.028449
1472,3,30,32,0.12019
1472,3,31,5,0.024432
1472,3,32,5,0.024432
1473,3,0,6,0.058614
1473,3,1,5,0.051277
1473,3,2,4,0.042566
1473,3,3,6,0.058614
1473,3,4,11,0.102569
1473,3,5,6,0.058614
1473,3,6,6,0.060464
1473,3,7,6,0.060464
1473,3,8,4,0.048628
1473,3,9,4,0.048628
1473,3,10,4,0.048628
1473,3,11,6,0.058614
1473,3,12,5,0.051277
1473,3,13,4,0.048628
1473,3,14,15,0.1438
1473,3,15,6,0.058614
1474,3,0,8,0.111111
1474,3,1,8,0.111111
1474,3,2,8,0.111111
1474,3,3,8,0.111111
1474,3,4,8,0.111111
1474,3,5,8,0.111111
1474,3,6,8,0.111111
1474,3,7,8,0.111111
1474,3,8,8,0.111111
1475,3,0,7,0.125
1475,3,1,7,0.125
1475,3,2,7,0.125
1475,3,3,7,0.125
1475,3,4,7,0.125
1475,3,5,7,0.125
1475,3,6,7,0.125
1475,3,7,7,0.125
1476,3,0,6,0.194086
1476,3,1,3,0.106611
1476,3,2,4,0.132869
1476,3,3,6,0.194086
1476,3,4,4,0.132869
1476,3,5,3,0.106611
1476,3,6,4,0.132869
1477,3,0,6,0.142857
1477,3,1,6,0.142857
1477,3,2,6,0.142857
1477,3,3,6,0.142857
1477,3,4,6,0.142857
1477,3,5,6,0.142857
1477,3,6,6,0.142857
1478,3,0,9,0.069013
1478,3,1,12,0.089255
1478,3,2,8,0.062807
1478,3,3,9,0.069013
1478,3,4,12,0.089255
1478,3,5,8,0.062807
1478,3,6,12,0.089255
1478,3,7,9,0.069013
1478,3,8,12,0.089255
1478,3,9,8,0.062807
1478,3,10,12,0.089255
1478,3,11,9,0.069013
1478,3,12,12,0.089255
1479,3,0,6,0.142857
1479,3,1,6,0.142857
1479,3,2,6,0.142857
1479,3,3,6,0.142857
1479,3,4,6,0.142857
1479,3,5,6,0.142857
1479,3,6,6,0.142857
1480,3,0,5,0.07764
1480,3,1,5,0.082636
1480,3,2,3,0.055267
1480,3,3,3,0.055267
1480,3,4,5,0.07764
1480,3,5,5,0.07764
1480,3,6,11,0.16862
1480,3,7,3,0.055267
1480,3,8,7,0.10606
1480,3,9,5,0.082636
1480,3,10,3,0.055267
1480,3,11,7,0.10606
1481,3,0,7,0.125
1481,3,1,7,0.125
1481,3,2,7,0.125
1481,3,3,7,0.125
1481,3,4,7,0.125
1481,3,5,7,0.125
1481,3,6,7,0.125
1481,3,7,7,0.125
1482,3,0,10,0.090909
1482,3,1,10,0.090909
1482,3,2,10,0.090909
1482,3,3,10,0.090909
1482,3,4,10,0.090909
1482,3,5,10,0.090909
1482,3,6,10,0.090909
1482,3,7,10,0.090909
1482,3,8,10,0.090909
1482,3,9,10,0.090909
1482,3,10,10,0.090909
1483,3,0,10,0.090909
1483,3,1,10,0.090909
1483,3,2,10,0.090909
1483,3,3,10,0.090909
1483,3,4,10,0.090909
1483,3,5,10,0.090909
1483,3,6,10,0.090909
1483,3,7,10,0.090909
1483,3,8,10,0.090909
1483,3,9,10,0.090909
1483,3,10,10,0.090909
1484,3,0,12,0.062322
1484,3,1,14,0.071491
1484,3,2,12,0.062322
1484,3,3,14,0.071491
1484,3,4,14,0.071491
1484,3,5,14,0.071491
1484,3,6,14,0.071491
1484,3,7,12,0.062322
1484,3,8,12,0.062322
1484,3,9,14,0.071491
1484,3,10,14,0.071491
1484,3,11,14,0.071491
1484,3,12,10,0.053647
1484,3,13,14,0.071491
1484,3,14,10,0.053647
1485,3,0,11,0.083333
1485,3,1,11,0.083333
1485,3,2,11,0.083333
1485,3,3,11,0.083333
1485,3,4,11,0.083333
1485,3,5,11,0.083333
1485,3,6,11,0.083333
1485,3,7,11,0.083333
1485,3,8,11,0.083333
1485,3,9,11,0.083333
1485,3,10,11,0.083333
1485,3,11,11,0.083333
1486,3,0,11,0.083333
1486,3,1,11,0.083333
1486,3,2,11,0.083333
1486,3,3,11,0.083333
1486,3,4,11,0.083333
1486,3,5,11,0.083333
1486,3,6,11,0.083333
1486,3,7,11,0.083333
1486,3,8,11,0.083333
1486,3,9,11,0.083333
1486,3,10,11,0.083333
1486,3,11,11,0.083333
1487,3,0,12,0.109759
1487,3,1,9,0.079867
1487,3,2,9,0.079867
1487,3,3,9,0.079867
1487,3,4,9,0.079867
1487,3,5,9,0.079867
1487,3,6,4,0.047182
1487,3,7,9,0.079867
1487,3,8,12,0.109759
1487,3,9,9,0.079867
1487,3,10,4,0.047182
1487,3,11,4,0.047182
1487,3,12,9,0.079867
1488,3,0,13,0.071429
1488,3,1,13,0.071429
1488,3,2,13,0.071429
1488,3,3,13,0.071429
1488,3,4,13,0.071429
1488,3,5,13,0.071429
1488,3,6,13,0.071429
1488,3,7,13,0.071429
1488,3,8,13,0.071429
1488,3,9,13,0.071429
1488,3,10,13,0.071429
1488,3,11,13,0.071429
1488,3,12,13,0.071429
1488,3,13,13,0.071429
1489,3,0,3,0.041678
1489,3,1,10,0.076383
1489,3,2,3,0.041678
1489,3,3,10,0.076383
1489,3,4,10,0.076383
1489,3,5,3,0.041678
1489,3,6,13,0.111133
1489,3,7,10,0.076383
1489,3,8,10,0.076383
1489,3,9,10,0.076383
1489,3,10,10,0.076383
1489,3,11,10,0.076383
1489,3,12,10,0.076383
1489,3,13,10,0.076383
1490,3,0,7,0.125
1490,3,1,7,0.125
1490,3,2,7,0.125
1490,3,3,7,0.125
1490,3,4,7,0.125
1490,3,5,7,0.125
1490,3,6,7,0.125
1490,3,7,7,0.125
1491,3,0,7,0.09602
1491,3,1,10,0.146646
1491,3,2,3,0.060405
1491,3,3,7,0.09602
1491,3,4,3,0.060405
1491,3,5,7,0.09602
1491,3,6,3,0.060405
1491,3,7,7,0.09602
1491,3,8,7,0.09602
1491,3,9,7,0.09602
1491,3,10,7,0.09602
1492,3,0,12,0.060011
1492,3,1,6,0.032822
1492,3,2,8,0.042183
1492,3,3,8,0.039731
1492,3,4,4,0.023984
1492,3,5,6,0.032822
1492,3,6,10,0.054272
1492,3,7,6,0.032822
1492,3,8,4,0.026221
1492,3,9,10,0.048344
1492,3,10,8,0.039731
1492,3,11,8,0.039731
1492,3,12,8,0.042183
1492,3,13,23,0.111518
1492,3,14,4,0.026221
1492,3,15,8,0.039731
1492,3,16,4,0.026221
1492,3,17,6,0.032355
1492,3,18,12,0.060011
1492,3,19,7,0.037069
1492,3,20,8,0.039731
1492,3,21,8,0.039731
1492,3,22,8,0.039731
1492,3,23,6,0.032822
1493,3,0,6,0.142857
1493,3,1,6,0.142857
1493,3,2,6,0.142857
1493,3,3,6,0.142857
1493,3,4,6,0.142857
1493,3,5,6,0.142857
1493,3,6,6,0.142857
1494,3,0,10,0.090909
1494,3,1,10,0.090909
1494,3,2,10,0.090909
1494,3,3,10,0.090909
1494,3,4,10,0.090909
1494,3,5,10,0.090909
1494,3,6,10,0.090909
1494,3,7,10,0.090909
1494,3,8,10,0.090909
1494,3,9,10,0.090909
1494,3,10,10,0.090909
1495,3,0,5,0.08431
1495,3,1,5,0.08431
1495,3,2,10,0.156899
1495,3,3,5,0.08431
1495,3,4,5,0.08431
1495,3,5,5,0.08431
1495,3,6,5,0.08431
1495,3,7,5,0.08431
1495,3,8,5,0.08431
1495,3,9,5,0.08431
1495,3,10,5,0.08431
1496,3,0,10,0.090909
1496,3,1,10,0.090909
1496,3,2,10,0.090909
1496,3,3,10,0.090909
1496,3,4,10,0.090909
1496,3,5,10,0.090909
1496,3,6,10,0.090909
1496,3,7,10,0.090909
1496,3,8,10,0.090909
1496,3,9,10,0.090909
1496,3,10,10,0.090909
1497,3,0,9,0.053919
1497,3,1,9,0.053919
1497,3,2,6,0.040823
1497,3,3,7,0.043089
1497,3,4,7,0.043089
1497,3,5,6,0.037975
1497,3,6,20,0.122092
1497,3,7,4,0.030761
1497,3,8,6,0.040823
1497,3,9,4,0.030761
1497,3,10,7,0.043089
1497,3,11,9,0.053919
1497,3,12,4,0.030761
1497,3,13,9,0.053919
1497,3,14,6,0.040823
1497,3,15,17,0.106309
1497,3,16,4,0.030761
1497,3,17,6,0.040823
1497,3,18,6,0.040823
1497,3,19,4,0.030761
1497,3,20,4,0.030761
1498,3,0,7,0.125
1498,3,1,7,0.125
1498,3,2,7,0.125
1498,3,3,7,0.125
1498,3,4,7,0.125
1498,3,5,7,0.125
1498,3,6,7,0.125
1498,3,7,7,0.125
1499,3,0,19,0.05
1499,3,1,19,0.05
1499,3,2,19,0.05
1499,3,3,19,0.05
1499,3,4,19,0.05
1499,3,5,19,0.05
1499,3,6,19,0.05
1499,3,7,19,0.05
1499,3,8,19,0.05
1499,3,9,19,0.05
1499,3,10,19,0.05
1499,3,11,19,0.05
1499,3,12,19,0.05
1499,3,13,19,0.05
1499,3,14,19,0.05
1499,3,15,19,0.05
1499,3,16,19,0.05
1499,3,17,19,0.05
1499,3,18,19,0.05
1499,3,19,19,0.05
