graph_id,graph_label,node_id,degree,pagerank,node_label
0,1,0,1,0.5,0
0,1,1,1,0.5,1
1,-1,0,1,0.175453,2
1,-1,1,2,0.324547,3
1,-1,2,2,0.324547,2
1,-1,3,1,0.175453,4
2,1,0,3,0.032337,5
2,1,1,1,0.012087,2
2,1,2,1,0.012087,2
2,1,3,2,0.020165,5
2,1,4,3,0.028648,5
2,1,5,2,0.019113,5
2,1,6,3,0.028383,5
2,1,7,1,0.011034,2
2,1,8,2,0.018497,2
2,1,9,3,0.026245,5
2,1,10,3,0.028375,5
2,1,11,1,0.01102,5
2,1,12,2,0.020034,5
2,1,13,2,0.02122,5
2,1,14,2,0.022804,5
2,1,15,1,0.012694,5
2,1,16,3,0.02621,5
2,1,17,2,0.018395,5
2,1,18,3,0.028582,5
2,1,19,1,0.011021,5
2,1,20,2,0.019237,5
2,1,21,3,0.029244,5
2,1,22,1,0.011216,2
2,1,23,2,0.019604,5
2,1,24,2,0.019833,5
2,1,25,2,0.019812,5
2,1,26,2,0.01985,5
2,1,27,3,0.029652,5
2,1,28,1,0.011405,2
2,1,29,2,0.020089,5
2,1,30,3,0.030634,5
2,1,31,1,0.011684,2
2,1,32,3,0.03239,5
2,1,33,1,0.012171,5
2,1,34,1,0.012171,3
2,1,35,2,0.018368,2
2,1,36,3,0.02843,5
2,1,37,1,0.010994,2
2,1,38,2,0.019058,5
2,1,39,3,0.028679,5
2,1,40,2,0.020144,5
2,1,41,3,0.032355,5
2,1,42,1,0.01208,2
2,1,43,1,0.01208,2
2,1,44,3,0.031167,5
2,1,45,1,0.011881,2
2,1,46,1,0.011881,2
2,1,47,3,0.031202,5
2,1,48,1,0.011872,2
2,1,49,1,0.011872,2
3,-1,0,3,0.063022,5
3,-1,1,3,0.067846,5
3,-1,2,1,0.026687,2
3,-1,3,2,0.046346,5
3,-1,4,3,0.069514,5
3,-1,5,1,0.02716,2
3,-1,6,2,0.044995,5
3,-1,7,3,0.063077,5
3,-1,8,3,0.065257,5
3,-1,9,1,0.026026,2
3,-1,10,3,0.063077,5
3,-1,11,2,0.044995,5
3,-1,12,3,0.069514,5
3,-1,13,1,0.02716,5
3,-1,14,2,0.046346,5
3,-1,15,3,0.067846,5
3,-1,16,1,0.026687,2
3,-1,17,3,0.063022,5
3,-1,18,3,0.065421,5
3,-1,19,1,0.026,2
4,1,0,3,0.078762,5
4,1,1,2,0.056279,5
4,1,2,2,0.057927,5
4,1,3,2,0.057927,5
4,1,4,2,0.056279,5
4,1,5,3,0.078762,5
4,1,6,3,0.081536,5
4,1,7,1,0.032529,2
4,1,8,3,0.078762,5
4,1,9,2,0.056279,5
4,1,10,2,0.057927,5
4,1,11,2,0.057927,5
4,1,12,2,0.056279,5
4,1,13,3,0.078762,5
4,1,14,3,0.081536,5
4,1,15,1,0.032529,2
5,-1,0,2,0.245542,5
5,-1,1,1,0.134309,6
5,-1,2,3,0.357483,5
5,-1,3,1,0.131333,2
5,-1,4,1,0.131333,2
6,1,0,1,0.008076,2
6,1,1,3,0.020361,5
6,1,2,3,0.019609,5
6,1,3,2,0.013815,3
6,1,4,2,0.013832,3
6,1,5,3,0.020002,5
6,1,6,2,0.013829,5
6,1,7,2,0.013796,5
6,1,8,3,0.019567,5
6,1,9,2,0.013752,5
6,1,10,3,0.020561,5
6,1,11,2,0.015971,2
6,1,12,1,0.009097,5
6,1,13,3,0.019567,5
6,1,14,2,0.013796,5
6,1,15,2,0.013829,5
6,1,16,3,0.020002,5
6,1,17,2,0.013832,3
6,1,18,2,0.013815,3
6,1,19,3,0.019609,5
6,1,20,3,0.020361,5
6,1,21,1,0.008076,2
6,1,22,3,0.019458,5
6,1,23,3,0.020929,5
6,1,24,1,0.008233,3
6,1,25,2,0.014069,5
6,1,26,3,0.020555,5
6,1,27,2,0.013673,5
6,1,28,3,0.019447,5
6,1,29,2,0.013521,5
6,1,30,3,0.019974,5
6,1,31,4,0.030124,7
6,1,32,1,0.008664,2
6,1,33,1,0.008664,2
6,1,34,2,0.016654,2
6,1,35,1,0.009529,4
6,1,36,4,0.0304,7
6,1,37,1,0.008744,2
6,1,38,1,0.008744,2
6,1,39,2,0.016786,2
6,1,40,1,0.009562,4
6,1,41,3,0.020561,5
6,1,42,2,0.015971,2
6,1,43,1,0.009097,5
6,1,44,2,0.013752,5
6,1,45,3,0.019974,5
6,1,46,2,0.013521,5
6,1,47,3,0.019447,5
6,1,48,2,0.013673,5
6,1,49,3,0.020555,5
6,1,50,2,0.014069,5
6,1,51,3,0.020929,5
6,1,52,1,0.008233,3
6,1,53,3,0.019458,5
6,1,54,4,0.0304,7
6,1,55,1,0.008744,2
6,1,56,1,0.008744,2
6,1,57,2,0.016786,2
6,1,58,1,0.009562,4
6,1,59,4,0.030124,7
6,1,60,1,0.008664,2
6,1,61,1,0.008664,2
6,1,62,2,0.016654,2
6,1,63,1,0.009529,4
7,-1,0,2,0.086404,5
7,-1,1,2,0.087486,5
7,-1,2,3,0.131276,5
7,-1,3,1,0.050799,2
7,-1,4,2,0.087486,5
7,-1,5,2,0.086404,5
7,-1,6,3,0.125348,5
7,-1,7,2,0.090313,3
7,-1,8,3,0.144966,5
7,-1,9,1,0.054759,2
7,-1,10,1,0.054759,5
8,-1,0,4,0.097309,7
8,-1,1,1,0.028605,2
8,-1,2,1,0.028605,2
8,-1,3,3,0.074521,3
8,-1,4,2,0.053943,5
8,-1,5,2,0.058817,5
8,-1,6,1,0.03286,5
8,-1,7,2,0.053943,5
8,-1,8,2,0.058817,5
8,-1,9,1,0.03286,5
8,-1,10,3,0.069897,5
8,-1,11,2,0.048479,5
8,-1,12,2,0.049098,5
8,-1,13,3,0.072374,5
8,-1,14,2,0.049098,5
8,-1,15,2,0.048479,5
8,-1,16,3,0.080824,5
8,-1,17,1,0.030736,2
8,-1,18,1,0.030736,2
9,1,0,2,0.057275,3
9,1,1,2,0.057399,3
9,1,2,3,0.083362,5
9,1,3,2,0.058442,5
9,1,4,2,0.059754,5
9,1,5,2,0.060216,5
9,1,6,2,0.059754,5
9,1,7,2,0.058442,5
9,1,8,3,0.083208,5
9,1,9,2,0.058142,5
9,1,10,2,0.059465,5
9,1,11,3,0.08928,5
9,1,12,1,0.034714,3
9,1,13,2,0.059419,3
9,1,14,3,0.087049,5
9,1,15,1,0.03408,3
10,1,0,3,0.0721,5
10,1,1,2,0.050918,5
10,1,2,3,0.078431,5
10,1,3,1,0.030508,8
10,1,4,2,0.052685,5
10,1,5,3,0.078441,5
10,1,6,1,0.03051,8
10,1,7,3,0.076393,5
10,1,8,1,0.030015,8
10,1,9,3,0.0721,5
10,1,10,2,0.050918,5
10,1,11,3,0.078431,5
10,1,12,1,0.030508,8
10,1,13,2,0.052685,5
10,1,14,3,0.078441,5
10,1,15,1,0.03051,8
10,1,16,3,0.076393,5
10,1,17,1,0.030015,8
11,-1,0,3,0.140644,5
11,-1,1,1,0.053448,5
11,-1,2,1,0.053448,5
11,-1,3,3,0.127177,5
11,-1,4,2,0.087082,5
11,-1,5,2,0.087852,5
11,-1,6,3,0.131578,5
11,-1,7,1,0.05088,5
11,-1,8,2,0.087637,5
11,-1,9,3,0.129861,5
11,-1,10,1,0.050393,2
12,1,0,1,0.075627,6
12,1,1,2,0.133653,5
12,1,2,3,0.178982,5
12,1,3,2,0.121622,5
12,1,4,2,0.122696,5
12,1,5,2,0.123104,5
12,1,6,2,0.122696,3
12,1,7,2,0.121622,5
13,-1,0,3,0.061759,5
13,-1,1,1,0.024345,5
13,-1,2,3,0.06331,5
13,-1,3,1,0.024728,6
13,-1,4,3,0.063142,5
13,-1,5,1,0.024737,2
13,-1,6,2,0.041048,2
13,-1,7,3,0.057461,5
13,-1,8,3,0.057871,5
13,-1,9,2,0.040428,5
13,-1,10,2,0.040654,5
13,-1,11,3,0.058536,5
13,-1,12,2,0.039752,5
13,-1,13,2,0.041542,2
13,-1,14,4,0.084965,1
13,-1,15,1,0.02492,7
13,-1,16,2,0.046464,2
13,-1,17,2,0.050576,5
13,-1,18,1,0.028362,5
13,-1,19,2,0.046464,2
13,-1,20,2,0.050576,5
13,-1,21,1,0.028362,5
14,1,0,2,0.062531,5
14,1,1,1,0.035955,5
14,1,2,3,0.079777,3
14,1,3,3,0.077342,5
14,1,4,2,0.055649,5
14,1,5,2,0.057427,5
14,1,6,2,0.057285,5
14,1,7,2,0.055448,5
14,1,8,3,0.07646,5
14,1,9,3,0.076582,5
14,1,10,2,0.055369,5
14,1,11,3,0.086112,5
14,1,12,1,0.033712,3
14,1,13,2,0.057351,5
14,1,14,2,0.055732,5
14,1,15,3,0.077268,5
15,1,0,2,0.087965,5
15,1,1,2,0.088141,5
15,1,2,3,0.131278,5
15,1,3,1,0.050794,3
15,1,4,2,0.086807,5
15,1,5,3,0.127243,5
15,1,6,3,0.129855,5
15,1,7,1,0.050467,2
15,1,8,3,0.140487,3
15,1,9,1,0.053481,2
15,1,10,1,0.053481,2
16,-1,0,1,0.025965,2
16,-1,1,3,0.066377,5
16,-1,2,2,0.045349,5
16,-1,3,2,0.045579,5
16,-1,4,3,0.067728,5
16,-1,5,1,0.026319,6
16,-1,6,2,0.044239,5
16,-1,7,3,0.063313,5
16,-1,8,3,0.065306,5
16,-1,9,1,0.025673,2
16,-1,10,2,0.043494,3
16,-1,11,3,0.062734,5
16,-1,12,2,0.04382,5
16,-1,13,2,0.044233,5
16,-1,14,3,0.065575,5
16,-1,15,2,0.044233,5
16,-1,16,3,0.065727,5
16,-1,17,1,0.025714,6
16,-1,18,3,0.072892,3
16,-1,19,1,0.027864,2
16,-1,20,1,0.027864,2
17,1,0,2,0.065636,3
17,1,1,2,0.065636,3
17,1,2,3,0.095313,5
17,1,3,2,0.066818,5
17,1,4,2,0.068284,5
17,1,5,2,0.068848,5
17,1,6,2,0.068284,5
17,1,7,2,0.066818,5
17,1,8,3,0.095313,5
17,1,9,2,0.066818,5
17,1,10,2,0.068284,5
17,1,11,2,0.068848,5
17,1,12,2,0.068284,5
17,1,13,2,0.066818,5
18,1,0,4,0.135918,1
18,1,1,1,0.039654,2
18,1,2,2,0.071922,2
18,1,3,2,0.075945,5
18,1,4,2,0.081527,5
18,1,5,1,0.045416,6
18,1,6,2,0.071922,2
18,1,7,2,0.075945,5
18,1,8,2,0.081527,5
18,1,9,1,0.045416,6
18,1,10,2,0.071922,2
18,1,11,2,0.075945,5
18,1,12,2,0.081527,5
18,1,13,1,0.045416,6
19,-1,0,4,0.087805,5
19,-1,1,1,0.026128,2
19,-1,2,3,0.06533,5
19,-1,3,2,0.046073,5
19,-1,4,2,0.047294,5
19,-1,5,3,0.071128,5
19,-1,6,1,0.027693,6
19,-1,7,2,0.047294,5
19,-1,8,2,0.046073,5
19,-1,9,3,0.06533,5
19,-1,10,2,0.046073,5
19,-1,11,2,0.047294,5
19,-1,12,3,0.071128,5
19,-1,13,1,0.027693,6
19,-1,14,2,0.047294,5
19,-1,15,2,0.046073,5
19,-1,16,4,0.09865,5
19,-1,17,1,0.028549,6
19,-1,18,1,0.028549,6
19,-1,19,1,0.028549,6
20,1,0,3,0.081031,5
20,1,1,2,0.057388,5
20,1,2,2,0.058829,5
20,1,3,3,0.08872,5
20,1,4,1,0.034468,3
20,1,5,3,0.087922,5
20,1,6,2,0.057307,5
20,1,7,1,0.034334,5
20,1,8,3,0.081031,5
20,1,9,2,0.057388,5
20,1,10,2,0.058829,5
20,1,11,3,0.08872,5
20,1,12,1,0.034468,3
20,1,13,3,0.087922,5
20,1,14,1,0.034334,5
20,1,15,2,0.057307,5
21,1,0,2,0.080762,2
21,1,1,1,0.045826,5
21,1,2,3,0.106584,5
21,1,3,2,0.071772,5
21,1,4,3,0.105735,5
21,1,5,2,0.077731,5
21,1,6,2,0.085062,5
21,1,7,1,0.047733,5
21,1,8,2,0.072416,5
21,1,9,2,0.072569,5
21,1,10,3,0.107044,5
21,1,11,2,0.080835,2
21,1,12,1,0.045929,5
22,-1,0,2,0.168495,5
22,-1,1,1,0.092989,2
22,-1,2,2,0.159826,5
22,-1,3,2,0.15738,5
22,-1,4,2,0.159826,5
22,-1,5,2,0.168495,5
22,-1,6,1,0.092989,2
23,-1,0,1,0.060216,5
23,-1,1,3,0.159738,5
23,-1,2,1,0.060216,3
23,-1,3,2,0.099393,5
23,-1,4,3,0.138416,5
23,-1,5,2,0.095353,5
23,-1,6,2,0.096981,5
23,-1,7,2,0.097353,5
23,-1,8,2,0.096981,5
23,-1,9,2,0.095353,5
24,1,0,2,0.165247,5
24,1,1,2,0.165247,5
24,1,2,2,0.164814,3
24,1,3,3,0.245311,5
24,1,4,2,0.164814,3
24,1,5,1,0.094567,7
25,-1,0,1,0.175453,4
25,-1,1,2,0.324547,3
25,-1,2,2,0.324547,3
25,-1,3,1,0.175453,3
26,1,0,1,0.027402,2
26,1,1,3,0.06873,5
26,1,2,3,0.066379,5
26,1,3,2,0.047389,5
26,1,4,2,0.048806,5
26,1,5,2,0.04875,5
26,1,6,2,0.047448,5
26,1,7,3,0.066282,5
26,1,8,3,0.068845,5
26,1,9,1,0.027366,2
26,1,10,3,0.066369,5
26,1,11,3,0.071465,5
26,1,12,1,0.028099,8
26,1,13,2,0.048823,5
26,1,14,3,0.073308,5
26,1,15,1,0.028619,8
26,1,16,3,0.071291,5
26,1,17,1,0.028138,3
26,1,18,3,0.06649,5
27,1,0,3,0.28207,5
27,1,1,1,0.10494,6
27,1,2,2,0.19753,5
27,1,3,1,0.108965,6
27,1,4,2,0.19753,5
27,1,5,1,0.108965,6
28,1,0,4,0.148876,5
28,1,1,3,0.121036,3
28,1,2,1,0.045873,2
28,1,3,1,0.045873,2
28,1,4,3,0.121036,3
28,1,5,1,0.045873,2
28,1,6,1,0.045873,2
28,1,7,3,0.121036,3
28,1,8,1,0.045873,2
28,1,9,1,0.045873,2
28,1,10,3,0.121036,3
28,1,11,1,0.045873,2
28,1,12,1,0.045873,2
29,1,0,2,0.139756,5
29,1,1,2,0.139756,5
29,1,2,2,0.138711,5
29,1,3,3,0.204104,5
29,1,4,2,0.138711,2
29,1,5,2,0.152698,5
29,1,6,1,0.086263,2
30,-1,0,1,0.027466,6
30,-1,1,3,0.069131,5
30,-1,2,3,0.069131,5
30,-1,3,1,0.027466,6
30,-1,4,4,0.085812,5
30,-1,5,1,0.026185,6
30,-1,6,3,0.059863,5
30,-1,7,3,0.05904,5
30,-1,8,2,0.041365,5
30,-1,9,3,0.05904,5
30,-1,10,3,0.058764,5
30,-1,11,2,0.041173,2
30,-1,12,3,0.058764,5
30,-1,13,3,0.059863,5
30,-1,14,4,0.085812,5
30,-1,15,1,0.026185,6
30,-1,16,4,0.090744,5
30,-1,17,1,0.027097,6
30,-1,18,1,0.027097,6
31,-1,0,2,0.121622,5
31,-1,1,2,0.122696,5
31,-1,2,2,0.123104,5
31,-1,3,2,0.122696,5
31,-1,4,2,0.121622,5
31,-1,5,3,0.178982,5
31,-1,6,2,0.133653,5
31,-1,7,1,0.075627,2
32,-1,0,2,0.096962,5
32,-1,1,2,0.097308,5
32,-1,2,2,0.096962,5
32,-1,3,2,0.095425,5
32,-1,4,3,0.138621,5
32,-1,5,2,0.095425,5
32,-1,6,3,0.150015,5
32,-1,7,1,0.057475,2
32,-1,8,2,0.10998,5
32,-1,9,1,0.061827,6
33,-1,0,2,0.073409,5
33,-1,1,3,0.114297,5
33,-1,2,2,0.084047,5
33,-1,3,1,0.047299,3
33,-1,4,2,0.084047,5
33,-1,5,1,0.047299,3
33,-1,6,3,0.104343,5
33,-1,7,2,0.072477,5
33,-1,8,2,0.073999,5
33,-1,9,2,0.074315,5
33,-1,10,2,0.073886,5
33,-1,11,3,0.108317,5
33,-1,12,1,0.042265,6
34,1,0,2,0.212661,5
34,1,1,1,0.120319,2
34,1,2,3,0.283352,5
34,1,3,2,0.191834,5
34,1,4,2,0.191834,2
35,1,0,3,0.071473,5
35,1,1,2,0.050618,5
35,1,2,2,0.05197,5
35,1,3,3,0.077827,5
35,1,4,1,0.030429,3
35,1,5,3,0.076485,5
35,1,6,2,0.050195,5
35,1,7,2,0.057978,2
35,1,8,1,0.033025,5
35,1,9,3,0.071473,5
35,1,10,2,0.050618,5
35,1,11,2,0.05197,5
35,1,12,3,0.077827,5
35,1,13,1,0.030429,3
35,1,14,3,0.076485,5
35,1,15,2,0.057978,2
35,1,16,1,0.033025,5
35,1,17,2,0.050195,5
36,-1,0,2,0.140309,5
36,-1,1,2,0.140309,5
36,-1,2,3,0.209017,5
36,-1,3,1,0.080694,2
36,-1,4,2,0.139959,2
36,-1,5,3,0.209017,5
36,-1,6,1,0.080694,2
37,-1,0,2,0.141312,5
37,-1,1,2,0.141905,5
37,-1,2,2,0.141963,5
37,-1,3,2,0.141905,5
37,-1,4,2,0.141312,5
37,-1,5,3,0.210559,5
37,-1,6,1,0.081044,5
38,-1,0,2,0.103895,5
38,-1,1,2,0.103895,5
38,-1,2,2,0.101366,5
38,-1,3,3,0.143002,5
38,-1,4,2,0.100671,5
38,-1,5,2,0.102133,5
38,-1,6,2,0.100671,2
38,-1,7,3,0.143002,5
38,-1,8,2,0.101366,5
39,1,0,2,0.107076,5
39,1,1,2,0.108501,5
39,1,2,2,0.108809,5
39,1,3,2,0.108501,5
39,1,4,2,0.107076,5
39,1,5,3,0.156634,5
39,1,6,3,0.172331,3
39,1,7,1,0.065536,5
39,1,8,1,0.065536,5
40,1,0,1,0.256788,5
40,1,1,2,0.486424,5
40,1,2,1,0.256788,8
41,1,0,3,0.120232,5
41,1,1,2,0.083356,2
41,1,2,3,0.121034,5
41,1,3,2,0.085835,5
41,1,4,2,0.086164,5
41,1,5,3,0.12211,5
41,1,6,2,0.083733,5
41,1,7,3,0.123593,5
41,1,8,2,0.086972,5
41,1,9,2,0.086972,2
42,1,0,4,0.271062,5
42,1,1,1,0.076313,6
42,1,2,1,0.076313,6
42,1,3,1,0.076313,6
42,1,4,4,0.271062,5
42,1,5,1,0.076313,6
42,1,6,1,0.076313,6
42,1,7,1,0.076313,6
43,1,0,2,0.060416,5
43,1,1,1,0.034462,5
43,1,2,3,0.078432,3
43,1,3,2,0.05358,5
43,1,4,3,0.079252,5
43,1,5,3,0.089384,5
43,1,6,1,0.034109,2
43,1,7,1,0.034109,2
43,1,8,3,0.079239,5
43,1,9,1,0.031235,2
43,1,10,3,0.07515,5
43,1,11,2,0.053446,5
43,1,12,2,0.054713,5
43,1,13,3,0.082065,5
43,1,14,1,0.032037,5
43,1,15,2,0.053276,3
43,1,16,3,0.075097,5
44,1,0,2,0.122949,5
44,1,1,2,0.122949,5
44,1,2,3,0.183423,5
44,1,3,1,0.070679,2
44,1,4,2,0.122949,5
44,1,5,2,0.122949,5
44,1,6,3,0.183423,5
44,1,7,1,0.070679,2
45,1,0,1,0.131333,5
45,1,1,3,0.357483,5
45,1,2,1,0.131333,6
45,1,3,2,0.245542,5
45,1,4,1,0.134309,5
46,1,0,2,0.133653,5
46,1,1,1,0.075627,5
46,1,2,3,0.178982,5
46,1,3,2,0.121622,5
46,1,4,2,0.122696,5
46,1,5,2,0.123104,5
46,1,6,2,0.122696,5
46,1,7,2,0.121622,5
47,1,0,4,0.065019,5
47,1,1,2,0.035433,2
47,1,2,3,0.054391,5
47,1,3,1,0.021647,2
47,1,4,3,0.051681,5
47,1,5,3,0.050269,5
47,1,6,2,0.036688,5
47,1,7,2,0.03808,5
47,1,8,2,0.038216,5
47,1,9,2,0.037139,5
47,1,10,3,0.051792,5
47,1,11,2,0.037471,5
47,1,12,2,0.038713,5
47,1,13,3,0.058723,5
47,1,14,1,0.022835,2
47,1,15,2,0.038713,5
47,1,16,2,0.037471,5
47,1,17,3,0.051792,5
47,1,18,2,0.037471,5
47,1,19,2,0.038713,5
47,1,20,3,0.058723,5
47,1,21,1,0.022835,2
47,1,22,2,0.038713,5
47,1,23,2,0.037471,5
48,-1,0,3,0.110117,5
48,-1,1,1,0.042784,5
48,-1,2,2,0.074029,5
48,-1,3,3,0.110117,5
48,-1,4,1,0.042784,5
48,-1,5,2,0.07267,5
48,-1,6,3,0.105348,5
48,-1,7,2,0.07267,5
48,-1,8,4,0.151311,7
48,-1,9,1,0.043662,2
48,-1,10,1,0.043662,2
48,-1,11,2,0.083707,2
48,-1,12,1,0.04714,4
49,1,0,3,0.172331,5
49,1,1,1,0.065536,5
49,1,2,1,0.065536,2
49,1,3,3,0.156634,5
49,1,4,2,0.107076,5
49,1,5,2,0.108501,5
49,1,6,2,0.108809,5
49,1,7,2,0.108501,5
49,1,8,2,0.107076,5
50,1,0,2,0.042828,5
50,1,1,2,0.044153,5
50,1,2,2,0.043992,5
50,1,3,2,0.042812,5
50,1,4,3,0.059507,5
50,1,5,3,0.060117,5
50,1,6,2,0.041741,5
50,1,7,2,0.041602,5
50,1,8,3,0.058614,5
50,1,9,2,0.040721,3
50,1,10,3,0.058725,5
50,1,11,3,0.061523,5
50,1,12,1,0.024604,2
50,1,13,3,0.059681,5
50,1,14,2,0.042754,5
50,1,15,2,0.044032,5
50,1,16,2,0.044032,5
50,1,17,2,0.042754,5
50,1,18,3,0.059681,5
50,1,19,3,0.061523,5
50,1,20,1,0.024604,2
51,-1,0,1,0.173397,5
51,-1,1,3,0.47981,3
51,-1,2,1,0.173397,2
51,-1,3,1,0.173397,2
52,1,0,2,0.122949,5
52,1,1,2,0.122949,5
52,1,2,3,0.183423,5
52,1,3,1,0.070679,6
52,1,4,2,0.122949,5
52,1,5,2,0.122949,5
52,1,6,3,0.183423,5
52,1,7,1,0.070679,3
53,1,0,3,0.47981,5
53,1,1,1,0.173397,8
53,1,2,1,0.173397,8
53,1,3,1,0.173397,8
54,-1,0,3,0.161721,5
54,-1,1,1,0.062529,6
54,-1,2,2,0.108545,5
54,-1,3,3,0.16226,5
54,-1,4,1,0.062682,6
54,-1,5,2,0.108959,5
54,-1,6,2,0.108789,5
54,-1,7,3,0.161992,5
54,-1,8,1,0.062523,2
55,-1,0,3,0.234336,5
55,-1,1,1,0.087774,2
55,-1,2,2,0.16592,5
55,-1,3,1,0.091994,5
55,-1,4,2,0.159141,3
55,-1,5,2,0.168039,5
55,-1,6,1,0.092796,2
56,1,0,2,0.040859,5
56,1,1,2,0.040842,5
56,1,2,2,0.040013,5
56,1,3,3,0.056741,5
56,1,4,3,0.061099,5
56,1,5,1,0.023779,2
56,1,6,2,0.042653,2
56,1,7,2,0.044614,5
56,1,8,2,0.046567,5
56,1,9,2,0.050065,5
56,1,10,1,0.027693,5
56,1,11,3,0.056497,5
56,1,12,2,0.03985,5
56,1,13,3,0.059624,5
56,1,14,1,0.02343,2
56,1,15,2,0.040542,2
56,1,16,2,0.040231,5
56,1,17,3,0.058266,5
56,1,18,2,0.040704,5
56,1,19,2,0.041664,5
56,1,20,2,0.0419,5
56,1,21,2,0.041664,5
56,1,22,2,0.040704,5
57,-1,0,3,0.119571,5
57,-1,1,1,0.046337,5
57,-1,2,2,0.080174,2
57,-1,3,3,0.119571,5
57,-1,4,1,0.046337,5
57,-1,5,2,0.078791,2
57,-1,6,3,0.114691,5
57,-1,7,2,0.078791,5
57,-1,8,2,0.082574,2
57,-1,9,3,0.132923,5
57,-1,10,1,0.050119,5
57,-1,11,1,0.050119,2
58,1,0,4,0.065124,7
58,1,1,1,0.019161,2
58,1,2,1,0.019161,2
58,1,3,2,0.032624,3
58,1,4,3,0.047644,5
58,1,5,2,0.033312,5
58,1,6,2,0.03418,5
58,1,7,2,0.034339,5
58,1,8,2,0.03418,5
58,1,9,2,0.033312,3
58,1,10,3,0.046545,5
58,1,11,2,0.032298,5
58,1,12,2,0.032199,5
58,1,13,3,0.04653,5
58,1,14,2,0.032199,5
58,1,15,2,0.032298,5
58,1,16,2,0.032239,3
58,1,17,2,0.032396,3
58,1,18,3,0.046819,5
58,1,19,2,0.032919,5
58,1,20,2,0.033461,5
58,1,21,3,0.050082,5
58,1,22,1,0.019508,2
58,1,23,3,0.048726,5
58,1,24,2,0.032505,5
58,1,25,3,0.054641,5
58,1,26,1,0.020798,2
58,1,27,1,0.020798,2
59,-1,0,1,0.031644,2
59,-1,1,4,0.10721,7
59,-1,2,1,0.031644,2
59,-1,3,2,0.055022,3
59,-1,4,2,0.054914,5
59,-1,5,2,0.05361,3
59,-1,6,3,0.075422,5
59,-1,7,2,0.053106,5
59,-1,8,3,0.080587,5
59,-1,9,1,0.031697,6
59,-1,10,3,0.078961,5
59,-1,11,2,0.052478,5
59,-1,12,3,0.075396,5
59,-1,13,4,0.117077,7
59,-1,14,1,0.033744,3
59,-1,15,1,0.033744,2
59,-1,16,1,0.033744,2
60,-1,0,4,0.168404,5
60,-1,1,1,0.048244,5
60,-1,2,1,0.048244,5
60,-1,3,1,0.048244,5
60,-1,4,3,0.115467,5
60,-1,5,2,0.079265,5
60,-1,6,3,0.119896,5
60,-1,7,1,0.046509,2
60,-1,8,2,0.080688,5
60,-1,9,2,0.080328,5
60,-1,10,3,0.118636,5
60,-1,11,1,0.046074,2
61,1,0,2,0.062622,2
61,1,1,1,0.036027,5
61,1,2,3,0.08011,5
61,1,3,3,0.077501,5
61,1,4,2,0.055325,2
61,1,5,2,0.056391,5
61,1,6,2,0.055306,5
61,1,7,3,0.077603,5
61,1,8,2,0.053401,5
61,1,9,3,0.078012,5
61,1,10,2,0.05591,5
61,1,11,2,0.057702,5
61,1,12,3,0.086355,5
61,1,13,1,0.033894,2
61,1,14,2,0.055993,2
61,1,15,3,0.077848,5
62,1,0,1,0.018989,6
62,1,1,3,0.047919,5
62,1,2,2,0.032093,5
62,1,3,3,0.046099,5
62,1,4,3,0.048781,5
62,1,5,1,0.019151,2
62,1,6,2,0.032941,3
62,1,7,3,0.048684,5
62,1,8,2,0.032618,5
62,1,9,3,0.047576,5
62,1,10,2,0.033329,5
62,1,11,2,0.034146,5
62,1,12,2,0.034359,5
62,1,13,2,0.034146,5
62,1,14,2,0.033329,5
62,1,15,3,0.054522,5
62,1,16,1,0.0208,2
62,1,17,1,0.0208,2
62,1,18,3,0.047327,5
62,1,19,1,0.018715,2
62,1,20,3,0.045341,5
62,1,21,3,0.048727,5
62,1,22,1,0.019098,2
62,1,23,2,0.033168,2
62,1,24,3,0.049904,5
62,1,25,1,0.019428,5
62,1,26,2,0.032314,5
62,1,27,3,0.045695,5
63,1,0,1,0.04141,5
63,1,1,3,0.105549,5
63,1,2,2,0.071838,5
63,1,3,4,0.143354,5
63,1,4,1,0.041967,5
63,1,5,1,0.041967,5
63,1,6,2,0.070125,3
63,1,7,3,0.099502,5
63,1,8,2,0.070305,5
63,1,9,2,0.0721,5
63,1,10,2,0.072032,5
63,1,11,2,0.070399,5
63,1,12,3,0.099453,5
64,-1,0,3,0.052,5
64,-1,1,3,0.054339,5
64,-1,2,2,0.039208,5
64,-1,3,2,0.040167,5
64,-1,4,3,0.058585,5
64,-1,5,2,0.04583,2
64,-1,6,1,0.026242,5
64,-1,7,3,0.054149,5
64,-1,8,2,0.037465,2
64,-1,9,3,0.054027,5
64,-1,10,3,0.059368,5
64,-1,11,1,0.023601,2
64,-1,12,2,0.040182,5
64,-1,13,2,0.039103,5
64,-1,14,3,0.053432,5
64,-1,15,3,0.054889,5
64,-1,16,2,0.03771,5
64,-1,17,3,0.059421,3
64,-1,18,1,0.023667,5
64,-1,19,2,0.039958,5
64,-1,20,2,0.038289,5
64,-1,21,4,0.068369,5
65,1,0,3,0.287192,5
65,1,1,1,0.106404,9
65,1,2,1,0.106404,9
65,1,3,3,0.287192,5
65,1,4,1,0.106404,9
65,1,5,1,0.106404,9
66,1,0,4,0.227354,5
66,1,1,2,0.123823,5
66,1,2,1,0.069338,8
66,1,3,2,0.123823,5
66,1,4,1,0.069338,8
66,1,5,2,0.123823,5
66,1,6,1,0.069338,2
66,1,7,2,0.123823,5
66,1,8,1,0.069338,2
67,-1,0,1,0.033826,5
67,-1,1,2,0.060941,5
67,-1,2,2,0.057303,5
67,-1,3,2,0.055185,5
67,-1,4,2,0.054073,5
67,-1,5,2,0.053394,5
67,-1,6,2,0.053025,5
67,-1,7,2,0.052797,5
67,-1,8,2,0.05258,5
67,-1,9,2,0.052445,5
67,-1,10,2,0.052094,5
67,-1,11,2,0.051756,5
67,-1,12,3,0.07629,3
67,-1,13,2,0.054807,5
67,-1,14,2,0.05921,5
67,-1,15,1,0.033128,2
67,-1,16,2,0.054807,5
67,-1,17,2,0.05921,5
67,-1,18,1,0.033128,2
68,-1,0,2,0.041881,5
68,-1,1,2,0.041997,5
68,-1,2,2,0.042326,5
68,-1,3,2,0.042779,5
68,-1,4,2,0.043747,5
68,-1,5,2,0.045312,5
68,-1,6,2,0.048311,5
68,-1,7,1,0.026749,5
68,-1,8,2,0.041753,5
68,-1,9,2,0.04174,5
68,-1,10,2,0.041671,5
68,-1,11,2,0.041695,5
68,-1,12,2,0.041625,5
68,-1,13,2,0.041666,5
68,-1,14,2,0.041558,5
68,-1,15,2,0.041593,5
68,-1,16,2,0.041389,5
68,-1,17,3,0.062,5
68,-1,18,1,0.023758,2
68,-1,19,3,0.062784,3
68,-1,20,2,0.046069,5
68,-1,21,1,0.025763,5
68,-1,22,2,0.046069,5
68,-1,23,1,0.025763,5
69,-1,0,2,0.028978,5
69,-1,1,2,0.028963,5
69,-1,2,3,0.04233,5
69,-1,3,1,0.016664,2
69,-1,4,3,0.039235,5
69,-1,5,3,0.040479,5
69,-1,6,1,0.016133,2
69,-1,7,3,0.038437,5
69,-1,8,3,0.040504,5
69,-1,9,1,0.016127,2
69,-1,10,4,0.052274,5
69,-1,11,1,0.01584,2
69,-1,12,3,0.041809,5
69,-1,13,1,0.016481,2
69,-1,14,3,0.041819,5
69,-1,15,3,0.04743,5
69,-1,16,1,0.018063,3
69,-1,17,1,0.018063,2
69,-1,18,3,0.042419,5
69,-1,19,1,0.016649,2
69,-1,20,3,0.040802,5
69,-1,21,3,0.046862,3
69,-1,22,1,0.017908,5
69,-1,23,1,0.017908,5
69,-1,24,3,0.038748,5
69,-1,25,2,0.026485,5
69,-1,26,3,0.038446,5
69,-1,27,4,0.054231,5
69,-1,28,1,0.016234,5
69,-1,29,1,0.016234,2
69,-1,30,3,0.039335,5
69,-1,31,2,0.028112,5
70,-1,0,2,0.121622,5
70,-1,1,2,0.122696,5
70,-1,2,2,0.123104,5
70,-1,3,2,0.122696,5
70,-1,4,2,0.121622,5
70,-1,5,3,0.178982,5
70,-1,6,2,0.133653,5
70,-1,7,1,0.075627,2
71,1,0,4,0.183511,1
71,1,1,1,0.052594,2
71,1,2,2,0.100478,2
71,1,3,1,0.056376,5
71,1,4,2,0.100478,2
71,1,5,1,0.056376,5
71,1,6,2,0.093199,2
71,1,7,2,0.095652,5
71,1,8,3,0.149335,5
71,1,9,1,0.056,6
71,1,10,1,0.056,6
72,1,0,2,0.05357,3
72,1,1,2,0.05341,5
72,1,2,3,0.077018,5
72,1,3,2,0.053752,5
72,1,4,2,0.054264,5
72,1,5,3,0.080079,5
72,1,6,2,0.05326,2
72,1,7,3,0.089518,3
72,1,8,1,0.034292,2
72,1,9,1,0.034292,2
72,1,10,3,0.077833,3
72,1,11,2,0.054406,5
72,1,12,3,0.082946,5
72,1,13,1,0.032358,2
72,1,14,2,0.055492,3
72,1,15,3,0.081554,5
72,1,16,1,0.031957,2
73,-1,0,1,0.080861,5
73,-1,1,2,0.146291,5
73,-1,2,2,0.13811,5
73,-1,3,2,0.134738,5
73,-1,4,2,0.134738,2
73,-1,5,2,0.13811,5
73,-1,6,2,0.146291,5
73,-1,7,1,0.080861,2
74,1,0,3,0.120111,5
74,1,1,1,0.046556,6
74,1,2,3,0.120111,5
74,1,3,1,0.046556,2
74,1,4,3,0.120111,5
74,1,5,1,0.046556,6
74,1,6,3,0.120111,5
74,1,7,1,0.046556,6
74,1,8,3,0.120111,5
74,1,9,1,0.046556,6
74,1,10,3,0.120111,5
74,1,11,1,0.046556,6
75,1,0,2,0.152698,5
75,1,1,1,0.086263,2
75,1,2,3,0.204104,5
75,1,3,2,0.138711,5
75,1,4,2,0.139756,5
75,1,5,2,0.139756,5
75,1,6,2,0.138711,2
76,1,0,1,0.173397,5
76,1,1,3,0.47981,5
76,1,2,1,0.173397,5
76,1,3,1,0.173397,5
77,-1,0,3,0.10608,5
77,-1,1,1,0.040019,2
77,-1,2,1,0.040019,2
77,-1,3,4,0.131454,5
77,-1,4,1,0.037973,5
77,-1,5,1,0.037973,3
77,-1,6,2,0.063523,5
77,-1,7,3,0.090035,5
77,-1,8,2,0.062613,5
77,-1,9,2,0.063581,5
77,-1,10,3,0.095481,5
77,-1,11,1,0.037011,2
77,-1,12,3,0.094856,5
77,-1,13,1,0.036917,2
77,-1,14,2,0.062467,5
78,1,0,1,0.131333,5
78,1,1,3,0.357483,5
78,1,2,1,0.131333,5
78,1,3,2,0.245542,5
78,1,4,1,0.134309,5
79,1,0,3,0.145091,5
79,1,1,1,0.056068,5
79,1,2,2,0.096834,5
79,1,3,2,0.096019,5
79,1,4,3,0.140404,5
79,1,5,2,0.096019,5
79,1,6,2,0.096834,5
79,1,7,3,0.154988,5
79,1,8,1,0.058872,5
79,1,9,1,0.058872,5
80,-1,0,3,0.0687,5
80,-1,1,3,0.068621,5
80,-1,2,2,0.048411,5
80,-1,3,2,0.049724,5
80,-1,4,3,0.074854,5
80,-1,5,1,0.029121,6
80,-1,6,2,0.049724,5
80,-1,7,2,0.048411,5
80,-1,8,3,0.068621,5
80,-1,9,2,0.048411,5
80,-1,10,2,0.049724,5
80,-1,11,3,0.074854,5
80,-1,12,1,0.029121,6
80,-1,13,2,0.049724,5
80,-1,14,2,0.048411,5
80,-1,15,4,0.103902,5
80,-1,16,1,0.029889,6
80,-1,17,1,0.029889,6
80,-1,18,1,0.029889,6
81,-1,0,1,0.03201,6
81,-1,1,3,0.083206,5
81,-1,2,1,0.03201,6
81,-1,3,3,0.073135,5
81,-1,4,3,0.072557,5
81,-1,5,2,0.051194,5
81,-1,6,2,0.052537,5
81,-1,7,3,0.079035,5
81,-1,8,1,0.030766,6
81,-1,9,2,0.052537,5
81,-1,10,2,0.051194,5
81,-1,11,3,0.072557,5
81,-1,12,2,0.051194,5
81,-1,13,2,0.052537,5
81,-1,14,3,0.079035,5
81,-1,15,1,0.030766,6
81,-1,16,2,0.052537,5
81,-1,17,2,0.051194,5
82,1,0,2,0.166667,5
82,1,1,2,0.166667,5
82,1,2,2,0.166667,3
82,1,3,2,0.166667,5
82,1,4,2,0.166667,5
82,1,5,2,0.166667,5
83,-1,0,2,0.051797,3
83,-1,1,3,0.077185,5
83,-1,2,2,0.054392,5
83,-1,3,2,0.055947,5
83,-1,4,2,0.056298,5
83,-1,5,2,0.055947,5
83,-1,6,2,0.054392,5
83,-1,7,3,0.074733,5
83,-1,8,2,0.052096,5
83,-1,9,2,0.05214,5
83,-1,10,3,0.074531,5
83,-1,11,2,0.053191,5
83,-1,12,2,0.05458,5
83,-1,13,2,0.054598,5
83,-1,14,2,0.052999,5
83,-1,15,3,0.074209,5
83,-1,16,2,0.050964,5
84,1,0,1,0.054129,7
84,1,1,3,0.137828,5
84,1,2,2,0.09061,3
84,1,3,3,0.128691,5
84,1,4,2,0.091223,5
84,1,5,2,0.093497,5
84,1,6,2,0.093497,5
84,1,7,2,0.091223,5
84,1,8,3,0.128691,5
84,1,9,2,0.09061,7
85,-1,0,2,0.030619,5
85,-1,1,2,0.030915,5
85,-1,2,2,0.030619,5
85,-1,3,2,0.029862,5
85,-1,4,3,0.042217,5
85,-1,5,2,0.029862,5
85,-1,6,2,0.02839,3
85,-1,7,3,0.040763,5
85,-1,8,2,0.028544,5
85,-1,9,2,0.028556,5
85,-1,10,3,0.040913,5
85,-1,11,2,0.028167,3
85,-1,12,3,0.041242,5
85,-1,13,2,0.029208,5
85,-1,14,2,0.029595,5
85,-1,15,3,0.04398,5
85,-1,16,2,0.029334,5
85,-1,17,3,0.042906,5
85,-1,18,3,0.048507,3
85,-1,19,1,0.018645,2
85,-1,20,1,0.018645,2
85,-1,21,3,0.04908,3
85,-1,22,1,0.018813,2
85,-1,23,1,0.018813,2
85,-1,24,2,0.028194,5
85,-1,25,3,0.041566,5
85,-1,26,4,0.061848,7
85,-1,27,1,0.01801,2
85,-1,28,1,0.01801,2
85,-1,29,2,0.034645,2
85,-1,30,1,0.019531,4
86,1,0,1,0.053508,2
86,1,1,3,0.14058,3
86,1,2,1,0.053508,2
86,1,3,3,0.127415,5
86,1,4,2,0.086989,5
86,1,5,2,0.087834,5
86,1,6,3,0.131121,5
86,1,7,1,0.050825,3
86,1,8,3,0.130827,5
86,1,9,1,0.050666,2
86,1,10,2,0.086728,5
87,1,0,2,0.190881,5
87,1,1,2,0.199339,2
87,1,2,1,0.10978,4
87,1,3,2,0.190881,5
87,1,4,2,0.199339,5
87,1,5,1,0.10978,2
88,-1,0,2,0.068349,5
88,-1,1,2,0.070982,5
88,-1,2,2,0.073641,5
88,-1,3,2,0.0769,5
88,-1,4,2,0.082265,5
88,-1,5,1,0.045641,5
88,-1,6,3,0.096661,5
88,-1,7,2,0.067195,5
88,-1,8,2,0.068258,5
88,-1,9,3,0.102602,5
88,-1,10,1,0.039742,2
88,-1,11,2,0.068164,5
88,-1,12,3,0.100464,5
88,-1,13,1,0.039137,2
89,-1,0,3,0.357483,5
89,-1,1,1,0.131333,5
89,-1,2,1,0.131333,5
89,-1,3,2,0.245542,5
89,-1,4,1,0.134309,2
90,-1,0,1,0.041319,2
90,-1,1,3,0.105284,5
90,-1,2,3,0.107553,3
90,-1,3,1,0.042051,5
90,-1,4,3,0.107553,5
90,-1,5,1,0.042051,2
90,-1,6,3,0.105284,3
90,-1,7,1,0.041319,5
90,-1,8,3,0.098887,5
90,-1,9,3,0.098887,5
90,-1,10,2,0.069607,3
90,-1,11,2,0.070599,5
90,-1,12,2,0.069607,3
91,-1,0,2,0.037188,2
91,-1,1,2,0.037614,5
91,-1,2,3,0.055719,5
91,-1,3,1,0.021804,2
91,-1,4,2,0.035874,3
91,-1,5,3,0.049639,5
91,-1,6,3,0.051463,5
91,-1,7,1,0.020565,2
91,-1,8,3,0.048964,3
91,-1,9,3,0.048833,5
91,-1,10,2,0.035081,7
91,-1,11,4,0.071364,5
91,-1,12,1,0.02124,5
91,-1,13,1,0.02124,5
91,-1,14,3,0.05162,5
91,-1,15,3,0.057838,5
91,-1,16,1,0.022482,2
91,-1,17,2,0.043216,2
91,-1,18,1,0.024266,10
91,-1,19,3,0.053682,5
91,-1,20,2,0.03752,5
91,-1,21,2,0.038329,5
91,-1,22,2,0.038609,5
91,-1,23,2,0.038329,5
91,-1,24,2,0.03752,5
92,1,0,2,0.2,5
92,1,1,2,0.2,5
92,1,2,2,0.2,5
92,1,3,2,0.2,2
92,1,4,2,0.2,5
93,1,0,1,0.053508,2
93,1,1,3,0.14058,3
93,1,2,1,0.053508,2
93,1,3,3,0.127415,5
93,1,4,2,0.086989,5
93,1,5,2,0.087834,5
93,1,6,3,0.131121,5
93,1,7,1,0.050825,2
93,1,8,3,0.130827,5
93,1,9,1,0.050666,3
93,1,10,2,0.086728,5
94,-1,0,2,0.15738,3
94,-1,1,2,0.159826,5
94,-1,2,2,0.168495,5
94,-1,3,1,0.092989,2
94,-1,4,2,0.159826,5
94,-1,5,2,0.168495,5
94,-1,6,1,0.092989,2
95,-1,0,3,0.357483,5
95,-1,1,1,0.131333,5
95,-1,2,1,0.131333,2
95,-1,3,2,0.245542,5
95,-1,4,1,0.134309,6
96,1,0,2,0.085139,5
96,1,1,2,0.085218,5
96,1,2,2,0.083122,5
96,1,3,3,0.117666,5
96,1,4,2,0.083054,5
96,1,5,2,0.085058,5
96,1,6,3,0.127245,5
96,1,7,1,0.049725,2
96,1,8,2,0.083059,2
96,1,9,3,0.117524,5
96,1,10,2,0.08319,5
97,1,0,1,0.049725,2
97,1,1,3,0.127245,5
97,1,2,2,0.085058,5
97,1,3,2,0.083054,5
97,1,4,3,0.117666,5
97,1,5,2,0.083122,5
97,1,6,2,0.085218,5
97,1,7,2,0.085139,5
97,1,8,2,0.08319,5
97,1,9,3,0.117524,5
97,1,10,2,0.083059,2
98,1,0,3,0.357483,5
98,1,1,1,0.131333,3
98,1,2,1,0.131333,2
98,1,3,2,0.245542,2
98,1,4,1,0.134309,5
99,1,0,2,0.212661,5
99,1,1,1,0.120319,5
99,1,2,3,0.283352,5
99,1,3,2,0.191834,5
99,1,4,2,0.191834,2
100,1,0,4,0.310837,1
100,1,1,1,0.087432,5
100,1,2,1,0.087432,2
100,1,3,2,0.165384,2
100,1,4,1,0.091766,5
100,1,5,2,0.165384,2
100,1,6,1,0.091766,5
101,-1,0,2,0.035859,5
101,-1,1,3,0.053327,5
101,-1,2,1,0.020707,2
101,-1,3,2,0.035427,5
101,-1,4,2,0.034545,5
101,-1,5,3,0.049443,5
101,-1,6,2,0.034392,5
101,-1,7,2,0.03505,5
101,-1,8,3,0.052275,5
101,-1,9,1,0.020399,2
101,-1,10,3,0.051463,5
101,-1,11,2,0.03886,2
101,-1,12,1,0.022103,5
101,-1,13,2,0.034078,5
101,-1,14,3,0.053327,5
101,-1,15,1,0.020707,2
101,-1,16,2,0.035427,5
101,-1,17,2,0.034545,5
101,-1,18,3,0.049443,5
101,-1,19,2,0.034392,5
101,-1,20,2,0.03505,5
101,-1,21,3,0.052275,5
101,-1,22,1,0.020399,2
101,-1,23,3,0.051463,5
101,-1,24,2,0.03886,2
101,-1,25,1,0.022103,5
101,-1,26,2,0.034078,5
102,-1,0,2,0.063752,5
102,-1,1,2,0.063282,5
102,-1,2,3,0.092694,5
102,-1,3,1,0.036226,2
102,-1,4,3,0.087861,5
102,-1,5,2,0.061751,5
102,-1,6,3,0.094521,5
102,-1,7,1,0.036819,6
102,-1,8,2,0.059922,5
102,-1,9,3,0.08807,5
102,-1,10,2,0.062017,5
102,-1,11,2,0.063507,5
102,-1,12,2,0.064054,5
102,-1,13,2,0.063507,5
102,-1,14,2,0.062017,5
103,1,0,3,0.47981,5
103,1,1,1,0.173397,8
103,1,2,1,0.173397,6
103,1,3,1,0.173397,6
104,-1,0,2,0.04589,5
104,-1,1,3,0.073444,5
104,-1,2,1,0.028378,5
104,-1,3,3,0.079432,3
104,-1,4,1,0.029921,5
104,-1,5,1,0.029921,5
104,-1,6,3,0.061809,3
104,-1,7,3,0.061419,5
104,-1,8,2,0.044447,5
104,-1,9,2,0.04588,5
104,-1,10,2,0.045994,5
104,-1,11,2,0.044558,5
104,-1,12,3,0.062012,5
104,-1,13,2,0.042586,7
104,-1,14,3,0.062012,5
104,-1,15,2,0.044558,5
104,-1,16,2,0.045994,5
104,-1,17,2,0.04588,5
104,-1,18,2,0.044447,5
104,-1,19,3,0.061419,5
105,-1,0,3,0.119445,5
105,-1,1,1,0.046387,2
105,-1,2,2,0.080495,5
105,-1,3,2,0.080163,5
105,-1,4,2,0.078884,5
105,-1,5,3,0.113885,5
105,-1,6,2,0.078663,5
105,-1,7,3,0.121597,5
105,-1,8,1,0.046983,2
105,-1,9,2,0.087004,5
105,-1,10,2,0.093974,3
105,-1,11,1,0.05252,5
106,-1,0,1,0.089401,5
106,-1,1,3,0.240079,5
106,-1,2,1,0.089401,5
106,-1,3,3,0.234775,5
106,-1,4,1,0.087998,2
106,-1,5,2,0.166292,2
106,-1,6,1,0.092053,5
107,1,0,2,0.245542,5
107,1,1,1,0.134309,6
107,1,2,3,0.357483,5
107,1,3,1,0.131333,5
107,1,4,1,0.131333,5
108,-1,0,2,0.03458,5
108,-1,1,2,0.03458,5
108,-1,2,3,0.049857,5
108,-1,3,2,0.035211,5
108,-1,4,2,0.036067,5
108,-1,5,3,0.054121,5
108,-1,6,1,0.021101,3
108,-1,7,2,0.035523,5
108,-1,8,3,0.050758,5
108,-1,9,4,0.074754,7
108,-1,10,1,0.021568,2
108,-1,11,1,0.021568,2
108,-1,12,2,0.041413,2
108,-1,13,1,0.023479,4
108,-1,14,3,0.049857,5
108,-1,15,2,0.035211,5
108,-1,16,2,0.036067,5
108,-1,17,3,0.054121,5
108,-1,18,1,0.021101,3
108,-1,19,2,0.035523,5
108,-1,20,3,0.050758,5
108,-1,21,4,0.074754,7
108,-1,22,1,0.021568,2
108,-1,23,1,0.021568,2
108,-1,24,2,0.041413,2
108,-1,25,1,0.023479,4
109,1,0,2,0.122949,5
109,1,1,2,0.122949,5
109,1,2,3,0.183423,5
109,1,3,1,0.070679,6
109,1,4,2,0.122949,5
109,1,5,2,0.122949,5
109,1,6,3,0.183423,5
109,1,7,1,0.070679,6
110,1,0,3,0.109643,5
110,1,1,1,0.042642,6
110,1,2,3,0.110339,5
110,1,3,1,0.042763,6
110,1,4,3,0.11037,5
110,1,5,1,0.042848,6
110,1,6,3,0.110339,5
110,1,7,1,0.042763,6
110,1,8,3,0.109643,5
110,1,9,1,0.042642,6
110,1,10,3,0.108393,5
110,1,11,2,0.081429,2
110,1,12,1,0.046185,5
111,1,0,3,0.287192,5
111,1,1,1,0.106404,6
111,1,2,1,0.106404,6
111,1,3,3,0.287192,5
111,1,4,1,0.106404,6
111,1,5,1,0.106404,6
112,-1,0,1,0.134552,6
112,-1,1,2,0.245896,5
112,-1,2,2,0.239104,5
112,-1,3,2,0.245896,5
112,-1,4,1,0.134552,5
113,1,0,2,0.095937,2
113,1,1,1,0.054372,5
113,1,2,3,0.127089,5
113,1,3,2,0.087103,5
113,1,4,2,0.087956,5
113,1,5,2,0.087948,5
113,1,6,2,0.086713,5
113,1,7,3,0.126269,5
113,1,8,3,0.139954,3
113,1,9,1,0.05333,2
113,1,10,1,0.05333,2
114,1,0,4,0.071591,5
114,1,1,1,0.022011,6
114,1,2,4,0.072415,5
114,1,3,1,0.022242,6
114,1,4,4,0.077155,5
114,1,5,1,0.023163,6
114,1,6,1,0.023163,6
114,1,7,4,0.072415,5
114,1,8,1,0.022242,6
114,1,9,4,0.071591,5
114,1,10,1,0.022011,6
114,1,11,4,0.072415,5
114,1,12,1,0.022242,6
114,1,13,4,0.077155,5
114,1,14,1,0.023163,6
114,1,15,1,0.023163,6
114,1,16,4,0.072415,5
114,1,17,1,0.022242,6
114,1,18,4,0.071591,5
114,1,19,1,0.022011,6
114,1,20,4,0.071591,5
114,1,21,1,0.022011,6
115,1,0,2,0.038918,2
115,1,1,3,0.05704,5
115,1,2,3,0.060157,5
115,1,3,1,0.023529,8
115,1,4,3,0.061283,5
115,1,5,1,0.023922,8
115,1,6,3,0.06174,5
115,1,7,1,0.023978,8
115,1,8,3,0.061283,5
115,1,9,1,0.023922,8
115,1,10,3,0.060157,5
115,1,11,1,0.023529,8
115,1,12,3,0.05704,5
115,1,13,3,0.060157,5
115,1,14,1,0.023529,8
115,1,15,3,0.061283,5
115,1,16,1,0.023922,8
115,1,17,3,0.06174,5
115,1,18,1,0.023978,8
115,1,19,3,0.061283,5
115,1,20,1,0.023922,8
115,1,21,3,0.060157,5
115,1,22,1,0.023529,8
116,-1,0,2,0.078745,5
116,-1,1,2,0.080325,5
116,-1,2,2,0.080664,5
116,-1,3,2,0.080325,5
116,-1,4,2,0.078745,5
116,-1,5,3,0.113595,5
116,-1,6,3,0.120417,5
116,-1,7,1,0.0466,2
116,-1,8,3,0.127267,5
116,-1,9,1,0.048619,5
116,-1,10,2,0.092809,3
116,-1,11,1,0.051888,5
117,1,0,2,0.067313,5
117,1,1,1,0.037508,6
117,1,2,2,0.062959,5
117,1,3,3,0.089596,5
117,1,4,1,0.034274,6
117,1,5,2,0.058998,5
117,1,6,3,0.087117,5
117,1,7,1,0.033547,6
117,1,8,2,0.058411,5
117,1,9,2,0.058478,5
117,1,10,3,0.087714,5
117,1,11,1,0.033679,6
117,1,12,2,0.059807,5
117,1,13,3,0.092133,5
117,1,14,1,0.034951,6
117,1,15,2,0.066468,5
117,1,16,1,0.037046,5
118,-1,0,1,0.020316,5
118,-1,1,3,0.05405,5
118,-1,2,1,0.020316,6
118,-1,3,3,0.051228,5
118,-1,4,1,0.019518,6
118,-1,5,2,0.033728,5
118,-1,6,2,0.033393,5
118,-1,7,2,0.033165,5
118,-1,8,3,0.049132,5
118,-1,9,1,0.018955,6
118,-1,10,2,0.033003,5
118,-1,11,2,0.032948,5
118,-1,12,2,0.032971,5
118,-1,13,3,0.048947,5
118,-1,14,1,0.018922,6
118,-1,15,2,0.032967,5
118,-1,16,2,0.032913,5
118,-1,17,2,0.03298,5
118,-1,18,3,0.048974,5
118,-1,19,1,0.018934,6
118,-1,20,2,0.033032,5
118,-1,21,2,0.033036,5
118,-1,22,2,0.033207,5
118,-1,23,3,0.049594,5
118,-1,24,1,0.019109,6
118,-1,25,2,0.033906,5
118,-1,26,2,0.034683,5
118,-1,27,2,0.036202,5
118,-1,28,2,0.038469,5
118,-1,29,1,0.021406,6
119,-1,0,1,0.022965,5
119,-1,1,3,0.056943,3
119,-1,2,3,0.054081,5
119,-1,3,2,0.038088,5
119,-1,4,3,0.056435,5
119,-1,5,2,0.040369,2
119,-1,6,3,0.062272,5
119,-1,7,1,0.024408,2
119,-1,8,3,0.061376,5
119,-1,9,2,0.047088,5
119,-1,10,1,0.026766,2
119,-1,11,3,0.060294,5
119,-1,12,2,0.042231,5
119,-1,13,2,0.043425,5
119,-1,14,2,0.043603,5
119,-1,15,2,0.043425,5
119,-1,16,2,0.042231,5
119,-1,17,2,0.038088,5
119,-1,18,3,0.054081,5
119,-1,19,3,0.052598,5
119,-1,20,2,0.036632,2
119,-1,21,3,0.052598,5
120,1,0,2,0.486424,5
120,1,1,1,0.256788,6
120,1,2,1,0.256788,6
121,-1,0,2,0.078863,5
121,-1,1,2,0.078863,5
121,-1,2,3,0.115992,5
121,-1,3,2,0.078863,5
121,-1,4,2,0.078863,5
121,-1,5,3,0.115992,5
121,-1,6,3,0.128405,5
121,-1,7,1,0.048939,2
121,-1,8,1,0.048939,2
121,-1,9,3,0.128405,3
121,-1,10,1,0.048939,2
121,-1,11,1,0.048939,2
122,1,0,1,0.027135,6
122,1,1,4,0.090631,5
122,1,2,3,0.071134,5
122,1,3,1,0.028055,6
122,1,4,3,0.071134,5
122,1,5,1,0.028055,6
122,1,6,4,0.090631,5
122,1,7,1,0.027135,6
122,1,8,3,0.069028,5
122,1,9,3,0.079009,5
122,1,10,1,0.030202,2
122,1,11,1,0.030202,2
122,1,12,3,0.069028,5
122,1,13,3,0.079009,5
122,1,14,1,0.030202,2
122,1,15,1,0.030202,2
122,1,16,4,0.093603,5
122,1,17,1,0.027802,6
122,1,18,1,0.027802,6
123,1,0,3,0.24106,5
123,1,1,1,0.089679,5
123,1,2,1,0.089679,5
123,1,3,2,0.157712,5
123,1,4,2,0.160193,2
123,1,5,2,0.168561,3
123,1,6,1,0.093116,2
124,-1,0,1,0.023515,5
124,-1,1,3,0.060102,5
124,-1,2,2,0.038678,5
124,-1,3,3,0.053643,5
124,-1,4,3,0.053232,5
124,-1,5,3,0.057585,5
124,-1,6,1,0.022803,2
124,-1,7,2,0.038811,5
124,-1,8,3,0.056619,5
124,-1,9,2,0.04103,5
124,-1,10,2,0.043604,5
124,-1,11,2,0.04607,5
124,-1,12,2,0.049599,5
124,-1,13,1,0.027571,5
124,-1,14,2,0.037796,5
124,-1,15,3,0.054004,5
124,-1,16,2,0.038192,2
124,-1,17,4,0.077364,5
124,-1,18,1,0.022926,5
124,-1,19,1,0.022926,5
124,-1,20,3,0.054685,5
124,-1,21,2,0.039135,5
124,-1,22,2,0.040111,5
125,1,0,3,0.357483,5
125,1,1,1,0.131333,5
125,1,2,1,0.131333,5
125,1,3,2,0.245542,5
125,1,4,1,0.134309,6
126,1,0,3,0.018967,5
126,1,1,3,0.020612,5
126,1,2,1,0.008187,3
126,1,3,2,0.013975,5
126,1,4,3,0.020526,5
126,1,5,2,0.013555,5
126,1,6,3,0.019192,5
126,1,7,2,0.013339,5
126,1,8,3,0.019823,5
126,1,9,3,0.018997,5
126,1,10,3,0.018907,5
126,1,11,2,0.013652,2
126,1,12,2,0.013966,11
126,1,13,2,0.01377,2
126,1,14,3,0.019264,5
126,1,15,2,0.013244,5
126,1,16,3,0.019135,5
126,1,17,2,0.013547,5
126,1,18,2,0.013562,5
126,1,19,3,0.019364,5
126,1,20,2,0.01354,3
126,1,21,2,0.013516,3
126,1,22,3,0.019135,5
126,1,23,2,0.013547,5
126,1,24,2,0.013562,5
126,1,25,3,0.019364,5
126,1,26,2,0.01354,3
126,1,27,2,0.013516,3
126,1,28,3,0.018997,5
126,1,29,3,0.018907,5
126,1,30,2,0.013652,2
126,1,31,2,0.013966,11
126,1,32,2,0.01377,2
126,1,33,3,0.019264,5
126,1,34,2,0.013244,5
126,1,35,3,0.018967,5
126,1,36,3,0.020612,5
126,1,37,1,0.008187,3
126,1,38,2,0.013975,5
126,1,39,3,0.020526,5
126,1,40,2,0.013555,5
126,1,41,3,0.019192,5
126,1,42,2,0.013339,5
126,1,43,3,0.019823,5
126,1,44,4,0.029622,7
126,1,45,1,0.008724,2
126,1,46,1,0.008724,2
126,1,47,2,0.016816,2
126,1,48,1,0.009393,4
126,1,49,4,0.030092,7
126,1,50,1,0.008798,2
126,1,51,1,0.008798,2
126,1,52,2,0.016924,2
126,1,53,1,0.009467,4
126,1,54,4,0.029622,7
126,1,55,1,0.008724,2
126,1,56,1,0.008724,2
126,1,57,2,0.016816,2
126,1,58,1,0.009393,4
126,1,59,4,0.030092,7
126,1,60,1,0.008798,2
126,1,61,1,0.008798,2
126,1,62,2,0.016924,2
126,1,63,1,0.009467,4
127,-1,0,1,0.055379,5
127,-1,1,3,0.147136,5
127,-1,2,1,0.055379,2
127,-1,3,2,0.092971,2
127,-1,4,2,0.088355,5
127,-1,5,3,0.124548,5
127,-1,6,2,0.086184,5
127,-1,7,2,0.08782,5
127,-1,8,2,0.088224,5
127,-1,9,2,0.08782,5
127,-1,10,2,0.086184,5
128,-1,0,1,0.019884,2
128,-1,1,4,0.065952,1
128,-1,2,2,0.034218,2
128,-1,3,3,0.05054,5
128,-1,4,2,0.035633,5
128,-1,5,2,0.036619,5
128,-1,6,2,0.036817,5
128,-1,7,2,0.036609,5
128,-1,8,3,0.053371,5
128,-1,9,1,0.020915,5
128,-1,10,2,0.034218,2
128,-1,11,3,0.05054,5
128,-1,12,2,0.035633,5
128,-1,13,2,0.036619,5
128,-1,14,2,0.036817,5
128,-1,15,2,0.036609,5
128,-1,16,3,0.053371,5
128,-1,17,1,0.020915,5
128,-1,18,2,0.034218,2
128,-1,19,3,0.05054,5
128,-1,20,2,0.035633,5
128,-1,21,2,0.036619,5
128,-1,22,2,0.036817,5
128,-1,23,2,0.036609,5
128,-1,24,3,0.053371,5
128,-1,25,1,0.020915,5
129,-1,0,4,0.079867,5
129,-1,1,1,0.023009,5
129,-1,2,1,0.023009,5
129,-1,3,1,0.023009,5
129,-1,4,3,0.054151,5
129,-1,5,2,0.036,5
129,-1,6,3,0.051989,5
129,-1,7,2,0.035389,7
129,-1,8,3,0.051989,5
129,-1,9,2,0.036,5
129,-1,10,3,0.054151,5
129,-1,11,3,0.055656,5
129,-1,12,1,0.021805,2
129,-1,13,2,0.037382,5
129,-1,14,3,0.05485,5
129,-1,15,1,0.021577,5
129,-1,16,4,0.079867,5
129,-1,17,1,0.023009,5
129,-1,18,1,0.023009,5
129,-1,19,1,0.023009,5
129,-1,20,3,0.05485,5
129,-1,21,1,0.021577,5
129,-1,22,2,0.037382,5
129,-1,23,3,0.055656,5
129,-1,24,1,0.021805,2
130,1,0,1,0.131109,2
130,1,1,4,0.475563,5
130,1,2,1,0.131109,5
130,1,3,1,0.131109,5
130,1,4,1,0.131109,5
131,-1,0,1,0.050477,6
131,-1,1,4,0.173627,5
131,-1,2,1,0.050477,6
131,-1,3,3,0.130546,5
131,-1,4,1,0.050666,6
131,-1,5,3,0.130813,5
131,-1,6,1,0.050684,6
131,-1,7,3,0.130813,5
131,-1,8,1,0.050684,6
131,-1,9,3,0.130546,5
131,-1,10,1,0.050666,6
132,-1,0,4,0.062655,5
132,-1,1,1,0.018376,5
132,-1,2,1,0.018376,5
132,-1,3,2,0.033178,5
132,-1,4,4,0.069288,5
132,-1,5,1,0.019802,5
132,-1,6,1,0.019802,5
132,-1,7,1,0.019802,5
132,-1,8,3,0.044328,5
132,-1,9,2,0.030432,5
132,-1,10,2,0.030488,5
132,-1,11,3,0.044055,5
132,-1,12,2,0.031133,2
132,-1,13,2,0.032031,5
132,-1,14,2,0.032506,5
132,-1,15,2,0.0327,2
132,-1,16,2,0.032619,5
132,-1,17,2,0.032372,5
132,-1,18,4,0.06334,3
132,-1,19,1,0.01849,5
132,-1,20,1,0.01849,5
132,-1,21,2,0.031219,5
132,-1,22,3,0.044807,5
132,-1,23,2,0.031339,5
132,-1,24,2,0.031946,5
132,-1,25,2,0.032221,5
132,-1,26,2,0.031946,5
132,-1,27,2,0.031339,5
132,-1,28,2,0.030488,5
132,-1,29,2,0.030432,5
133,-1,0,3,0.076416,5
133,-1,1,3,0.085667,5
133,-1,2,1,0.033061,2
133,-1,3,2,0.063494,2
133,-1,4,1,0.035844,5
133,-1,5,3,0.076631,5
133,-1,6,2,0.054179,5
133,-1,7,2,0.055795,5
133,-1,8,2,0.05618,5
133,-1,9,2,0.055795,5
133,-1,10,2,0.054179,5
133,-1,11,3,0.076631,5
133,-1,12,2,0.054179,5
133,-1,13,2,0.055795,5
133,-1,14,2,0.05618,5
133,-1,15,2,0.055795,5
133,-1,16,2,0.054179,3
134,1,0,3,0.124873,3
134,1,1,1,0.046961,5
134,1,2,1,0.046961,5
134,1,3,3,0.11868,5
134,1,4,1,0.045123,7
134,1,5,2,0.07831,7
134,1,6,2,0.078185,12
134,1,7,2,0.07831,7
134,1,8,3,0.11868,5
134,1,9,1,0.045123,7
134,1,10,3,0.124873,3
134,1,11,1,0.046961,5
134,1,12,1,0.046961,5
135,-1,0,2,0.040713,5
135,-1,1,3,0.06107,5
135,-1,2,1,0.023787,2
135,-1,3,2,0.039797,5
135,-1,4,3,0.056634,5
135,-1,5,2,0.040202,5
135,-1,6,2,0.04166,5
135,-1,7,2,0.042311,5
135,-1,8,2,0.042712,5
135,-1,9,2,0.042682,5
135,-1,10,3,0.063796,5
135,-1,11,1,0.024564,2
135,-1,12,2,0.042715,5
135,-1,13,2,0.042791,5
135,-1,14,2,0.042459,5
135,-1,15,3,0.062905,5
135,-1,16,1,0.024308,5
135,-1,17,2,0.041332,2
135,-1,18,3,0.060216,5
135,-1,19,1,0.023546,2
135,-1,20,3,0.056481,5
135,-1,21,3,0.059871,5
135,-1,22,1,0.023447,2
136,-1,0,3,0.125991,5
136,-1,1,1,0.048207,2
136,-1,2,3,0.130146,5
136,-1,3,1,0.049332,2
136,-1,4,2,0.093865,5
136,-1,5,1,0.052459,2
136,-1,6,3,0.125991,5
136,-1,7,1,0.048207,2
136,-1,8,3,0.130146,5
136,-1,9,1,0.049332,2
136,-1,10,2,0.093865,5
136,-1,11,1,0.052459,2
137,-1,0,3,0.100168,5
137,-1,1,2,0.070971,5
137,-1,2,2,0.072902,5
137,-1,3,2,0.073572,5
137,-1,4,2,0.072902,5
137,-1,5,2,0.070971,5
137,-1,6,3,0.100266,5
137,-1,7,2,0.070885,5
137,-1,8,2,0.072968,5
137,-1,9,2,0.07348,5
137,-1,10,2,0.072954,5
137,-1,11,3,0.106275,5
137,-1,12,1,0.041687,3
138,1,0,1,0.10978,5
138,1,1,2,0.199339,5
138,1,2,2,0.190881,5
138,1,3,2,0.190881,3
138,1,4,2,0.199339,5
138,1,5,1,0.10978,7
139,1,0,2,0.096962,5
139,1,1,2,0.097308,5
139,1,2,2,0.096962,5
139,1,3,2,0.095425,5
139,1,4,3,0.138621,5
139,1,5,2,0.095425,5
139,1,6,3,0.150015,3
139,1,7,1,0.057475,2
139,1,8,2,0.10998,3
139,1,9,1,0.061827,2
140,1,0,2,0.059799,5
140,1,1,3,0.088012,5
140,1,2,2,0.061748,5
140,1,3,2,0.06326,5
140,1,4,3,0.095092,5
140,1,5,1,0.03698,3
140,1,6,2,0.06326,5
140,1,7,2,0.061748,5
140,1,8,3,0.088012,5
140,1,9,2,0.061748,5
140,1,10,2,0.06326,5
140,1,11,3,0.095092,5
140,1,12,1,0.03698,3
140,1,13,2,0.06326,5
140,1,14,2,0.061748,5
141,-1,0,2,0.058415,5
141,-1,1,2,0.057987,5
141,-1,2,3,0.083808,5
141,-1,3,2,0.057987,5
141,-1,4,2,0.058415,5
141,-1,5,3,0.086307,5
141,-1,6,3,0.095904,3
141,-1,7,1,0.036595,5
141,-1,8,1,0.036595,5
141,-1,9,2,0.059234,3
141,-1,10,2,0.061497,3
141,-1,11,4,0.126509,7
141,-1,12,1,0.036311,2
141,-1,13,1,0.036311,2
141,-1,14,2,0.06934,2
141,-1,15,1,0.038786,4
142,-1,0,1,0.080297,2
142,-1,1,4,0.277247,7
142,-1,2,1,0.080297,2
142,-1,3,2,0.140171,5
142,-1,4,2,0.140908,5
142,-1,5,2,0.140908,5
142,-1,6,2,0.140171,5
143,-1,0,1,0.035347,7
143,-1,1,4,0.122063,1
143,-1,2,2,0.06782,2
143,-1,3,1,0.038166,5
143,-1,4,2,0.06782,2
143,-1,5,1,0.038166,5
143,-1,6,2,0.059127,2
143,-1,7,3,0.083799,5
143,-1,8,2,0.058168,5
143,-1,9,2,0.058761,5
143,-1,10,3,0.087328,5
143,-1,11,2,0.065817,7
143,-1,12,1,0.037387,5
143,-1,13,3,0.087843,5
143,-1,14,1,0.034303,5
143,-1,15,2,0.058084,5
144,-1,0,2,0.056116,3
144,-1,1,3,0.082255,5
144,-1,2,2,0.057833,3
144,-1,3,3,0.088444,5
144,-1,4,1,0.034485,6
144,-1,5,2,0.059595,3
144,-1,6,3,0.088444,5
144,-1,7,1,0.034485,6
144,-1,8,2,0.057833,3
144,-1,9,3,0.082481,5
144,-1,10,2,0.058078,5
144,-1,11,2,0.059514,5
144,-1,12,2,0.059979,5
144,-1,13,2,0.059476,5
144,-1,14,3,0.08698,5
144,-1,15,1,0.034001,6
145,1,0,2,0.106629,2
145,1,1,1,0.060253,5
145,1,2,3,0.142171,5
145,1,3,2,0.096552,5
145,1,4,2,0.097053,5
145,1,5,3,0.144711,5
145,1,6,1,0.056033,3
145,1,7,3,0.14449,5
145,1,8,1,0.055895,5
145,1,9,2,0.096212,5
146,1,0,1,0.062591,3
146,1,1,3,0.162227,5
146,1,2,2,0.108515,3
146,1,3,3,0.162227,5
146,1,4,1,0.062591,3
146,1,5,2,0.108515,3
146,1,6,3,0.162227,5
146,1,7,1,0.062591,3
146,1,8,2,0.108515,3
147,-1,0,2,0.087117,5
147,-1,1,2,0.088215,5
147,-1,2,2,0.088183,5
147,-1,3,3,0.131051,5
147,-1,4,1,0.05073,5
147,-1,5,3,0.12954,5
147,-1,6,1,0.050378,3
147,-1,7,3,0.127294,5
147,-1,8,3,0.140514,3
147,-1,9,1,0.053489,2
147,-1,10,1,0.053489,2
148,-1,0,3,0.117295,5
148,-1,1,1,0.045781,2
148,-1,2,3,0.11862,5
148,-1,3,1,0.046058,2
148,-1,4,3,0.118599,5
148,-1,5,1,0.046136,2
148,-1,6,2,0.078512,2
148,-1,7,3,0.114383,5
148,-1,8,3,0.124198,5
148,-1,9,1,0.047736,2
148,-1,10,2,0.09139,5
148,-1,11,1,0.051291,2
149,-1,0,2,0.073092,5
149,-1,1,2,0.073593,5
149,-1,2,2,0.073092,5
149,-1,3,3,0.106597,5
149,-1,4,3,0.118465,5
149,-1,5,1,0.045067,2
149,-1,6,1,0.045067,2
149,-1,7,3,0.10779,5
149,-1,8,1,0.042042,3
149,-1,9,3,0.106597,5
149,-1,10,3,0.118465,3
149,-1,11,1,0.045067,2
149,-1,12,1,0.045067,2
150,-1,0,1,0.039089,2
150,-1,1,3,0.102484,3
150,-1,2,1,0.039089,2
150,-1,3,3,0.092414,5
150,-1,4,3,0.093959,5
150,-1,5,1,0.036662,6
150,-1,6,3,0.094356,5
150,-1,7,1,0.036698,6
150,-1,8,3,0.093285,5
150,-1,9,2,0.070399,2
150,-1,10,1,0.03989,5
150,-1,11,3,0.094356,5
150,-1,12,1,0.036698,6
150,-1,13,3,0.093959,5
150,-1,14,1,0.036662,6
151,1,0,2,0.033532,5
151,1,1,2,0.033532,5
151,1,2,2,0.032772,5
151,1,3,3,0.046437,5
151,1,4,3,0.049463,5
151,1,5,1,0.019351,2
151,1,6,2,0.033981,2
151,1,7,2,0.034529,5
151,1,8,3,0.051678,5
151,1,9,2,0.03854,5
151,1,10,1,0.02168,5
151,1,11,2,0.036299,5
151,1,12,2,0.038069,5
151,1,13,2,0.040968,5
151,1,14,1,0.022702,5
151,1,15,3,0.046437,5
151,1,16,2,0.032772,5
151,1,17,3,0.049463,5
151,1,18,1,0.019351,2
151,1,19,2,0.033981,2
151,1,20,2,0.034529,5
151,1,21,3,0.051678,5
151,1,22,2,0.03854,5
151,1,23,1,0.02168,5
151,1,24,2,0.036299,5
151,1,25,2,0.038069,5
151,1,26,2,0.040968,5
151,1,27,1,0.022702,5
152,1,0,3,0.126421,3
152,1,1,2,0.092355,5
152,1,2,1,0.051704,5
152,1,3,2,0.092355,5
152,1,4,1,0.051704,5
152,1,5,3,0.12538,5
152,1,6,1,0.048012,7
152,1,7,2,0.085216,7
152,1,8,2,0.087437,5
152,1,9,3,0.136942,5
152,1,10,1,0.051237,5
152,1,11,1,0.051237,6
153,-1,0,3,0.100091,5
153,-1,1,1,0.039036,3
153,-1,2,2,0.066593,5
153,-1,3,3,0.097412,5
153,-1,4,2,0.066668,5
153,-1,5,2,0.066905,5
153,-1,6,3,0.098051,5
153,-1,7,2,0.072119,2
153,-1,8,2,0.078961,5
153,-1,9,1,0.044303,5
153,-1,10,2,0.07043,3
153,-1,11,3,0.113686,5
153,-1,12,1,0.042873,5
153,-1,13,1,0.042873,2
154,-1,0,2,0.108789,5
154,-1,1,2,0.108959,5
154,-1,2,3,0.16226,5
154,-1,3,1,0.062682,3
154,-1,4,2,0.108545,5
154,-1,5,3,0.161721,5
154,-1,6,1,0.062529,6
154,-1,7,3,0.161992,5
154,-1,8,1,0.062523,3
155,1,0,2,0.07276,5
155,1,1,2,0.07248,5
155,1,2,2,0.07236,5
155,1,3,2,0.072764,5
155,1,4,2,0.07346,5
155,1,5,2,0.07504,5
155,1,6,2,0.077738,5
155,1,7,2,0.082811,5
155,1,8,1,0.045879,3
155,1,9,2,0.073738,5
155,1,10,2,0.075287,5
155,1,11,3,0.117683,5
155,1,12,1,0.044,2
155,1,13,1,0.044,2
156,-1,0,3,0.47981,5
156,-1,1,1,0.173397,13
156,-1,2,1,0.173397,13
156,-1,3,1,0.173397,13
157,1,0,1,0.028862,2
157,1,1,3,0.072643,5
157,1,2,3,0.069912,5
157,1,3,2,0.050082,5
157,1,4,2,0.051424,5
157,1,5,2,0.051501,5
157,1,6,2,0.050007,5
157,1,7,3,0.069993,5
157,1,8,3,0.072574,5
157,1,9,1,0.02887,2
157,1,10,3,0.069978,5
157,1,11,2,0.050118,5
157,1,12,2,0.051451,5
157,1,13,3,0.077351,5
157,1,14,1,0.030202,5
157,1,15,3,0.075281,5
157,1,16,1,0.029685,3
157,1,17,3,0.070068,5
158,-1,0,1,0.056074,3
158,-1,1,3,0.14482,5
158,-1,2,3,0.145203,5
158,-1,3,1,0.056099,6
158,-1,4,2,0.097321,5
158,-1,5,3,0.145637,5
158,-1,6,1,0.056222,3
158,-1,7,2,0.097321,5
158,-1,8,3,0.145203,5
158,-1,9,1,0.056099,6
159,1,0,2,0.324547,5
159,1,1,1,0.175453,8
159,1,2,2,0.324547,5
159,1,3,1,0.175453,8
160,1,0,1,0.038226,2
160,1,1,3,0.099411,3
160,1,2,1,0.038226,2
160,1,3,3,0.086816,5
160,1,4,2,0.059398,5
160,1,5,2,0.058556,5
160,1,6,3,0.082027,5
160,1,7,2,0.057859,5
160,1,8,2,0.057876,5
160,1,9,3,0.082147,5
160,1,10,2,0.058792,5
160,1,11,2,0.059907,5
160,1,12,2,0.058796,5
160,1,13,3,0.082096,5
160,1,14,3,0.079866,5
161,-1,0,1,0.070982,2
161,-1,1,3,0.184166,5
161,-1,2,2,0.123794,5
161,-1,3,2,0.124194,5
161,-1,4,2,0.124437,5
161,-1,5,2,0.124437,5
161,-1,6,2,0.124194,5
161,-1,7,2,0.123794,3
162,-1,0,2,0.032923,5
162,-1,1,2,0.033112,5
162,-1,2,2,0.032923,5
162,-1,3,2,0.032076,5
162,-1,4,3,0.045735,5
162,-1,5,2,0.032076,5
162,-1,6,2,0.031118,3
162,-1,7,2,0.030685,3
162,-1,8,3,0.043159,5
162,-1,9,3,0.0463,5
162,-1,10,1,0.018258,2
162,-1,11,2,0.031251,5
162,-1,12,2,0.030655,5
162,-1,13,3,0.042815,5
162,-1,14,2,0.030115,5
162,-1,15,3,0.044942,5
162,-1,16,2,0.03044,5
162,-1,17,3,0.043952,5
162,-1,18,3,0.042095,5
162,-1,19,4,0.066051,7
162,-1,20,1,0.019165,2
162,-1,21,1,0.019165,2
162,-1,22,2,0.036877,2
162,-1,23,1,0.020889,4
162,-1,24,4,0.066616,7
162,-1,25,1,0.019286,2
162,-1,26,1,0.019286,2
162,-1,27,2,0.037066,2
162,-1,28,1,0.020969,4
163,-1,0,1,0.048386,2
163,-1,1,3,0.126446,3
163,-1,2,1,0.048386,2
163,-1,3,3,0.112449,5
163,-1,4,2,0.076177,5
163,-1,5,2,0.075065,5
163,-1,6,3,0.106301,5
163,-1,7,2,0.075053,3
163,-1,8,2,0.076256,5
163,-1,9,2,0.074959,3
163,-1,10,3,0.106161,5
163,-1,11,2,0.074362,5
164,-1,0,2,0.037772,2
164,-1,1,2,0.037797,5
164,-1,2,3,0.056062,5
164,-1,3,2,0.041672,5
164,-1,4,1,0.023426,5
164,-1,5,2,0.039228,5
164,-1,6,2,0.041096,5
164,-1,7,2,0.044158,5
164,-1,8,1,0.024479,5
164,-1,9,3,0.056524,5
164,-1,10,1,0.021754,2
164,-1,11,2,0.037938,5
164,-1,12,2,0.038095,5
164,-1,13,2,0.038095,5
164,-1,14,2,0.037938,5
164,-1,15,3,0.056524,5
164,-1,16,1,0.021754,2
164,-1,17,2,0.037772,2
164,-1,18,2,0.037797,5
164,-1,19,3,0.056062,5
164,-1,20,2,0.041672,5
164,-1,21,1,0.023426,5
164,-1,22,2,0.039228,5
164,-1,23,2,0.041096,5
164,-1,24,2,0.044158,5
164,-1,25,1,0.024479,5
165,-1,0,3,0.078146,5
165,-1,1,2,0.055975,5
165,-1,2,3,0.086587,5
165,-1,3,1,0.033856,6
165,-1,4,2,0.057647,5
165,-1,5,2,0.056068,5
165,-1,6,3,0.078082,5
165,-1,7,2,0.053639,2
165,-1,8,3,0.078146,5
165,-1,9,2,0.055975,5
165,-1,10,3,0.086587,5
165,-1,11,1,0.033856,6
165,-1,12,2,0.057647,5
165,-1,13,2,0.056068,5
165,-1,14,3,0.078082,5
165,-1,15,2,0.053639,2
166,1,0,2,0.047089,3
166,1,1,2,0.047634,3
166,1,2,3,0.069903,5
166,1,3,2,0.048988,5
166,1,4,2,0.050284,5
166,1,5,2,0.050552,5
166,1,6,2,0.050284,5
166,1,7,2,0.048988,5
166,1,8,3,0.066615,5
166,1,9,3,0.071125,5
166,1,10,1,0.028011,2
166,1,11,2,0.048094,5
166,1,12,2,0.047334,5
166,1,13,3,0.066818,5
166,1,14,2,0.04763,5
166,1,15,2,0.048799,5
166,1,16,2,0.048765,5
166,1,17,2,0.047218,5
166,1,18,3,0.065869,5
167,1,0,2,0.038714,3
167,1,1,2,0.038974,3
167,1,2,3,0.056715,5
167,1,3,2,0.039937,5
167,1,4,2,0.040963,5
167,1,5,3,0.06144,5
167,1,6,1,0.023958,5
167,1,7,2,0.040549,5
167,1,8,3,0.058413,5
167,1,9,3,0.066019,3
167,1,10,1,0.025179,2
167,1,11,1,0.025179,2
167,1,12,3,0.054911,5
167,1,13,3,0.058711,5
167,1,14,1,0.02312,2
167,1,15,2,0.039699,5
167,1,16,2,0.039091,5
167,1,17,3,0.05516,5
167,1,18,2,0.039341,5
167,1,19,2,0.040295,5
167,1,20,2,0.040277,5
167,1,21,2,0.03898,5
167,1,22,3,0.054376,5
168,-1,0,2,0.041728,5
168,-1,1,3,0.064424,5
168,-1,2,1,0.025103,5
168,-1,3,3,0.065743,7
168,-1,4,1,0.025414,2
168,-1,5,2,0.044642,5
168,-1,6,2,0.045337,5
168,-1,7,2,0.045794,5
168,-1,8,2,0.046595,5
168,-1,9,2,0.047531,5
168,-1,10,2,0.049499,5
168,-1,11,2,0.052552,5
168,-1,12,1,0.029232,5
168,-1,13,3,0.058577,5
168,-1,14,2,0.0406,5
168,-1,15,2,0.040311,5
168,-1,16,3,0.057477,5
168,-1,17,2,0.040661,2
168,-1,18,2,0.041354,5
168,-1,19,2,0.040609,2
168,-1,20,3,0.05716,5
168,-1,21,2,0.039658,5
169,-1,0,1,0.094567,2
169,-1,1,3,0.245311,5
169,-1,2,2,0.164814,5
169,-1,3,2,0.165247,5
169,-1,4,2,0.165247,5
169,-1,5,2,0.164814,2
170,-1,0,2,0.03905,5
170,-1,1,2,0.03905,5
170,-1,2,2,0.03812,2
170,-1,3,3,0.053944,5
170,-1,4,2,0.038082,7
170,-1,5,4,0.078129,1
170,-1,6,1,0.022807,7
170,-1,7,2,0.042505,2
170,-1,8,2,0.046481,5
170,-1,9,1,0.025948,5
170,-1,10,2,0.042505,2
170,-1,11,2,0.046481,5
170,-1,12,1,0.025948,5
170,-1,13,3,0.053944,5
170,-1,14,2,0.03812,2
170,-1,15,2,0.038082,7
170,-1,16,4,0.078129,1
170,-1,17,1,0.022807,7
170,-1,18,2,0.042505,2
170,-1,19,2,0.046481,5
170,-1,20,1,0.025948,5
170,-1,21,2,0.042505,2
170,-1,22,2,0.046481,5
170,-1,23,1,0.025948,5
171,-1,0,3,0.47981,5
171,-1,1,1,0.173397,5
171,-1,2,1,0.173397,6
171,-1,3,1,0.173397,6
172,1,0,3,0.057879,5
172,1,1,3,0.061749,5
172,1,2,1,0.024367,2
172,1,3,2,0.0423,5
172,1,4,3,0.063099,5
172,1,5,1,0.024751,2
172,1,6,2,0.041006,5
172,1,7,3,0.057204,5
172,1,8,2,0.039291,2
172,1,9,3,0.057128,5
172,1,10,3,0.060718,5
172,1,11,1,0.023984,2
172,1,12,3,0.060755,5
172,1,13,1,0.024075,2
172,1,14,3,0.05825,5
172,1,15,2,0.041422,5
172,1,16,2,0.042657,5
172,1,17,3,0.064279,5
172,1,18,1,0.025038,2
172,1,19,3,0.063793,5
172,1,20,1,0.024884,2
172,1,21,2,0.041369,5
173,-1,0,2,0.108789,5
173,-1,1,2,0.108959,5
173,-1,2,3,0.16226,5
173,-1,3,1,0.062682,3
173,-1,4,2,0.108545,5
173,-1,5,3,0.161721,5
173,-1,6,1,0.062529,5
173,-1,7,3,0.161992,5
173,-1,8,1,0.062523,3
174,-1,0,2,0.123152,5
174,-1,1,2,0.123349,5
174,-1,2,2,0.123152,5
174,-1,3,3,0.183172,5
174,-1,4,1,0.070689,2
174,-1,5,2,0.122627,5
174,-1,6,3,0.183172,5
174,-1,7,1,0.070689,2
175,-1,0,2,0.038189,5
175,-1,1,2,0.039791,2
175,-1,2,2,0.040627,5
175,-1,3,2,0.041202,5
175,-1,4,2,0.041499,2
175,-1,5,2,0.041877,5
175,-1,6,2,0.042152,5
175,-1,7,2,0.042817,2
175,-1,8,2,0.043618,5
175,-1,9,2,0.045417,5
175,-1,10,2,0.048184,5
175,-1,11,1,0.026811,5
175,-1,12,3,0.053213,5
175,-1,13,2,0.036068,5
175,-1,14,3,0.052183,5
175,-1,15,2,0.037078,2
175,-1,16,2,0.037781,5
175,-1,17,2,0.037129,2
175,-1,18,3,0.052239,5
175,-1,19,2,0.036428,5
175,-1,20,3,0.054079,5
175,-1,21,2,0.040883,5
175,-1,22,2,0.045212,5
175,-1,23,1,0.025525,5
176,1,0,2,0.2,5
176,1,1,2,0.2,5
176,1,2,2,0.2,5
176,1,3,2,0.2,5
176,1,4,2,0.2,2
177,-1,0,2,0.066653,5
177,-1,1,2,0.066653,5
177,-1,2,3,0.097426,5
177,-1,3,2,0.066653,5
177,-1,4,2,0.066653,5
177,-1,5,3,0.097426,5
177,-1,6,3,0.10635,5
177,-1,7,1,0.040799,2
177,-1,8,2,0.078131,2
177,-1,9,1,0.043989,5
177,-1,10,3,0.10635,5
177,-1,11,1,0.040799,2
177,-1,12,2,0.078131,2
177,-1,13,1,0.043989,5
178,1,0,1,0.009956,5
178,1,1,3,0.025414,5
178,1,2,2,0.017061,5
178,1,3,2,0.016542,5
178,1,4,3,0.023858,5
178,1,5,2,0.016542,5
178,1,6,2,0.017061,5
178,1,7,4,0.032497,7
178,1,8,1,0.009649,2
178,1,9,1,0.009649,2
178,1,10,2,0.016258,2
178,1,11,3,0.023193,5
178,1,12,2,0.016142,5
178,1,13,2,0.016067,5
178,1,14,3,0.023219,5
178,1,15,2,0.016067,5
178,1,16,2,0.016142,5
178,1,17,2,0.01606,3
178,1,18,2,0.016051,3
178,1,19,3,0.023101,5
178,1,20,2,0.015948,5
178,1,21,2,0.015856,5
178,1,22,3,0.022537,5
178,1,23,2,0.015884,5
178,1,24,3,0.024018,5
178,1,25,1,0.009493,5
178,1,26,3,0.022534,5
178,1,27,2,0.015831,5
178,1,28,2,0.015918,5
178,1,29,3,0.022993,5
178,1,30,2,0.015894,3
178,1,31,2,0.015733,3
178,1,32,3,0.02235,5
178,1,33,3,0.023867,5
178,1,34,1,0.009469,2
178,1,35,2,0.01622,5
178,1,36,2,0.015807,5
178,1,37,3,0.022248,5
178,1,38,2,0.015523,5
178,1,39,3,0.023379,5
178,1,40,2,0.015689,5
178,1,41,3,0.022856,5
178,1,42,3,0.021683,5
178,1,43,4,0.034048,7
178,1,44,1,0.009964,2
178,1,45,1,0.009964,2
178,1,46,2,0.019178,2
178,1,47,1,0.010778,4
178,1,48,4,0.034343,7
178,1,49,1,0.010027,2
178,1,50,1,0.010027,2
178,1,51,2,0.019276,2
178,1,52,1,0.01082,4
178,1,53,3,0.023981,5
178,1,54,1,0.009477,5
178,1,55,2,0.015862,5
179,-1,0,3,0.089302,5
179,-1,1,2,0.064042,5
179,-1,2,2,0.06603,5
179,-1,3,2,0.06603,5
179,-1,4,2,0.064042,5
179,-1,5,3,0.089302,5
179,-1,6,2,0.06125,2
179,-1,7,3,0.089302,5
179,-1,8,2,0.064042,5
179,-1,9,2,0.06603,5
179,-1,10,2,0.06603,5
179,-1,11,2,0.064042,5
179,-1,12,3,0.089302,5
179,-1,13,2,0.06125,2
180,-1,0,3,0.039002,5
180,-1,1,2,0.02701,5
180,-1,2,2,0.026686,5
180,-1,3,3,0.037873,5
180,-1,4,2,0.026583,3
180,-1,5,2,0.02676,3
180,-1,6,3,0.038296,5
180,-1,7,2,0.026459,5
180,-1,8,3,0.038787,5
180,-1,9,3,0.037957,5
180,-1,10,2,0.027153,5
180,-1,11,2,0.02805,5
180,-1,12,2,0.027997,5
180,-1,13,2,0.027285,5
180,-1,14,3,0.038031,5
180,-1,15,3,0.039658,5
180,-1,16,1,0.015748,2
180,-1,17,4,0.058161,7
180,-1,18,1,0.01686,2
180,-1,19,1,0.01686,2
180,-1,20,2,0.032432,2
180,-1,21,1,0.018377,4
180,-1,22,3,0.037374,5
180,-1,23,2,0.027032,5
180,-1,24,2,0.02785,5
180,-1,25,2,0.027945,5
180,-1,26,2,0.027065,5
180,-1,27,3,0.03779,5
180,-1,28,4,0.058281,7
180,-1,29,1,0.016886,2
180,-1,30,1,0.016886,2
180,-1,31,2,0.032473,2
180,-1,32,1,0.018395,4
181,-1,0,2,0.108789,5
181,-1,1,2,0.108959,5
181,-1,2,3,0.16226,5
181,-1,3,1,0.062682,3
181,-1,4,2,0.108545,5
181,-1,5,3,0.161721,5
181,-1,6,1,0.062529,3
181,-1,7,3,0.161992,5
181,-1,8,1,0.062523,2
182,1,0,3,0.28207,5
182,1,1,1,0.10494,8
182,1,2,2,0.19753,5
182,1,3,1,0.108965,8
182,1,4,2,0.19753,5
182,1,5,1,0.108965,2
183,1,0,2,0.078955,5
183,1,1,3,0.118398,5
183,1,2,1,0.046068,3
183,1,3,3,0.11733,5
183,1,4,2,0.08817,2
183,1,5,1,0.050025,5
183,1,6,2,0.07934,5
183,1,7,2,0.079124,5
183,1,8,3,0.116156,5
183,1,9,3,0.128499,3
183,1,10,1,0.048968,2
183,1,11,1,0.048968,2
184,1,0,2,0.045979,5
184,1,1,2,0.045712,5
184,1,2,3,0.065588,5
184,1,3,2,0.045712,5
184,1,4,2,0.045979,5
184,1,5,3,0.067577,5
184,1,6,2,0.049036,3
184,1,7,3,0.079432,5
184,1,8,1,0.029941,5
184,1,9,1,0.029941,2
184,1,10,2,0.045538,3
184,1,11,2,0.045618,3
184,1,12,3,0.066422,5
184,1,13,2,0.046426,5
184,1,14,3,0.071103,5
184,1,15,1,0.027628,5
184,1,16,2,0.047843,5
184,1,17,2,0.047608,5
184,1,18,3,0.069663,5
184,1,19,1,0.027257,2
185,1,0,3,0.057784,5
185,1,1,2,0.040783,5
185,1,2,2,0.041505,5
185,1,3,3,0.061018,5
185,1,4,2,0.045395,3
185,1,5,2,0.049858,5
185,1,6,1,0.028065,2
185,1,7,3,0.061371,5
185,1,8,2,0.040529,5
185,1,9,2,0.046902,2
185,1,10,1,0.026791,5
185,1,11,3,0.057784,5
185,1,12,2,0.040783,5
185,1,13,2,0.041505,5
185,1,14,3,0.061018,5
185,1,15,2,0.045395,3
185,1,16,2,0.049858,5
185,1,17,1,0.028065,2
185,1,18,3,0.061371,5
185,1,19,2,0.046902,2
185,1,20,1,0.026791,5
185,1,21,2,0.040529,5
186,-1,0,2,0.079673,5
186,-1,1,2,0.079004,5
186,-1,2,3,0.115215,5
186,-1,3,2,0.084326,5
186,-1,4,2,0.092452,5
186,-1,5,1,0.051702,5
186,-1,6,2,0.078224,5
186,-1,7,3,0.116698,5
186,-1,8,3,0.1187,5
186,-1,9,1,0.046096,2
186,-1,10,2,0.088044,2
186,-1,11,1,0.049866,5
187,-1,0,3,0.234775,5
187,-1,1,1,0.087998,7
187,-1,2,2,0.166292,3
187,-1,3,1,0.092053,5
187,-1,4,3,0.240079,3
187,-1,5,1,0.089401,5
187,-1,6,1,0.089401,5
188,1,0,2,0.017888,5
188,1,1,2,0.017627,5
188,1,2,3,0.024859,5
188,1,3,2,0.017741,5
188,1,4,2,0.018165,5
188,1,5,2,0.018163,5
188,1,6,2,0.017567,5
188,1,7,3,0.024511,5
188,1,8,3,0.0247,5
188,1,9,3,0.026464,5
188,1,10,1,0.010417,2
188,1,11,2,0.017386,3
188,1,12,2,0.017379,3
188,1,13,3,0.025137,5
188,1,14,2,0.017745,5
188,1,15,3,0.02741,5
188,1,16,1,0.010666,5
188,1,17,3,0.027299,5
188,1,18,1,0.010719,6
188,1,19,2,0.017908,5
188,1,20,3,0.025197,5
188,1,21,4,0.036103,7
188,1,22,1,0.010553,2
188,1,23,1,0.010553,2
188,1,24,2,0.018462,2
188,1,25,2,0.018761,14
188,1,26,2,0.018462,2
188,1,27,4,0.036103,7
188,1,28,1,0.010553,2
188,1,29,1,0.010553,2
188,1,30,3,0.025197,5
188,1,31,2,0.017908,5
188,1,32,3,0.027299,5
188,1,33,1,0.010719,6
188,1,34,3,0.02741,5
188,1,35,1,0.010666,5
188,1,36,2,0.017745,5
188,1,37,3,0.025137,5
188,1,38,2,0.017379,3
188,1,39,2,0.017386,3
188,1,40,3,0.0247,5
188,1,41,3,0.026464,5
188,1,42,1,0.010417,2
188,1,43,2,0.017888,5
188,1,44,2,0.017627,5
188,1,45,3,0.024859,5
188,1,46,2,0.017741,5
188,1,47,2,0.018165,5
188,1,48,2,0.018163,5
188,1,49,2,0.017567,5
188,1,50,3,0.024511,5
189,-1,0,3,0.16182,5
189,-1,1,1,0.062557,3
189,-1,2,2,0.109036,5
189,-1,3,2,0.109264,5
189,-1,4,2,0.109036,5
189,-1,5,3,0.16182,5
189,-1,6,1,0.062557,3
189,-1,7,3,0.16152,5
189,-1,8,1,0.062389,5
190,-1,0,2,0.141905,5
190,-1,1,2,0.141963,5
190,-1,2,2,0.141905,5
190,-1,3,2,0.141312,5
190,-1,4,3,0.210559,5
190,-1,5,2,0.141312,5
190,-1,6,1,0.081044,2
191,1,0,3,0.069391,5
191,1,1,2,0.049744,5
191,1,2,3,0.076954,5
191,1,3,1,0.030119,6
191,1,4,3,0.076954,5
191,1,5,1,0.030119,6
191,1,6,2,0.049744,5
191,1,7,3,0.069391,5
191,1,8,2,0.047584,2
191,1,9,3,0.069391,5
191,1,10,2,0.049744,5
191,1,11,3,0.076954,5
191,1,12,1,0.030119,6
191,1,13,3,0.076954,5
191,1,14,1,0.030119,6
191,1,15,2,0.049744,5
191,1,16,3,0.069391,5
191,1,17,2,0.047584,2
192,-1,0,2,0.030885,3
192,-1,1,2,0.030641,3
192,-1,2,3,0.04334,5
192,-1,3,3,0.046405,5
192,-1,4,1,0.018291,2
192,-1,5,2,0.031337,5
192,-1,6,2,0.030766,5
192,-1,7,3,0.043118,5
192,-1,8,2,0.03029,5
192,-1,9,3,0.045307,5
192,-1,10,2,0.030979,5
192,-1,11,2,0.030364,5
192,-1,12,3,0.042664,5
192,-1,13,4,0.066804,7
192,-1,14,1,0.019332,2
192,-1,15,1,0.019332,2
192,-1,16,2,0.03714,2
192,-1,17,1,0.020995,4
192,-1,18,3,0.045027,5
192,-1,19,2,0.031318,5
192,-1,20,2,0.031679,5
192,-1,21,3,0.046298,5
192,-1,22,2,0.031679,5
192,-1,23,2,0.031318,5
192,-1,24,4,0.06739,7
192,-1,25,1,0.01945,2
192,-1,26,1,0.01945,2
192,-1,27,2,0.037322,2
192,-1,28,1,0.021079,4
193,1,0,2,0.059799,2
193,1,1,3,0.088012,5
193,1,2,2,0.061748,5
193,1,3,2,0.06326,5
193,1,4,3,0.095092,5
193,1,5,1,0.03698,3
193,1,6,2,0.06326,5
193,1,7,2,0.061748,5
193,1,8,3,0.088012,5
193,1,9,2,0.061748,5
193,1,10,2,0.06326,5
193,1,11,3,0.095092,5
193,1,12,1,0.03698,3
193,1,13,2,0.06326,5
193,1,14,2,0.061748,5
194,-1,0,2,0.059841,5
194,-1,1,2,0.060146,5
194,-1,2,2,0.059841,5
194,-1,3,2,0.058385,5
194,-1,4,3,0.083497,5
194,-1,5,2,0.058385,5
194,-1,6,3,0.086119,5
194,-1,7,1,0.033787,2
194,-1,8,3,0.086119,5
194,-1,9,1,0.033787,2
194,-1,10,3,0.083497,5
194,-1,11,2,0.058385,5
194,-1,12,2,0.059841,5
194,-1,13,2,0.060146,5
194,-1,14,2,0.059841,5
194,-1,15,2,0.058385,5
195,1,0,1,0.034735,2
195,1,1,3,0.091638,5
195,1,2,2,0.066109,2
195,1,3,1,0.036975,4
195,1,4,2,0.058907,5
195,1,5,3,0.085463,5
195,1,6,1,0.032995,8
195,1,7,3,0.082693,5
195,1,8,1,0.03229,2
195,1,9,3,0.078773,5
195,1,10,2,0.054621,5
195,1,11,2,0.055377,5
195,1,12,3,0.082193,5
195,1,13,2,0.062056,2
195,1,14,1,0.035174,5
195,1,15,2,0.055377,5
195,1,16,2,0.054621,5
196,1,0,3,0.28207,5
196,1,1,1,0.10494,8
196,1,2,2,0.19753,5
196,1,3,1,0.108965,8
196,1,4,2,0.19753,5
196,1,5,1,0.108965,6
197,-1,0,2,0.064115,5
197,-1,1,2,0.064445,5
197,-1,2,2,0.064115,5
197,-1,3,2,0.06276,5
197,-1,4,3,0.090234,5
197,-1,5,2,0.06276,5
197,-1,6,2,0.063059,5
197,-1,7,2,0.064848,5
197,-1,8,2,0.065814,3
197,-1,9,3,0.100023,5
197,-1,10,1,0.038292,3
197,-1,11,2,0.069084,3
197,-1,12,3,0.108868,5
197,-1,13,1,0.040792,3
197,-1,14,1,0.040792,3
198,-1,0,3,0.074089,5
198,-1,1,1,0.029335,6
198,-1,2,3,0.074162,5
198,-1,3,1,0.029304,6
198,-1,4,4,0.093247,5
198,-1,5,1,0.028205,6
198,-1,6,3,0.068521,5
198,-1,7,2,0.049061,5
198,-1,8,3,0.075499,5
198,-1,9,1,0.029682,6
198,-1,10,3,0.074003,5
198,-1,11,1,0.029329,6
198,-1,12,3,0.068568,5
198,-1,13,4,0.093348,5
198,-1,14,1,0.028194,6
198,-1,15,4,0.097481,5
198,-1,16,1,0.028986,6
198,-1,17,1,0.028986,6
199,-1,0,1,0.029832,6
199,-1,1,4,0.098855,5
199,-1,2,3,0.078495,5
199,-1,3,1,0.031039,6
199,-1,4,3,0.078378,5
199,-1,5,1,0.031076,6
199,-1,6,4,0.098921,5
199,-1,7,1,0.029796,6
199,-1,8,3,0.072385,5
199,-1,9,2,0.051872,5
199,-1,10,2,0.053094,5
199,-1,11,3,0.078169,5
199,-1,12,1,0.031033,6
199,-1,13,3,0.072575,5
199,-1,14,4,0.102973,5
199,-1,15,1,0.030753,6
199,-1,16,1,0.030753,6
200,-1,0,2,0.245542,5
200,-1,1,1,0.134309,6
200,-1,2,3,0.357483,5
200,-1,3,1,0.131333,6
200,-1,4,1,0.131333,6
201,-1,0,1,0.048029,7
201,-1,1,4,0.16737,1
201,-1,2,2,0.091809,2
201,-1,3,1,0.051565,5
201,-1,4,2,0.091809,2
201,-1,5,1,0.051565,5
201,-1,6,2,0.084402,7
201,-1,7,2,0.085521,5
201,-1,8,3,0.131291,5
201,-1,9,1,0.049645,2
201,-1,10,2,0.094334,3
201,-1,11,1,0.052661,5
202,1,0,1,0.173397,6
202,1,1,3,0.47981,5
202,1,2,1,0.173397,6
202,1,3,1,0.173397,6
203,1,0,4,0.074826,5
203,1,1,1,0.023025,6
203,1,2,4,0.075512,5
203,1,3,1,0.023214,6
203,1,4,3,0.059753,5
203,1,5,1,0.024044,2
203,1,6,4,0.075512,5
203,1,7,1,0.023214,6
203,1,8,4,0.074826,5
203,1,9,1,0.023025,6
203,1,10,4,0.075754,5
203,1,11,1,0.023282,6
203,1,12,4,0.080783,5
203,1,13,1,0.024247,6
203,1,14,1,0.024247,6
203,1,15,4,0.075754,5
203,1,16,1,0.023282,6
203,1,17,4,0.074826,5
203,1,18,1,0.023025,6
203,1,19,4,0.074826,5
203,1,20,1,0.023025,6
204,-1,0,4,0.10644,7
204,-1,1,1,0.031403,2
204,-1,2,1,0.031403,2
204,-1,3,3,0.07778,5
204,-1,4,2,0.054653,5
204,-1,5,2,0.055797,5
204,-1,6,3,0.084086,5
204,-1,7,1,0.032609,6
204,-1,8,2,0.055797,5
204,-1,9,2,0.054653,5
204,-1,10,3,0.07778,5
204,-1,11,2,0.054653,5
204,-1,12,2,0.055797,5
204,-1,13,3,0.084086,5
204,-1,14,1,0.032609,6
204,-1,15,2,0.055797,5
204,-1,16,2,0.054653,5
205,-1,0,2,0.096179,5
205,-1,1,2,0.097309,5
205,-1,2,2,0.097685,5
205,-1,3,2,0.097048,5
205,-1,4,3,0.143347,5
205,-1,5,1,0.055573,3
205,-1,6,3,0.140256,5
205,-1,7,3,0.154907,5
205,-1,8,1,0.058849,2
205,-1,9,1,0.058849,2
206,-1,0,3,0.061908,5
206,-1,1,3,0.061685,5
206,-1,2,2,0.043403,5
206,-1,3,2,0.04436,5
206,-1,4,3,0.066011,5
206,-1,5,2,0.050027,2
206,-1,6,1,0.028373,5
206,-1,7,2,0.04436,5
206,-1,8,2,0.043403,5
206,-1,9,3,0.061685,5
206,-1,10,2,0.043403,5
206,-1,11,2,0.04436,5
206,-1,12,3,0.066011,5
206,-1,13,2,0.050027,2
206,-1,14,1,0.028373,5
206,-1,15,2,0.04436,5
206,-1,16,2,0.043403,5
206,-1,17,4,0.09377,5
206,-1,18,1,0.027025,6
206,-1,19,1,0.027025,6
206,-1,20,1,0.027025,6
207,-1,0,2,0.071751,5
207,-1,1,2,0.078684,5
207,-1,2,1,0.04423,6
207,-1,3,3,0.097152,3
207,-1,4,2,0.067233,5
207,-1,5,2,0.068346,5
207,-1,6,2,0.068195,5
207,-1,7,2,0.067127,2
207,-1,8,4,0.128763,1
207,-1,9,1,0.038096,2
207,-1,10,2,0.069851,3
207,-1,11,2,0.074758,5
207,-1,12,2,0.080744,5
207,-1,13,1,0.045071,6
208,-1,0,1,0.03148,2
208,-1,1,3,0.081543,5
208,-1,2,2,0.056005,3
208,-1,3,2,0.057606,5
208,-1,4,2,0.06013,5
208,-1,5,2,0.064068,5
208,-1,6,1,0.035605,5
208,-1,7,2,0.053593,3
208,-1,8,4,0.103865,7
208,-1,9,1,0.030447,2
208,-1,10,1,0.030447,2
208,-1,11,3,0.074694,5
208,-1,12,2,0.051959,5
208,-1,13,2,0.053047,5
208,-1,14,3,0.079585,5
208,-1,15,1,0.030923,5
208,-1,16,2,0.053047,5
208,-1,17,2,0.051959,5
209,-1,0,3,0.057868,5
209,-1,1,2,0.039423,5
209,-1,2,3,0.058586,5
209,-1,3,2,0.039423,5
209,-1,4,3,0.057868,5
209,-1,5,3,0.056151,5
209,-1,6,3,0.059785,3
209,-1,7,2,0.04388,5
209,-1,8,2,0.048102,5
209,-1,9,1,0.026958,5
209,-1,10,2,0.04388,5
209,-1,11,2,0.048102,5
209,-1,12,1,0.026958,5
209,-1,13,3,0.065496,3
209,-1,14,1,0.025123,2
209,-1,15,1,0.025123,2
209,-1,16,4,0.086591,5
209,-1,17,1,0.024982,9
209,-1,18,1,0.024982,9
209,-1,19,1,0.024982,9
209,-1,20,3,0.065496,3
209,-1,21,1,0.025123,2
209,-1,22,1,0.025123,2
210,-1,0,1,0.029843,2
210,-1,1,4,0.103456,1
210,-1,2,2,0.05722,2
210,-1,3,1,0.03225,5
210,-1,4,2,0.05722,2
210,-1,5,1,0.03225,5
210,-1,6,2,0.050376,2
210,-1,7,3,0.072606,5
210,-1,8,2,0.055002,5
210,-1,9,1,0.031308,6
210,-1,10,3,0.069911,5
210,-1,11,2,0.048901,5
210,-1,12,3,0.074512,5
210,-1,13,1,0.029051,6
210,-1,14,3,0.075091,5
210,-1,15,1,0.029125,6
210,-1,16,2,0.04987,5
210,-1,17,3,0.07337,5
210,-1,18,1,0.028639,6
211,-1,0,2,0.087592,5
211,-1,1,2,0.087174,5
211,-1,2,3,0.128428,5
211,-1,3,2,0.096393,2
211,-1,4,1,0.054642,5
211,-1,5,2,0.086258,5
211,-1,6,3,0.128158,5
211,-1,7,3,0.129987,5
211,-1,8,1,0.050505,3
211,-1,9,2,0.096272,2
211,-1,10,1,0.054591,5
212,1,0,2,0.031022,5
212,1,1,2,0.03209,2
212,1,2,3,0.048809,5
212,1,3,1,0.018937,2
212,1,4,4,0.064517,5
212,1,5,1,0.018961,2
212,1,6,3,0.052145,5
212,1,7,1,0.019869,5
212,1,8,2,0.037972,2
212,1,9,1,0.021389,5
212,1,10,4,0.070282,5
212,1,11,1,0.020018,5
212,1,12,1,0.020018,5
212,1,13,1,0.020018,2
212,1,14,3,0.042882,5
212,1,15,2,0.03008,5
212,1,16,2,0.029975,5
212,1,17,3,0.042457,3
212,1,18,2,0.030025,5
212,1,19,2,0.030166,5
212,1,20,3,0.043202,5
212,1,21,2,0.031553,2
212,1,22,3,0.049992,5
212,1,23,1,0.019317,2
212,1,24,3,0.0527,5
212,1,25,1,0.020129,5
212,1,26,2,0.038405,5
212,1,27,1,0.021469,5
212,1,28,3,0.041601,5
213,-1,0,4,0.166722,5
213,-1,1,1,0.04797,8
213,-1,2,2,0.091743,5
213,-1,3,1,0.05145,5
213,-1,4,2,0.091743,5
213,-1,5,1,0.05145,5
213,-1,6,3,0.125764,5
213,-1,7,1,0.048089,2
213,-1,8,2,0.086655,3
213,-1,9,3,0.136282,5
213,-1,10,1,0.051065,3
213,-1,11,1,0.051065,2
214,-1,0,3,0.172574,3
214,-1,1,2,0.124736,5
214,-1,2,1,0.069727,5
214,-1,3,2,0.124736,5
214,-1,4,1,0.069727,5
214,-1,5,3,0.175554,5
214,-1,6,1,0.066454,7
214,-1,7,2,0.126227,7
214,-1,8,1,0.070266,4
215,-1,0,2,0.122949,5
215,-1,1,2,0.122949,5
215,-1,2,3,0.183423,5
215,-1,3,1,0.070679,3
215,-1,4,2,0.122949,5
215,-1,5,2,0.122949,5
215,-1,6,3,0.183423,5
215,-1,7,1,0.070679,3
216,-1,0,2,0.034125,5
216,-1,1,2,0.033043,5
216,-1,2,4,0.061119,5
216,-1,3,1,0.01855,5
216,-1,4,3,0.046347,5
216,-1,5,2,0.033207,5
216,-1,6,3,0.051204,5
216,-1,7,1,0.020078,2
216,-1,8,2,0.032191,5
216,-1,9,2,0.031823,5
216,-1,10,3,0.044311,5
216,-1,11,3,0.044644,5
216,-1,12,2,0.031749,5
216,-1,13,2,0.03198,5
216,-1,14,4,0.060659,5
216,-1,15,1,0.018462,5
216,-1,16,3,0.046709,5
216,-1,17,2,0.032389,5
216,-1,18,2,0.031926,5
216,-1,19,3,0.044623,5
216,-1,20,3,0.051347,5
216,-1,21,1,0.020053,5
216,-1,22,2,0.036124,5
216,-1,23,2,0.038133,5
216,-1,24,3,0.059838,5
216,-1,25,1,0.022683,2
216,-1,26,1,0.022683,2
217,-1,0,2,0.070396,3
217,-1,1,3,0.113654,5
217,-1,2,1,0.042866,5
217,-1,3,1,0.042866,2
217,-1,4,3,0.097318,5
217,-1,5,2,0.066536,5
217,-1,6,2,0.06666,5
217,-1,7,3,0.097377,5
217,-1,8,2,0.06666,5
217,-1,9,2,0.066536,5
217,-1,10,3,0.106279,5
217,-1,11,1,0.040793,2
217,-1,12,2,0.078116,5
217,-1,13,1,0.043945,6
218,-1,0,2,0.133653,5
218,-1,1,1,0.075627,6
218,-1,2,3,0.178982,5
218,-1,3,2,0.121622,5
218,-1,4,2,0.122696,5
218,-1,5,2,0.123104,5
218,-1,6,2,0.122696,5
218,-1,7,2,0.121622,3
219,-1,0,2,0.106359,3
219,-1,1,1,0.060144,2
219,-1,2,3,0.141653,5
219,-1,3,2,0.095922,5
219,-1,4,2,0.095922,5
219,-1,5,3,0.141653,5
219,-1,6,2,0.106359,3
219,-1,7,1,0.060144,2
219,-1,8,2,0.095922,5
219,-1,9,2,0.095922,5
220,-1,0,1,0.012098,6
220,-1,1,3,0.030698,5
220,-1,2,2,0.020244,5
220,-1,3,3,0.028759,5
220,-1,4,2,0.020213,5
220,-1,5,2,0.020395,5
220,-1,6,3,0.029559,5
220,-1,7,2,0.020777,3
220,-1,8,2,0.02103,3
220,-1,9,3,0.031309,5
220,-1,10,3,0.034732,5
220,-1,11,1,0.013311,5
220,-1,12,1,0.013311,2
220,-1,13,3,0.031644,5
220,-1,14,1,0.012429,2
220,-1,15,2,0.021078,3
220,-1,16,3,0.030354,5
220,-1,17,2,0.021334,5
220,-1,18,2,0.021715,5
220,-1,19,2,0.02196,5
220,-1,20,2,0.021715,5
220,-1,21,2,0.021334,5
220,-1,22,3,0.028759,5
220,-1,23,2,0.020213,5
220,-1,24,2,0.020395,5
220,-1,25,3,0.029559,5
220,-1,26,2,0.020777,3
220,-1,27,2,0.02103,3
220,-1,28,3,0.031309,5
220,-1,29,3,0.034732,5
220,-1,30,1,0.013311,5
220,-1,31,1,0.013311,2
220,-1,32,3,0.031644,5
220,-1,33,1,0.012429,2
220,-1,34,2,0.021078,3
220,-1,35,3,0.030354,5
220,-1,36,2,0.021334,5
220,-1,37,2,0.021715,5
220,-1,38,2,0.02196,5
220,-1,39,2,0.021715,5
220,-1,40,2,0.021334,5
220,-1,41,3,0.030698,5
220,-1,42,1,0.012098,6
220,-1,43,2,0.020244,5
221,1,0,3,0.053344,3
221,1,1,1,0.021388,5
221,1,2,3,0.052023,5
221,1,3,2,0.037313,5
221,1,4,2,0.038481,5
221,1,5,2,0.038459,5
221,1,6,2,0.03737,5
221,1,7,3,0.052041,5
221,1,8,3,0.053728,5
221,1,9,1,0.021451,2
221,1,10,3,0.050941,5
221,1,11,3,0.050286,5
221,1,12,3,0.050804,5
221,1,13,2,0.036958,5
221,1,14,2,0.03816,5
221,1,15,4,0.076744,5
221,1,16,1,0.022502,5
221,1,17,1,0.022502,5
221,1,18,2,0.03718,2
221,1,19,3,0.051964,5
221,1,20,2,0.036202,5
221,1,21,3,0.05402,5
221,1,22,2,0.042006,2
221,1,23,1,0.024134,5
222,-1,0,3,0.172331,5
222,-1,1,1,0.065536,3
222,-1,2,1,0.065536,2
222,-1,3,3,0.156634,5
222,-1,4,2,0.107076,3
222,-1,5,2,0.108501,5
222,-1,6,2,0.108809,5
222,-1,7,2,0.108501,3
222,-1,8,2,0.107076,5
223,1,0,2,0.059799,7
223,1,1,3,0.088012,5
223,1,2,2,0.061748,5
223,1,3,2,0.06326,5
223,1,4,3,0.095092,5
223,1,5,1,0.03698,3
223,1,6,2,0.06326,5
223,1,7,2,0.061748,5
223,1,8,3,0.088012,5
223,1,9,2,0.061748,5
223,1,10,2,0.06326,5
223,1,11,3,0.095092,5
223,1,12,1,0.03698,3
223,1,13,2,0.06326,5
223,1,14,2,0.061748,5
224,-1,0,3,0.140244,5
224,-1,1,1,0.053412,3
224,-1,2,1,0.053412,7
224,-1,3,3,0.1268,5
224,-1,4,2,0.086704,5
224,-1,5,2,0.087572,5
224,-1,6,2,0.087083,3
224,-1,7,3,0.128133,5
224,-1,8,2,0.096264,5
224,-1,9,1,0.054586,5
224,-1,10,2,0.08579,5
225,-1,0,4,0.110374,7
225,-1,1,1,0.032235,2
225,-1,2,1,0.032235,2
225,-1,3,2,0.056927,3
225,-1,4,3,0.087278,5
225,-1,5,1,0.033515,2
225,-1,6,2,0.060377,3
225,-1,7,2,0.063283,5
225,-1,8,2,0.067603,5
225,-1,9,1,0.037587,5
225,-1,10,3,0.079011,5
225,-1,11,2,0.055137,5
225,-1,12,2,0.056087,5
225,-1,13,3,0.084429,5
225,-1,14,1,0.032699,6
225,-1,15,2,0.056087,5
225,-1,16,2,0.055137,5
226,-1,0,1,0.053508,2
226,-1,1,3,0.14058,3
226,-1,2,1,0.053508,2
226,-1,3,3,0.127415,5
226,-1,4,2,0.086989,5
226,-1,5,2,0.087834,5
226,-1,6,3,0.131121,5
226,-1,7,1,0.050825,3
226,-1,8,3,0.130827,5
226,-1,9,1,0.050666,3
226,-1,10,2,0.086728,5
227,-1,0,2,0.051372,5
227,-1,1,2,0.052674,5
227,-1,2,3,0.079147,5
227,-1,3,1,0.030805,6
227,-1,4,2,0.052653,5
227,-1,5,3,0.076977,5
227,-1,6,1,0.030182,6
227,-1,7,3,0.073141,5
227,-1,8,2,0.049608,2
227,-1,9,3,0.072574,5
227,-1,10,2,0.050829,5
227,-1,11,2,0.051486,5
227,-1,12,3,0.076302,5
227,-1,13,2,0.051486,5
227,-1,14,2,0.050829,5
227,-1,15,3,0.085,3
227,-1,16,1,0.032468,2
227,-1,17,1,0.032468,2
228,-1,0,4,0.107663,15
228,-1,1,2,0.057892,5
228,-1,2,2,0.061819,5
228,-1,3,2,0.066619,5
228,-1,4,1,0.037174,5
228,-1,5,2,0.057892,5
228,-1,6,2,0.061819,5
228,-1,7,2,0.066619,5
228,-1,8,1,0.037174,5
228,-1,9,2,0.058182,2
228,-1,10,3,0.093788,5
228,-1,11,1,0.035347,5
228,-1,12,1,0.035347,2
228,-1,13,2,0.058182,2
228,-1,14,3,0.093788,5
228,-1,15,1,0.035347,5
228,-1,16,1,0.035347,2
229,1,0,3,0.067024,5
229,1,1,1,0.026524,2
229,1,2,3,0.065438,5
229,1,3,2,0.045698,5
229,1,4,2,0.04642,5
229,1,5,3,0.06856,5
229,1,6,2,0.04642,5
229,1,7,2,0.045698,5
229,1,8,3,0.076641,3
229,1,9,1,0.029176,5
229,1,10,1,0.029176,5
229,1,11,3,0.065438,5
229,1,12,2,0.045698,5
229,1,13,2,0.04642,5
229,1,14,3,0.06856,5
229,1,15,2,0.04642,5
229,1,16,2,0.045698,5
229,1,17,3,0.076641,3
229,1,18,1,0.029176,5
229,1,19,1,0.029176,5
230,-1,0,1,0.062529,3
230,-1,1,3,0.161721,5
230,-1,2,2,0.108545,5
230,-1,3,3,0.16226,5
230,-1,4,1,0.062682,6
230,-1,5,2,0.108959,5
230,-1,6,2,0.108789,5
230,-1,7,3,0.161992,5
230,-1,8,1,0.062523,5
231,-1,0,2,0.121622,5
231,-1,1,2,0.122696,5
231,-1,2,2,0.123104,5
231,-1,3,2,0.122696,5
231,-1,4,2,0.121622,5
231,-1,5,3,0.178982,5
231,-1,6,2,0.133653,5
231,-1,7,1,0.075627,5
232,1,0,2,0.046835,5
232,1,1,3,0.068589,5
232,1,2,2,0.048117,5
232,1,3,2,0.048742,5
232,1,4,3,0.072253,5
232,1,5,2,0.048742,5
232,1,6,2,0.048117,5
232,1,7,3,0.080525,3
232,1,8,1,0.030748,5
232,1,9,1,0.030748,5
232,1,10,3,0.068589,5
232,1,11,2,0.048117,5
232,1,12,2,0.048742,5
232,1,13,3,0.072253,5
232,1,14,2,0.048742,5
232,1,15,2,0.048117,5
232,1,16,3,0.080525,3
232,1,17,1,0.030748,5
232,1,18,1,0.030748,5
233,-1,0,2,0.042666,5
233,-1,1,3,0.062557,5
233,-1,2,3,0.065986,5
233,-1,3,1,0.025802,6
233,-1,4,3,0.067327,5
233,-1,5,1,0.026256,6
233,-1,6,2,0.045369,5
233,-1,7,3,0.067327,5
233,-1,8,1,0.026256,6
233,-1,9,3,0.065986,5
233,-1,10,1,0.025802,2
233,-1,11,3,0.062557,5
233,-1,12,3,0.065986,5
233,-1,13,1,0.025802,6
233,-1,14,3,0.067327,5
233,-1,15,1,0.026256,6
233,-1,16,2,0.045369,5
233,-1,17,3,0.067327,5
233,-1,18,1,0.026256,6
233,-1,19,3,0.065986,5
233,-1,20,1,0.025802,2
234,1,0,3,0.101545,5
234,1,1,1,0.039445,6
234,1,2,3,0.101791,5
234,1,3,1,0.039596,6
234,1,4,3,0.101545,5
234,1,5,1,0.039445,6
234,1,6,3,0.100023,5
234,1,7,2,0.075473,5
234,1,8,1,0.042749,3
234,1,9,3,0.100885,5
234,1,10,1,0.039258,6
234,1,11,3,0.100023,5
234,1,12,2,0.075473,5
234,1,13,1,0.042749,3
235,-1,0,4,0.183511,1
235,-1,1,1,0.052594,2
235,-1,2,2,0.100478,2
235,-1,3,1,0.056376,5
235,-1,4,2,0.100478,2
235,-1,5,1,0.056376,5
235,-1,6,2,0.093199,2
235,-1,7,2,0.095652,5
235,-1,8,3,0.149335,5
235,-1,9,1,0.056,6
235,-1,10,1,0.056,6
236,-1,0,4,0.085812,5
236,-1,1,1,0.026185,6
236,-1,2,3,0.069131,5
236,-1,3,1,0.027466,6
236,-1,4,3,0.069131,5
236,-1,5,1,0.027466,6
236,-1,6,4,0.085812,5
236,-1,7,1,0.026185,6
236,-1,8,4,0.090744,5
236,-1,9,1,0.027097,6
236,-1,10,1,0.027097,6
236,-1,11,3,0.059863,5
236,-1,12,3,0.059863,5
236,-1,13,3,0.05904,5
236,-1,14,2,0.041365,5
236,-1,15,3,0.05904,5
236,-1,16,3,0.058764,5
236,-1,17,2,0.041173,2
236,-1,18,3,0.058764,5
237,-1,0,2,0.041025,5
237,-1,1,2,0.041072,5
237,-1,2,3,0.060654,3
237,-1,3,2,0.043309,5
237,-1,4,3,0.069677,5
237,-1,5,1,0.026181,2
237,-1,6,1,0.026181,2
237,-1,7,2,0.042594,5
237,-1,8,3,0.067085,5
237,-1,9,1,0.025466,2
237,-1,10,2,0.048532,2
237,-1,11,1,0.027212,4
237,-1,12,3,0.060069,3
237,-1,13,2,0.042459,5
237,-1,14,3,0.066888,5
237,-1,15,1,0.025448,2
237,-1,16,2,0.04851,2
237,-1,17,1,0.027168,4
237,-1,18,2,0.042459,5
237,-1,19,3,0.066888,5
237,-1,20,1,0.025448,2
237,-1,21,2,0.04851,2
237,-1,22,1,0.027168,4
238,-1,0,3,0.120111,5
238,-1,1,1,0.046556,6
238,-1,2,3,0.120111,5
238,-1,3,1,0.046556,6
238,-1,4,3,0.120111,5
238,-1,5,1,0.046556,6
238,-1,6,3,0.120111,5
238,-1,7,1,0.046556,6
238,-1,8,3,0.120111,5
238,-1,9,1,0.046556,6
238,-1,10,3,0.120111,5
238,-1,11,1,0.046556,6
239,1,0,1,0.055976,5
239,1,1,4,0.192656,5
239,1,2,1,0.055976,5
239,1,3,2,0.097228,5
239,1,4,3,0.145464,5
239,1,5,1,0.056252,5
239,1,6,2,0.097504,5
239,1,7,3,0.145464,5
239,1,8,1,0.056252,2
239,1,9,2,0.097228,5
240,-1,0,2,0.059876,7
240,-1,1,3,0.081782,3
240,-1,2,3,0.083108,5
240,-1,3,1,0.032893,2
240,-1,4,3,0.079474,5
240,-1,5,2,0.056613,5
240,-1,6,2,0.058141,5
240,-1,7,2,0.058141,5
240,-1,8,2,0.056613,5
240,-1,9,3,0.079474,5
240,-1,10,3,0.083108,5
240,-1,11,1,0.032893,2
240,-1,12,4,0.12791,5
240,-1,13,1,0.036658,6
240,-1,14,1,0.036658,6
240,-1,15,1,0.036658,6
241,-1,0,2,0.045511,5
241,-1,1,2,0.045609,5
241,-1,2,3,0.066489,5
241,-1,3,2,0.048409,3
241,-1,4,2,0.052053,5
241,-1,5,2,0.056324,5
241,-1,6,1,0.031454,2
241,-1,7,3,0.066824,5
241,-1,8,2,0.045062,5
241,-1,9,3,0.065469,5
241,-1,10,3,0.069177,3
241,-1,11,2,0.050576,5
241,-1,12,2,0.055461,5
241,-1,13,1,0.031022,2
241,-1,14,2,0.050576,5
241,-1,15,2,0.055461,5
241,-1,16,1,0.031022,2
241,-1,17,3,0.07569,3
241,-1,18,1,0.028906,2
241,-1,19,1,0.028906,2
242,1,0,3,0.027465,5
242,1,1,2,0.019843,5
242,1,2,3,0.03049,5
242,1,3,2,0.023417,2
242,1,4,1,0.013362,5
242,1,5,2,0.020476,5
242,1,6,2,0.019811,5
242,1,7,3,0.02718,5
242,1,8,3,0.026741,5
242,1,9,3,0.026367,5
242,1,10,2,0.018688,3
242,1,11,3,0.026496,5
242,1,12,2,0.018542,5
242,1,13,3,0.027217,5
242,1,14,3,0.027131,5
242,1,15,2,0.018827,5
242,1,16,3,0.026971,3
242,1,17,2,0.019226,5
242,1,18,2,0.019109,5
242,1,19,2,0.019239,5
242,1,20,3,0.028292,5
242,1,21,2,0.020207,2
242,1,22,3,0.030483,5
242,1,23,1,0.012118,2
242,1,24,3,0.029638,5
242,1,25,2,0.02051,5
242,1,26,3,0.031017,5
242,1,27,2,0.023582,2
242,1,28,1,0.013462,5
242,1,29,3,0.030968,5
242,1,30,2,0.023641,2
242,1,31,1,0.013451,5
242,1,32,3,0.031017,5
242,1,33,2,0.023582,2
242,1,34,1,0.013462,5
242,1,35,2,0.02051,5
242,1,36,3,0.029411,5
242,1,37,2,0.022791,2
242,1,38,1,0.013175,5
242,1,39,3,0.02858,5
242,1,40,3,0.032709,5
242,1,41,1,0.012654,2
242,1,42,2,0.024362,2
242,1,43,1,0.013781,5
243,-1,0,3,0.072871,5
243,-1,1,2,0.050982,5
243,-1,2,3,0.078842,5
243,-1,3,1,0.030306,2
243,-1,4,2,0.055841,2
243,-1,5,2,0.059858,5
243,-1,6,1,0.03343,5
243,-1,7,2,0.050575,7
243,-1,8,4,0.103403,1
243,-1,9,1,0.029898,7
243,-1,10,2,0.057321,2
243,-1,11,1,0.032225,5
243,-1,12,2,0.057321,2
243,-1,13,1,0.032225,5
243,-1,14,3,0.077308,5
243,-1,15,1,0.029791,2
243,-1,16,2,0.055097,2
243,-1,17,2,0.059505,5
243,-1,18,1,0.033201,5
244,-1,0,4,0.081661,5
244,-1,1,1,0.025224,6
244,-1,2,3,0.065503,5
244,-1,3,1,0.026445,6
244,-1,4,4,0.08346,5
244,-1,5,1,0.02568,6
244,-1,6,3,0.058209,5
244,-1,7,3,0.056953,5
244,-1,8,3,0.057469,5
244,-1,9,3,0.056858,5
244,-1,10,3,0.057481,5
244,-1,11,2,0.040458,2
244,-1,12,3,0.057494,5
244,-1,13,3,0.057946,5
244,-1,14,4,0.081856,5
244,-1,15,1,0.02535,6
244,-1,16,4,0.088655,5
244,-1,17,1,0.026649,6
244,-1,18,1,0.026649,6
245,-1,0,1,0.035858,2
245,-1,1,3,0.093575,5
245,-1,2,2,0.059579,3
245,-1,3,3,0.083847,5
245,-1,4,2,0.05816,5
245,-1,5,2,0.059066,5
245,-1,6,2,0.058579,5
245,-1,7,3,0.085342,5
245,-1,8,2,0.057235,5
245,-1,9,4,0.125292,5
245,-1,10,1,0.036043,9
245,-1,11,1,0.036043,9
245,-1,12,1,0.036043,9
245,-1,13,3,0.099913,3
245,-1,14,1,0.037712,5
245,-1,15,1,0.037712,5
246,1,0,3,0.089467,5
246,1,1,1,0.034772,2
246,1,2,2,0.063344,3
246,1,3,3,0.100627,5
246,1,4,1,0.037947,5
246,1,5,1,0.037947,5
246,1,6,3,0.083851,5
246,1,7,2,0.057659,5
246,1,8,2,0.057872,5
246,1,9,3,0.084462,5
246,1,10,2,0.061121,5
246,1,11,2,0.065349,3
246,1,12,2,0.070658,3
246,1,13,1,0.039393,5
246,1,14,2,0.057872,5
246,1,15,2,0.057659,5
247,-1,0,2,0.117112,2
247,-1,1,3,0.17709,5
247,-1,2,1,0.066889,5
247,-1,3,2,0.126909,5
247,-1,4,1,0.070556,6
247,-1,5,3,0.17709,5
247,-1,6,1,0.066889,5
247,-1,7,2,0.126909,5
247,-1,8,1,0.070556,6
248,1,0,2,0.059762,3
248,1,1,3,0.087965,5
248,1,2,2,0.061978,5
248,1,3,2,0.063477,5
248,1,4,2,0.064033,5
248,1,5,2,0.063477,5
248,1,6,2,0.061978,5
248,1,7,3,0.087401,5
248,1,8,2,0.061309,5
248,1,9,2,0.062287,5
248,1,10,3,0.092836,5
248,1,11,2,0.070078,3
248,1,12,1,0.039819,2
248,1,13,2,0.062287,5
248,1,14,2,0.061309,5
249,1,0,2,0.050522,5
249,1,1,2,0.050867,5
249,1,2,2,0.050522,5
249,1,3,2,0.049495,5
249,1,4,3,0.070969,5
249,1,5,2,0.049495,5
249,1,6,2,0.049461,5
249,1,7,2,0.050517,5
249,1,8,2,0.050742,5
249,1,9,2,0.050444,2
249,1,10,3,0.073758,5
249,1,11,1,0.028848,2
249,1,12,3,0.070828,5
249,1,13,2,0.049298,5
249,1,14,2,0.050522,5
249,1,15,2,0.050669,5
249,1,16,2,0.05046,5
249,1,17,3,0.073727,5
249,1,18,1,0.028854,3
250,1,0,4,0.160727,1
250,1,1,1,0.046635,2
250,1,2,2,0.089695,2
250,1,3,1,0.050689,5
250,1,4,2,0.089695,2
250,1,5,1,0.050689,5
250,1,6,3,0.113542,3
250,1,7,2,0.078676,5
250,1,8,2,0.080216,5
250,1,9,2,0.080544,2
250,1,10,2,0.080216,5
250,1,11,2,0.078676,5
251,1,0,1,0.026011,2
251,1,1,3,0.065479,5
251,1,2,3,0.063134,5
251,1,3,3,0.067926,5
251,1,4,1,0.026713,3
251,1,5,2,0.046481,5
251,1,6,2,0.046481,5
251,1,7,3,0.067926,5
251,1,8,1,0.026713,3
251,1,9,3,0.063134,5
251,1,10,3,0.065479,5
251,1,11,1,0.026011,2
251,1,12,3,0.063134,5
251,1,13,3,0.067926,5
251,1,14,1,0.026713,3
251,1,15,2,0.046481,5
251,1,16,2,0.046481,5
251,1,17,3,0.067926,5
251,1,18,1,0.026713,3
251,1,19,3,0.063134,5
252,-1,0,3,0.118634,5
252,-1,1,1,0.045193,2
252,-1,2,1,0.045193,2
252,-1,3,3,0.107262,5
252,-1,4,2,0.073107,3
252,-1,5,3,0.110307,5
252,-1,6,1,0.042755,6
252,-1,7,3,0.110278,5
252,-1,8,1,0.04282,6
252,-1,9,3,0.110112,5
252,-1,10,1,0.0427,3
252,-1,11,3,0.109137,5
252,-1,12,1,0.042499,6
253,-1,0,4,0.085812,5
253,-1,1,1,0.026185,6
253,-1,2,3,0.069131,5
253,-1,3,1,0.027466,6
253,-1,4,3,0.069131,5
253,-1,5,1,0.027466,6
253,-1,6,4,0.085812,5
253,-1,7,1,0.026185,6
253,-1,8,4,0.090744,5
253,-1,9,1,0.027097,6
253,-1,10,1,0.027097,6
253,-1,11,3,0.059863,5
253,-1,12,3,0.059863,5
253,-1,13,3,0.05904,5
253,-1,14,2,0.041365,5
253,-1,15,3,0.05904,5
253,-1,16,3,0.058764,5
253,-1,17,2,0.041173,2
253,-1,18,3,0.058764,5
254,1,0,4,0.10644,7
254,1,1,1,0.031403,2
254,1,2,1,0.031403,2
254,1,3,3,0.07778,5
254,1,4,2,0.054653,5
254,1,5,2,0.055797,5
254,1,6,3,0.084086,5
254,1,7,1,0.032609,3
254,1,8,2,0.055797,5
254,1,9,2,0.054653,5
254,1,10,3,0.07778,5
254,1,11,2,0.054653,5
254,1,12,2,0.055797,5
254,1,13,3,0.084086,5
254,1,14,1,0.032609,3
254,1,15,2,0.055797,5
254,1,16,2,0.054653,5
255,-1,0,2,0.079433,5
255,-1,1,3,0.119991,5
255,-1,2,1,0.046465,6
255,-1,3,2,0.080366,5
255,-1,4,3,0.119764,5
255,-1,5,1,0.046401,3
255,-1,6,3,0.118538,5
255,-1,7,1,0.046095,6
255,-1,8,3,0.116291,5
255,-1,9,3,0.128798,5
255,-1,10,1,0.048929,2
255,-1,11,1,0.048929,2
256,-1,0,3,0.072871,5
256,-1,1,2,0.050982,5
256,-1,2,3,0.078842,5
256,-1,3,1,0.030306,2
256,-1,4,2,0.055841,2
256,-1,5,2,0.059858,5
256,-1,6,1,0.03343,5
256,-1,7,2,0.050575,7
256,-1,8,4,0.103403,1
256,-1,9,1,0.029898,7
256,-1,10,2,0.057321,2
256,-1,11,1,0.032225,5
256,-1,12,2,0.057321,2
256,-1,13,1,0.032225,5
256,-1,14,3,0.077308,5
256,-1,15,1,0.029791,2
256,-1,16,2,0.055097,2
256,-1,17,2,0.059505,5
256,-1,18,1,0.033201,5
257,1,0,1,0.028745,2
257,1,1,3,0.075148,3
257,1,2,1,0.028745,2
257,1,3,3,0.065795,5
257,1,4,3,0.068663,5
257,1,5,1,0.026911,5
257,1,6,2,0.045924,5
257,1,7,2,0.044828,5
257,1,8,3,0.062587,5
257,1,9,3,0.065174,5
257,1,10,1,0.025935,2
257,1,11,3,0.062835,5
257,1,12,2,0.045018,5
257,1,13,2,0.04627,5
257,1,14,2,0.046317,5
257,1,15,2,0.044953,5
257,1,16,3,0.062892,5
257,1,17,3,0.064941,5
257,1,18,1,0.025932,2
257,1,19,3,0.062386,5
258,1,0,3,0.28207,5
258,1,1,1,0.10494,8
258,1,2,2,0.19753,5
258,1,3,1,0.108965,8
258,1,4,2,0.19753,5
258,1,5,1,0.108965,6
259,-1,0,1,0.256788,5
259,-1,1,2,0.486424,5
259,-1,2,1,0.256788,5
260,1,0,4,0.092306,1
260,1,1,1,0.027048,2
260,1,2,2,0.048337,2
260,1,3,2,0.050128,5
260,1,4,3,0.077872,5
260,1,5,1,0.029545,8
260,1,6,2,0.056226,5
260,1,7,1,0.031442,8
260,1,8,2,0.048337,2
260,1,9,2,0.050128,5
260,1,10,3,0.077872,5
260,1,11,1,0.029545,8
260,1,12,2,0.056226,5
260,1,13,1,0.031442,8
260,1,14,2,0.048337,2
260,1,15,2,0.050128,5
260,1,16,3,0.077872,5
260,1,17,1,0.029545,8
260,1,18,2,0.056226,5
260,1,19,1,0.031442,8
261,-1,0,2,0.060755,5
261,-1,1,1,0.034698,5
261,-1,2,3,0.079566,5
261,-1,3,2,0.054852,3
261,-1,4,3,0.083277,5
261,-1,5,1,0.03236,3
261,-1,6,2,0.055206,3
261,-1,7,3,0.080812,5
261,-1,8,1,0.03167,3
261,-1,9,3,0.075733,5
261,-1,10,3,0.076206,5
261,-1,11,2,0.053953,5
261,-1,12,2,0.055445,5
261,-1,13,3,0.083568,5
261,-1,14,1,0.032503,6
261,-1,15,2,0.055445,5
261,-1,16,2,0.053953,5
262,-1,0,2,0.04823,5
262,-1,1,3,0.072313,5
262,-1,2,1,0.02839,5
262,-1,3,3,0.06992,3
262,-1,4,2,0.048907,5
262,-1,5,3,0.07469,5
262,-1,6,1,0.029084,2
262,-1,7,2,0.050274,3
262,-1,8,3,0.07469,5
262,-1,9,1,0.029084,2
262,-1,10,2,0.048907,5
262,-1,11,3,0.069853,3
262,-1,12,2,0.048942,5
262,-1,13,3,0.07463,5
262,-1,14,1,0.029102,2
262,-1,15,2,0.05031,3
262,-1,16,3,0.07463,5
262,-1,17,1,0.029102,2
262,-1,18,2,0.048942,5
263,-1,0,4,0.0834,15
263,-1,1,1,0.02513,2
263,-1,2,3,0.063946,5
263,-1,3,2,0.045666,5
263,-1,4,2,0.047172,5
263,-1,5,2,0.047535,5
263,-1,6,2,0.047172,5
263,-1,7,2,0.045666,5
263,-1,8,3,0.063946,5
263,-1,9,2,0.045666,5
263,-1,10,2,0.047172,5
263,-1,11,2,0.047535,5
263,-1,12,2,0.047172,5
263,-1,13,2,0.045666,5
263,-1,14,3,0.063946,5
263,-1,15,2,0.045666,5
263,-1,16,2,0.047172,5
263,-1,17,2,0.047535,5
263,-1,18,2,0.047172,5
263,-1,19,2,0.045666,5
264,1,0,2,0.043538,5
264,1,1,3,0.063336,5
264,1,2,2,0.044498,5
264,1,3,2,0.04546,5
264,1,4,2,0.045874,5
264,1,5,2,0.04546,5
264,1,6,2,0.044498,5
264,1,7,3,0.064812,3
264,1,8,2,0.0479,5
264,1,9,2,0.052478,5
264,1,10,1,0.029495,6
264,1,11,3,0.066821,5
264,1,12,1,0.026039,5
264,1,13,2,0.044872,5
264,1,14,2,0.044382,2
264,1,15,3,0.063915,5
264,1,16,2,0.044695,5
264,1,17,2,0.045627,5
264,1,18,2,0.045976,5
264,1,19,2,0.045627,5
264,1,20,2,0.044695,5
265,1,0,1,0.062389,3
265,1,1,3,0.16152,5
265,1,2,3,0.16182,5
265,1,3,1,0.062557,5
265,1,4,2,0.109036,5
265,1,5,2,0.109264,5
265,1,6,2,0.109036,5
265,1,7,3,0.16182,5
265,1,8,1,0.062557,5
266,-1,0,4,0.101778,7
266,-1,1,1,0.030005,2
266,-1,2,1,0.030005,2
266,-1,3,2,0.050887,3
266,-1,4,3,0.073638,5
266,-1,5,3,0.077092,5
266,-1,6,1,0.030164,5
266,-1,7,3,0.078421,5
266,-1,8,1,0.030557,5
266,-1,9,2,0.052436,3
266,-1,10,2,0.051504,2
266,-1,11,3,0.074053,5
266,-1,12,2,0.051691,5
266,-1,13,2,0.052908,5
266,-1,14,3,0.079381,5
266,-1,15,1,0.030883,3
266,-1,16,2,0.052908,5
266,-1,17,2,0.051691,5
267,-1,0,1,0.040118,2
267,-1,1,3,0.105935,5
267,-1,2,1,0.040118,2
267,-1,3,3,0.098894,5
267,-1,4,1,0.037938,3
267,-1,5,2,0.062075,5
267,-1,6,3,0.085295,5
267,-1,7,2,0.059234,5
267,-1,8,2,0.05909,3
267,-1,9,3,0.084311,5
267,-1,10,2,0.060155,5
267,-1,11,2,0.061775,5
267,-1,12,2,0.061709,5
267,-1,13,2,0.059877,5
267,-1,14,3,0.083478,5
268,-1,0,1,0.131333,6
268,-1,1,3,0.357483,5
268,-1,2,1,0.131333,6
268,-1,3,2,0.245542,5
268,-1,4,1,0.134309,6
269,-1,0,2,0.324547,5
269,-1,1,1,0.175453,5
269,-1,2,2,0.324547,5
269,-1,3,1,0.175453,6
270,-1,0,2,0.085198,5
270,-1,1,2,0.085289,5
270,-1,2,3,0.124845,5
270,-1,3,1,0.049045,2
270,-1,4,3,0.117809,5
270,-1,5,2,0.083181,3
270,-1,6,2,0.085263,5
270,-1,7,2,0.085184,5
270,-1,8,2,0.083252,5
270,-1,9,3,0.117676,5
270,-1,10,2,0.083258,5
271,-1,0,2,0.324547,5
271,-1,1,1,0.175453,6
271,-1,2,2,0.324547,5
271,-1,3,1,0.175453,2
272,1,0,2,0.141312,5
272,1,1,2,0.141905,5
272,1,2,2,0.141963,5
272,1,3,2,0.141905,5
272,1,4,2,0.141312,5
272,1,5,3,0.210559,5
272,1,6,1,0.081044,3
273,-1,0,2,0.057271,5
273,-1,1,3,0.084398,5
273,-1,2,2,0.057933,5
273,-1,3,2,0.05797,5
273,-1,4,3,0.084535,5
273,-1,5,2,0.062613,2
273,-1,6,2,0.068737,5
273,-1,7,1,0.038635,5
273,-1,8,3,0.084657,5
273,-1,9,3,0.095031,3
273,-1,10,1,0.036338,2
273,-1,11,1,0.036338,2
273,-1,12,2,0.061453,3
273,-1,13,3,0.099052,5
273,-1,14,1,0.03752,2
273,-1,15,1,0.03752,5
274,-1,0,2,0.135452,3
274,-1,1,2,0.135452,3
274,-1,2,3,0.20881,5
274,-1,3,1,0.077869,3
274,-1,4,1,0.077869,7
274,-1,5,3,0.20881,5
274,-1,6,1,0.077869,3
274,-1,7,1,0.077869,7
275,-1,0,3,0.072871,5
275,-1,1,2,0.050982,5
275,-1,2,3,0.078842,5
275,-1,3,1,0.030306,2
275,-1,4,2,0.055841,2
275,-1,5,2,0.059858,5
275,-1,6,1,0.03343,5
275,-1,7,2,0.050575,7
275,-1,8,4,0.103403,1
275,-1,9,1,0.029898,2
275,-1,10,2,0.057321,2
275,-1,11,1,0.032225,5
275,-1,12,2,0.057321,2
275,-1,13,1,0.032225,5
275,-1,14,3,0.077308,5
275,-1,15,1,0.029791,2
275,-1,16,2,0.055097,2
275,-1,17,2,0.059505,5
275,-1,18,1,0.033201,5
276,1,0,1,0.046788,2
276,1,1,3,0.124265,5
276,1,2,1,0.046788,2
276,1,3,2,0.078377,5
276,1,4,3,0.111346,3
276,1,5,2,0.078377,5
276,1,6,3,0.124265,5
276,1,7,1,0.046788,2
276,1,8,1,0.046788,2
276,1,9,2,0.078377,5
276,1,10,3,0.124265,5
276,1,11,1,0.046788,2
276,1,12,1,0.046788,2
277,-1,0,1,0.019622,2
277,-1,1,3,0.048734,5
277,-1,2,3,0.047284,5
277,-1,3,2,0.034037,5
277,-1,4,2,0.035235,5
277,-1,5,2,0.035028,5
277,-1,6,2,0.033851,5
277,-1,7,3,0.046229,5
277,-1,8,3,0.045146,5
277,-1,9,2,0.032375,5
277,-1,10,2,0.032514,5
277,-1,11,3,0.045935,5
277,-1,12,3,0.048734,5
277,-1,13,1,0.019622,2
277,-1,14,3,0.047284,5
277,-1,15,2,0.034037,5
277,-1,16,2,0.035235,5
277,-1,17,2,0.035028,5
277,-1,18,2,0.033851,5
277,-1,19,3,0.046229,5
277,-1,20,3,0.045146,5
277,-1,21,2,0.032375,5
277,-1,22,2,0.032514,5
277,-1,23,3,0.045935,5
277,-1,24,3,0.044009,5
277,-1,25,3,0.044009,5
278,-1,0,2,0.048705,2
278,-1,1,3,0.069603,5
278,-1,2,2,0.048647,5
278,-1,3,3,0.074006,5
278,-1,4,1,0.028892,5
278,-1,5,2,0.049331,3
278,-1,6,3,0.072045,5
278,-1,7,2,0.048089,3
278,-1,8,3,0.080566,5
278,-1,9,1,0.030699,5
278,-1,10,1,0.030699,5
278,-1,11,4,0.098843,1
278,-1,12,1,0.02895,7
278,-1,13,2,0.053933,2
278,-1,14,2,0.058653,5
278,-1,15,1,0.032878,5
278,-1,16,2,0.053933,2
278,-1,17,2,0.058653,5
278,-1,18,1,0.032878,5
279,-1,0,4,0.171701,5
279,-1,1,1,0.04894,5
279,-1,2,1,0.04894,5
279,-1,3,2,0.093241,7
279,-1,4,1,0.052174,5
279,-1,5,2,0.085154,5
279,-1,6,2,0.085311,3
279,-1,7,2,0.085963,2
279,-1,8,3,0.131609,5
279,-1,9,1,0.049749,2
279,-1,10,2,0.09451,3
279,-1,11,1,0.052706,5
280,1,0,2,0.139226,2
280,1,1,2,0.138956,5
280,1,2,4,0.275017,5
280,1,3,1,0.079827,5
280,1,4,1,0.079827,5
280,1,5,3,0.207021,5
280,1,6,1,0.080127,2
281,-1,0,1,0.173397,6
281,-1,1,3,0.47981,5
281,-1,2,1,0.173397,8
281,-1,3,1,0.173397,8
282,-1,0,2,0.067996,5
282,-1,1,2,0.066946,5
282,-1,2,3,0.09644,5
282,-1,3,2,0.069825,3
282,-1,4,2,0.074621,5
282,-1,5,2,0.080822,5
282,-1,6,1,0.044982,2
282,-1,7,3,0.097459,5
282,-1,8,2,0.067194,5
282,-1,9,3,0.101772,5
282,-1,10,1,0.039551,3
282,-1,11,3,0.109215,3
282,-1,12,1,0.041588,2
282,-1,13,1,0.041588,2
283,1,0,2,0.108456,5
283,1,1,2,0.108917,5
283,1,2,2,0.108801,5
283,1,3,2,0.107673,5
283,1,4,3,0.158294,5
283,1,5,3,0.16029,5
283,1,6,1,0.062124,3
283,1,7,2,0.118411,2
283,1,8,1,0.067033,5
284,1,0,2,0.324547,5
284,1,1,1,0.175453,8
284,1,2,2,0.324547,5
284,1,3,1,0.175453,8
285,1,0,2,0.108959,5
285,1,1,2,0.108789,5
285,1,2,3,0.161992,5
285,1,3,1,0.062523,6
285,1,4,3,0.161721,5
285,1,5,1,0.062529,3
285,1,6,2,0.108545,5
285,1,7,3,0.16226,5
285,1,8,1,0.062682,3
286,1,0,2,0.097108,5
286,1,1,2,0.096565,5
286,1,2,3,0.141921,5
286,1,3,2,0.106472,2
286,1,4,1,0.060209,5
286,1,5,3,0.143842,5
286,1,6,1,0.055714,3
286,1,7,2,0.096823,5
286,1,8,3,0.145238,5
286,1,9,1,0.056109,3
287,-1,0,1,0.055944,5
287,-1,1,3,0.149082,3
287,-1,2,1,0.055944,5
287,-1,3,2,0.095387,3
287,-1,4,3,0.139037,5
287,-1,5,1,0.053079,2
287,-1,6,2,0.093857,5
287,-1,7,2,0.095891,5
287,-1,8,3,0.149704,5
287,-1,9,1,0.056038,2
287,-1,10,1,0.056038,2
288,1,0,2,0.166667,5
288,1,1,2,0.166667,5
288,1,2,2,0.166667,5
288,1,3,2,0.166667,5
288,1,4,2,0.166667,5
288,1,5,2,0.166667,5
289,1,0,3,0.198946,5
289,1,1,1,0.075164,7
289,1,2,2,0.136993,3
289,1,3,2,0.145373,5
289,1,4,1,0.080579,5
289,1,5,2,0.136993,3
289,1,6,2,0.145373,5
289,1,7,1,0.080579,5
290,-1,0,2,0.06419,3
290,-1,1,3,0.094399,5
290,-1,2,2,0.066449,5
290,-1,3,2,0.068044,5
290,-1,4,2,0.068637,5
290,-1,5,2,0.068044,5
290,-1,6,2,0.066449,5
290,-1,7,3,0.094311,5
290,-1,8,2,0.066188,5
290,-1,9,2,0.067787,5
290,-1,10,3,0.101898,5
290,-1,11,1,0.039627,3
290,-1,12,2,0.067787,5
290,-1,13,2,0.066188,5
291,1,0,4,0.262984,1
291,1,1,1,0.074609,2
291,1,2,2,0.141797,2
291,1,3,1,0.079005,5
291,1,4,2,0.141797,2
291,1,5,1,0.079005,5
291,1,6,2,0.141797,2
291,1,7,1,0.079005,5
292,1,0,1,0.10494,2
292,1,1,3,0.28207,1
292,1,2,2,0.19753,2
292,1,3,1,0.108965,5
292,1,4,2,0.19753,2
292,1,5,1,0.108965,5
293,1,0,2,0.166667,5
293,1,1,2,0.166667,5
293,1,2,2,0.166667,2
293,1,3,2,0.166667,5
293,1,4,2,0.166667,5
293,1,5,2,0.166667,2
294,1,0,3,0.055833,5
294,1,1,3,0.057785,5
294,1,2,2,0.041229,5
294,1,3,2,0.042605,5
294,1,4,3,0.064221,5
294,1,5,1,0.025048,3
294,1,6,2,0.042605,5
294,1,7,2,0.041229,5
294,1,8,3,0.057785,5
294,1,9,2,0.041229,5
294,1,10,2,0.042605,5
294,1,11,3,0.064221,5
294,1,12,1,0.025048,3
294,1,13,2,0.042605,5
294,1,14,2,0.041229,5
294,1,15,3,0.057785,5
294,1,16,2,0.041229,5
294,1,17,2,0.042605,5
294,1,18,3,0.064221,5
294,1,19,1,0.025048,3
294,1,20,2,0.042605,5
294,1,21,2,0.041229,5
295,-1,0,3,0.078814,5
295,-1,1,1,0.030677,2
295,-1,2,2,0.055807,2
295,-1,3,2,0.058913,5
295,-1,4,2,0.063553,5
295,-1,5,1,0.03524,5
295,-1,6,3,0.073233,5
295,-1,7,2,0.051346,5
295,-1,8,2,0.052416,5
295,-1,9,2,0.052416,5
295,-1,10,2,0.051346,5
295,-1,11,3,0.073233,5
295,-1,12,3,0.078814,5
295,-1,13,1,0.030677,2
295,-1,14,2,0.055807,2
295,-1,15,2,0.058913,5
295,-1,16,2,0.063553,5
295,-1,17,1,0.03524,5
296,1,0,1,0.0306,2
296,1,1,3,0.076747,5
296,1,2,3,0.07414,5
296,1,3,2,0.052953,5
296,1,4,2,0.054533,5
296,1,5,2,0.054478,5
296,1,6,2,0.05301,5
296,1,7,3,0.074048,5
296,1,8,3,0.076854,5
296,1,9,1,0.030567,2
296,1,10,3,0.07402,5
296,1,11,2,0.052997,5
296,1,12,2,0.054414,5
296,1,13,3,0.081689,5
296,1,14,1,0.031928,3
296,1,15,2,0.052895,5
296,1,16,3,0.074127,5
297,-1,0,1,0.044966,3
297,-1,1,3,0.114447,5
297,-1,2,2,0.078199,5
297,-1,3,2,0.078103,5
297,-1,4,2,0.076318,5
297,-1,5,3,0.107966,5
297,-1,6,3,0.114447,5
297,-1,7,1,0.044966,3
297,-1,8,2,0.078199,5
297,-1,9,2,0.078103,5
297,-1,10,2,0.076318,5
297,-1,11,3,0.107966,5
298,1,0,2,0.106472,2
298,1,1,1,0.060209,5
298,1,2,3,0.141921,5
298,1,3,2,0.096565,5
298,1,4,2,0.097108,5
298,1,5,3,0.145238,5
298,1,6,1,0.056109,5
298,1,7,2,0.096823,5
298,1,8,3,0.143842,5
298,1,9,1,0.055714,3
299,-1,0,1,0.04145,2
299,-1,1,3,0.105703,5
299,-1,2,2,0.071979,5
299,-1,3,3,0.107851,5
299,-1,4,1,0.042068,5
299,-1,5,2,0.07033,3
299,-1,6,3,0.099656,3
299,-1,7,3,0.100069,5
299,-1,8,2,0.070799,5
299,-1,9,2,0.072932,5
299,-1,10,2,0.073433,5
299,-1,11,2,0.072932,5
299,-1,12,2,0.070799,5
300,-1,0,2,0.099393,3
300,-1,1,3,0.159738,5
300,-1,2,1,0.060216,3
300,-1,3,1,0.060216,7
300,-1,4,3,0.138416,5
300,-1,5,2,0.095353,5
300,-1,6,2,0.096981,5
300,-1,7,2,0.097353,5
300,-1,8,2,0.096981,5
300,-1,9,2,0.095353,5
301,-1,0,1,0.036474,2
301,-1,1,3,0.095521,5
301,-1,2,2,0.069585,3
301,-1,3,1,0.038915,5
301,-1,4,2,0.060409,2
301,-1,5,3,0.084343,5
301,-1,6,2,0.058127,5
301,-1,7,3,0.087449,5
301,-1,8,1,0.034192,5
301,-1,9,3,0.086209,5
301,-1,10,3,0.095856,3
301,-1,11,1,0.036575,5
301,-1,12,1,0.036575,5
301,-1,13,3,0.087449,5
301,-1,14,1,0.034192,5
301,-1,15,2,0.058127,5
302,-1,0,2,0.066455,5
302,-1,1,3,0.097681,5
302,-1,2,2,0.065414,7
302,-1,3,3,0.095438,5
302,-1,4,2,0.065952,3
302,-1,5,2,0.067794,3
302,-1,6,3,0.106355,5
302,-1,7,1,0.040781,2
302,-1,8,2,0.075217,3
302,-1,9,2,0.081227,5
302,-1,10,1,0.04515,5
302,-1,11,3,0.109242,3
302,-1,12,1,0.041647,2
302,-1,13,1,0.041647,2
303,-1,0,2,0.108959,5
303,-1,1,2,0.108789,5
303,-1,2,3,0.161992,5
303,-1,3,1,0.062523,5
303,-1,4,3,0.161721,5
303,-1,5,1,0.062529,6
303,-1,6,2,0.108545,5
303,-1,7,3,0.16226,5
303,-1,8,1,0.062682,3
304,-1,0,4,0.125505,5
304,-1,1,1,0.036083,5
304,-1,2,1,0.036083,5
304,-1,3,1,0.036083,5
304,-1,4,3,0.085663,5
304,-1,5,2,0.058693,5
304,-1,6,3,0.088669,5
304,-1,7,1,0.03446,5
304,-1,8,2,0.058693,5
304,-1,9,3,0.085663,5
304,-1,10,3,0.086679,5
304,-1,11,1,0.033972,2
304,-1,12,4,0.125505,5
304,-1,13,1,0.036083,5
304,-1,14,1,0.036083,5
304,-1,15,1,0.036083,5
305,-1,0,3,0.124873,3
305,-1,1,1,0.046961,5
305,-1,2,1,0.046961,5
305,-1,3,3,0.11868,5
305,-1,4,1,0.045123,7
305,-1,5,2,0.07831,7
305,-1,6,2,0.078185,16
305,-1,7,2,0.07831,7
305,-1,8,3,0.11868,5
305,-1,9,1,0.045123,7
305,-1,10,3,0.124873,3
305,-1,11,1,0.046961,5
305,-1,12,1,0.046961,5
306,1,0,1,0.065413,2
306,1,1,3,0.171796,3
306,1,2,1,0.065413,2
306,1,3,3,0.155736,5
306,1,4,2,0.106294,5
306,1,5,2,0.107219,3
306,1,6,3,0.160035,5
306,1,7,1,0.062008,3
306,1,8,2,0.106086,7
307,1,0,1,0.045045,2
307,1,1,3,0.11839,3
307,1,2,1,0.045045,2
307,1,3,3,0.10646,5
307,1,4,2,0.071985,5
307,1,5,3,0.10662,5
307,1,6,2,0.073012,5
307,1,7,2,0.073389,5
307,1,8,3,0.10904,5
307,1,9,1,0.042396,5
307,1,10,3,0.118477,3
307,1,11,1,0.04507,2
307,1,12,1,0.04507,2
308,1,0,1,0.175453,6
308,1,1,2,0.324547,5
308,1,2,2,0.324547,5
308,1,3,1,0.175453,6
309,-1,0,2,0.058027,3
309,-1,1,3,0.087717,5
309,-1,2,1,0.034263,7
309,-1,3,2,0.058027,3
309,-1,4,3,0.083751,5
309,-1,5,2,0.058609,5
309,-1,6,2,0.059849,5
309,-1,7,2,0.060316,5
309,-1,8,2,0.059849,5
309,-1,9,2,0.058609,5
309,-1,10,3,0.083751,5
309,-1,11,2,0.058609,5
309,-1,12,2,0.059849,5
309,-1,13,2,0.060316,5
309,-1,14,2,0.059849,5
309,-1,15,2,0.058609,5
310,1,0,4,0.146707,1
310,1,1,1,0.044857,7
310,1,2,3,0.111865,3
310,1,3,2,0.078807,5
310,1,4,2,0.078807,5
310,1,5,3,0.111865,3
310,1,6,2,0.078807,5
310,1,7,2,0.078807,5
310,1,8,3,0.111865,3
310,1,9,2,0.078807,5
310,1,10,2,0.078807,5
311,-1,0,3,0.026453,5
311,-1,1,1,0.010352,2
311,-1,2,2,0.017446,5
311,-1,3,3,0.025175,5
311,-1,4,2,0.017364,5
311,-1,5,2,0.017482,5
311,-1,6,3,0.025165,5
311,-1,7,2,0.017482,5
311,-1,8,2,0.017364,5
311,-1,9,3,0.026677,3
311,-1,10,2,0.019425,5
311,-1,11,2,0.021376,5
311,-1,12,1,0.011916,6
311,-1,13,2,0.019425,5
311,-1,14,2,0.021376,5
311,-1,15,1,0.011916,6
311,-1,16,2,0.017116,2
311,-1,17,3,0.02391,5
311,-1,18,2,0.016651,5
311,-1,19,2,0.01648,5
311,-1,20,3,0.023002,5
311,-1,21,3,0.022791,5
311,-1,22,2,0.016348,5
311,-1,23,2,0.01643,5
311,-1,24,3,0.023393,5
311,-1,25,2,0.01638,5
311,-1,26,3,0.024403,5
311,-1,27,2,0.016792,5
311,-1,28,2,0.016572,5
311,-1,29,3,0.022973,5
311,-1,30,3,0.02283,5
311,-1,31,2,0.016341,5
311,-1,32,2,0.016488,5
311,-1,33,4,0.031257,5
311,-1,34,1,0.009534,5
311,-1,35,2,0.017263,2
311,-1,36,3,0.026589,5
311,-1,37,1,0.010377,2
311,-1,38,2,0.017474,5
311,-1,39,3,0.025211,5
311,-1,40,2,0.017367,5
311,-1,41,2,0.017493,5
311,-1,42,3,0.025164,5
311,-1,43,2,0.017493,5
311,-1,44,2,0.017367,5
311,-1,45,3,0.026682,3
311,-1,46,2,0.019424,5
311,-1,47,2,0.021378,5
311,-1,48,1,0.011916,6
311,-1,49,2,0.019424,5
311,-1,50,2,0.021378,5
311,-1,51,1,0.011916,6
312,1,0,1,0.061579,5
312,1,1,3,0.164571,5
312,1,2,1,0.061579,5
312,1,3,2,0.105268,5
312,1,4,3,0.154361,5
312,1,5,1,0.058689,2
312,1,6,2,0.104934,2
312,1,7,2,0.108913,5
312,1,8,2,0.115834,5
312,1,9,1,0.064272,5
313,-1,0,2,0.042378,5
313,-1,1,2,0.041897,5
313,-1,2,3,0.06037,5
313,-1,3,2,0.041897,5
313,-1,4,2,0.042378,5
313,-1,5,3,0.062574,5
313,-1,6,3,0.069725,5
313,-1,7,1,0.026576,5
313,-1,8,1,0.026576,2
313,-1,9,4,0.084064,7
313,-1,10,1,0.024721,2
313,-1,11,1,0.024721,2
313,-1,12,2,0.042988,3
313,-1,13,3,0.064276,5
313,-1,14,1,0.025085,2
313,-1,15,2,0.042419,3
313,-1,16,3,0.060972,5
313,-1,17,2,0.042707,5
313,-1,18,2,0.043521,5
313,-1,19,2,0.043928,5
313,-1,20,2,0.043521,5
313,-1,21,2,0.042707,5
314,-1,0,2,0.123027,5
314,-1,1,2,0.123575,5
314,-1,2,2,0.123575,5
314,-1,3,2,0.123027,5
314,-1,4,3,0.182868,5
314,-1,5,1,0.07053,6
314,-1,6,3,0.182868,5
314,-1,7,1,0.07053,6
315,-1,0,4,0.088576,7
315,-1,1,1,0.025914,2
315,-1,2,1,0.025914,2
315,-1,3,2,0.045022,3
315,-1,4,3,0.067579,5
315,-1,5,1,0.026251,2
315,-1,6,2,0.044405,3
315,-1,7,3,0.064148,3
315,-1,8,2,0.044789,5
315,-1,9,2,0.045886,5
315,-1,10,2,0.046327,5
315,-1,11,2,0.046327,5
315,-1,12,2,0.045886,5
315,-1,13,2,0.044789,5
315,-1,14,3,0.063678,5
315,-1,15,2,0.044556,5
315,-1,16,2,0.045324,5
315,-1,17,3,0.068309,5
315,-1,18,1,0.026442,5
315,-1,19,2,0.045324,5
315,-1,20,2,0.044556,5
316,1,0,2,0.056127,2
316,1,1,2,0.056252,5
316,1,2,3,0.081075,5
316,1,3,2,0.056268,5
316,1,4,2,0.056268,2
316,1,5,3,0.080903,5
316,1,6,2,0.056705,5
316,1,7,2,0.057687,5
316,1,8,2,0.056705,5
316,1,9,3,0.080903,5
316,1,10,2,0.055118,5
316,1,11,2,0.056127,2
316,1,12,2,0.056252,5
316,1,13,3,0.081075,5
316,1,14,2,0.056268,5
316,1,15,2,0.056268,2
317,-1,0,1,0.035336,7
317,-1,1,4,0.122022,1
317,-1,2,2,0.067802,2
317,-1,3,1,0.038161,5
317,-1,4,2,0.067802,2
317,-1,5,1,0.038161,5
317,-1,6,2,0.059068,2
317,-1,7,3,0.08363,5
317,-1,8,2,0.057957,5
317,-1,9,2,0.058374,5
317,-1,10,3,0.086286,5
317,-1,11,2,0.058374,5
317,-1,12,2,0.057957,5
317,-1,13,3,0.095894,3
317,-1,14,1,0.036588,2
317,-1,15,1,0.036588,2
318,1,0,3,0.234336,5
318,1,1,1,0.087774,2
318,1,2,2,0.16592,5
318,1,3,1,0.091994,5
318,1,4,2,0.159141,2
318,1,5,2,0.168039,5
318,1,6,1,0.092796,5
319,-1,0,3,0.074924,5
319,-1,1,1,0.028687,6
319,-1,2,1,0.028687,6
319,-1,3,3,0.06541,5
319,-1,4,3,0.064937,5
319,-1,5,2,0.045639,5
319,-1,6,2,0.046617,5
319,-1,7,3,0.069353,5
319,-1,8,2,0.052547,5
319,-1,9,1,0.029799,5
319,-1,10,2,0.046617,5
319,-1,11,2,0.045639,5
319,-1,12,3,0.064937,5
319,-1,13,2,0.045639,5
319,-1,14,2,0.046617,5
319,-1,15,3,0.069353,5
319,-1,16,2,0.052547,5
319,-1,17,1,0.029799,5
319,-1,18,2,0.046617,5
319,-1,19,2,0.045639,5
320,-1,0,2,0.085082,5
320,-1,1,2,0.085082,5
320,-1,2,2,0.083001,5
320,-1,3,3,0.117297,5
320,-1,4,3,0.12385,5
320,-1,5,1,0.048794,2
320,-1,6,2,0.083951,2
320,-1,7,3,0.12385,5
320,-1,8,1,0.048794,2
320,-1,9,3,0.117297,5
320,-1,10,2,0.083001,5
321,-1,0,2,0.159815,5
321,-1,1,2,0.168312,5
321,-1,2,1,0.093009,6
321,-1,3,4,0.314159,3
321,-1,4,1,0.088235,5
321,-1,5,1,0.088235,5
321,-1,6,1,0.088235,5
322,1,0,2,0.123027,5
322,1,1,2,0.123575,5
322,1,2,2,0.123575,5
322,1,3,2,0.123027,5
322,1,4,3,0.182868,5
322,1,5,1,0.07053,5
322,1,6,3,0.182868,5
322,1,7,1,0.07053,3
323,1,0,2,0.097321,5
323,1,1,3,0.145637,5
323,1,2,1,0.056222,6
323,1,3,2,0.097321,5
323,1,4,3,0.145203,5
323,1,5,1,0.056099,6
323,1,6,3,0.14482,5
323,1,7,1,0.056074,2
323,1,8,3,0.145203,5
323,1,9,1,0.056099,6
324,1,0,2,0.065636,3
324,1,1,2,0.065636,3
324,1,2,3,0.095313,5
324,1,3,2,0.066818,5
324,1,4,2,0.068284,5
324,1,5,2,0.068848,5
324,1,6,2,0.068284,5
324,1,7,2,0.066818,5
324,1,8,3,0.095313,5
324,1,9,2,0.066818,5
324,1,10,2,0.068284,5
324,1,11,2,0.068848,5
324,1,12,2,0.068284,5
324,1,13,2,0.066818,5
325,-1,0,3,0.127898,5
325,-1,1,1,0.048793,3
325,-1,2,1,0.048793,2
325,-1,3,3,0.115038,5
325,-1,4,2,0.079191,5
325,-1,5,2,0.080286,5
325,-1,6,2,0.080286,5
325,-1,7,2,0.079191,5
325,-1,8,3,0.115038,5
325,-1,9,3,0.127898,5
325,-1,10,1,0.048793,3
325,-1,11,1,0.048793,2
326,1,0,2,0.108959,5
326,1,1,2,0.108789,5
326,1,2,3,0.161992,5
326,1,3,1,0.062523,5
326,1,4,3,0.161721,5
326,1,5,1,0.062529,3
326,1,6,2,0.108545,5
326,1,7,3,0.16226,5
326,1,8,1,0.062682,3
327,1,0,2,0.097259,5
327,1,1,3,0.145241,5
327,1,2,1,0.05613,3
327,1,3,3,0.145241,5
327,1,4,1,0.05613,5
327,1,5,2,0.097259,5
327,1,6,3,0.145241,5
327,1,7,1,0.05613,5
327,1,8,3,0.145241,5
327,1,9,1,0.05613,5
328,-1,0,3,0.47981,5
328,-1,1,1,0.173397,5
328,-1,2,1,0.173397,6
328,-1,3,1,0.173397,6
329,-1,0,1,0.044447,2
329,-1,1,3,0.116006,3
329,-1,2,1,0.044447,2
329,-1,3,3,0.102444,5
329,-1,4,2,0.070833,5
329,-1,5,2,0.071393,5
329,-1,6,2,0.069834,5
329,-1,7,3,0.098904,5
329,-1,8,2,0.070029,5
329,-1,9,2,0.071846,5
329,-1,10,2,0.071718,5
329,-1,11,2,0.069907,5
329,-1,12,3,0.098192,5
330,-1,0,4,0.271062,5
330,-1,1,1,0.076313,6
330,-1,2,1,0.076313,6
330,-1,3,1,0.076313,6
330,-1,4,4,0.271062,5
330,-1,5,1,0.076313,6
330,-1,6,1,0.076313,6
330,-1,7,1,0.076313,6
331,-1,0,3,0.357483,5
331,-1,1,1,0.131333,5
331,-1,2,1,0.131333,6
331,-1,3,2,0.245542,5
331,-1,4,1,0.134309,6
332,1,0,2,0.239104,5
332,1,1,2,0.245896,5
332,1,2,1,0.134552,6
332,1,3,2,0.245896,5
332,1,4,1,0.134552,6
333,1,0,1,0.062529,3
333,1,1,3,0.161721,5
333,1,2,2,0.108545,5
333,1,3,3,0.16226,5
333,1,4,1,0.062682,6
333,1,5,2,0.108959,5
333,1,6,2,0.108789,5
333,1,7,3,0.161992,5
333,1,8,1,0.062523,3
334,1,0,1,0.14144,5
334,1,1,3,0.366668,5
334,1,2,2,0.245946,5
334,1,3,2,0.245946,2
335,-1,0,3,0.110153,3
335,-1,1,1,0.041882,2
335,-1,2,1,0.041882,2
335,-1,3,3,0.099223,5
335,-1,4,3,0.101333,5
335,-1,5,1,0.039385,6
335,-1,6,3,0.102023,5
335,-1,7,1,0.039661,6
335,-1,8,3,0.102376,5
335,-1,9,1,0.039681,6
335,-1,10,3,0.102023,5
335,-1,11,1,0.039661,6
335,-1,12,3,0.101333,5
335,-1,13,1,0.039385,6
336,1,0,2,0.073827,3
336,1,1,3,0.115525,5
336,1,2,1,0.04423,2
336,1,3,3,0.123153,3
336,1,4,1,0.046473,5
336,1,5,1,0.046473,5
336,1,6,3,0.10459,5
336,1,7,2,0.072427,5
336,1,8,2,0.073715,5
336,1,9,3,0.110548,5
336,1,10,1,0.042897,6
336,1,11,2,0.073715,5
336,1,12,2,0.072427,5
337,-1,0,1,0.011271,5
337,-1,1,4,0.036981,5
337,-1,2,2,0.019767,5
337,-1,3,2,0.020004,5
337,-1,4,3,0.02888,5
337,-1,5,2,0.020508,2
337,-1,6,3,0.031325,5
337,-1,7,1,0.012314,2
337,-1,8,2,0.020756,5
337,-1,9,3,0.029644,5
337,-1,10,2,0.020636,5
337,-1,11,2,0.020562,5
337,-1,12,3,0.029914,5
337,-1,13,2,0.020562,5
337,-1,14,2,0.020636,5
337,-1,15,3,0.031349,3
337,-1,16,2,0.023081,5
337,-1,17,2,0.025136,5
337,-1,18,1,0.014146,6
337,-1,19,2,0.023081,5
337,-1,20,2,0.025136,5
337,-1,21,1,0.014146,6
337,-1,22,2,0.019494,5
337,-1,23,3,0.027859,5
337,-1,24,2,0.019537,5
337,-1,25,2,0.019398,5
337,-1,26,3,0.027078,5
337,-1,27,3,0.027218,5
337,-1,28,2,0.019417,5
337,-1,29,2,0.019585,5
337,-1,30,4,0.03713,5
337,-1,31,1,0.011319,5
337,-1,32,3,0.028641,5
337,-1,33,2,0.019809,5
337,-1,34,2,0.019575,5
337,-1,35,3,0.027315,5
337,-1,36,3,0.031181,5
337,-1,37,1,0.012295,5
337,-1,38,2,0.022017,5
337,-1,39,2,0.022678,5
337,-1,40,2,0.023704,5
337,-1,41,3,0.03695,5
337,-1,42,1,0.013983,5
337,-1,43,1,0.013983,5
338,-1,0,2,0.088141,5
338,-1,1,2,0.087965,5
338,-1,2,3,0.129855,5
338,-1,3,1,0.050467,3
338,-1,4,3,0.127243,5
338,-1,5,2,0.086807,5
338,-1,6,3,0.131278,5
338,-1,7,1,0.050794,3
338,-1,8,3,0.140487,3
338,-1,9,1,0.053481,2
338,-1,10,1,0.053481,2
339,-1,0,3,0.090419,5
339,-1,1,2,0.064509,5
339,-1,2,2,0.066436,5
339,-1,3,2,0.066444,5
339,-1,4,2,0.064876,5
339,-1,5,3,0.09126,5
339,-1,6,2,0.06457,5
339,-1,7,2,0.06577,5
339,-1,8,2,0.065058,5
339,-1,9,3,0.093103,5
339,-1,10,2,0.068481,3
339,-1,11,2,0.074031,5
339,-1,12,2,0.08016,5
339,-1,13,1,0.044882,3
340,-1,0,3,0.09435,3
340,-1,1,2,0.068919,5
340,-1,2,1,0.038716,5
340,-1,3,2,0.068919,5
340,-1,4,1,0.038716,5
340,-1,5,3,0.092696,5
340,-1,6,1,0.035668,7
340,-1,7,2,0.062015,7
340,-1,8,2,0.062015,7
340,-1,9,3,0.092696,5
340,-1,10,1,0.035668,7
340,-1,11,3,0.09435,3
340,-1,12,2,0.068919,5
340,-1,13,1,0.038716,5
340,-1,14,2,0.068919,5
340,-1,15,1,0.038716,5
341,-1,0,1,0.062529,5
341,-1,1,3,0.161721,5
341,-1,2,2,0.108545,5
341,-1,3,3,0.16226,5
341,-1,4,1,0.062682,6
341,-1,5,2,0.108959,5
341,-1,6,2,0.108789,5
341,-1,7,3,0.161992,5
341,-1,8,1,0.062523,3
342,1,0,3,0.088762,3
342,1,1,2,0.068267,3
342,1,2,1,0.039052,2
342,1,3,3,0.087592,5
342,1,4,2,0.061829,5
342,1,5,2,0.063381,5
342,1,6,2,0.063948,5
342,1,7,2,0.063381,5
342,1,8,2,0.061829,5
342,1,9,3,0.087592,5
342,1,10,2,0.061829,5
342,1,11,2,0.063381,5
342,1,12,2,0.063948,5
342,1,13,2,0.063381,5
342,1,14,2,0.061829,5
343,-1,0,1,0.175453,3
343,-1,1,2,0.324547,5
343,-1,2,2,0.324547,3
343,-1,3,1,0.175453,17
